window_size_1_RMSE,Exp_w200,Exp_wAll
0.3855886454998139,0.6798695581997951,0.5348608394025015
0.3871321296657399,0.6480606130279508,0.5382572839897908
0.37868905900404687,0.7006329818830761,0.5021387737429146
0.3971610505855269,0.7517150188609353,0.5416180148712548
0.4117379711032154,0.7249109681718318,0.5663390938116154
0.40172003140094276,0.7312128207637365,0.5491872901297292
0.42102668788440367,0.6842804706125988,0.5813385116108755
0.4066928113243927,0.7572477961573497,0.5433483815753881
0.42906142813138465,0.7375106476017261,0.5996494577237284
0.40608694854586697,0.7445038529209438,0.5450961989982998
0.40159537292103986,0.7171604534438875,0.5271181680942071
0.3691544753407012,0.7338027519393574,0.4925193960056474
0.40007912967828285,0.7446913155715578,0.5290909583972045
0.4085856262241611,0.7340153343943452,0.5482708644077542
0.3913571318353511,0.6764519854686993,0.5471474061650462
0.38655323223534277,0.6999809594470779,0.5250720732841313
0.406931214741714,0.6939286146413928,0.5604293683177007
0.41981870675969135,0.7541326404709752,0.5739696025652812
0.3810026956208484,0.680010248411494,0.5191586149054787
0.4096892271985334,0.7179537656008528,0.5813295194370116
0.3533137190336744,0.6952078949470991,0.4740856824262781
0.40447477129399506,0.6898289866473613,0.5596441899238696
0.4075271225015687,0.6831020342028518,0.5685865584575539
0.3979003324246173,0.7762947275350319,0.532102754729228
0.4024093836812239,0.7217639226199587,0.5707412421044046
0.4078292339629513,0.7216727126819258,0.5624410919568446
0.42551828506453776,0.6862295074182105,0.6162816975382823
0.38033071441764604,0.6949152612968531,0.5059241041819188
0.40110638583715724,0.7864815260079275,0.5376367885777673
0.4053191518816516,0.7485152131137167,0.5360667871440954
0.3901352585677319,0.6870194391627167,0.5309947132679183
0.38536838740365215,0.7067547503821858,0.5244608287864784
0.39024014912941357,0.7297133914364469,0.528005132924039
0.3690934836012572,0.718039803691724,0.4795936089493506
0.4129962658057144,0.6976190609145304,0.5747376789189622
0.38662857001305173,0.7118932250699183,0.5075539984646289
0.3862169432807011,0.768909101159947,0.5203297307680175
0.41761956790606,0.7341709398533538,0.5734836269149111
0.4018889329860719,0.7268070104046992,0.5556319089949157
0.4008565616718088,0.745102136356007,0.5544714618690514
0.3941479196349519,0.6980709016660966,0.5481685980652137
0.3928009542071442,0.6693589729087067,0.5576463286385143
0.3938754394536512,0.7042335179394351,0.5361375344963792
0.38911502354576094,0.7531896603615149,0.5226302082269574
0.37838352396139574,0.6852211154854203,0.4949291940536276
0.40738032008525116,0.732560279270682,0.5362545961266154
0.3928693052667799,0.6983632940167674,0.5398759659489506
0.3913785587261046,0.6946601231969267,0.5309839576189362
0.38767779308236033,0.712435982208021,0.544186905915381
0.4079526721224601,0.7473200370803039,0.5576660651621966
0.4110443288205386,0.7049185944599929,0.5758279746134513
0.3866580431259038,0.6965260232471445,0.541607637012858
0.3977989040950229,0.6505195104829581,0.5466412185292132
0.4005806314865454,0.7582546340292664,0.5383311875601376
0.3747165946457459,0.7169614656595641,0.504141297115282
0.39702019895074153,0.6924776771828925,0.5475306977465991
0.3675329726390998,0.7055255597108077,0.495394143747985
0.3948342646937034,0.7054431854382197,0.5526598463709798
0.38877048591583757,0.7105913764649788,0.5433677970756297
0.3979669126079896,0.7424777822579167,0.5521380576711767
0.4245256458025755,0.7443041843357644,0.5886199037162041
0.37489659512792994,0.7562159407727893,0.5105445995000236
0.39590635096779964,0.6931040129924849,0.547798116784882
0.3975205365495039,0.7502312431181538,0.5269461904029628
0.3886624950511592,0.7236521930386307,0.5410556894836145
0.3926063506654067,0.7311904678208017,0.5253128634311417
0.39117821186083473,0.6883823230205232,0.5499798399559441
0.40208876042580804,0.6561262972336698,0.5603855172054221
0.3895847521344096,0.6789945116449678,0.5266458907529686
0.39465944514926987,0.6928152931862551,0.5531108416451179
0.38742064762697703,0.7298371976826354,0.5306269403450519
0.38158152174668125,0.7444684568284682,0.5117717065108512
0.39002186314044485,0.6744297477837209,0.5482782594708929
0.40137338194223204,0.7011699372250071,0.5351177390629646
0.41637783389585914,0.7457520585200541,0.5836285513321705
0.37800448649982904,0.6955712345559474,0.5374350366450624
0.36418615933945797,0.7419602944501011,0.4715026958952634
0.4053531068553459,0.6930480815617929,0.5682761467284806
0.37387853391494646,0.7031365816776565,0.5211961707733115
0.40240302584583915,0.7189729917589367,0.5558025950687042
0.3928489678829784,0.7394250910205981,0.5307336330120266
0.3896172523941567,0.7201697404836936,0.5391345663024193
0.38508659985962285,0.7034862399206638,0.5319183637622831
0.38113632773629036,0.7119403698254263,0.5198528931290385
0.41537673129932184,0.6842663275615259,0.5829634679273289
0.37032242492402984,0.700710844879916,0.4963530784160749
0.3779075565453076,0.6848477283612822,0.5300968285925075
0.39291672480293477,0.6930697152277702,0.5432069184433144
0.3984540864133528,0.6931852590707094,0.5627133908340408
0.4076704486186738,0.7565495655684539,0.5649399307673183
0.39065986968330746,0.8125009501792708,0.5512364371867726
0.3786223598180111,0.6982475419600835,0.5303074399664726
0.3711443934288147,0.6732786067360901,0.5033544730376969
0.39520589941480005,0.6939920053977953,0.5679590762598691
0.4017730755207303,0.7179912901094733,0.5592302130172658
0.36071328929863467,0.7211950637738949,0.4811045227933059
0.3978541822569916,0.7730790814061875,0.5398078776913627
0.3671178800774213,0.6792879125561141,0.4939789719472234
0.37442610892160205,0.6649053778651579,0.5040460190075413
0.36005537673062754,0.7321608639315953,0.4756569810332699
0.37784662468527735,0.6843748025616027,0.5149427927198118
0.3629332160683579,0.7011947230099216,0.4798391078167459
0.40538669882710865,0.7513336333176629,0.5745863693769915
0.37203700481743546,0.7600851132852503,0.4923832420350713
0.3730040123607358,0.7032391283805269,0.5070686864873127
0.3975619302785811,0.6861612618784649,0.5618814245399135
0.3995867091611258,0.7308213409724506,0.5517729733712314
0.37225590211424225,0.7183496242905093,0.4875838884815039
0.3760065409365396,0.7120142621884081,0.5145615515051055
0.39893415524904396,0.7458280382194081,0.5355903343546228
0.40392908679025696,0.7050545424337055,0.5689580498534523
0.397577525785196,0.7174039143569817,0.5561821178595018
0.4023153780387962,0.6688506144635382,0.5623652021922322
0.3904834604142389,0.7096065565053008,0.5440096794353092
0.39349601825361397,0.7144022075958363,0.5329196402684363
0.3774074583571846,0.6860449760725078,0.5090748094523575
0.4015323927578429,0.7074674950699934,0.5497588593954474
0.41270462695508126,0.6865129858618214,0.5752713887056677
0.38249106341940503,0.7409264861691699,0.5168994050297347
0.384699458581048,0.7065452082276706,0.5337421455392829
0.39390144843746366,0.6969201990356365,0.549899327500781
0.3930032121422759,0.7127918890913185,0.5410692033371421
0.4029562856947319,0.6742252686858334,0.5849620203763143
0.3673438051688418,0.7177403781133713,0.4954485942051594
0.4247383936470086,0.7171211607826763,0.6096077191005272
0.3892269190838095,0.7453495461346391,0.5493813408941274
0.3522167755364272,0.6774532153870519,0.4734450211921113
0.39013673360366785,0.6994939251859005,0.5428972117617569
0.39759262373565263,0.7632189970354852,0.5407519850059149
0.37057330487007345,0.6961827176647679,0.5061686076393651
0.400030128654261,0.7483960109488035,0.5472445086988494
0.39543130697157647,0.7137335913525524,0.5327277244880481
0.35729005395027713,0.7124677063823848,0.4657812387126631
0.3871259089862835,0.7014893124518896,0.5466647222874716
0.3848447185940541,0.7116544363441697,0.5242910138310501
0.39110014242911095,0.7096628663783363,0.5351319849920511
0.39110961628969715,0.728709968792458,0.5421831775513539
0.41729507185506975,0.7484735120797678,0.5803079869882545
0.400273850662751,0.6977597876154781,0.5517328857274979
0.3924716690510519,0.7176227639972622,0.5350199661235866
0.3962359904794283,0.7339819817615024,0.521702650234802
0.37142568523265507,0.6970565854888511,0.5197214474092396
0.38225076918950707,0.6812126124572531,0.5179497048193649
0.38320486209857274,0.7298468052921421,0.5250160152519114
0.39700475410667535,0.7009230959243934,0.552832647748286
0.3997914689200458,0.669875793037531,0.5479492276620627
0.40085108045758644,0.7050759755886554,0.5560387760010078
0.3857995109096522,0.7418994453425983,0.5139828393072843
0.40831436984459935,0.724383791124207,0.5575666114475175
0.38015491853638345,0.7374689549632556,0.5115633509215143
0.37831542968565446,0.7250465122305269,0.5111327857340229
0.40047268493132987,0.7060477379123067,0.5600515456554661
0.39835452442590896,0.7744867738465321,0.5410948087795073
0.3926895348320091,0.7432093950329681,0.5325537644175131
0.385108690716006,0.6715036997126278,0.5484450041614221
0.3673442353963132,0.7153331591227838,0.5158726866838313
0.39323540623726433,0.7343124975889908,0.537132202068846
0.42131150257877087,0.7058491143522272,0.5889860173344931
0.3803112506873399,0.6955465527433833,0.5074183051904054
0.4058574457573499,0.7292968313519252,0.5520396958472651
0.381096346043531,0.7379903233009568,0.5091593899107166
0.37789546198014984,0.6990110560093702,0.5214010613758456
0.3901417677075622,0.7273295265018765,0.5134885094441899
0.3899451677187513,0.7582659195184016,0.5411205773741194
0.39974782841400924,0.7188308490737354,0.5494906233014876
0.39858876747304617,0.7098292219442829,0.5483643074522676
0.38988242855653155,0.6944825859762844,0.5373919313784773
0.3905756359650493,0.7295272479109047,0.5336366151335271
0.40934259824549335,0.7234098376434627,0.5668504552257171
0.38624341350996333,0.6734717301917528,0.5336096765705282
0.37593428099572995,0.7161669925931013,0.5130682435477674
0.3958008776926254,0.6964200936751317,0.5452294005759427
0.40447030954251306,0.7310367158758649,0.5564440226240202
0.39029282274894633,0.7102056089981161,0.5377731012410017
0.393087672365758,0.678304114609375,0.555331258550624
0.3654241272166754,0.6818728873620213,0.5194980604707647
0.379591035426055,0.6845865695123771,0.5385719384829174
0.39645518777158595,0.6947104752727526,0.5636841683951952
0.3844926416157169,0.6482524486648782,0.5579374758888799
0.41314996340169374,0.7081993660439143,0.5958999883803796
0.3964974672584528,0.6888537794924007,0.5503988120238967
0.40385780078070393,0.7511835285907386,0.5608193888280367
0.36316298680396447,0.6898345979200569,0.5046825633851073
0.38520045808010656,0.6729328136379654,0.5457004800568698
0.3705019899295198,0.6618026730856045,0.502506151737946
0.40772323130650107,0.7703397062742131,0.5579143168915158
0.3864315063629986,0.7244765240521516,0.5437015821425247
0.38507047530830674,0.6759969940538977,0.5292893433142631
0.39604966132597,0.7342831532141859,0.5424998254812169
0.39106585039225783,0.6498548583603346,0.5479414991504722
0.409995242188253,0.729858967044801,0.591755762963665
0.38442347741339555,0.6940929584978776,0.5405148265458415
0.37468656433150505,0.732564056528659,0.5178301093696159
0.384943324263717,0.7072913219831487,0.5263688746840194
0.37790707233777526,0.7129431315652982,0.5181965391011015
0.3908976996179309,0.7471567348161041,0.5461507514170542
0.3912418088828886,0.6713478994231531,0.5525160639087596
0.399043382909056,0.7058336177634824,0.5537190962762952
0.40472298677298085,0.7219530751700463,0.5799422266699849
0.378534294906035,0.6938081154755891,0.5129540929814521
0.37670337306701795,0.6946088444926249,0.5194168584354049
0.4143335527487833,0.73244982107161,0.5894122463709015
0.371769366405394,0.7034402505760753,0.4992388661950896
0.4068266540486315,0.6816117502501814,0.5878034526568696
0.44250026732268644,0.7553795356649389,0.6161489783949483
0.37648032538634635,0.7330260191571939,0.5151752386475186
0.40554108316363896,0.7143133635742771,0.5612736725251714
0.38833455605452766,0.7076151810080298,0.5400485198352734
0.40697550133968435,0.7052157271221172,0.5725910279800717
0.40062633284846116,0.7568482242814163,0.5606267945575485
0.3876219991043423,0.6805202398260682,0.5443916722278588
0.41015419375950174,0.7273727206331556,0.5730320717629498
0.4006650748039771,0.7111378525080261,0.5637119791442444
0.41223615283747145,0.7110668595097747,0.5735064323981707
0.393112164551759,0.7093271751816215,0.5441710222254527
0.3797786373220155,0.7108593228007885,0.5269828217539082
0.39118437794698374,0.7224532412759876,0.5280567845526055
0.37766752703227763,0.7102690933612181,0.5185297570707236
0.3771371004980691,0.6712159798774894,0.5236977742280122
0.41315762663853445,0.7205996613448491,0.5819075888126489
0.36996681006944515,0.7538305021586702,0.5101343071459021
0.39916303803967723,0.6955719259897023,0.5564538093401253
0.4117155270678183,0.7352036728680996,0.5669567435561139
0.40245188968350387,0.7087814578447508,0.5791552124425501
0.3804232646154823,0.731917797704341,0.5376204081978575
0.38274247697055686,0.7091155722876239,0.5206995607150671
0.3801936099650313,0.7147581424556968,0.5266451846644847
0.3983253109615246,0.7128374981433955,0.5491603800234212
0.38082796974975264,0.7219520281771179,0.522538681365563
0.40079905762116075,0.6727021562083226,0.5626235878574287
0.3756543351340036,0.6885492361324377,0.52919336445542
0.39254427741005365,0.7197078807645774,0.5369448813859521
0.3938544503478499,0.7083411580091316,0.5454444995922486
0.3780564274260711,0.6991104809898729,0.5069226773571921
0.3837549066906023,0.6921856902493001,0.5423320566974343
0.37828303101827704,0.6760103747187116,0.5212800017700017
0.3924192326956135,0.734747626641289,0.5193098997824553
0.4015746145127449,0.6964232051077641,0.5594111207058604
0.3662613182063457,0.7475881190630596,0.4934697502996485
0.40086353481118464,0.6773273200261856,0.580869325542318
0.39127979888758097,0.6854182672606709,0.5626653523571591
0.3968126352064654,0.7294783547144399,0.5418728127033777
0.3955235033133597,0.7210177942567338,0.5527022944637578
0.3910032815128595,0.6996345888441592,0.5491017746231905
0.3929587033176425,0.6961689321116734,0.5525237781339447
0.37342178027167594,0.6884449743614188,0.504624208527717
0.4241831000624176,0.7620087375696971,0.5888959253292078
0.4268218330507377,0.6884849254286969,0.6209977043201642
0.3611667090372428,0.7389623644094067,0.4675752289855752
0.372517684331283,0.6895105953737426,0.4999917267904325
0.37772761099456503,0.7249349463084518,0.5266651890461318
0.39852686302399704,0.7093330564772202,0.5760823413444127
0.38726150606190185,0.6819044051448679,0.5624344730984103
0.4079250349793115,0.6732325592669299,0.5720676093476874
0.3769672270532835,0.7037772630737958,0.5119282389456523
0.3732973597949977,0.679145429823705,0.5337208197752439
0.38570461399101064,0.7325718459993068,0.5231764602627073
0.38152295827140253,0.6991795631562651,0.5267502529374837
0.41088820110301955,0.7627980684649022,0.5641246160097174
0.37770808746152035,0.7258447730853831,0.4962073552978798
0.4202900656011147,0.7488980330517222,0.5911955932904409
0.38620071556249475,0.7211064278544004,0.5389872747917788
0.3943942941212653,0.7332172692338623,0.5549036102045249
0.4278207803280634,0.7252309555983161,0.6246492588410445
0.39923070508323494,0.7272781068507301,0.5643870378375401
0.4040124159758261,0.7287949605120104,0.5647653388442653
0.42431595039327596,0.6761915324900414,0.6249285772283613
0.3971123209328349,0.6893385108882337,0.5697962557434562
0.386437890068243,0.7460051085378532,0.5315925184260437
0.3811699207611484,0.7056708749876498,0.5486813617645978
0.39783987214969974,0.7007506858204069,0.5668906644341621
0.37479476302195175,0.7291471566105509,0.5230996677439353
0.3883015392928745,0.6865702011853901,0.5417354815216446
0.4226665889469907,0.7271534508232494,0.6010129848847081
0.38624744387747056,0.6686690933664794,0.5317762682504606
0.40492375348860526,0.6974471685548849,0.5618706834624505
0.41814181150302143,0.6816018548353735,0.6137824078931831
0.3969298029005548,0.7415758408868959,0.5557263230180536
0.41316602992611556,0.7014877192488007,0.5871501286606575
0.38709991458324206,0.7343627728669502,0.5319974339528258
0.40407769092937423,0.7336008313178557,0.5624874062348906
0.39165944296070193,0.7053956703249962,0.5398742990799695
0.3594162621445691,0.6969072829244317,0.4851829133484733
0.4127021815965223,0.7065381140692909,0.5890584018177916
0.37913477522666444,0.7170782066964742,0.527969047526783
0.3923728371696188,0.7119321188891159,0.569561589104021
0.3897294951431342,0.7043778989861224,0.5464072456347019
0.38823635925798367,0.7235606099064856,0.5365675389117647
0.4077841603158092,0.6807641980946362,0.5917564795780847
0.3826370225250189,0.7304808714002613,0.5255311526676113
0.375982439080551,0.6811674368823576,0.5071469210312087
0.4135399690041632,0.7521146957724811,0.5651701953650522
0.3923363617571167,0.7244867381581424,0.5540482947243608
0.3757456415567558,0.7164793535404459,0.5046459184420243
0.38069871843236985,0.7304740057240721,0.510337744587146
0.40315067101252217,0.7298381386567694,0.5823349223817961
0.395396950776728,0.6962056147745899,0.5542216652477654
0.4137905400370911,0.7591350415953965,0.5731914803814493
0.3985784453647539,0.7402095835907876,0.5481033194623938
0.37429990671679986,0.7052856210255186,0.5132018518519588
0.4005991127216133,0.7101507084639387,0.5621358327219231
0.36966548567517477,0.7099819559240014,0.5011091295577859
0.39811651465091125,0.7068173886226136,0.5509402205742497
0.3699270951103673,0.7069271113649258,0.5084577450944853
0.39299174488410826,0.6949290439943066,0.5745082872419531
0.3989408513286538,0.7222343754674309,0.5740755653318697
0.3830116717223543,0.7033920507126588,0.5345313135450762
0.3736653445650205,0.7292951553972774,0.5039896090009888
0.37503760454059326,0.7565371251327943,0.5121980145426186
0.3864731685558019,0.7046508459513308,0.5530078377528684
0.38171255842266694,0.7059561231212312,0.5405764736841832
0.4097761142484367,0.7471323409844577,0.587101633403215
0.39049390293114167,0.7047421443722485,0.5543031790266228
0.3858582065294853,0.6960873807489711,0.5367369149281811
0.3728931100988937,0.713985329309338,0.519715028809142
0.3968198270187493,0.6807546326082735,0.5823246790027689
0.3941901160049262,0.6403994524169986,0.5591564096991022
0.36791778196267044,0.6760011782456686,0.5216381571992981
0.3555801738908777,0.7141017704587485,0.4785825898226179
0.4155252668956741,0.7732200933446041,0.5987615606018784
0.3934690928882716,0.732752288362716,0.5431844977419954
0.36337849060386845,0.7631025070461248,0.4922211444946743
0.3971433153972766,0.7141224123533149,0.5677796119215591
0.38943754747977216,0.6611908490325661,0.545746785959605
0.4085905778832448,0.7429332965479185,0.5960970585070999
0.40384451473687166,0.7827568837627435,0.5571848217431229
0.39045917594254365,0.7254419473493219,0.5339866336850361
0.37655874843523574,0.7114589505562574,0.5097228201408122
0.40132278561190454,0.7115768123504169,0.5761849153209783
0.3706021272917393,0.6857494423916632,0.494969000722248
0.3736815886420612,0.7771691930899586,0.5252254672700564
0.39444746351866167,0.7467872152979753,0.5477707009687491
0.3939194428232578,0.7026560779934199,0.5619544952991775
0.37530105904441513,0.721083872840905,0.5125506941417982
0.3793440011011151,0.7029930104733009,0.5273032803866016
0.38817358649930583,0.7328521404475952,0.5451817256682818
0.3800789877745351,0.7114041134352942,0.5283904089315595
0.42014330343639994,0.7226245466213465,0.5706493234072665
0.37707189904374294,0.6806811614960071,0.5103439807765051
0.4044736768261457,0.7635976007763271,0.5429980905535731
0.40283125106072354,0.6729635093986598,0.5756228254230651
0.3858791146825932,0.7157777426594681,0.5208852362327506
0.40976141378948927,0.7590880761549121,0.5672224830995185
0.3882750509704168,0.6961264688781494,0.5542583872690472
0.3780458627587954,0.678563451316036,0.5343384705879345
0.38623646829690733,0.7103732986770421,0.5489651904128461
0.38547927224420403,0.7207930696910192,0.5191564981784706
0.3923485097295576,0.6993662374815166,0.5313649742382345
0.38904335448460775,0.7074490175577012,0.5485500478780275
0.4268393571666971,0.6970762360543632,0.6167528226039964
0.3766033435258165,0.7168352783728227,0.5407121592074953
0.37157386521365154,0.6969873510956955,0.4949101966401767
0.38165657341818815,0.7108746572035973,0.5371498765527566
0.4009065344459005,0.7515078789647905,0.5310590666002769
0.41687546990703234,0.7403733822050503,0.5925288369455973
0.40202927353780205,0.7623310302348443,0.5795429042025608
0.4133972775966838,0.7045450372470397,0.5854927384193349
0.37810306880022976,0.6832839529324647,0.5159604496542306
0.3852789455063504,0.7228461995996566,0.5445892945549303
0.39918319643781514,0.7235501139924858,0.5674251209286565
0.37480383052649074,0.6718813478873196,0.5225863480770895
0.3884729816971996,0.7205290145030893,0.5302577905323562
0.4007805952612751,0.7301114999585084,0.5485031705701668
0.3952061467951003,0.747445941318943,0.5447273533652116
0.3647414818490667,0.7287674614177839,0.5070137929146309
0.3750182489949575,0.7119433353573172,0.5191899032470765
0.3986821745877945,0.6987518829340044,0.5596153671366507
0.3804790349720716,0.6872118184468554,0.533150450272434
0.37588711122882246,0.697437656733731,0.5101786581654192
0.3797116598899784,0.6763518069482153,0.5147041059029891
0.40599670809109584,0.7082140651297694,0.5773027243982908
0.3728437578640612,0.7334946488019274,0.4970633298869582
0.3808961504935314,0.7723931172888788,0.4986583749990348
0.37014443337965985,0.7094880311372728,0.5061366918276675
0.41727102931874066,0.7638262395273795,0.5729694555078104
0.3935824604956676,0.706525999594097,0.5516362086126734
0.4079102166097068,0.7090757292066523,0.5786582474364096
0.3807860246038663,0.7099683475493367,0.5326118639245508
0.3884690972520063,0.7988919462526972,0.5300055366876301
0.39363680196507816,0.7143490584332776,0.5462587866554677
0.391546697133628,0.7652587161136961,0.5332158014792655
0.3961186089574762,0.7493727100463139,0.5576950382304864
0.37362673813476976,0.6663435325343297,0.5204607827125607
0.39349798624264226,0.6968929262729587,0.5610268165525677
0.3640990941886882,0.7538872770899304,0.48296637063282305
0.40878087634464544,0.697458634632693,0.5744825892672559
0.40301616380331223,0.6870271595460536,0.5654542095857432
0.3890927630949473,0.7118766628356048,0.5373735616646284
0.39509227707002786,0.7167981202782429,0.5560324941357627
0.3761224796018998,0.6974841695510365,0.5136564301934855
0.3782467988097853,0.7075691937199811,0.5107647927252986
0.3672665551236892,0.6860081709625745,0.4934482495112936
0.38303260160894437,0.7017201023537524,0.5464514333153552
0.38703831653339904,0.6975077109530035,0.5523534607472147
0.3932650890363243,0.7362967284355224,0.5542339350499692
0.38503878054662416,0.6837669544257396,0.5336849648072026
0.391823578318788,0.7405912153848564,0.53608400872307
0.3827319828028143,0.6893205857188189,0.5313907167580745
0.39434419664142145,0.6770518047534968,0.5436744296667044
0.38912753246839665,0.7198151309658971,0.5196228251921793
0.4329331801280416,0.7308540549618234,0.6230190426029537
0.3833331938881212,0.6906078727648868,0.5192553777867712
0.3648492858563012,0.717705421296689,0.5058834949722767
0.39125355596084144,0.7186072372778676,0.5397510050251892
0.36252484530889123,0.7148469968604136,0.5006361618042703
0.4001658753369202,0.6944055741707221,0.5447045304584875
0.3761962499738685,0.680433952846283,0.5191253082440855
0.401638224436339,0.7280999769495808,0.5595602625518933
0.3824695166581969,0.7278771872798235,0.5211136000549128
0.39283312681135757,0.7321998594480532,0.5464389984529147
0.4058089977595155,0.6961568435277105,0.580196365283888
0.3570183607835275,0.7474873964876972,0.4713886877515335
0.3903309545946284,0.6911753230653389,0.5704659326198998
0.3747199135112141,0.7109036679993611,0.5157311687339533
0.39643830439029215,0.6961781569341313,0.5758556273545112
0.39799329268124317,0.7327033835151683,0.5588745727248398
0.39574430405694205,0.7300913005263682,0.5426177459164195
0.40161796144808665,0.7380330416164054,0.5556048783520132
0.3731826743549369,0.7157043751590016,0.4950852425314594
0.3713265276246559,0.7482472384153809,0.5013720014966466
0.38042023363796795,0.6993974769455411,0.5088099641627731
0.4010583358607617,0.7160544649914662,0.552530771431067
0.37683304737755374,0.7232187366656262,0.5098162988751028
0.3857127990906708,0.7485146580956529,0.5399336449588102
0.4019478355016827,0.768810998716053,0.5639458778692206
0.36695904884368513,0.6796844733473071,0.5066564912350063
0.38288141493559447,0.6993489291926939,0.5460799422832335
0.3909530286724166,0.6929925070658437,0.5503414803006746
0.3812951329718582,0.7430760618383009,0.5162557089527857
0.38505469229066935,0.7191880517374328,0.5185987327735091
0.40028839920532544,0.7517836883750492,0.5679056021762158
0.3692708574886663,0.6806806093921287,0.4948595968317484
0.41396770906931707,0.7671075461770329,0.5799841291354472
0.37357416338334515,0.7095068241641933,0.5078305632271283
0.38461500083915984,0.7370351893557618,0.5151455769545927
0.39356622687471177,0.6507693068780621,0.5613347169411604
0.38389864943293966,0.748736790882085,0.5253808367466015
0.38958168097748863,0.7348398017686861,0.5182561411454524
0.37748138005836973,0.6970514391389009,0.5129839361880394
0.39665164270658604,0.6810147329547168,0.5621446894493682
0.40622248388171706,0.6869955926620591,0.5697136544573672
0.3800848317120541,0.6937425383349869,0.5347241457527236
0.3845964174940995,0.7165770269592852,0.5266969474955683
0.3870280299436773,0.6580325904446653,0.5249347568754777
0.3794054433361078,0.7028480578601733,0.5301857943183339
0.40566314477825094,0.7165948382555074,0.5578436605811684
0.38225893568023606,0.7426433316350658,0.5221306997549968
0.4011257670626676,0.7158409364182642,0.5721374433368838
0.4078906223544203,0.7156146499814406,0.5617643464864661
0.39432810418594305,0.7079654072947084,0.5489639875561327
0.40434864163438705,0.6837739121391878,0.5767934086130706
0.383711042093894,0.7538644544555673,0.5162775303114738
0.3907311736070724,0.7637646493970226,0.5255043549558113
0.36687403599424745,0.6871919420225902,0.4979992177544314
0.4113171569214152,0.6997900122019949,0.5713068869853452
0.38401945626500816,0.729784583723376,0.523430953882679
0.40183820361532,0.6995209176613099,0.5442682068580879
0.37265182770181865,0.7659520070073751,0.4975497256951131
0.380657307941817,0.7151746160656559,0.5131625244454118
0.3836493432996927,0.7511025823215222,0.5214374307207406
0.39514022852011627,0.7070765168261289,0.5484831085728151
0.3904166214713505,0.7589862038055547,0.5468129690922269
0.363861683716513,0.7652889827692521,0.4575222374838843
0.3598871214893908,0.6770632880605291,0.4802225034038585
0.3994043891820818,0.7148021078341047,0.5493193455306864
0.3912736856956955,0.7314829278401841,0.5281857883181091
0.37036354159616014,0.7330712593101115,0.4892430093013392
0.396737331932875,0.7363527412980977,0.5608391179273396
0.39319105535479465,0.7172223591919965,0.5539048903383409
0.4012417000093686,0.7156246504472579,0.5528131153296311
0.3504648924314486,0.6576044172124327,0.4798143061119893
0.3913929004901307,0.7136658504413138,0.5371115321363655
0.3928719955638711,0.6698087036485846,0.550016681492888
0.4020838456319381,0.7680532279511628,0.5482909765602179
0.3747579382042695,0.6805682521054264,0.5109560952760177
0.38184835560827324,0.7403975930147889,0.5285553864470468
0.41091884788754357,0.7250099602641168,0.577308772787968
0.36063126092544745,0.6704018304445841,0.4807015811998223
0.37593651706748066,0.7447474504842478,0.5217712869104052
0.38345184724837095,0.7047210596633975,0.5281624569937333
0.3712506298775969,0.7405877944932412,0.4966023113554593
0.3980850357539189,0.7056625351644742,0.5444343673704803
0.36836749567468513,0.7250294714498393,0.4954840397304682
0.3939999134495255,0.7072794782823186,0.5382102622145708
0.36974382145670065,0.6687669263903355,0.5052561513575986
0.3854669129900291,0.7522417439475323,0.5272858596008269
0.3643962598225072,0.7609422136855176,0.4801343448898058
0.39615256499455576,0.7631561052694464,0.5450998991597931
0.40604644953764635,0.7750405347561921,0.5655986272015551
0.3937677569274064,0.7319264142894277,0.5330768487917954
0.3549110509272929,0.7708875804479906,0.4621375800678744
0.3989432438624194,0.6916434125653272,0.5572807717593898
0.3715427549577072,0.7284395795181277,0.5008048476393431
0.39713637008105973,0.7260146412786749,0.5501090677664429
0.4128640856322638,0.7674752752443051,0.5651619509596274
0.3821319339479227,0.7385912742778544,0.5137025024762542
0.389433487897891,0.691432156570936,0.5341773497084121
0.3999643048084106,0.7151820118339917,0.5611861659064158
0.38880363214539676,0.6842222881840864,0.5505425670496846
0.4067457603631288,0.7436180455335986,0.5641587547807623
0.40011586477659006,0.7096261169291033,0.5731227521201975
0.3883620663774224,0.6645338688051287,0.5469119070734895
0.3774962150232249,0.7049962190031401,0.4892544325913565
0.3923439463456004,0.7653672235085672,0.5278710029625495
0.38367046380644115,0.6805285480152545,0.5313229626465309
0.38190906592414053,0.7199175719121739,0.509359021334735
0.38783813893073654,0.7152088682384873,0.5110246539783252
0.37407627361139545,0.7281762241333415,0.4967094018028111
0.37393698371623163,0.6861688173057633,0.5081267592369113
0.3931017722733494,0.7383771813651431,0.5405928612856608
0.4179383474151876,0.7063598386906651,0.6000405452768762
0.37733801472747525,0.6430696222786529,0.5475256018905345
0.38284406581671604,0.7265219349705351,0.5118597363849632
0.38161306780789905,0.7275713191279187,0.5103939557719512
0.3855912563219383,0.6573074848142584,0.5413802198444962
0.3855022603504823,0.7176858839591586,0.5271484317346856
0.39434335245403285,0.727708343222287,0.5502948935563731
0.3878393298678702,0.6836155527666693,0.5441833397090758
0.37977644250642695,0.7017042234287892,0.5369411414757295
0.39792172057699626,0.7191662367109544,0.5568751461488679
0.3964403508606803,0.7017383087169284,0.5506464345569444
0.3965877657477212,0.6988328597376073,0.562778470659285
0.38186558716707136,0.6973435449753336,0.5365210506652446
0.39142988670154066,0.7221343531203078,0.5323468050566167
0.39089843730899826,0.718359542399917,0.5253904532191468
0.41047356313225236,0.7092831926836508,0.5628257515335215
0.4109966171901825,0.7368615370014129,0.5439060833814611
0.3679478392059829,0.7302275790544551,0.5110659981226903
0.36875587250107356,0.7477271230640784,0.4902932477933106
0.3748242363277001,0.7068410589204457,0.5160579836399678
0.38584938670825614,0.7072160746705991,0.5205154874911988
0.3733808533734642,0.7156254579056952,0.5172780784659377
0.4029722140673359,0.6996945417406278,0.5581873509545884
0.39505487937569955,0.6912934813359594,0.5485831806904509
0.40078179237887634,0.7209147495887673,0.5792065418990539
0.3780935126043132,0.7025163739909311,0.5081267848260037
0.36302043707326836,0.7113617027313679,0.4800894851132873
0.3759360732219927,0.6924323917465814,0.536492874735654
0.36895582589320386,0.6787466384831992,0.5049854274552865
0.3828134910893919,0.7451894026179033,0.5229569142848904
0.3898581726676985,0.7121386985638232,0.5336525053531974
0.3743700587027745,0.7105891324796567,0.5056887415117594
0.3848490795150453,0.7323204807391294,0.5371367351783667
0.37371153317825906,0.7159066013240225,0.5144089611305831
0.38730887678855563,0.7408547879241546,0.5430373631028138
0.38955481088378746,0.7009405613887384,0.5400297112286045
0.36951156475321856,0.7035327025354086,0.4922627373432062
0.3992982132988707,0.7662708176794761,0.5450352042762382
0.3624076457353352,0.7542788509760276,0.4884294469988293
0.37997080056975363,0.7032803123453389,0.5405455434865322
0.38753675743667293,0.7576100057746302,0.5312873868354377
0.37216375467273327,0.6980687373598389,0.5059658678861865
0.3874674605790278,0.6949458148697859,0.5650745857207841
0.3931556810753547,0.684358143381559,0.5554279619551609
0.4162365633016627,0.6983503287081738,0.6182337835705455
0.40937252323364826,0.7034623103062572,0.5697497494452074
0.35183654572945344,0.67258733437483,0.4692112121833433
0.3815237269577803,0.7093892074282669,0.5572580697021335
0.3911524949721344,0.7152573203398569,0.5463583836863944
0.38414343916497234,0.6896075545274714,0.5587314806593647
0.3898057576695455,0.7370479616889408,0.5607761047339086
0.38779556265298454,0.6393546919030695,0.5588390120491143
0.37829119939476924,0.7592728729832899,0.5241128375309724
0.3680571435988991,0.7340298202529252,0.4984007994871642
0.36938635476381676,0.712914284392729,0.5028501362659935
0.37888707947271505,0.7463037647321547,0.5251830012969958
0.3582362583679954,0.6690318962761903,0.4762002471767653
0.4149577667126777,0.7804993380218427,0.595052338984396
0.393339566780448,0.6993613091208909,0.5609942363771911
0.381427381009172,0.7197011822643792,0.5151886595015333
0.3816344447601204,0.6907754251557727,0.5172885135246683
0.3691924674279145,0.7230256272230349,0.4962963801322622
0.3997138194854902,0.7767334424507455,0.545210559488875
0.3920815402612924,0.7193277169287831,0.539961427022834
0.4050561072698384,0.7121203652455386,0.5643425005536359
0.38160096883698963,0.6846729935778196,0.5235418217222868
0.38231585433029686,0.720793730639525,0.5149217649142862
0.3949135880360953,0.6979449782167579,0.5553069788740068
0.3902472624783109,0.6783085459324062,0.5441146068995849
0.37727185090524,0.7427508654058421,0.4980897259334603
0.39125439782775173,0.7285533434593908,0.5508806481101487
0.3915762736407814,0.6660457652309384,0.5608440503020852
0.37338941869781606,0.6974672861943599,0.5046385775313876
0.37926400131822324,0.6808596529495514,0.5236737475786652
0.35232227181695763,0.6695623949360764,0.4943239916913975
0.37874329930547085,0.7099376481247087,0.5232286935093385
0.38626854129138455,0.7480481193170001,0.5137812002029394
0.39364453243632014,0.6927483134210616,0.565628345708495
0.3659623599335679,0.7408206829129231,0.4830368896491407
0.3706808884480284,0.7700084556802308,0.5114777338669266
0.40946788465240985,0.6936513389154775,0.585718664648681
0.3949961125986,0.7606631437674467,0.5431245058240723
0.372460842041269,0.674356652744255,0.5070361802947452
0.38364878091314253,0.7313920173881471,0.5259663081696347
0.3899848273652574,0.6994692427345361,0.5381552546207263
0.37642172729444306,0.7144978336116924,0.5072182570948458
0.37660494825128654,0.7272784122133922,0.5010511360993654
0.3978546720377488,0.7060159720300635,0.5643247021896893
0.3812941110239849,0.7021095721695565,0.5286688672884257
0.37345786706587286,0.6933104708872351,0.4938889775488938
0.38562919146663327,0.6904974372698068,0.5480300933615071
0.41981526216021653,0.6930076755161142,0.6116503072654909
0.4116622202243274,0.7108601246732007,0.5882626560977439
0.40079355319714094,0.7213998195591573,0.5695135337892823
0.3756224411093843,0.7335365795828275,0.5190703922613451
0.36698602543278896,0.6648270446594247,0.5023534617392079
0.39006170164812176,0.7030055799630223,0.5349939744429012
0.39027351951647893,0.7044731852647439,0.5404859765085629
0.3810995019272694,0.7180495026053317,0.5105327403954462
0.38184231219296055,0.7005795575534155,0.5416397701257452
0.3815239404140889,0.6484840308891697,0.5312163347939665
0.39256700252545135,0.7330833828435372,0.546627092891304
0.39892564252557905,0.7690402601520009,0.5646831669014011
0.3582299793075793,0.7384683644446549,0.4617084937085664
0.3934696757781884,0.7108112349642678,0.5536730001673535
0.4130008033338291,0.6782391851897261,0.6046240861225674
0.39485995022569154,0.6747800175455386,0.5659481886370918
0.38444998139290565,0.68451266204326,0.5198897727947682
0.3852880358631004,0.7474897335477735,0.5195966841684015
0.3907614479490068,0.6978334646363341,0.5434336292716994
0.3771808279332845,0.7000607509275852,0.5031508997784501
0.3830299783069181,0.7151259180282742,0.5252092418697455
0.40284034398484686,0.7431437871313917,0.5502175250238757
0.3718659545350658,0.7205582803685318,0.5121104123569162
0.39334691111643627,0.7073813733948462,0.5463264636321135
0.37433693689920644,0.7701586372208113,0.4962153140072204
0.38978389966861965,0.6948043797202544,0.5349080636069942
0.3963005094104247,0.7235912586839285,0.5645002887194925
0.3864529851932499,0.7141507659000068,0.5537759831536488
0.38399447779860163,0.7322774638689825,0.5411819607116191
0.3696118145063339,0.7480293569724588,0.4927796752966906
0.38747848551783387,0.6802622083612628,0.5454776971984652
0.3861156941100306,0.6892371268216172,0.536734599496159
0.3882284948744071,0.6757439832525125,0.5547027724035333
0.37302017883600425,0.7246781509158039,0.520993172592038
0.3966708629715039,0.6988621387520422,0.590960296673315
0.3800337180267351,0.7354861879361978,0.5174071168145656
0.3927752314406878,0.7660781485522703,0.558431636679944
0.3876714291704756,0.6936278478030444,0.5518377943432441
0.3759783363704951,0.7134985048616085,0.5333011732013976
0.3901464859335674,0.7104380013813409,0.5323711675595711
0.377870709925403,0.675182082434255,0.5284170799358469
0.3844657642574585,0.6813296168773627,0.5522145626912878
0.392790672433096,0.7033086639409959,0.5564160788457105
0.39166476513435755,0.7342524028559767,0.553373860699081
0.3910258441758397,0.7191219424049539,0.5427391919631868
0.38135773414911633,0.6770240737614245,0.545329348177344
0.39455048132255627,0.7178315039807449,0.5668100404092985
0.3949131461575559,0.7094231675619543,0.5853826252582246
0.3717513930806434,0.7245252604025574,0.5002202164774
0.3770477042980451,0.6936318237578994,0.5339535650579151
0.36746163249253855,0.7235549153974317,0.5091925709056886
0.36061110491277476,0.7032665970062919,0.4897246927879898
0.38527008625070946,0.7256323213939629,0.5379122341485725
0.3757745297567034,0.7211046412076533,0.5269888990125376
0.3806176933960154,0.7311003540875969,0.5314468108431689
0.3621479502509344,0.6919611401619398,0.4785269201862248
0.3904551700872996,0.6761368929842869,0.543845002252609
0.38736681171747095,0.7359309841373551,0.5365676696686833
0.39253569601447985,0.6995346654187763,0.5334493418474233
0.3779722616997833,0.6881009215480293,0.5261961879068043
0.40685176030603015,0.7487935747899447,0.5415396359253675
0.35845352078816217,0.6960478360940431,0.46581110513981394
0.3893438674406376,0.7067344882403552,0.543661744251825
0.3913722706944482,0.7080798365401422,0.5431815013763577
0.39025054691584166,0.7738476328942959,0.5656955969431635
0.4020709669596159,0.7198535967282802,0.5779079641168865
0.3655872411515495,0.7169740903010587,0.5017438556339449
0.40098609401823576,0.6828997120347222,0.5911767462689645
0.39327898349132334,0.7167211181811717,0.5737038564986313
0.3474924572917067,0.6895863139545244,0.4757575726802463
0.3739934867972945,0.695322086193233,0.5061275504778381
0.36243151936185763,0.7119267559622584,0.505236827112898
0.3859089550447288,0.7409023338514698,0.5397364108612982
0.39588833709272025,0.6758649386699632,0.5702745674678096
0.3841427518228633,0.6988560441067672,0.5374597008706711
0.37031193942759066,0.7349155765591562,0.5170495632162264
0.37251479636777346,0.7204888136507438,0.5314544151980451
0.4111688043193805,0.7193019281574428,0.6166923537171051
0.3618227086225944,0.6970224487070823,0.515398077967552
0.3591124024942013,0.7205880356689701,0.5055359299737467
0.40237259102459433,0.7256766156818898,0.5797943012553679
0.3656608123949809,0.7061374654084678,0.4958508937708619
0.3857212578962406,0.703652988040923,0.545996155374734
0.3910962999178077,0.7206797399948816,0.5493934995868593
0.39996857212108583,0.7083401580388085,0.5901747552791445
0.38110654106691705,0.6957274616510746,0.5465832117085049
0.4181147166304936,0.7187997780033086,0.5989683240676321
0.3901943188972506,0.7318693045259594,0.5487437015434589
0.3804983622554727,0.6954565276303382,0.5445445493118594
0.3905587580115024,0.739211683099749,0.5368830393099581
0.3930228224849983,0.7348032653145493,0.5706429016251711
0.38586649613647067,0.6973888422904426,0.5586858150587445
0.37670916763042295,0.7063381929310178,0.5345463778763426
0.39120570285260226,0.7551582046386289,0.5556510845160946
0.3623758918212505,0.7326195761815183,0.4849006413393304
0.3901879891372995,0.6893801823966124,0.5507418327869281
0.38640530611222007,0.6922327972146057,0.5503832191898826
0.37503082348402406,0.6969798030977349,0.5309797164865744
0.38040909176048865,0.7165378400770509,0.5397308809967464
0.36921820712149783,0.7633585830573503,0.4945037337868457
0.364618295624102,0.6930204591379534,0.5064078011673057
0.3718831139559463,0.6721039898155182,0.5301839982355291
0.38469979706704205,0.6970673553699054,0.545680087671442
0.36970685542671544,0.7167000610589582,0.5009431460270828
0.38541615621734066,0.6542904198361925,0.5584051233349637
0.38890292503426555,0.7361923167030581,0.5500284692834849
0.37329988125757263,0.7154383063261759,0.5190771648503741
0.3712284228410993,0.6836079699181628,0.5130527574051174
0.39912072378697366,0.6769857062186495,0.5913995766052016
0.38393933772778405,0.7007124138178094,0.5467846257468013
0.4063387498073789,0.7155019067969329,0.5673995613185068
0.389843622257446,0.7300119028138066,0.5564063389819975
0.3688704893548281,0.6569695996726904,0.5041831701643626
0.36578501639321137,0.6787236473106222,0.5062533694535357
0.4000416516203929,0.7030244598417213,0.5852407719315671
0.36339919630720385,0.7119880676827863,0.5008541139910145
0.4195114190313428,0.7016053546025325,0.6226825375145767
0.38457642108693896,0.7065058851395415,0.5362514782693363
0.4086919693926427,0.7556515947830487,0.5796561828593072
0.37314303949845495,0.7081211987390755,0.5154367034110396
0.4034745356450667,0.7083402114412718,0.5725284623850674
0.3827652450235217,0.7209898421674596,0.5369434585168695
0.38664527429663953,0.710156035098467,0.5359731377362863
0.3875365142244099,0.6690337705092564,0.5644148016651445
0.3554474977349042,0.7514341620416414,0.4812366373653718
0.38012886747550834,0.6938484129348867,0.5476619313625136
0.3836353170258594,0.7464228540335422,0.5420591583449215
0.4045527450204257,0.7117932928749201,0.5721645340453035
0.3952758931749106,0.7444930899893913,0.5605626082846445
0.3804820911846599,0.7243638115743011,0.548381481654512
0.36369080542379084,0.7494813348902543,0.5046888251279456
0.35887462002640846,0.7248371925006074,0.5107787912816761
0.3600799720495889,0.7164793659621675,0.5049385484246927
0.4144434716118896,0.7502757330140567,0.6003268035484969
0.39284578052780517,0.697879395289253,0.5556865149012266
0.36842761531357526,0.77265639719671,0.5253668654184631
0.36525393191158045,0.6729683659036632,0.5016604943609877
0.4041483215483678,0.737224278227817,0.5804288861075035
0.3800240973447003,0.7453999993807722,0.5234127303886134
0.4104099684270096,0.7056372612150912,0.5885128451523517
0.3754317635297294,0.7534266590650635,0.5281272396930128
0.3658181164626059,0.743646581121405,0.491708455586517
0.36243631984364305,0.7005301585097211,0.5018505086597188
0.39669449307506816,0.721939803971284,0.575225653728174
0.39800650714407204,0.7634687719954053,0.5576184972617716
0.3981968920432037,0.683022761118715,0.5601532590874261
0.3780361324204427,0.7718210763836013,0.5144024155612109
0.36792299735242023,0.6653848551327234,0.5203903134483266
0.3962934271379549,0.6922679262754536,0.5672744247180548
0.41015124799551794,0.7389644986406253,0.5578657991315931
0.3724141139819469,0.68623568442153,0.4963259701531765
0.3775788704710459,0.7307018425581748,0.5207127171479605
0.38729811016005483,0.7390214691465421,0.5369593771746844
0.3803895459730714,0.6963863499730212,0.5534885353828846
0.39175131608291874,0.712630457078768,0.5438219703589954
0.3925629422221439,0.7211953862945423,0.5437061792405218
0.39416522350161726,0.6938577879319249,0.5650609022475601
0.3685337640413631,0.7593725669954233,0.4966898570969798
0.38755731158019285,0.7131386586151577,0.5353723485918053
0.3919045469785697,0.7287941360667166,0.5613888068611389
0.37822081952291187,0.7327898848638233,0.5310560390231317
0.3897595034634491,0.7114188049783636,0.5541600738808055
0.3747403379616762,0.7390881900296578,0.5014662116311694
0.3960874030100631,0.7343158353196887,0.569822616774459
0.3944912417726615,0.747140468943804,0.5645367893292564
0.4007657046040303,0.7605259534745977,0.5412978722851017
0.3810705965981642,0.7641596971690829,0.5122201949960902
0.37932068762685983,0.7295288031979915,0.5367686480950248
0.3942582185964854,0.6818294149637093,0.55247485371574
0.39640846843804123,0.6926698269381057,0.5573398775022772
0.38290371050378724,0.7120867327617301,0.5380476764605049
0.3669984850501529,0.6922218228093538,0.4924036215347794
0.3926844618786078,0.7191632729901408,0.5645420656356055
0.4037941252535641,0.7344454792644309,0.5743721500874043
0.3776810030980967,0.6709968461229053,0.5283517062406474
0.3914305659320797,0.7049191140488281,0.5434744040305552
0.41727315007359045,0.8034616739973146,0.6092178727343651
0.38483126069208684,0.7357444428374579,0.5467848420742355
0.3680428987840716,0.6917900122833565,0.5082474601343676
0.3741717020146449,0.7113615143690172,0.5102965976054171
0.3735194586307724,0.7218753412563629,0.5215963210373249
0.36857837851491937,0.6815545187686901,0.5194231415980284
0.3897735188296884,0.7416876709341049,0.5410359013905027
0.3951680358900304,0.6981431886071978,0.5787656452697946
0.3810310669208518,0.697399824697296,0.5614545671836021
0.3737708458351581,0.7416110145269629,0.5228506432534696
0.3426652710481593,0.7155521797610214,0.4727050257814278
0.3609226746408901,0.6665903715322624,0.500383020932214
0.3703850718868924,0.7239154000289997,0.5089198118368524
0.37296364718625297,0.7048158474939816,0.5271608352011591
0.3705084815795278,0.7094473661776989,0.5153797587021809
0.36634091690091203,0.7451627696590305,0.5138708354617575
0.38203299417676206,0.7091142780396528,0.5376578816941128
0.37740907338633334,0.7111130799830314,0.5325403811914687
0.3714255544888429,0.7318133760036646,0.5078568754859032
0.38672923780699475,0.7246841056956828,0.5417938497035519
0.36986131478597944,0.7531118039539274,0.5063569692758548
0.37017769415688423,0.7405532447682667,0.5124830428851471
0.3674833992743404,0.7061505563727384,0.5227182592631298
0.3720654078465202,0.6751925124165501,0.5083718486617985
0.3655864821212809,0.7091811729755985,0.5175457155719624
0.36664767908866464,0.6707858098413993,0.5033400571436883
0.36765770611942145,0.7411788801541681,0.5234494423433567
0.37802111984439024,0.7433643485001703,0.5223550349336609
0.3611808019740373,0.7096311498636613,0.4958307519829925
0.3814645152677339,0.6661303577333635,0.5514896046851167
0.36393625480575786,0.7025941602274947,0.4813635094497449
0.37942723594354244,0.7461567354600391,0.5086151769529279
0.3717158838751251,0.7661601559879446,0.5122992147579681
0.3954680840065205,0.7151810411063144,0.5359653733120782
0.3692793150681496,0.7310112162951355,0.5197684630540289
0.3590224929893009,0.6711833412412315,0.4768876345718515
0.3679214803025843,0.7239023505815447,0.5105010075178441
0.41257661301795495,0.796616140193557,0.5903020761451567
0.377958437228552,0.6979673044241562,0.5428147807811091
0.39946615822055465,0.7419752567964732,0.6000975720468406
0.38567426560548246,0.6726059578405217,0.5646813192850922
0.37733641147435043,0.7240736735505301,0.5214327790645724
0.3959606643197071,0.7198481861643751,0.5619035129602153
0.37401813618119467,0.7024188219427748,0.5173268986505107
0.40229189591785053,0.7425446539114803,0.5705733592446794
0.3603577369405271,0.6975519788628466,0.474127409658357
0.37033184250993806,0.7030083186222944,0.5213661361640852
0.3742692973155716,0.6926078625411827,0.521510099027224
0.397516533487651,0.7349341009999795,0.571029390714979
0.39844329102451576,0.7429845088671944,0.5549182462701341
0.3789392285685389,0.7529251780197102,0.5145489806268931
0.3846319206765098,0.6896766670711136,0.5851886402906075
0.3763149950701155,0.7079662686728792,0.5266184856005902
0.3955194577873359,0.7052038129408661,0.5802958170518925
0.3747215086523466,0.7079425549230326,0.5275504906184482
0.3898908744163398,0.6679959617336272,0.5748533699081819
0.3637464221303318,0.6982108563962711,0.4871805240611628
0.38100563796041703,0.7181756986015195,0.5319033137085455
0.38911207380487284,0.7177713376313781,0.5593817674159847
0.3606422107580922,0.6968427083217108,0.5050571929679825
0.4049662187612341,0.708026375109509,0.5721091697066861
0.3885977797133735,0.7167432702130146,0.5485032765455159
0.38603955540457124,0.7047759926837338,0.5577108478321372
0.3854122826277379,0.7100383444992063,0.5579508679072094
0.3894564215455449,0.7346697086923427,0.5599328295277782
0.3837647280377205,0.744967835115303,0.5330340239011602
0.39123593711018,0.7530506546104774,0.5485598157391134
0.386415454165229,0.7372695251731254,0.537841251943596
0.3717090034036436,0.7085478401793366,0.5048680279105155
0.39307427561997577,0.7268120597394614,0.5572079999098792
0.4009608926619399,0.7220978089832499,0.5504246207459271
0.38970327983011044,0.6971890838873646,0.5618258811434251
0.3825113802151372,0.7373072128381838,0.5239950245240592
0.38761057831016943,0.7219101540134416,0.5339844850792599
0.38884546510898066,0.7215935605350536,0.5366098328006457
0.37508314209588167,0.7060992826202901,0.5135027725485571
0.3821605182277662,0.7222965231254038,0.5308498756296457
0.37850857690709105,0.7295975169452007,0.5216762462069259
0.3865550545471352,0.7172480492699325,0.5349926434701863
0.365239286886392,0.7363131417127791,0.4908753746658554
0.38591154878025596,0.7479268133533894,0.5336009062741506
0.375928810219616,0.7344230013557701,0.5022621939876648
0.3674769815668897,0.7184295322234309,0.501547797415177
0.38626310446624407,0.7061156797436781,0.5451257594749371
0.38731095409559085,0.6881140223661952,0.5527200693390444
0.4105484998765942,0.690497857875641,0.599338611493849
0.38626169747804556,0.7228944278783167,0.5373586037296179
0.38541152856624505,0.7122203790481555,0.5550945775712046
0.38056389161037796,0.7133292398121491,0.5196120235342142
0.37722570008878586,0.6797382766233032,0.5322606552264142
0.38286595260469763,0.6756015584021149,0.5497353625879815
0.37859584066596386,0.6776614348695914,0.5432031204724413
0.3618371571223463,0.7235542948959441,0.4912471082906124
0.3679294465073526,0.6985000761254867,0.5074683730583888
0.3915738582095299,0.6965141786252848,0.5485400955022534
0.39804415050418845,0.7137384041632688,0.5775308747256643
0.38243680539131836,0.6850726213725622,0.5416330329302823
0.39144885711971805,0.7707159920273603,0.5372959221953325
0.3842358179723124,0.7179126484567817,0.5338520525209054
0.38042753349047326,0.6810403201328451,0.5115757842903433
0.3922384432675768,0.6822929812412123,0.5574189516475363
0.3805018392670731,0.7423155717437239,0.5259642798961386
0.380884065763222,0.678461329618741,0.5367208006150022
0.36273927928865285,0.6866578330066215,0.5046032186325323
0.37529420664128893,0.7096536210515336,0.5207731664843476
0.3863184647353006,0.7178645785894472,0.5346763429986657
0.38448674907188923,0.7159222426372216,0.5480948834485497
0.40468106883409355,0.6995180138770876,0.5742358453096069
0.4098689997742707,0.7115947667204331,0.5817841530332727
0.3805800829519344,0.6924749665015827,0.5517298854163921
0.36306403700369294,0.7208203650552422,0.4951237908894161
0.38162698053969557,0.6780118745914645,0.533197156361758
0.38371193341372706,0.7398128479607321,0.5377541258831589
0.39785553783980004,0.7120473864056329,0.5557195386541361
0.378188862106576,0.7113566823688611,0.5425762942675031
0.4149009668966205,0.7328722345566693,0.6120798076888441
0.3829754219085379,0.7290650312634441,0.5385590306902405
0.37494488965534484,0.7210010518715432,0.4973185943247573
0.3671679045246881,0.73085698018178,0.5113165513800727
0.38675534548512275,0.7120847350518099,0.5552287449984163
0.38164928197783865,0.7028824864048969,0.5549405718831583
0.3932187328391426,0.7285510441035612,0.5563517179819306
0.37962314279790116,0.7433018449646959,0.531211552429461
0.35748295649264467,0.6956484543509472,0.4772866854649887
0.368157288378249,0.6883077761341428,0.5209148324504164
0.38906505509241607,0.6970325601582275,0.5489199693698379
0.3731562211020338,0.6641587686153692,0.5280235388532487
0.390563395038093,0.7164818955925104,0.5720805628758109
0.3985988356093454,0.7343582936408269,0.5692804593344192
0.4040729036103518,0.7237424010377944,0.5766410407460546
0.3679104103613129,0.7085227320537613,0.5114789951270386
0.3795118926144903,0.6797944935959039,0.5174034349348505
0.3841426490078493,0.6719905068413355,0.5607025389271271
0.38546288717157273,0.7339187572892734,0.5192213864858563
0.37407434887051766,0.7249869215875256,0.513104605819956
0.3858263496900815,0.7329592323518455,0.5579687841901542
0.37166057275606307,0.7370942755548568,0.5325519476020484
0.3895172473107027,0.6922844489582302,0.5624455201884321
0.36107824894192275,0.7305717670592615,0.4762286354718999
0.3840477179173924,0.7042596801659333,0.5470780222293967
0.35256191099447126,0.6959889656912224,0.48496974340314397
0.3757916151229309,0.6946429001720711,0.5321599433673715
0.3719077681277967,0.7057238643943652,0.5315280027916593
0.39527208608154746,0.7306564973657903,0.5396255117543461
0.361768023690349,0.7142764316377769,0.4893720417217866
0.39259574016246956,0.7102474906380171,0.5463655855013256
0.38530069329350014,0.7175723758314141,0.5435278304639302
0.38223705801109986,0.7174397979035047,0.5340094356064279
0.39818543516758437,0.6925720803860659,0.5629547167563629
0.3951415068232832,0.6905935199496309,0.5648909403611512
0.37678391489427815,0.6441630198327549,0.5202230035390193
0.3993845368654405,0.705574534649745,0.5912269724270518
0.39367320441018255,0.7013944707052007,0.5420610535460828
0.38780056506965016,0.7488359919034291,0.5273601269716691
0.3666717490959705,0.7217175502601668,0.4804497633307668
0.40910140211073315,0.7311927473378991,0.5886736854293657
0.38722840834610267,0.700245727205049,0.5507004845946715
0.3637430533291174,0.715334696612961,0.5017237403648054
0.3800720183185858,0.6779223306107877,0.5411937761983211
0.3795703770088232,0.7008480328050223,0.5226659833931226
0.4239532938755205,0.7242688315660166,0.5955659337626814
0.38731531690014703,0.7152260826069694,0.548743689598378
0.3846735246532964,0.7290097143595685,0.5336388380026592
0.3814156832532557,0.7020320362543828,0.5120158751865318
0.38525967910678005,0.7086514161769331,0.5659670855391531
0.41231420893141113,0.7105873701766698,0.5989595123281239
0.39833594167814196,0.7351100126570017,0.5640371078105031
0.3959297766454076,0.7357667750950561,0.5514186347765783
0.40899527452100704,0.665898579130165,0.6115976860386426
0.384994984138528,0.72662233219735,0.5484550322929229
0.4054100330569279,0.731217193138758,0.5747358226489585
0.39643985689209854,0.707554233182449,0.539425381588137
0.37594008071471663,0.7614405106284665,0.5093809683815771
0.3804936263999022,0.7057127020099455,0.5327401967252059
0.37920276542260595,0.7209341085309922,0.5215176183966208
0.37422402036531444,0.7612736869499949,0.5253575463518516
0.3707609849975191,0.7057165672340371,0.5121615881530315
0.38915012228117024,0.7254151875023125,0.5363681125434814
0.37159277346100633,0.7292720181112017,0.5314937005764758
0.38330219093109935,0.7022039498288293,0.545990830037168
0.38347498985297257,0.740112097971179,0.5242567376102939
0.3901440543846378,0.7109971501542529,0.5568739070177768
0.39006657719268145,0.7455299648183857,0.563126261035646
0.3917809349801531,0.7256494445548449,0.5677932797649938
0.378926532946813,0.6932882661630947,0.5414695441091549
0.37803668758626063,0.6721463869810468,0.533746169017168
0.3817441342693279,0.6799448550717294,0.5308583118534959
0.36303589179569357,0.7194483785989906,0.4941597395880355
0.39092328499204393,0.7179614882984177,0.539409671911581
0.3887090213107562,0.7055615700826071,0.5472850585296254
0.3712627853462697,0.7090247094885954,0.5261023355703768
0.40743712283312095,0.7217259513435755,0.57288573614845
0.3628145830655375,0.7054398268174397,0.4872927586280113
0.3746884095974442,0.6772473383686851,0.5257422145524823
0.39735467336703956,0.7071911751872133,0.5743894161044988
0.39688426122119275,0.7285986674906423,0.5680815648741981
0.3896272863948365,0.7121138623929147,0.5338533376694512
0.35739891600696005,0.6828853826466105,0.5091654649832921
0.3650809636666712,0.7271070741786825,0.5142186239420239
0.3733831730750426,0.7463042396626092,0.5338849389233716
0.38637109553018817,0.6960712530096198,0.5507642966707771
0.3952374926946782,0.7654211637816485,0.5513153033069391
0.37343559760705747,0.7099842391257722,0.4921062271899398
0.4061227049129691,0.7180117321076058,0.573690655161904
0.3706654406023845,0.6998492270262956,0.5063236105665309
0.38260887583248987,0.700101878121771,0.5435796371483268
0.3701271837296461,0.7191929268374211,0.5198874829555004
0.4043640388597017,0.6864332503854097,0.6001146796344466
0.4072786209831521,0.7128621795264428,0.5881987378840468
0.37056937405417,0.7151614652443321,0.5267446972411352
0.3798842459074687,0.7612885835489783,0.5513099285868149
0.38841661205191913,0.6952426740264346,0.5658477506843211
0.3893381331472465,0.7226263970078783,0.5586605630301636
0.3967819515037992,0.7305198880959289,0.5779663845318851
0.3794414101815176,0.7139781505506546,0.5405916803545014
0.36548904184899256,0.6816918202283007,0.4973014563291007
0.3684972519045488,0.7368365834229453,0.4883654257458892
0.3646265943985137,0.7069644323881286,0.5003063951873528
0.3857596553068876,0.6894609325263058,0.5519885438649874
0.3667458997545339,0.6929498819003764,0.4980137560695012
0.3676882764298072,0.7253237025309034,0.524505316844816
0.35154470272417676,0.7159761538069029,0.4755701326567148
0.3676741600167192,0.6908390048025693,0.5219250864351461
0.38283921660365244,0.7293214091670417,0.5331945079562229
0.38142510924633377,0.7373317801228072,0.5336180376735967
0.3822138180085635,0.7297150097105991,0.5124911823931181
0.3642334073573113,0.7125417805976177,0.4908287308538473
0.38742604986872037,0.7416809575276728,0.5259837160977591
0.3647816989455958,0.7022269018192611,0.5077816930757935
0.36821335149431755,0.7243760703304577,0.5156425125080439
0.40083549338706864,0.7253861622749375,0.5797325659151948
0.40964357753835506,0.7500463969589964,0.576276001820995
0.40890692360723635,0.6927712807021946,0.5863415209863613
0.3641581713463691,0.7226505153043373,0.5033436548099443
0.40600572960932585,0.6809720002539089,0.6011515511836132
0.39993566242315437,0.6960982472084151,0.5852620295056317
0.3767968213547252,0.7041505872785357,0.5385241113071757
0.3758533347902716,0.6810692310931944,0.5416779014041613
0.38752404168252896,0.7153442832296473,0.5458364309226961
0.37514905958598954,0.7086599693291311,0.5143469851852485
0.37066501511048383,0.7432230393157083,0.4992195269547329
0.37479717188144185,0.6663792820401698,0.5137665731722012
0.3683498221608472,0.7073395098797752,0.5091432219043233
0.3879405646073946,0.7193806836983755,0.5413460230365206
0.362300921641309,0.6771858001014226,0.5026296060549841
0.37317591980688525,0.7195720237340737,0.5155590715289008
0.40362630746658806,0.7252242946702523,0.5847124355713053
0.39255837334537114,0.661990804936877,0.5596564892447929
0.3832109888100258,0.7186700390963376,0.5388328362578467
0.4004672216576602,0.7269189718663235,0.5907192206366924
0.3930041345593337,0.7089892829647906,0.5541259811297633
0.3817492758760412,0.7068772871921533,0.5513985185091754
0.3640960586368407,0.718693565141001,0.512077796782745
0.3758501128004002,0.7222959527501908,0.5211603316213824
0.38085996255468885,0.6898920275119513,0.5521067598207722
0.37666467202369297,0.6709177324409902,0.5373227296946957
0.39352013049880596,0.7725285558763916,0.5568534525149864
0.37791299046830784,0.7127736452964315,0.5203172405348144
0.36537664342211074,0.7001303468645653,0.5108970891944389
0.38098513838860265,0.7111263842462759,0.513647184206669
0.3988157429102197,0.6828032937477159,0.5721411451467504
0.37853326134001164,0.7358432834715619,0.5134071104716543
0.36632858895686954,0.7852948562363771,0.4945313652601769
0.37777842416292207,0.6872307270677034,0.5318547611950999
0.3642771215947912,0.7313214028451225,0.5022589120146499
0.3621140494858703,0.6744832305416508,0.5028279660300191
0.39402097928912966,0.7250479652329571,0.5528928386845693
0.3974343586468169,0.7508117053444323,0.5602875327327367
0.388117930787911,0.7312972878207217,0.5696722583034155
0.3782044719294726,0.7345080710400369,0.5049411676655111
0.4045004217000396,0.7210146671241394,0.5646102732612203
0.3933307752693794,0.6978800126799664,0.5981395437903142
0.3841220655604358,0.7056722307432275,0.52940608520598
0.39668918872205583,0.726334439575828,0.5687410330665887
0.37517406932376746,0.7250900039892018,0.513803970161414
0.3913334148317797,0.7250604363752657,0.5560717786698993
0.3771259919751606,0.698345696987673,0.5251398922950833
0.3746200704681338,0.6971433746245759,0.5337169262976574
0.3564516331927452,0.6965494899098217,0.4954714600643086
0.38785597021573975,0.6578424263252939,0.5748808124170054
0.36937884825498696,0.7549923360557943,0.5079763999380672
0.3655965137153049,0.7113911927087786,0.4905902227126534
0.37950418474344016,0.7456157191476673,0.5581472936949408
0.3936247045251463,0.6689790442498941,0.5779145535244941
0.3846956208728831,0.6989524233727653,0.5577323238079418
0.37997059881701317,0.6955873200761062,0.5576397857482689
0.3796945036853609,0.6476862403219131,0.5269913593040414
0.367231197027189,0.6628973187722265,0.4974410714475306
0.37516996927409085,0.6992856789406724,0.5250062178839753
0.36838697487740424,0.6635472767802342,0.5270317380777181
0.3813249051200498,0.7115376107593185,0.5478969782452239
0.37767196417943305,0.7603122293002024,0.5493130720103813
0.3721103443047819,0.7081331374650272,0.5273765827815227
0.374446880194123,0.7115735453936414,0.5366221612988812
0.38755644052844634,0.7206394550686268,0.5698960230568838
0.39292489003117337,0.6892509537110798,0.5804760414557549
0.3683677644081713,0.6880016897495401,0.5234643979977699
0.38795398130828823,0.7424989939081387,0.5668908709313351
0.36860477837007666,0.7062604852246779,0.5223374045610519
0.3805272216633379,0.7101135827719902,0.5094372952364147
0.38806330677336404,0.7698816740657307,0.5559487041951158
0.3740678143856005,0.7044070409426955,0.5448027251794718
0.35973319697781997,0.675340000442295,0.4728820606146418
0.39657070740366196,0.7358992101060583,0.5710010319058911
0.40076624820348233,0.7338938823875218,0.5929875446708875
0.3778333839594003,0.7205072529328096,0.5305384459268982
0.3910140045701131,0.6840029848357652,0.5510828974694228
0.3782439589125125,0.7167624177886533,0.5549844901980944
0.3652578422574995,0.7612368213403703,0.511105055003757
0.37838077452477875,0.7299960236498471,0.5254668507083529
0.3735429745046266,0.6951334279199867,0.5309505915277274
0.38817253768788285,0.6728957945662281,0.5597684618050933
0.37155376388188677,0.6953399349727063,0.551374046184211
0.36960449411345303,0.7657932380485398,0.502574686013137
0.37333456981829655,0.733010059106857,0.5384746179144733
0.3828362019607976,0.7371241211925802,0.5446930879322612
0.40140901476971474,0.7305078438665062,0.5748020831784356
0.38308019606241833,0.7127661022185515,0.5447109181632224
0.37550775398347835,0.7210949717755585,0.5150482416502539
0.3955869246381335,0.7122722152498531,0.5560532004332114
0.3799031736149556,0.7022989487586645,0.547843762472242
0.3703092159327691,0.7101447423080625,0.5308675621282017
0.39090154195612853,0.7594189786712658,0.5636381131724028
0.37216211356079953,0.7567414488116608,0.5071607936106046
0.37644476861695114,0.7409940401314775,0.5231913840713653
0.3767446816450202,0.7052803639459124,0.5135680806462486
0.3894564045874677,0.7223417318647621,0.5719381870194515
0.3564708224809226,0.7615619597208727,0.4691409043468451
0.4041529852752118,0.6919911429314147,0.6172524067945688
0.3893709851045114,0.7680298254282871,0.5337664108686815
0.39235874751034927,0.7377799779305778,0.5386640860370622
0.37792440819512313,0.7065086309108589,0.5092443038216516
0.38602263574514833,0.7585821658581551,0.5321700033455723
0.36706204145041305,0.7391195460936943,0.5025868845286857
0.3848972116441034,0.7645500957151762,0.5221550950364239
0.39584684310963025,0.6749891263077036,0.5512468485327084
0.41226285943340635,0.7445021783193385,0.5868784128177027
0.40812683478578954,0.7001366069024528,0.6053680764980496
0.3858256663645097,0.7540525056781489,0.523396692555286
0.39733199059120217,0.7040108691548752,0.5565854414815697
0.38796878622448616,0.7649969791573078,0.5464333346631874
0.4048293504308754,0.6913630371610547,0.5937998386861121
0.37804845637341716,0.6916592480555829,0.5287622539627888
0.37714683523912096,0.7241775417931489,0.5118083229109842
0.38543735957717323,0.7424906010046459,0.5293237004700236
0.34818583680287557,0.7003325649334697,0.4623649776140773
0.3577372989839879,0.7465864487930677,0.4706748586391026
0.3612293965036432,0.7588413246467419,0.4773831786863802
0.40207823099284634,0.7187119203112584,0.5788917019889714
0.404516636616219,0.7536418183401294,0.5657073562484956
0.38444397724119816,0.7129049217017345,0.5416775801896552
0.37488409240630355,0.7185948041189419,0.5141826248515184
0.37428654211216017,0.7325629564207027,0.5222379839322093
0.3768313606762665,0.6735059193276908,0.5173589579188473
0.38215495827154405,0.6803971130996613,0.5349031089501974
0.40783091582954517,0.7343244270919526,0.5510133734847479
0.40521965660438813,0.7144292685374483,0.5761642001567009
0.4063714633053143,0.7118043812871677,0.5701056559131729
0.38883240832610205,0.7905741792217116,0.5135562901235119
0.4008710067270754,0.6890429913077676,0.5681851380367063
0.4012076893090503,0.7277400536197209,0.5643421735266939
0.404813310628013,0.7568888723730985,0.5572946027975447
0.3986350595887542,0.7233557871012419,0.5422048159906909
0.38458014223693426,0.714632042115504,0.5118555059067955
0.38896778344410576,0.7272198516091938,0.5115116295741674
0.38176959173799396,0.7059784053406294,0.5169768098986006
0.38935729048270196,0.6959074650818916,0.546436338425449
0.40484503272711575,0.6969794274300596,0.5741278325568772
0.3701496837852948,0.715421834954178,0.4992034805732317
0.3825872693002369,0.7111896502615354,0.5361038486256723
0.3938067504149642,0.7218619694045616,0.552979543181544
0.3758737251921058,0.6964374025098127,0.5042199035910792
0.371719931779382,0.7109183139116112,0.5098067783034885
0.38524369584244594,0.7422786426368994,0.5423624899657249
0.38553888550970755,0.7527552072366768,0.547278955291903
0.3834761588909985,0.7290127285441568,0.5125538373155369
0.3916913790526143,0.7606536374573051,0.5442300220223778
0.40063726440817854,0.7386559536388502,0.5575979499641778
0.3836362145839394,0.7636565270931303,0.5456283986615583
0.4010831602746489,0.7063686877514539,0.5773976514936812
0.37926153757796516,0.6989095191358112,0.5486364747121399
0.3952702074297236,0.7427899287381844,0.5523913354030046
0.3932692993146306,0.7249517484778264,0.5613571631146513
0.37708523735260696,0.7257235413293514,0.5251683457089971
0.3797134232574712,0.7552224625519375,0.5367375893989781
0.3745633516381077,0.690488844985947,0.5549372351885292
0.3660520273614589,0.7234966899444831,0.5435673749844541
0.3703589273323178,0.6919737449332249,0.5546220462218528
0.38254174155806514,0.7752632668627389,0.542839560149932
0.36411172354780513,0.7388541520894324,0.5264968106619
0.37012189314237076,0.7522613684122974,0.5142533787759165
0.4028827389424023,0.7386845805516257,0.6010764893431475
0.3932225836876625,0.7289405250740636,0.5816556147108308
0.38484271591033625,0.734975656954814,0.5571398608981738
0.3941282287298371,0.7407661645678799,0.5538052222765487
0.3877893597457006,0.7530535035589078,0.5290451805135371
0.38776215235709977,0.7246006415950578,0.5431900951101458
0.41998820131529013,0.8350894352302137,0.5864207687587486
0.4025591750735309,0.7444835721791863,0.5506337594013206
0.4029423738615237,0.7180778542457905,0.5637872796253672
0.4241550933789649,0.7177972294867963,0.6157259192635874
0.40842660788519564,0.6925132855792213,0.53686129597489
0.43108427832844154,0.7423550824674063,0.5823725710233506
0.4348592035267614,0.7380101052959719,0.5972451174997249
0.42292525702324824,0.7378632471289983,0.620577044677772
0.425892769381937,0.7393727518893595,0.6063329609847128
0.4038958531843166,0.7721644953244848,0.5772417741428786
0.4022598953071743,0.7338491562632352,0.5665438682619574
0.4238196234296335,0.6894023407583612,0.6425048047760437
0.42217443378354036,0.7141198111576986,0.6266552562867507
0.37967924180447465,0.7220968980866422,0.6036110298469982
0.4155685864365813,0.7220343034668896,0.7240049638395932
0.38804778593204703,0.6831109428961483,0.6698846789017757
0.37919219815073246,0.6968143636916981,0.6837980467311275
0.40759132592074415,0.7087556858771518,0.6802568697734473
0.4150993738101051,0.7383629525438363,0.7043875287952949
0.4017139487258178,0.7163644664653943,0.6794532804430753
0.39698693162782256,0.7150078388395954,0.7378987784223808
0.40513982592347253,0.6816034694013152,0.7324274739287437
0.4044211931493472,0.7513598579040096,0.6973879096078448
0.39862555821095663,0.7191819474567096,0.6648762638473447
0.39878770664617674,0.7412607538730824,0.7491244752670745
0.36197599057184504,0.7416422109750778,0.7505359963759177
0.34826703744164367,0.725434010603793,0.7550322341516129
0.37068082289104015,0.6813543824291152,0.7329753360634195
0.41891018659609025,0.7738244332187462,0.7085073615642666
0.37794623415842205,0.6820021983658693,0.7387619796418627
0.38984020910445466,0.6928099697798357,0.7793676214011005
0.4350103831578309,0.7437485528506493,0.7319498553626108
0.4168859872700439,0.6969709945189253,0.7137705087797416
0.4192558706985356,0.800771443634234,0.7696066573911204
0.4274623290878396,0.7321271474881458,0.7551467423449459
0.439669855536957,0.7730481200023805,0.7547343198851147
0.4449085050829057,0.7155029430562304,0.7873630089967639
0.42346049127725843,0.6955393691727998,0.7760310921498692
0.4023187291807521,0.7020409797556062,0.7078360432270974
0.43032701927055056,0.7335824119571304,0.7997571431271895
0.41475576422617605,0.767245065628856,0.8461355423874117
0.4460083073125711,0.7105749585172046,0.7783812551547418
0.4443436655323841,0.7738375816897206,0.8217899566704512
0.5320337846025797,0.8199582905532041,0.9001481391638826
0.5141828113074409,0.7870054667884123,0.8354327915845243
0.5591099082537634,0.8678542877251738,0.905953938472056
0.5116492855007205,0.8168285108939272,0.8461440174991316
0.4791548013941509,0.8838695642872136,0.8667280887785913
0.5191643876351768,0.7860205385712536,0.801123592738302
0.5131653913245054,0.8442959532928239,0.8842193152983256
0.5191856697603522,0.8400464818582601,0.8259998506118365
0.5290816496159187,0.8683871790278046,0.8860600299991513
0.5420077382943018,0.8908258212566318,0.8519309510754036
0.557822856795533,0.8551608354500467,0.8623025278791699
0.5338065679300996,0.8349791098262485,0.9011308202157748
0.5901779273342982,0.93906688388086,0.8369055619831371
0.5837406209777016,0.8766515485944238,0.8760165424440758
0.5912249834206931,0.8640570460923357,0.8335813516921313
0.6369014370486463,0.8488013132816736,0.8932867518175849
0.6395503476755682,0.8668093108382589,0.8228624484866954
0.5930993945615263,0.8565272012271489,0.8279855466522359
0.5271414990416327,0.9037599538372748,0.8885596678450435
0.559105225798219,0.8555463264836395,0.912041786842131
0.5989032155080541,0.8943733466083169,0.8556119430471613
0.6772206275797336,0.9264103071656032,1.1061322748380151
0.9060985687180424,1.0873709520316035,1.4693573069042574
0.7065304059571277,0.8979083413427511,1.129762848846366
1.1466949356782956,1.2213621103399317,1.5747328649814236
1.6181003391706987,1.5482685603002302,1.9672952558068058
1.572165267076358,1.52599322485035,1.8898528569500372
1.5917719867654885,1.562194177725853,1.890454207102654
1.5762877504858273,1.5462732203947958,1.8828886302684111
1.5498222538482773,1.5221855100678092,1.860093184275015
1.5637474636522886,1.5501656973650169,1.8263156804185328
1.5613221421234722,1.5397423101040717,1.809168495221977
1.6225598056673034,1.6206620042286106,1.8519453082722876
1.5280278515382364,1.494007357493072,1.8130354333047227
1.5705456343138549,1.5533287935771325,1.8323452487214773
1.5659509499396262,1.545764983036985,1.8396927606952131
1.562451307380604,1.552314193248214,1.8273007268011927
1.5307973296864767,1.5284047595148704,1.8134110626191051
1.5589793819327922,1.5422004360259425,1.8154700581087848
1.569842374041022,1.5580602681566953,1.803116938756808
1.545782081579787,1.5450694462620105,1.8019660706066218
1.579346591926188,1.550564380589457,1.8229872469660435
1.540924191612951,1.5204976415180864,1.8117686993848097
1.5493489681803265,1.5408357766877654,1.8118590385872133
1.5645076184898592,1.5593376254644418,1.8125557957819751
1.5525656751642831,1.5211035822090957,1.836736088932238
1.5535647960489667,1.51131279378754,1.8598461296390727
1.5812501967253114,1.5689599411697477,1.8212221325963809
1.5461030204871906,1.5194708071712353,1.8341208648951723
1.551625995625133,1.5529132267495789,1.788091961607833
1.5486270930800903,1.5316942259804316,1.8451218709611572
1.5935859399472294,1.5801228833493297,1.8576857255257475
1.5726096749128995,1.5599554011741892,1.8406787767516652
1.5582475146052681,1.5303912852964456,1.8400558368261184
1.574476555962159,1.5590432009641981,1.8268505004863391
1.5785119640338385,1.5712746523922076,1.8345296129035051
1.584911619337297,1.5816353969771668,1.8067406181706798
1.5635105978498622,1.5414404584446315,1.8494432312728148
1.5662517280278838,1.5233866190773655,1.8648812197498432
1.621685826023905,1.6294745642676105,1.849784279442032
1.5549091370012014,1.5389494363326464,1.8499915532370759
1.5761389158839567,1.5610090441018536,1.8404911410739977
1.5545296941242646,1.5332606210996276,1.8200678971051687
1.5778872601694232,1.5459883492070838,1.8713359312904587
1.5519442050789651,1.5430266765458274,1.8133471048600447
1.5824801321146462,1.5603558542363587,1.852514840691856
1.5726943042913646,1.5627941390680442,1.863176462280884
1.5788270709182262,1.5411218735371393,1.86166930450158
1.5740273531806241,1.5377698730730776,1.8740096038623018
1.6038585873115458,1.5951603768307638,1.8601954988056475
1.5750684560609949,1.5595260228394106,1.829032980562092
1.570283772847618,1.5592564502900632,1.8265801022572068
1.5611302587240992,1.5428601433189388,1.8162701350993788
1.5394838177688654,1.5295812623216856,1.8317851901602504
1.5858770055071554,1.570914971550753,1.8434006138061547
1.6038471926414875,1.5936336895139056,1.8671329869939848
1.5886101288799641,1.5581098080016702,1.8622325497978247
1.578531745101417,1.55467862568414,1.8444975979280345
1.5396462719508963,1.5147888150256563,1.8312326125290421
1.5481291823556609,1.54070607820863,1.8004825312328645
1.5581026224993955,1.5536443836409315,1.827622073677072
1.554000947321769,1.542523434076508,1.8090841529010755
1.5669035749644535,1.5583637098989431,1.8489013239693504
1.530709218988576,1.5495222671674216,1.747111211029228
1.5346106722834676,1.5125755081560048,1.8409565956763256
1.5313619653379524,1.5265940446293569,1.7795366391030556
1.5118250856740163,1.5059824414309244,1.7544616990445048
1.53078063031811,1.5415248689492351,1.7868485539942216
1.5127566499556424,1.5139236506793778,1.8212829029521025
1.4893357361922632,1.4935618093262175,1.7676019162453038
1.502074019374445,1.5059991581381942,1.77954593699679
1.4867903925409411,1.507660386128875,1.7190869443370649
1.4525105152455278,1.4463414120505738,1.735225321239222
1.496327964706007,1.5094786764088248,1.7433786323966771
1.4760713559362926,1.4793411070405746,1.7400130015432518
1.476963513329075,1.4797527850278038,1.7116157870445363
1.4756020487151567,1.4714714277813457,1.7479605158777347
1.4899553327898865,1.4896007454330782,1.7438546893652558
1.4909252892886504,1.4905869903994042,1.7733131758760303
1.4884879897354026,1.4813469719953147,1.7306218159026423
1.5107306279852977,1.5104767641311898,1.7527223729784156
1.508070071608665,1.5181862805515336,1.7693350760178301
1.4823249768139395,1.4714168599587074,1.7617626041909031
1.4799706018860213,1.4838015627112562,1.730918191535045
1.5104040386587356,1.5311150833532725,1.7329537705974725
1.442749982139525,1.4425116315911246,1.7249826167576885
1.4693534756154796,1.470678118322668,1.7460588631811271
1.4696582216396097,1.4609425383945984,1.7321515646076608
1.4520269748871146,1.4618525709976702,1.7123951299404974
1.4349271752006507,1.4717737880835833,1.6770798496277943
1.4101712106221636,1.4095264341730558,1.6873769139837396
1.4148136112278,1.428693403503235,1.6646605539221366
1.4277691199338685,1.4436605763181718,1.6570154178996406
1.4194331391298445,1.4508985638127874,1.63555097281706
1.37167196565727,1.4022975749127196,1.6510386543369804
1.4243720059381118,1.4302568209724098,1.7166997448567098
1.3836275951685282,1.409979724459699,1.6222976815187489
1.3972576013402216,1.4382535589012049,1.6151707753757725
1.4122677760149702,1.4386493565476757,1.6605476753193522
1.4212539100215376,1.4632324946887545,1.6536829522489662
1.4020765385307328,1.4357291482016623,1.6356248950104977
1.3823431299156161,1.4112124106048864,1.611330401992627
1.3855222430517373,1.3964928274119186,1.6460619243867642
1.381792972580981,1.4369109653893586,1.5891055290328344
1.3622787461427155,1.4107747498651555,1.5964772929978626
1.3670959913615008,1.3802371313645123,1.6343545970778208
1.37074711116498,1.3961865482825837,1.602397286727956
1.3865255102948957,1.444790783934314,1.605712348178557
1.3685637810309408,1.4092221445735218,1.6026638674666238
1.4203108369088244,1.4457416799378786,1.647378932634621
1.3708556940230792,1.4009089644356028,1.6037254078263432
1.3834607498325584,1.3990034949711765,1.6303598064765186
1.3957800412740913,1.423362121355525,1.6361559366898824
1.3995348337272193,1.409393673880708,1.6556858696433587
1.4052638750062114,1.434124660403005,1.6545045571710673
1.3907684254081745,1.4055563314963877,1.641220269592914
1.4010053145591228,1.4218850190249392,1.6471322783372988
1.4052812940484858,1.4486028926037848,1.6200400623477709
1.4057843825868377,1.440242054570654,1.6211023448512123
1.408514555355494,1.43542285606493,1.6535819198450459
1.414766036800739,1.422630383128339,1.6781614247408039
1.3857600842166211,1.411325804710992,1.6375867645737645
1.3925130727294672,1.4424358250131857,1.6249027037498684
1.3819676379754033,1.4192359684047955,1.6236069589328952
1.4106399954455917,1.4530911739511156,1.6225369550921862
1.4095492180979954,1.4314655640982143,1.630856726103751
1.3995534716957467,1.4315330905052968,1.615964191207033
1.4054883365296076,1.4360206357199232,1.6351630320517785
1.4140239833130122,1.452409698046046,1.6593772215368163
1.4264692342948382,1.4810449957257312,1.6507156811215251
1.3995078728450032,1.4305388158666172,1.6512979064969968
1.3995492115544685,1.4437427190543854,1.6472149179855666
1.3903557992403157,1.4168400014829483,1.6173879083968614
1.3825776593710355,1.4236408409955816,1.5911182166971949
1.3855230258326263,1.4219549905656967,1.6365202137136194
1.4136965194701534,1.4444624586672563,1.6281749230182732
1.3740602310714924,1.3950033193872036,1.6413169552985063
1.3923258471309958,1.4329787862886008,1.6048521108406086
1.3787381728588026,1.4164878104685237,1.6213418631753669
1.3668970778819782,1.397867924912243,1.6143353139017254
1.3766952017515146,1.4266446315913788,1.6043233702296993
1.3768062545590452,1.4272116302633533,1.5846859238519777
1.364783458205742,1.396810932093424,1.6277720623711232
1.3399619814067651,1.3999820429330359,1.563060087196876
1.3304460392538118,1.384431688488425,1.5778231945241843
1.3005638477843953,1.3751561304854183,1.5158122826221017
1.3020730084509247,1.3500756596722283,1.5308128570675148
1.3203123015305234,1.3674293418923915,1.5416278722281205
1.2849053167808864,1.3260546433736269,1.5233046163014026
1.2812534897453922,1.3427200412166187,1.5025379226040787
1.299887784515717,1.3814327051215582,1.5086131787816155
1.306175065303522,1.3820353473707687,1.5181252069834277
1.2835973342473692,1.3463067481330433,1.5093313209294283
1.2807404097249475,1.3424114202403614,1.4921494401657376
1.2733190371197245,1.3376611489245556,1.4961591892841393
1.307273808941944,1.373279765056446,1.5032913885083243
1.2828511083857441,1.3311466342302096,1.5078020937336982
1.2772364283583106,1.375682763936653,1.4686665374153614
1.2818014303639342,1.356806599908301,1.4809462859195606
1.2809304376530213,1.3369240516299634,1.4991410231116848
1.2709086638811984,1.3426650489707033,1.4813291716526604
1.2598218908644232,1.3107743748152196,1.493821594711884
1.2508042389989518,1.3026662310273716,1.4914190540777867
1.2737378697791888,1.3450078687717604,1.4798710566818951
1.2808462529135651,1.3440481878813964,1.4902211729111383
1.2528756468694904,1.323003241826891,1.4803173110261918
1.2855179345656225,1.3529331438025272,1.5145544535751287
1.2744506746382886,1.358239999953741,1.4831319005442043
1.2822694781046984,1.3277351372693744,1.5175027136500063
1.2707312678420977,1.3512920544963734,1.4682583975546482
1.2743367062831874,1.3396608222627828,1.4990506164939388
1.2470379916117165,1.3284650747284907,1.4839895084745767
1.246150193401026,1.321371837333544,1.4848603489375622
1.2448208228079503,1.3192037412714646,1.4833810448297968
1.242975337047597,1.3060521389283806,1.4535317114981583
1.242751031845512,1.3282374041091207,1.4458153964301406
1.2262765259513584,1.30591221603301,1.4592943482838097
1.236670218142649,1.293595630800428,1.4591740769559831
1.2283900785286865,1.3142228059268468,1.4416190520924461
1.235982096008802,1.2964999429909625,1.4652798940962974
1.2446615665764675,1.3129393781590588,1.4569499797642873
1.2308654121640112,1.3009499514011893,1.4222303174236108
1.21615265001556,1.2936186283768778,1.4400579966364446
1.2466490407016027,1.3305957446261532,1.4512467994808336
1.225414581591441,1.2829560337145216,1.4446531705277303
1.242197066203731,1.3188978139194685,1.4506180985404051
1.2588670138165758,1.3380108185883597,1.4670230780928566
1.2415236677893016,1.2990723121969014,1.4538205960774673
1.2537759422571897,1.3177782865591872,1.4689730309496625
1.2223240127718729,1.2784271748097549,1.453844713441748
1.230374521321193,1.303241472265631,1.4678290638437113
1.2241850696016718,1.3025842440929558,1.4482057176087049
1.219245411293255,1.2889724359397523,1.458284818415544
1.2206583625573768,1.307819075735112,1.4124527485083949
1.2310821186167424,1.3045043556686562,1.4314499670853391
1.2061301341928041,1.295124139289846,1.4317239671339763
1.192193753216019,1.2807054074151012,1.3980693654858891
1.1909401368814234,1.2661272909838046,1.3969230497123843
1.1953544502501063,1.2788571582268546,1.397824534289123
1.2097833901471073,1.3170058024517972,1.4040669227952944
1.1881739707717802,1.2795926855233837,1.3901850072268005
1.20131550456887,1.2949869719048523,1.4233082752706523
1.1924331344308778,1.2796963054257586,1.3754024209118314
1.2082356856407503,1.283932407339509,1.4166532528071345
1.2156052733527052,1.3116748390160755,1.4101397327527954
1.2076491336748112,1.31438672704884,1.3787037920825915
1.210029481387503,1.2821469232147598,1.4207091704217802
1.2032691906689854,1.2883106466303322,1.3966524811483754
1.2094237997617026,1.2878283737217884,1.395448918605338
1.2175273809821838,1.2952021707487031,1.4205462718321515
1.2245111814536065,1.2946747638274625,1.417566304520864
1.222666354664777,1.302126459853599,1.4408927059664172
1.2210206216090858,1.3122514479753706,1.4322201744289114
1.2192875799260896,1.3097087431457153,1.408038304188319
1.21680410657872,1.303258901536604,1.425321221557617
1.2079481633904252,1.2831568723045728,1.4361588707694852
1.2212097799197108,1.3291646028182376,1.3999609945310687
1.2095014928881318,1.2918965942707084,1.411733737591642
1.2221666510977356,1.3080528982494235,1.403527252488738
1.2245374158455127,1.3163403657124064,1.417790547077583
1.2049078804190858,1.2887248455819889,1.407639439265603
1.219262951366865,1.3057821073645357,1.414503558477885
1.2214883219369517,1.329123919648402,1.404772055444333
1.2187684001531867,1.3077219221088432,1.3959853685175443
1.2237128800289352,1.2968497716074894,1.4431324195564252
1.2255608096496104,1.3122317577810676,1.4272118431982417
1.220244773292202,1.307465268117896,1.4248983177731045
1.2152623225414263,1.3109514609736297,1.4070400136529324
1.2276882250419474,1.2985563657822112,1.4474441724052516
1.2199682333276756,1.3078100847868968,1.4186089459467135
1.2091014278425403,1.2995764187317826,1.3939142876483746
1.2006548405869144,1.2755916506999596,1.4036106932991808
1.2014900374552184,1.2870013363423465,1.3814539910181682
1.2195418354340013,1.3223539789256582,1.4000077067472991
1.2050341193844716,1.3126671508687582,1.399042324449196
1.192275599069364,1.2850284317926417,1.3742786903062267
1.2020572286089213,1.3024259517993075,1.3902223583788915
1.1985618302826677,1.2808014141323738,1.4017142580481394
1.2066616626641224,1.3000829463148489,1.385929782025355
1.1971989945088615,1.3086384138796079,1.3857864864586271
1.19572246888596,1.2785958586048751,1.4093400589775786
1.185878161947884,1.2974921536197146,1.3649034136009854
1.182595078410662,1.2754762953928491,1.3959427854679156
1.1632617642442629,1.2620029838913431,1.35325937128846
1.1687564200510288,1.2558014858593247,1.3703208278753416
1.1493853908380356,1.2557576671151838,1.3514397160904992
1.1056887552467938,1.2048867260629583,1.3065253545792928
1.0877012095615428,1.2052984846063244,1.305551288835196
1.0818790955458042,1.1978998229191644,1.2772467018540004
1.067464085293717,1.207284022608825,1.2538301822446067
1.0540389935343186,1.187410895956338,1.2389498761324458
1.04900206047147,1.19978247607487,1.2385337464212205
1.0409371173122268,1.1470423966025158,1.2285705829916005
1.0498903769134669,1.1688783592303371,1.2391303804361111
1.0524171658067158,1.1806099344610683,1.247273279896126
1.0490629733973105,1.171331603219086,1.2471332812935332
1.0551413827823095,1.1804501868835393,1.2405295195957529
1.047281942638448,1.1842051942235672,1.222021557883395
1.048613591270146,1.1807800817816292,1.2253773957683924
1.0428026202776195,1.1639620938961177,1.2333544507172105
1.0479084897830233,1.1669394631448868,1.2349587664916208
1.051288022334912,1.1825725087668062,1.2302227567127688
1.0480651844263236,1.1871759727781337,1.2374129251654518
1.039362595504831,1.1478046545086755,1.2220268872716311
1.0433270774827492,1.1756796949809318,1.2321638548215796
1.0537734345339225,1.190778456693948,1.2359174971759364
1.0517040130829818,1.1851944095980018,1.2219289759255798
1.0494466953898247,1.1947476332608655,1.2104766871686905
1.0544835943892021,1.1647269769875677,1.2522526961832727
1.0504241009654265,1.1634610286360283,1.2440812850692282
1.0487194458856661,1.1639756361951377,1.2359138575569026
1.0515434242476436,1.1519677853537302,1.2449624876253476
1.0486919727161308,1.152944279532083,1.2320901502883217
1.0492185633224809,1.162014674253366,1.2344287372699174
1.0460939618056448,1.1599588903213398,1.2320675475076592
1.0483254688902979,1.164487194167522,1.2385927883456709
1.0464510919848047,1.1668207591078454,1.2387060163104726
1.0468945576417839,1.1499835425694849,1.2574927589584457
1.034650142217323,1.1638290400795597,1.2197734058336307
1.0215459483320055,1.1456836582733738,1.1965108037701884
1.0191085943478129,1.1418379780169874,1.1922316992462596
1.0126654592173079,1.1531174597068834,1.1817549939018253
1.012680867365141,1.1464731086901006,1.190674315699316
1.007677628975426,1.1641623710766789,1.1894476131506864
1.005839372464195,1.135314913414092,1.1808419380542081
1.0134778657288879,1.1478529548396437,1.1948654532611138
1.010823390074275,1.1450055953915808,1.1780347100266308
