window_size_1_RMSE,Plain_wAll,Linear_wAll
0.23547369890849884,0.34012219879486777,0.3438372398236917
0.24423445173780942,0.3667606340536501,0.3551033446860295
0.2458579513999339,0.3465083949460615,0.37474633805372015
0.24447782941634655,0.3534200105273497,0.3826212132783728
0.24201403527820903,0.35334014553322496,0.3631823143177352
0.23706335078027807,0.3616882974542131,0.34709401757703423
0.23808352357329018,0.34762871174769144,0.3444462848176553
0.24924736483882182,0.3741099782445516,0.3439447670477898
0.24369963194213115,0.3474143730040759,0.366588577170199
0.23960630249811318,0.34212487257138713,0.3395143038711273
0.24348621092645564,0.3448626759907445,0.35453458487961464
0.24060637404129115,0.38006470632451583,0.33727647851672465
0.24088192723541674,0.3640411719773087,0.3643253212740937
0.24414503600167925,0.3572462888623179,0.35621783359339704
0.24323107587192894,0.33365773396362064,0.3951781455134204
0.244227679797323,0.3488336378989315,0.3725408331829527
0.24086236843502967,0.3827176597559614,0.383765823605932
0.24215746172906222,0.35504709400622336,0.3494228875918396
0.24453919157220483,0.4152887529009234,0.3684004953085519
0.24477307746662383,0.3947183628145983,0.3281927034561221
0.25263400668031555,0.39448835368720936,0.3651542260988341
0.25284644537204437,0.35542644865325523,0.3587165403256026
0.25331466433066724,0.4311562499634445,0.3744022339953952
0.25086649478199674,0.3811225780285649,0.3500036974581868
0.2541250157749418,0.3866645426782288,0.3654400135061598
0.25386870218754737,0.3978284256281773,0.35123675480246386
0.25712662944149833,0.3719265248231013,0.3785734863050655
0.24643014176624028,0.3604295408560736,0.3375823909456135
0.25010987681779695,0.3879637252559296,0.34189560307135153
0.24746930959852104,0.3394290334954463,0.3563675894522143
0.25302282791871705,0.3823353615380497,0.35618743622701193
0.2516268365519025,0.3934738844936565,0.3715077594173156
0.2507846536289566,0.37248158524801617,0.3462410085427217
0.24914448115409843,0.3691138307338495,0.3773754136839571
0.24775994994253933,0.3783771343174305,0.3525449098422051
0.2389451532140514,0.4028123508841655,0.3738246540605875
0.2465763228241213,0.366673209351948,0.3311929491156468
0.2577763217794589,0.3693505187509467,0.4482721304794372
0.2508168616394955,0.4036997256128264,0.3707596833834713
0.25574790351514465,0.380079556357755,0.3560203435287614
0.25520313362890806,0.4334444290441677,0.3557858828992587
0.2522168701663224,0.36299810140371547,0.3886134801613135
0.24465042183904814,0.3551811633372411,0.3435662587174847
0.2512927667191376,0.3823059838408871,0.35902868600648496
0.2546842337865261,0.3863616579996213,0.3607314681966154
0.24571977621202182,0.3910684989657195,0.3428892719299588
0.2570023781892925,0.4024673726044473,0.4096901897623487
0.24206892477289807,0.3902362211241057,0.3543927704586606
0.2525738361188961,0.3767618482433616,0.3540914883663752
0.2532694468007336,0.3952412432824167,0.3479739214285853
0.25356630919936635,0.40465058575821533,0.3475410344720647
0.2595178310210937,0.4047353521620064,0.3789584802513224
0.2556380464721443,0.40498762163392604,0.3945463594517597
0.2518307501592007,0.3988792754013363,0.3612495923459111
0.25364852457511544,0.3895411909774292,0.3527756214081865
0.25732973247759955,0.4155529651616772,0.3601974106729822
0.25139756985653977,0.4866738783979317,0.3315975919168905
0.2547535826824122,0.3758364386013441,0.3625043536544297
0.25104265311986523,0.4069308650455449,0.3667320479103881
0.24888509228956368,0.3997961494983655,0.34215042644059435
0.25600312089576915,0.4017678641900922,0.3740166923673221
0.2551827570605205,0.3868707804468505,0.3800332164526905
0.24759267256665712,0.3992632774076347,0.3713651586012563
0.25112003809218464,0.4391460933620578,0.3473664489452301
0.2548949645273548,0.3881285227218955,0.3752389870816371
0.2534996850490985,0.4306258488271705,0.36869179112957823
0.2616193811562716,0.3943342246032873,0.3449512887143316
0.25273478583434766,0.3714883396773,0.3530355055739445
0.2473511671582624,0.4014778928282704,0.3707048236124686
0.2538319998756656,0.3849846463191959,0.350825415386575
0.2598024200545719,0.4339690652069008,0.3836100308743449
0.25369223820472975,0.4020898751941844,0.3408475922777691
0.25030789731872566,0.377922426478961,0.3678724849404685
0.2566435685201175,0.4034802360655086,0.3596289494689222
0.2566012346065172,0.41383477092460347,0.3911192407848336
0.2617343676663866,0.3972126601483416,0.3659971608810557
0.2559601529936511,0.4971669273125524,0.3836497102111408
0.25252689585212995,0.38487300628226095,0.3672283811539059
0.24500252037547965,0.3781000218491971,0.33002441119108816
0.25422394430319334,0.3979485544103746,0.3779173501218999
0.2561789177624724,0.4805568998132029,0.38882694582618776
0.25747839467372674,0.3998422764407756,0.3523509277437678
0.2611467991591006,0.381732859188301,0.38428380339510015
0.25660226164243133,0.40178714838896185,0.39914088497044503
0.25595136120550116,0.3954114234623116,0.3723666098762777
0.2587965272892376,0.42602776529094105,0.3796350187109572
0.25753853679097605,0.4315901397149024,0.35991350361191565
0.263360979143558,0.3910730664642959,0.3738677569463846
0.2625889545515759,0.4015357987493637,0.37913076596999934
0.2603583440202761,0.3934311464312037,0.3653770012949774
0.25739152792940606,0.4693664225797115,0.3731941761970077
0.2583994282952861,0.4052542217787714,0.38955656006404416
0.2591697437356178,0.395063620101584,0.36879933237010026
0.25734058212755617,0.4308514905785295,0.3813993012106843
0.2588069015555428,0.3908064545696871,0.3688163455807182
0.2600025754369729,0.3907234552679516,0.35656861808885226
0.24982795647458625,0.3719700990562289,0.3378995319869898
0.25660490832336136,0.3959320075452878,0.36068508658074383
0.26407411868632646,0.4022689101704439,0.37322495784729065
0.2605667839345783,0.4068949646780405,0.3963566473679929
0.26418865457940766,0.43518464126774864,0.431635653664056
0.2595273849085176,0.3900894268002657,0.388662977520542
0.26155338055890076,0.4251355532666311,0.3952844090539195
0.252965137259498,0.4337920162016797,0.35119066923997466
0.2635411362958202,0.3968341652504469,0.4014262258856688
0.26337589377038095,0.4445056056329064,0.35852525927100004
0.26070378380041986,0.4248482974316822,0.3765668002120083
0.26152975741575174,0.4377499103358694,0.373199977265258
0.27403904158493586,0.4138615544527214,0.4058201988759933
0.2635505392482578,0.4179008859593701,0.3612500977122776
0.2629338968488074,0.4229661286937284,0.36881442788976
0.26111815658717796,0.3651019722416776,0.37278553837206496
0.2598530803174181,0.4604211184309742,0.34754364312737906
0.26284608272631743,0.4323615351663302,0.4052303344653588
0.264420050533218,0.424922263662063,0.3548547605155406
0.270769205786827,0.4636910942705554,0.4204072922412647
0.26460698478571965,0.3809806329838926,0.4005961402541046
0.2631478847164771,0.4094195810361424,0.3861703757136924
0.26100038363041966,0.4336110940412955,0.3637253372570397
0.26184548959235227,0.4125046050738351,0.4147151065925145
0.27108420394170357,0.4311591131513272,0.3771138588210773
0.27057818212825047,0.4339035298107071,0.3613392419509161
0.2716451642659881,0.4324629632877497,0.3927470588488913
0.2682227971314334,0.4580945324464277,0.4007068115076291
0.27078744121035436,0.4003963382160635,0.3579244114008295
0.26777636975743097,0.5062279449024569,0.3751759072158292
0.2660210170737644,0.4359495475148218,0.3559787056842644
0.2587868708421395,0.4204073439347284,0.3550562258728588
0.26663960736022396,0.4783828507786002,0.3733489071221022
0.2689021957325717,0.4060147602285103,0.38132435579021307
0.26817029385434504,0.3977268663586664,0.3779335831025184
0.2629981311051197,0.4267544896120027,0.381844516585626
0.2661312980264632,0.4197366657279205,0.3607800852133064
0.2696888304296965,0.44330998975498537,0.3775169949668504
0.2657227679994189,0.5325163991094527,0.3668163412730118
0.27202690736677326,0.4212277170855426,0.3752095166307049
0.2730114567230131,0.485771219072583,0.38709832184179577
0.27364999927628125,0.4627581190746061,0.3727906334050934
0.2716439806849767,0.4489325279036704,0.3719107637107574
0.2785411034248709,0.5105272334796511,0.38798235997003416
0.28070628607330106,0.4643179476572477,0.4235855990677668
0.26805346456524826,0.4191331043829669,0.40930550252929576
0.2705459073855045,0.4457915383818943,0.3670762113266389
0.26828177901761724,0.4528830068866578,0.3903514879146953
0.2736930938766445,0.4812315803304623,0.4455866150346728
0.2728866250817914,0.4728512366163991,0.3576884850701625
0.2686609110970506,0.4185760143187479,0.3615960395995381
0.27763502278867436,0.4211352277440328,0.4075527526648317
0.27336268923709167,0.4860889694874554,0.383393457731656
0.2759249043340847,0.4089411355325612,0.4353750969788671
0.2750563282693892,0.4840147530721303,0.37252186025463296
0.28527267747597596,0.4113934792558476,0.4269170200036621
0.2779953120601973,0.4722793652268994,0.39810768526132817
0.27471197730760516,0.4594445807713269,0.4080643688207266
0.2731162278987195,0.4789378660641371,0.3662982555257725
0.27010330596314575,0.4253277517984525,0.3822852277596404
0.2810765695525077,0.4416267378694312,0.42633083432127533
0.27963809510675547,0.4310711823641655,0.40533049812116795
0.2749854487605461,0.4083206099416898,0.3846742354541308
0.28361629623773915,0.4609333831876515,0.4277335850776127
0.27201466447699313,0.4823403558625906,0.3932020758925719
0.2794124558476716,0.4703507036995112,0.4123643156377774
0.2792728002940306,0.4169996434079234,0.4014602062190567
0.27979765077938573,0.4227283210066877,0.3800938758431319
0.2751895690121573,0.4147628187956604,0.3876805640365044
0.2761199978140792,0.5218994291690963,0.3736382681508571
0.2802503525436902,0.4508814914189116,0.4134686515688357
0.27274776236072884,0.458283152562664,0.4000562531674607
0.27853101778929157,0.4790539249548509,0.3989147645873154
0.28576518494067144,0.5723656567915039,0.4130496169150182
0.2713437271941519,0.4412906969395491,0.4228102641533292
0.2717044066267637,0.4523297476418206,0.38739396080102745
0.2765880565921583,0.4454497511727927,0.4043477026385959
0.27534577330996846,0.4597758082837867,0.3609167160321591
0.2826478950110259,0.4607874215819303,0.3776149461531524
0.2829578141454427,0.4965391742329872,0.4025471297192213
0.2773287968921931,0.4477144611251376,0.38014736260259374
0.2723337162738423,0.4625718458170355,0.3572140395092503
0.2786822953683162,0.4347286062356893,0.4828818791488682
0.2727361311112906,0.4710680289347012,0.4154254483557884
0.2775165018445473,0.4157543775680608,0.3891835221642087
0.2841026098142941,0.5039623951748484,0.38681693627067104
0.2826719679283135,0.4429815011223463,0.4296278579309569
0.28102020950361045,0.4364859934074156,0.4458904685037362
0.2886877025037179,0.5325622433026372,0.4353024375528281
0.2802505803665402,0.4381823452686287,0.40500550523633416
0.27421719136915373,0.4575531970079148,0.3748858681205445
0.27168843250988395,0.45914254815264,0.37149080244615296
0.28403656281927353,0.474206665518337,0.3891701466963313
0.28429139716047097,0.44578792105827625,0.38217897577472654
0.2827033744904698,0.4398816355926647,0.4142841132552492
0.27613104701860025,0.4359690808147139,0.3841880066682237
0.27556043759268734,0.5042526989180011,0.3794314820975386
0.2790970497145972,0.5097682155853392,0.4093377094434292
0.28339758508732593,0.4778142246478751,0.3910411195216485
0.2827248912301789,0.4580684248568249,0.3889244192994512
0.2843934946970056,0.5343732320574892,0.4072872546340587
0.277781734396909,0.4802920309389265,0.3832964186902112
0.28959217402417525,0.4561706227802829,0.3886800018771857
0.28470270021121086,0.4811993092978545,0.39596643955979455
0.27886110235504263,0.4198898890715616,0.4239043702017732
0.27732593349022683,0.4269943894838565,0.4259082415068907
0.2848434684350039,0.4398807511506817,0.3803951915433792
0.28565609123086,0.4868558269537129,0.3995014472166903
0.28896789098533127,0.4345977701472048,0.39121451400279256
0.29179776753323444,0.4679894989569454,0.44364502415334506
0.28673373211009673,0.4708540936575658,0.4077913423185292
0.2880800962045132,0.4707878366915559,0.4041759617211903
0.28869949605397893,0.473685613724373,0.3809097246155324
0.28659193008967354,0.4812589942755626,0.3982444776897301
0.2885771630139348,0.6151739390841607,0.3876331346635661
0.28565891427456697,0.4677849364655036,0.3888236327969563
0.28451669220983883,0.4631743958187326,0.46110067372374
0.2897180499346419,0.462066463376876,0.3911512951563115
0.2890477641883427,0.5144478341687341,0.44777521836394696
0.2934580451830882,0.4683982767312531,0.5237400675804235
0.28130089587499346,0.4594966595059677,0.3774968210268738
0.2779105090601109,0.5161787281731701,0.4421431720297119
0.2835523971282704,0.4921389486737682,0.4249719779020508
0.2833938991497967,0.4676141173339151,0.391232422783893
0.2834844418508442,0.4571041614319709,0.4422679117949945
0.2780478305150324,0.4970971499326733,0.3982826622341619
0.2915958893455171,0.4482590608872312,0.3998928485096434
0.2918376024160012,0.5453676084552063,0.4660227105065328
0.2941250037347548,0.4523602404737821,0.41700405680205466
0.2924707039150283,0.4699287182512688,0.5116396365555466
0.2852025383573542,0.4555657245714574,0.3963959511773091
0.2856274643533811,0.4617304453129645,0.4320266017799901
0.2869965943290561,0.4434236706219952,0.3961808054531899
0.28524434230818124,0.4961590167757247,0.4462079442296463
0.2884938158200944,0.4211650623471616,0.418528342157752
0.28626593814704837,0.4866104292783781,0.4299198405342432
0.2870053361900755,0.5108481839927452,0.4420136468178265
0.2880972301056396,0.47142649312823703,0.4050980840448127
0.29476888112638067,0.4547276665419403,0.4502059730899836
0.2881172657802999,0.4683895424890894,0.4415555992683814
0.27850516409957987,0.4954323238904497,0.3702560383468345
0.29585132198776515,0.479653344598527,0.4598797784157949
0.29156369453267483,0.431377276691825,0.4556063723063173
0.29388054515440915,0.4966790523187072,0.4640578174763698
0.2804584806853813,0.44115877422808814,0.3607999394574197
0.2941708788131369,0.4544874665170362,0.4345680391176696
0.29348075056398787,0.4330896650404155,0.4215259683692063
0.2876033158063207,0.4807926559518295,0.39662669856066574
0.28919946630116883,0.4761006210496713,0.4240793758634304
0.2927648314629773,0.5026887008982723,0.4244358579140432
0.30595150849874336,0.4558852031406153,0.4895168208973469
0.3005160478659965,0.5746129193503535,0.4494004555391166
0.29600149703041256,0.461482923360604,0.4725816737481186
0.2902829078786584,0.5075380629859686,0.3782428842790159
0.2970354427163215,0.5234569281100832,0.4259620098011198
0.29730240415712017,0.4819916994000796,0.5005835900421113
0.2955842386809041,0.5674336388527986,0.4486323408989821
0.282656317453681,0.4821670410796143,0.3899893036835656
0.28975965801448333,0.4981935990388716,0.4252287352904123
0.2937145757131382,0.492211755762468,0.3996726177354601
0.27820271197963453,0.4637980213850825,0.41476952277734336
0.2888712067442132,0.4873496209079029,0.41539684720884507
0.2906990029608195,0.5053115544730086,0.4802332593534128
0.29012814073670457,0.4826732464024541,0.3947663420330682
0.3036398362718408,0.5575943148559576,0.4798307893956201
0.2963407065557669,0.4468321929406559,0.4398133480143792
0.2889598191295671,0.4642277874190304,0.42575205798724813
0.2893678366051181,0.4763026591756839,0.4149028353274904
0.29814565169106766,0.4625813103274148,0.4553211824540578
0.29440738971803465,0.4882282686050801,0.4196892093481466
0.3028047408047484,0.502334657547579,0.4273751776281823
0.2895004517249097,0.4382517777533907,0.4197008648800316
0.2969606013906306,0.5376936567675386,0.4245996831562383
0.293032071262168,0.4660223413526177,0.4304192109277538
0.2863643899902566,0.4885161996100237,0.3941706477366821
0.2945654311268356,0.4705477168871356,0.4136651301892174
0.30378634543858013,0.529767345682532,0.5445596187835681
0.29673076855895547,0.5010526411892325,0.4162934933099916
0.305187018874417,0.6922221764664873,0.4705246708809031
0.2845495737312102,0.4495779947417664,0.43191637174012215
0.30325955305470537,0.5082393376674584,0.4300278944209709
0.3073526786345056,0.6116450023899336,0.5381096652658619
0.29598862300403045,0.5097399237499267,0.4580934875867842
0.3006307692236149,0.4757359808189704,0.4701950831138825
0.2943434613754315,0.523445886493572,0.42998144921431786
0.2962251895070776,0.4899511634557037,0.4160378414965353
0.29877864106373936,0.4809605293049142,0.4540100664560934
0.29923070441068383,0.6155732765064486,0.4112604490243079
0.29551742486997,0.4851596575009645,0.4282383315802537
0.30537105656461383,0.4869004851713715,0.4593362948528011
0.2984499804802592,0.5003995297635659,0.4258430836522937
0.2946644533652445,0.4942672364690304,0.4145285375261771
0.30185224327377164,0.4965450521728875,0.43211402827861056
0.2957267841141153,0.4786885725336205,0.4226621877230169
0.30447335714024226,0.6156370157519262,0.4455304254060761
0.3032177077348039,0.5719693358100509,0.4344458806654276
0.2993953373129447,0.5329488745466284,0.4486955386438758
0.29661242860570025,0.5458749286754174,0.38685665649487055
0.29380733571655343,0.5054525967935817,0.42393870946059947
0.2948426768112651,0.5189416903188169,0.4224987674773253
0.31342670003877576,0.6285787010742644,0.42982516788276826
0.3045294522230521,0.6208454081960383,0.44703010264169
0.3077236920148083,0.4818735332113449,0.501976131442776
0.2988898428928,0.5045209321550718,0.4381721367863328
0.29108495056714934,0.4935996595696186,0.4487798902818279
0.29428677364829936,0.498251257370192,0.4833925440444426
0.30248362261558914,0.5168436863752788,0.4682351121837013
0.3023190182162901,0.5645741397205111,0.43460036983613903
0.302865540883254,0.5399103481925549,0.4080069647141083
0.3054983388139291,0.5019630368315027,0.437742493121956
0.30659534890238216,0.5346237079250854,0.4742028248676213
0.29773688369852386,0.5054410020870321,0.44473595645120334
0.305762011447361,0.5724564185252369,0.4938753737216563
0.29253096686662344,0.5773876923495466,0.4279126230085933
0.3017952351925005,0.4957681881376038,0.4541285814451609
0.2960850531025741,0.6090324339353754,0.4649707301845982
0.30359598933829546,0.5348102488851737,0.43728719179742
0.30083936988487187,0.5054248808463956,0.4563227147339441
0.30712321517912844,0.4851148699695884,0.480824058310069
0.30080193760621615,0.5036095442015426,0.4777529240871626
0.3000194998359926,0.5992497681681583,0.5007103663175665
0.30333723803034723,0.6344227252901614,0.4553227003677048
0.30732679310970124,0.5196683039109594,0.4369526718648884
0.3055803600907716,0.4976034619778026,0.4542944880627512
0.29968800796478384,0.5276328534324349,0.4572682575041334
0.30310106967568134,0.5019630758584658,0.4563901950185643
0.30245450075006536,0.5902109258060553,0.455324922166337
0.3054251727370941,0.5311431069107969,0.4842504157426304
0.29429097311343866,0.4449512843471043,0.4439286285291818
0.3082197146340791,0.5291488702748184,0.4585593276616535
0.3063587924817073,0.6021331364991971,0.4037062151970587
0.3018698833625282,0.4853369393662658,0.43337128348966536
0.29867031374985537,0.5157243714233273,0.4155171095210812
0.31550367515861216,0.6665233139164201,0.5395929585993293
0.2986367975202519,0.5676488371782954,0.4526767748536216
0.3045440537644485,0.48665045938766205,0.4441155354065402
0.3007168394691795,0.4856601053834374,0.4581837112696155
0.30865676924775326,0.5540449123911475,0.4933973256563848
0.2970094816726181,0.4898942575609863,0.43953759112779217
0.3133118088804946,0.6346008797264513,0.44565749948382655
0.29337745548041533,0.4866697335055985,0.4621197254223681
0.3139958941796391,0.6377463415407065,0.4523821569527752
0.2998144533893883,0.5490052037053385,0.4334267517327358
0.29776783024574294,0.534772094443657,0.4203665972583732
0.3042888651168309,0.6072257920818341,0.4281575452219373
0.30249285428288775,0.5786230427434055,0.4625913343857203
0.2905715122345798,0.465518777488034,0.4383728225592942
0.3130489945432742,0.4822342939911507,0.4458346097262901
0.30718276454304094,0.5329648306036394,0.4623944462991057
0.3024207467755409,0.4834016734307627,0.4456396150818154
0.3125485572377805,0.5368792059013733,0.4471548249889936
0.31309453774886825,0.5418228290147774,0.4387069173902585
0.30326985638060433,0.5427481154722764,0.4271321600541469
0.3072434778721593,0.6016175553083762,0.5156577895194522
0.31181374951045593,0.5421969439362051,0.560374625699044
0.3150133054618441,0.5444653347652432,0.4940020132350154
0.30879915212803466,0.5321079905960292,0.4799667401688978
0.3140639638716401,0.5427599802595718,0.4521907538351952
0.3130201571117625,0.5535394217577987,0.4774827322458457
0.3179908673231278,0.5831523383296661,0.5166060901766977
0.2992987566523511,0.5479215416809682,0.4505153242572431
0.3027508329637287,0.5068657496336851,0.44308661936323934
0.30539998895767195,0.5331938946448278,0.5034663208404122
0.30636928683958464,0.5947620672780561,0.5289097522626681
0.30903491695463764,0.5259053253539606,0.4819962233530145
0.3091433250438698,0.6151340732527275,0.4834966861922594
0.31279304107316924,0.5504221426645421,0.4587874434183861
0.3152596486753216,0.6364053304945588,0.4820979192565098
0.3085639780822899,0.5917982757530006,0.460153407573534
0.3052811253425069,0.5226756964102319,0.4420709006798728
0.31245950389991134,0.5430941481445768,0.4508393694205306
0.3215620676143724,0.567645102542526,0.4496839106715054
0.315722453897264,0.5422603668244204,0.4685385925065734
0.31257258112468655,0.5063949868296901,0.4638619793078611
0.3189630910142778,0.5614051695991958,0.4608689919746154
0.31702638088081597,0.5096732604141867,0.4703345355051244
0.31122440759007114,0.5142509550421837,0.44053245983782696
0.3198986242085567,0.5346282933830839,0.4641534318102468
0.32684087670315604,0.5325792709982554,0.528715977296
0.3145698727394611,0.5644162987254424,0.4092658144192259
0.31432130456383134,0.526662593460458,0.4959526441615318
0.3089007476388089,0.5245900744341112,0.5310032860980316
0.31444245568967105,0.5069934646046078,0.4765409868584907
0.31174398816477833,0.5364786140190313,0.4589859785321954
0.3144716841032238,0.5305300958524884,0.446757900523404
0.3153921936160389,0.5125384824881426,0.4801576623481034
0.32144722518863245,0.6649976221098488,0.4806999675643786
0.304350804580989,0.5291121718061995,0.43550076487299705
0.31531809145156736,0.5361085057262699,0.4905242781116722
0.3205082933696365,0.548933320459957,0.4608537290000752
0.3172514602402635,0.7087884190688016,0.5188229802080127
0.3120513223767618,0.592015606716839,0.5169592334845903
0.31427521362329197,0.5324044792405102,0.4891065965849423
0.31359857371564887,0.5602346448733212,0.5361871542789491
0.3238235583340721,0.5054225662600028,0.5550365387918856
0.31012312987350904,0.6171325003977182,0.5113849121493876
0.31309418435896386,0.5666217490226599,0.4222527819011597
0.3183448488637444,0.5365156257283622,0.4940471398958972
0.32163677090666215,0.575848173873444,0.4815910263976235
0.31300243702582353,0.5579320988032503,0.4793757195463234
0.3181944479396348,0.5523344142708784,0.4646172157608647
0.30431180706881106,0.5144715544667346,0.4631710821753645
0.3041669614227523,0.5296388456447884,0.5017468641272471
0.3156911928956316,0.6005545697904842,0.4802319925755048
0.3133597184563841,0.6075610242759637,0.4701888816436775
0.31981646301658373,0.5767887077214846,0.4846861113580636
0.31289926548228114,0.4934656824342396,0.4357771774629572
0.3166946470605503,0.6059881718749521,0.4975038482025825
0.31530738175494555,0.5489834149249816,0.4321486263402523
0.31522981979909437,0.5318512244422713,0.4627067953758725
0.32374158073255965,0.5634075726515746,0.4678503642014067
0.3086697370226218,0.5126409916060717,0.4838884093882093
0.32206044537449924,0.583945904532937,0.533083959530646
0.3172007631798338,0.5632939312727111,0.4524854433642879
0.31613590203802877,0.6629563698087043,0.4418278910766165
0.3194784640016822,0.5592954753257114,0.5004038602666678
0.3197365517874743,0.5787533709978262,0.5633100050707224
0.32224039305392027,0.5678489720830375,0.5741231145177589
0.3165313165443126,0.5808223759251887,0.4369609860121415
0.32373728925652884,0.6127950895348948,0.5005741086975375
0.32420543273911695,0.634197805674427,0.5027302244768981
0.3198259648556073,0.5218249219952673,0.43774600786383466
0.3157780882262431,0.5219734883789574,0.4548822104931783
0.33493806175767,0.6782738948154532,0.5812451193733992
0.3229016773883339,0.6282689667729554,0.4617709902961444
0.3233370191057148,0.6516308985396977,0.5448687190378813
0.3252592126192721,0.5692479676269986,0.4866758424053133
0.32802079794953715,0.5496001436487135,0.4659892696467765
0.32439570110157073,0.5120948105987947,0.4849986063962396
0.3110947311005821,0.545110084126632,0.5983768858260933
0.3160679794523051,0.6025362960863929,0.4818139911328339
0.3255561377581812,0.567552808475871,0.4938863280828107
0.3381411739172417,0.7768395769714015,0.4460671052032113
0.3332091239171746,0.595748383398591,0.4500935946209551
0.332730274678395,0.569848202798773,0.5163753685168446
0.3336057312734589,0.5795902403366937,0.5554887141030105
0.3190575433942879,0.6195516859813412,0.47053709116215003
0.32387204562266636,0.5493133170921536,0.5527874423054642
0.32659653756516294,0.5473462803731031,0.446257732422624
0.33095593956176533,0.6455571791337725,0.5020053644630142
0.3214042539613442,0.6047844682007254,0.472084628743865
0.3229920656341804,0.5493356567536241,0.5393726972473498
0.3235251163558349,0.5889636944832075,0.5520023642814162
0.34112912456421496,0.6376477915030202,0.5384961384262535
0.3269438079423039,0.6429077282377145,0.4713536750618462
0.33296757292645013,0.5705371258143732,0.4989262826169116
0.32589780744704033,0.566127086510506,0.5522600171847608
0.32885514909630376,0.6225921757585842,0.4898283988506264
0.3287349208295578,0.5585521603887601,0.4786298102089094
0.33050001941739743,0.5842726702377588,0.5578173951570732
0.33436309573853684,0.5832740597431871,0.5066841661111513
0.3161514614038873,0.5882932863724054,0.473275515291303
0.32292012850759305,0.560791957952001,0.4871136429535074
0.32726911747977344,0.6103892580255598,0.5977492370464278
0.3367420856163508,0.6089922632084971,0.4564957793802191
0.3395367525515218,0.6404591959343741,0.5030085764448738
0.3381726920748339,0.5594700736113027,0.5537901992740909
0.32908836830296906,0.7364338433743899,0.4680874089635573
0.3387319345569216,0.6157645764258765,0.4922236940571371
0.3376155428947623,0.5896291355968064,0.5098428619646047
0.3381698810752848,0.6050507120663468,0.5396848327151467
0.3276484135104364,0.643258702659518,0.478830151982781
0.32904530518841624,0.5938324808228765,0.4982816111903243
0.33890979939708293,0.6616270872027442,0.4527220055512801
0.34539592129822316,0.5796343536095429,0.5043934048650087
0.33920692989081347,0.7111127336595944,0.4543668895016247
0.3400366995025574,0.6140107799143103,0.5242359688704
0.3331873044340159,0.6910790195274141,0.4881888393525044
0.33221317515845006,0.5965293016210903,0.4718451839918277
0.3331913524130546,0.6296540205116623,0.5133387470092676
0.33673097852052974,0.6959959105167755,0.5485412873129071
0.329620696525339,0.5643715201394195,0.4961273553437383
0.3252521893362346,0.6156557774916444,0.5634762857500106
0.33394994237559206,0.6387815731571639,0.4955567808229542
0.34428325073150773,0.5258133355832199,0.5492422657701116
0.33309914709374633,0.5866555324725133,0.4969757496543201
0.340905117932535,0.6688720117004398,0.4864531514426812
0.3242295169896143,0.6931948154919251,0.5112200913004791
0.34549519201219225,0.6721667111189391,0.4963800467193959
0.32927871085604543,0.5803011132825381,0.5056048804437555
0.34112491392506683,0.5741427932597394,0.4867292745509694
0.3380633615723003,0.8386860745843948,0.4907841796441401
0.3430635789021196,0.6181386193416953,0.536642483524155
0.3320490655016784,0.5538009182718278,0.5526678120706586
0.32881549871044846,0.5372011230807312,0.5067960685212429
0.33603853361345976,0.6021161652332071,0.5167584618559231
0.3305202214696695,0.5883923077793873,0.5041563966485212
0.3380118604700674,0.5814009511614932,0.4976084769957864
0.3364066229775418,0.5500462423833251,0.4762711507151685
0.33348054680515005,0.5990153659132862,0.5532178380241701
0.34948789829743576,0.6908315040399278,0.5359604671680301
0.33791834879008453,0.597079536012408,0.5275161826848741
0.343987161711281,0.6227494958303915,0.5098025805223626
0.3440005412439519,0.6181690646161866,0.4664471516055174
0.33227806318068354,0.6264609005729488,0.5004621772019825
0.34709750555793417,0.5397110493614956,0.4799580795370688
0.3385702879340401,0.5837925227673771,0.4767495416858937
0.33849747338799024,0.8374220001040391,0.4997814300980224
0.34645928368443735,0.5705281262488128,0.5353746975991747
0.360214380350618,0.756352270669533,0.5588868901170467
0.33850227553730744,0.579575172066281,0.4827879478796643
0.34316114085854443,0.6026563011582559,0.548981826695901
0.3351304137215906,0.6091808469473187,0.5057602285256619
0.36466102836308883,0.6703096346072064,0.6445207255859091
0.3477281767578003,0.6396866863518088,0.5535882453556307
0.35969343540833537,0.6597998356737547,0.49647573368037
0.34382837415904294,0.6025100471481639,0.5578013463963747
0.34732124852329416,0.6614330989007989,0.5170888086055031
0.3433135252565739,0.6439604217325651,0.4907994261357643
0.3518433317662412,0.6510126392835658,0.5177305270302138
0.35230690185325036,0.6429247315819865,0.5746852336788913
0.34709564533113846,0.6046988622021822,0.5245735736276657
0.3564413922333406,0.7019572381070133,0.530288956932332
0.3535683417134041,0.6030503098384071,0.5152878201260731
0.36105395680390884,0.5983847745394192,0.6830070366884483
0.3513000527959344,0.6258823928437497,0.5579809871739357
0.34526251929371415,0.5963199414142525,0.5861717185556619
0.33842866288469864,0.6392379251345442,0.565714859020408
0.34310842483039466,0.6741764804851367,0.5667677573564035
0.34534988881661394,0.6945168648541599,0.4909296231354133
0.33871115854140693,0.6262396286429232,0.540428936018696
0.3418051805494326,0.6299521986426814,0.5013992765689135
0.346337711603156,0.5766601585675112,0.5483359518062929
0.3459966959973973,0.581350254662782,0.5221598689239577
0.3492766337191438,0.5962327158899755,0.4918628261347481
0.35321104983944496,0.5848732819442379,0.5519986245906914
0.3614619244659522,0.6711189513668195,0.520746410570601
0.3484114998879552,0.6066167046046905,0.5524453776710632
0.34908917807626366,0.5805426945977709,0.5835871673061334
0.3617834599511709,0.8385540551656062,0.4653355296317308
0.35107724502327853,0.6380367936662102,0.44888123074699393
0.35604379189384167,0.6032488035937028,0.5504588926041426
0.36110366518188597,0.6531821377413172,0.6064580603991242
0.3537275513817269,0.7840327337485724,0.5465285622891365
0.34968694671408385,0.6852578355169351,0.514767311756318
0.3544248830864162,0.7065568289762452,0.5139968355518023
0.3572032565464923,0.6747801816497249,0.5061976392806321
0.3585769774010834,0.6349403935773319,0.4686462876469343
0.35645189512880965,0.6985867724279043,0.534675148936993
0.3584377410280447,0.5924408733923847,0.5967976059345509
0.3594537603828058,0.6575781255678538,0.4941630735326879
0.36238059370569037,0.6295021532815179,0.5293754465422326
0.3536940640745452,0.6403258257797326,0.5284130233072432
0.3601423419338948,0.7537323260260917,0.5475582795377123
0.3542934821338093,0.5967709790788508,0.5398854673710869
0.35666376662949467,0.6335320324831942,0.5041322984480813
0.35970526752863224,0.7924424386112956,0.5389204353178075
0.35573386152681136,0.6539570874004578,0.5200882739961165
0.3531754536943013,0.6431669167153299,0.5823353785779256
0.36784502270355374,0.6032010216904916,0.5066228102472962
0.3719286765235777,0.7094841532956012,0.5435193282908772
0.3547265559241166,0.6219846123619905,0.5951233367835563
0.3565759374776369,0.6700817992376481,0.5099176032793421
0.35634095781524006,0.6682211164956271,0.6583565108482293
0.35564696848227056,0.6017154563926328,0.4903051312004564
0.36267104119265997,0.8348866624856381,0.639061518450523
0.3470638999931361,0.6470734221978189,0.5169963789124506
0.3597410119314381,0.6850390620085614,0.5062491940691136
0.3465339287601091,0.7489931540270858,0.5489126641100945
0.35816931545635017,0.5972377501011201,0.5283076123969584
0.35659886165832205,0.6015683344574474,0.5408069357518578
0.3600214472400077,0.6008589812491705,0.717482102338076
0.3707186243625523,0.8047791110750362,0.5952149218952172
0.3662597667172346,0.7662460955636393,0.5428495862773278
0.35536412318123517,0.6980592274936558,0.4817079876336277
0.3619871935549337,0.6139743829626766,0.5797014265891343
0.36056420166763353,0.6015980302880625,0.5322270309458519
0.35483584640916327,0.7352538614574872,0.5041703595017201
0.34748483717325074,0.6795792261594257,0.5188088476832273
0.3603876119330265,0.7140070638641355,0.5138682728709374
0.3669276674748231,0.6887393071796789,0.5082153538297234
0.3662250542244225,0.7244120335055687,0.5397809516452268
0.37221447096755317,0.6687271425768114,0.6418553456948035
0.37130894576749546,0.6761137094484786,0.6147341395017866
0.35755354930972133,0.6315580680159217,0.5633032044117464
0.36808862193036296,0.7077344371732259,0.5565505856213884
0.3731006240041416,0.6368006909140961,0.7012229913260138
0.34967278663390783,0.5814496802288436,0.5208501951828177
0.356217569295125,0.6368095368728421,0.6090969604771999
0.3540121346515427,0.6824054189958713,0.5649469574367223
0.3686229486037479,0.6874151270716424,0.5985506392706553
0.3698359647516044,0.6973147312227128,0.6625449552370146
0.3581750234449631,0.7476539489241975,0.5215106004575949
0.37583125416368723,0.6590482340980344,0.5298536633028251
0.362312117411971,0.6333607246711642,0.5503107133033492
0.3805442171155231,0.7619292105136986,0.5540407459546354
0.36765840176466347,0.5910160875729261,0.5495378650624768
0.380302742081825,0.6293864251533435,0.7452603114385711
0.36322039228175185,0.6928964930200177,0.5698163236649285
0.3672354723512101,0.8774515414477243,0.5356658149812092
0.3598588632824208,0.6008249474807587,0.5216157797230454
0.3699063858874176,0.6213870974570022,0.5391837509574371
0.3754677650990657,0.8370240048039226,0.4912566699528835
0.36860906554672557,0.7013264850296451,0.5069135077812955
0.36351413234589147,0.7211103462553848,0.5345487384899122
0.37453660117556525,0.7798759640122787,0.5618837212187725
0.35654065354293557,0.6588686141637591,0.5334675224879941
0.3600271966723101,0.621567020352851,0.5210858074266866
0.35961772689916865,0.5989048934870229,0.5696501989474079
0.3642440086438901,0.7515640101501709,0.5628480278783686
0.36264199934135416,0.6900096379762181,0.5654565584572648
0.36081155762178513,0.6308330709318613,0.6233268904144444
0.3745692934129647,0.8189880712286554,0.5270434021864507
0.3725011589592114,0.7085725032443183,0.6351041932337302
0.3723771075396271,0.7801057853665704,0.6370261724742161
0.3660690886328281,0.6259858467142252,0.5444371877339099
0.3620620384562507,0.7039390992809789,0.5943977585862908
0.36448145156900774,0.7359366574068238,0.5781421771271007
0.3669761221108323,0.8340017009067014,0.5040560324544252
0.3671771094048953,0.5912492768186614,0.6529522184180583
0.3636566668513476,0.6916794311118417,0.5551710092922921
0.35702741572398156,0.6036511442270579,0.5307927418224395
0.37168478483572526,0.6484922627580252,0.5817901725492076
0.3577320722802435,0.6128937208831903,0.531556264807239
0.3545520486330172,0.7816855503029669,0.5582072975620695
0.3657809448611435,0.6184682513829606,0.5773105991735187
0.3694998643791966,0.77424894559883,0.5277688239302721
0.3623409383248234,0.6352129342539024,0.4951341582236855
0.3647376103943068,0.6400271741600406,0.5651247420909076
0.3720337024540221,0.8041140610756861,0.6017140460313832
0.3751179610851165,0.7353527953436207,0.5779458284537914
0.38732679065313047,0.6417603274342963,0.6062809108641367
0.37126518655396007,0.6712319338912767,0.5797970131706348
0.3667391461966446,0.6618233217098236,0.5216154510172993
0.3849503526451663,0.6752242684435436,0.5858191821241401
0.35746384967164546,0.6898098839977027,0.5805551782975303
0.3791968038743865,0.6623195497061368,0.5446360782528753
0.37451318255529426,0.6131785747972633,0.5588864311302323
0.3739318317871028,0.6200276799435834,0.5832590895668449
0.37187985596154,0.9300538321005628,0.6757421973392719
0.38694907123862515,0.6707119237952069,0.5743212869555027
0.38811445230432834,0.9290919529415054,0.6593188693939968
0.3769357472900162,0.8187965069119716,0.5377995750855363
0.3655354597509594,0.7147694370362188,0.5530001454265671
0.37695160707823744,0.7330691007147857,0.5925161870200363
0.378806368711554,0.7049642776582045,0.5473270043216438
0.39248845605936994,0.7797581036361081,0.5540802258621554
0.3775473110550493,0.6521805004995903,0.6107615179975725
0.38288893220001835,0.5926720326176047,0.6561234652777973
0.37528178527078326,0.6577811383866102,0.552024586531513
0.3776330318966381,0.6024042335757829,0.5329590518446018
0.3727304444109507,0.6635222277964752,0.5252873073136469
0.3768418962472731,0.7166976318847216,0.5869216712522988
0.39826382355166035,0.6841988122390237,0.6688887244738079
0.36984993872772376,0.6710867724820592,0.5188920451889489
0.36930356620121496,0.6846905352921608,0.5110263535283439
0.3838739394205756,0.6693778026654735,0.5410874831049379
0.40331253992503613,0.8357681650692489,0.5824567028366051
0.37436950086635584,0.7120137607236459,0.6947539185901913
0.37859767288676927,0.6535712059581898,0.5380250022018579
0.37883281400428714,0.7259459669151421,0.6144271384969
0.3972566797752209,0.7869525977960461,0.5903392822891393
0.37628950296634234,0.6344316838920041,0.5583407908745315
0.3874116582255047,0.6575513751573641,0.5353446765032984
0.38055553017062077,0.6750546604659398,0.5513384328205233
0.37085977899329936,0.6878918125393857,0.5753016438640135
0.3754165632023522,0.6787885004373028,0.5558634866719714
0.3793601256464928,0.7923656857063017,0.6451822553446742
0.3781024322234332,0.6835377739077017,0.5401069146794787
0.3894650385948914,0.7134509898668666,0.5920321567341915
0.3790259853343608,0.7057978122503529,0.56790176530955
0.3836549400564924,0.6426308501966722,0.5623072084412274
0.3895241014703881,0.7562945803487858,0.5757635282457171
0.37679959522956896,0.7163689305378891,0.5269536380023153
0.3779779066134192,0.7119326112545343,0.5740784961713338
0.38418612727612356,0.7135316619605804,0.5893811338084389
0.3905511887034461,0.6839085974157171,0.6590690632565908
0.39129772473738134,0.7391949336534137,0.5616882704428483
0.4007602845060758,0.8274196976121199,0.5470128559643912
0.3901293846930397,0.8249380751521206,0.6004505770789561
0.37859066898343385,0.6955839634297167,0.6308442179247676
0.4099641667683141,0.7965078609348696,0.7038040671334335
0.3778437141426669,0.6426494995531898,0.5331883887470774
0.39192276371668255,0.7440636692125573,0.6199409198158652
0.37177863240533215,0.6693813547269208,0.5662823526084766
0.3822072637435957,0.6649833153452087,0.6248013986330585
0.3630472809338659,0.6385159537788031,0.5902108229573431
0.3764518257519661,0.8353034902493452,0.558020189977495
0.39108828822338637,0.834667815529027,0.5492038623000055
0.3855183577606995,0.6725711107197627,0.5250459509615897
0.4009297399775829,0.8523800489308185,0.56048458484186
0.3961883193474663,0.7102518245610834,0.6017041556188214
0.3896081787597358,0.6563738800077019,0.5927350780848829
0.3922565606598757,0.7131438067154751,0.5677601804521365
0.38464666163122624,0.6814171573026268,0.7050703934637466
0.39399429724620194,0.8770529776801871,0.620328927039706
0.38197206093288766,0.6393553068179935,0.6549054173350445
0.3901929711264177,0.8199991508457906,0.6526515123142196
0.38893227485634596,0.7146454354008626,0.6090930217148434
0.3932455931051634,0.8853979307197498,0.6073441716542269
0.38603483374551656,0.6683370456451702,0.7174912764495441
0.3930724069575672,0.6974953965043019,0.6017613193702598
0.4158732373107218,1.010784957982021,0.6632332001664101
0.3851675609001383,0.752928382434942,0.6248232558832448
0.3876839591850912,0.8175440085706839,0.5764139019602419
0.3896670086589378,0.8516555320184434,0.5577070033612826
0.39339873316404916,0.6640492073271334,0.5679815905625037
0.382993413948512,0.7394656680732586,0.6134766776475813
0.40034708864909213,0.7393830033871768,0.5847723628829208
0.3765793629949962,0.7020304510448864,0.5408732009925636
0.38243367457273203,0.6955800084633503,0.5780183948630594
0.38600081264327274,0.7270528635548703,0.5730059533770195
0.378901604055396,0.6954197050187827,0.6239563162377615
0.3975444329000144,0.8998408742560057,0.5503728101703225
0.39042688845103746,0.7864838360484296,0.7092304280565209
0.3892017900589416,0.6537987166546054,0.5584641148731011
0.3809699839234387,0.7225141000943229,0.5829527737194006
0.3911734606913801,0.7808891569730068,0.5816081052197427
0.40145803558480114,0.7682551879142993,0.6244916425944925
0.3894977653717185,0.6581176687102801,0.5804321423888511
0.3853874563312654,0.6202379722194561,0.6394617834481905
0.3918909622463944,0.7976541495355753,0.5676898594798674
0.38969503601016825,0.8302753474365291,0.5738390241695188
0.3843675453602481,0.8040302996059264,0.6630899145037442
0.3920983092380077,0.8881228700391698,0.630866998644047
0.37796903466840753,0.6904705750735896,0.633634956393393
0.39285333239290376,0.6740168437620743,0.7037861362905998
0.3915019463918511,0.6970730300147729,0.5943723974363389
0.383974804945185,0.7195980287618423,0.6053234638529047
0.393146819463879,0.7321784366806697,0.5967996671944944
0.396758690532252,0.7661486691555873,0.7181006524089324
0.38375057880004165,0.7022071786000004,0.5686703350459008
0.38941562362391136,0.7541574055236479,0.5993577329921623
0.4056416218384122,0.924334951086078,0.5970713361638815
0.3994041060991102,0.758823165527298,0.5294764041345261
0.3927451354149507,0.7655940664862787,0.6752447929445838
0.38708164848080984,0.6767174799618212,0.5847713986550445
0.40125319896970174,0.8187504332933166,0.5842047287699849
0.389390057740628,0.7330066349793041,0.7091759056603916
0.3961274894791729,0.6616611286056837,0.6340656091371464
0.3928005474653526,0.791223954588448,0.6054721531502373
0.3981883399475703,0.7112016542875048,0.5930694726171031
0.3957533048075551,0.7628978978942582,0.6209279673136101
0.3947868433996231,0.6998019058192635,0.6347881063658981
0.39770633750198014,0.7272280173701953,0.5894619573957024
0.40309046965305473,0.9133925624430534,0.6478284943201325
0.4009989325891159,0.676289677807311,0.6762131434741429
0.41372574692293673,0.6604280305776667,0.6761581234440162
0.42584416059760394,1.132138899476954,0.6262004520097549
0.4008956280415984,0.8943495293496464,0.5802077943301004
0.4147443852095591,0.6693167416898607,0.6830970081582464
0.40095169937064074,0.6605511999543825,0.5794754132056575
0.41366725417667133,0.8083063861635348,0.6554725697494652
0.4265484970148495,0.8248570884265369,0.6713100729314992
0.4154623388401064,0.7482650781923624,0.6148333386965635
0.40514982050605175,0.763904580059692,0.6828450453814733
0.4129191520591786,0.6406813821000081,0.6913494108926099
0.412019227038789,0.7051100779695867,0.6377799853061444
0.40082933881505745,0.7188960228960122,0.6387661242380155
0.4171238414318247,0.8023056421519577,0.7956085657184162
0.41117930751947346,0.7766882393119701,0.6719175463539195
0.41585935274602204,0.7176780987882831,0.6608672419132828
0.4127865124459667,0.9164242216980064,0.6877192675886684
0.40727638107978625,0.8573144581278178,0.5772835959054331
0.42199241876842875,0.9245926257563462,0.6670084803003367
0.4198264470030749,0.7606036825246705,0.5962660680929581
0.415569540012919,0.7260590942986416,0.6200586246655242
0.41223463566140217,0.8763266256130234,0.5739241842733555
0.4247296591095188,0.8629169420913566,0.6359032535077194
0.4190796200778731,0.7670390220445408,0.8036440784345564
0.41134078001098345,0.93524246452278,0.7664439525542904
0.4375935600788471,1.0113646056966308,0.8419535208616463
0.4232314632820831,0.7285225203278312,0.6803989494326232
0.4493864644039485,0.9568333686745824,0.6934088632545224
0.42036387783307694,0.7534080412879155,0.6055777943756567
0.4246225451646769,0.738822355786708,0.6453257311511486
0.40873987637138076,0.769133316637895,0.5719319310723757
0.4043913888760968,0.6644880074709287,0.6009236920345904
0.406284824970754,0.7269223765432464,0.6769949353719791
0.4064629187856263,0.6991463338076994,0.6253903326051263
0.4158958601050706,0.7083645627749006,0.6693064304674737
0.4309309849299347,0.8011653118449895,0.582066876100334
0.4265691970376083,0.8207877893870225,0.6154038754692998
0.4172940475344923,0.9653800358677029,0.6925300277066139
0.41889228819655483,0.7467542221001898,0.61275672349044
0.4361466500585911,0.7401966104789701,0.7369539454587517
0.42708921471067146,0.7449883165996332,0.6649605161385229
0.4246220228566818,0.8206819209709139,0.6653426391762975
0.44650276472298955,0.7943536156860957,0.7270242632780216
0.4189281097287307,0.7958951945936827,0.7235803770966552
0.4164414139179763,0.9179873285425576,0.5888791298318615
0.4138300234472684,0.7531633783282616,0.6475527431612091
0.41431201475203144,0.7676838818143148,0.6653284438397098
0.41842112765457345,0.7424904240625767,0.7147572132119769
0.4285373388664257,0.7393079678268255,0.6469018650253142
0.432739878610203,1.0076679262027959,0.6548607856272648
0.4323281416206402,1.087586311619859,0.6400057878970143
0.41897870771099044,0.6792136537581536,0.6384999197884004
0.4152860049520688,0.814171822255105,0.6533221208977288
0.4290337135308423,0.8280275987924409,0.7022431502741167
0.4225876190067621,1.102863897160292,0.6649778053684827
0.4235313602436161,0.7374913767443205,0.6266754332121682
0.44540249894917894,0.7598390860612743,0.7698824981253648
0.432354537407352,0.7893229113154624,0.7419735906683016
0.43090525819309095,0.9742232813785796,0.6703607379736047
0.4307081797127116,0.8654396449618086,0.6085677189229177
0.4188052801527782,0.7923959043009353,0.6723007645371075
0.433420984644455,0.7852058008978566,0.6857158587156188
0.4272044965885952,0.844285709781616,0.6350858578536002
0.43714093588372055,0.7278089268281984,0.7172708417230946
0.43508900025557234,0.9054160638906344,0.6540693044231651
0.4251428104329577,0.7103248006130185,0.6405137007935147
0.4281994305423541,0.7628669476439144,0.6626787198416021
0.4267272797179524,0.7030060390246312,0.605607887187766
0.4549967244785237,0.9461295428549762,0.6723881736460393
0.4174752953157903,0.8299572767576541,0.6417084028637011
0.43094658138759373,0.8512620199876579,0.6598665198548499
0.4378058322977447,0.7846154481219125,0.630302271376324
0.44072366479783287,0.6908018823083404,0.8200010427655839
0.42524920368619273,0.7072565900079526,0.6255700825377676
0.42022780616116706,0.7370556751377276,0.6742011501780741
0.42944015635815325,0.7662949414427372,0.6711509198947576
0.4240495659426045,0.8592560588602567,0.6135071961682624
0.432268663673618,0.8248889176112709,0.6159249674958768
0.44815859821174425,0.9553588534800684,0.6349719248632857
0.43112076522837556,0.7700817741462892,0.7955578868630141
0.4153750655314555,0.6960465392351981,0.6577025393663356
0.4334723471269454,0.8174710914813359,0.6566988251561326
0.4277690301540692,0.7008809351808041,0.6187504720844834
0.4221142546775259,0.7708253053381565,0.6221619999212472
0.43307904445964474,0.7468616534604291,0.6551068672304495
0.4449774111826602,0.9807544106307196,0.6656250154751859
0.43046321510891394,0.764601113089618,0.696257270351294
0.42820632215757565,0.7596296811535251,0.7125692971088867
0.4311511645262328,0.7000950356138154,0.6153188594237369
0.4294322578227461,0.9223592869035406,0.6296597737139353
0.4498581052184152,0.7760227350761238,0.7794381846916041
0.4392716222651223,0.7769970981535316,0.7091727868539718
0.4514120812578853,0.806045362831269,0.6929634830531641
0.4668354187793561,1.1237070066786297,0.7129540079873777
0.4470566004621297,0.8431841917159889,0.6226267929303346
0.44902239155461576,0.8677787336244475,0.6508732004614326
0.46549441560888916,1.1567816393666264,0.7572390542186689
0.4462763938012652,0.8267829429475664,0.6462364239412302
0.44289793986332054,0.7495880960364565,0.6291520567306838
0.4485680222931513,0.7867432516807037,0.6784050233362247
0.44661294678626856,0.9371992168412516,0.6508178804703044
0.46162251599019866,0.7238679002422391,0.7159701078742466
0.4539609053210176,0.7231405997869783,0.6473830653542124
0.4612247098347642,1.0529463730716142,0.6360062435429285
0.4471401879942797,0.8182695619394902,0.5886323837222626
0.4411692024353941,0.9319613431779172,0.65368934360436
0.4615529731111649,0.8173209723046098,0.7475820555896583
0.48047938052802847,1.0789007171232103,0.7147928722789229
0.45339321350509326,0.7108456190349385,0.8495421976660746
0.46619212466188625,0.9855768878230968,0.6648254794678359
0.46227160473600826,0.7584878367390977,0.7470123808334058
0.4464631534786844,0.7116150314206291,0.7893902090234579
0.4553926475534995,0.9015548445087722,0.6647810780811665
0.44395927404809377,0.7858720320724913,0.6463109765502131
0.4376505185745023,0.7462538897504277,0.5996528464868357
0.4495731128649177,0.7904646601477816,0.6372696646022104
0.46693088088544865,0.7465911236504591,0.641291102978375
0.45879170471311936,0.7333776338114609,0.6092250817650121
0.45440917872982844,0.775479103092416,0.7231691299012478
0.4707703788826857,0.7412466587036499,0.7632280960315451
0.4404404054794422,0.7205334683422625,0.9356235930832308
0.45123077286889757,0.7776731203988051,0.6654623565150147
0.4678679487096237,0.8161438236413386,0.6315585933327478
0.4604119217595815,0.7699455383875923,0.6972069664147736
0.4630529046004967,0.7182197215442381,0.7227848287326367
0.4561596633172124,0.8582269124149354,0.6796613680348763
0.4640314818678407,0.8953209575498212,0.7426690108463575
0.46497968717524696,0.7434829731917201,0.6649927288216341
0.4776504617616245,0.7828644978035073,0.641605757732046
0.4792949997650167,0.8965310308175072,0.7215061901815021
0.46525812706278147,0.8358148954379656,0.6848250234211792
0.470655108072878,0.7449119201900235,0.7375200471638369
0.47033483826530453,0.8247348096374948,0.6869986660263421
0.48119156958622206,0.7952381141474419,0.751745934998048
0.47474102219837133,0.8118652717622373,0.6764191313344852
0.48224524556589715,0.8155202697888311,0.7036086049511647
0.4769594352819517,0.7958178726084637,0.6966185323306939
0.4887714859475468,0.8168809106154366,0.7975724752619259
0.484092904964344,0.8098851354214158,0.7162646737826208
0.48545772981432933,0.9694680036927772,0.7482731776270868
0.4941450863304548,1.0131613086464957,0.6727266736158916
0.49646946725584623,1.0499325741967522,0.6819589905149216
0.48458618620203286,0.7687002180029981,0.8140765199772395
0.49561193174801543,0.7620306034746069,0.8168754956584614
0.4845762704759125,0.901973485748958,0.7033243282287428
0.47117239758409163,0.7800223720289037,0.8503188401765351
0.48985779094629256,0.8044632936158904,0.6605708742949932
0.4832190715526993,0.7945195605271137,0.8451029427085746
0.5121422408326188,1.2436384368759563,0.7303997558696257
0.4898465365531114,0.7904246557276196,0.7005949885090768
0.48739538915061315,0.8143728829547972,0.6636539567460527
0.48513549547355966,0.7843957831047773,0.70089890458249
0.4868976901730914,0.9644318067124756,0.7183205691252352
0.4774498374465044,0.8799103287339654,0.7376652105036855
0.4784638483734192,0.7878927283453381,0.617213183691619
0.48140624743332316,0.7642726859830252,0.7278203632975587
0.4763947979601374,1.03491932011094,0.7058294919453723
0.4746448711199306,0.7523154419811329,0.7196661529167558
0.475831520749066,0.8601488044490742,0.8100681932373469
0.49463669896960055,0.8134570873644533,0.6993730533728404
0.5164564769704211,0.9982915044092684,0.7788027319169228
0.4927200479844607,0.7741785638232264,0.6933019341737366
0.5104677529689545,0.8191543311212627,0.7329975227879355
0.4958419368868053,0.9489969236630572,0.7808051423251322
0.5011624101695723,0.8403896473351381,0.7124034844715831
0.5130395837742235,0.8116308433331072,0.7429706269807365
0.5000175455522935,0.8124765815029662,0.7148453033481491
0.5033494595321281,0.905261771967268,0.8002107771029131
0.49530386951075894,0.7858690715271729,0.6946640779277589
0.4991314431033433,0.745823280020235,0.6943907700557803
0.5199972357629509,0.8648284215267316,0.7927873847483298
0.5172036891864255,1.0312096370945456,0.7248657779735833
0.5126803839515165,0.7967106503672441,0.7409613063598534
0.49733204943368736,0.8856808143337637,0.7747804044173844
0.5018177498100503,0.8419253704938632,0.8560731590011947
0.5168893411168074,0.9093457098673612,0.7671037323491622
0.5034602963979461,0.8121331390465181,0.7387481445612851
0.5239023096438264,1.1124952593474322,0.6812756312312044
0.498624527672677,0.8862720409357159,0.6902051421121458
0.5078442220404165,0.8799111079987104,0.7176730301620499
0.5120583173614479,0.8040316096136277,0.8435652381238046
0.4968814274799254,0.7651054523921733,0.7378990676968583
0.493555722180938,0.7718183446403744,0.7832135352622678
0.4992665522652884,0.8272261982353206,0.6965362328495789
0.5043302867373177,0.8610721431311597,0.8834706375150709
0.4891334210677208,0.9057142084411156,0.897388911534647
0.5075449525115237,0.8699222705243391,0.8123764260519937
0.5298094635704603,0.959452547857374,0.7946380788921463
0.5083411390899363,0.7744019561153249,0.7620145931296577
0.5036167446049897,0.8538494110610305,0.8414082762694247
0.5265096086652916,0.8217766393650113,0.8859805371548817
0.512244059981729,0.8766496090386525,0.7386045754900339
0.5178995383127104,0.8110815466444318,0.798856581556636
0.5288973545506541,0.9047475147005904,0.7516061055132061
0.5142219090888546,0.8461972262841597,0.7541223417445105
0.5179800577939183,0.8422624930019079,0.7478861685861115
0.5179140941776368,0.9120281539708672,0.7728614038892994
0.5241977595818307,0.9618679272446596,0.7868744347454113
0.5155898063946036,0.8911063681298421,0.7152640903712231
0.5176962590156566,0.7804242087498975,0.7282347487086205
0.5178470838990973,0.8460017163568873,0.7997805510579422
0.5077597472204105,0.9500895370946012,0.7432333070761113
0.5192681606352588,0.8156003726636735,0.7870460692062075
0.516993502000179,0.8808048037793408,0.8139995161572111
0.5138120795602104,0.8671061991286295,0.9047310299861672
0.5147048665397637,0.8104268596582211,0.8109144587078014
0.5013013030180554,0.7765641161200694,0.7907909285425286
0.5130032125622943,0.8051892364973703,0.7289282605302299
0.5083012863435172,0.849816930305355,0.8047144989505479
0.5152214095679969,1.0944111370894587,0.7460535517818401
0.5321332973518557,0.9216934860625337,0.7162392277340588
0.534012567921161,1.0957799481643185,0.7431940003829028
0.523874003904239,0.9276801544140324,0.7384378135837066
0.5240754710008615,0.7971202441810246,0.7113615295210021
0.5360143585421461,0.8330793856702811,0.9613910708662776
0.5064864272771444,0.8588883701346056,0.728098327101514
0.5298829603447845,0.978578505994797,0.7466272356568667
0.5334858918854628,0.9005478605323859,0.721701565842105
0.5175498302391004,0.8537819196128205,0.7090267535917666
0.5083804872175754,0.8184618648172571,0.7643693702064229
0.5226614986656115,0.94486987552472,0.8193120179716797
0.5663904270095325,1.50036541203963,0.7196964208580794
0.5174431267499353,0.9907028286627076,0.7003178536786069
0.5250584695403301,0.9138698474245444,0.7706822009524159
0.5559650018432946,1.151005787256996,0.7940765738873685
0.5257348349297385,0.8312971154226588,0.7023319061033435
0.5579099029528735,1.1810299855709423,0.8260089670570733
0.5456665395502481,1.1110657457196944,0.8744967976046497
0.5323453400620051,0.9382560334065112,0.7169036115087537
0.5193684046245403,1.0083059091658166,0.7597523039841451
0.5286213421526645,1.2124304447963858,0.7790562034202663
0.5237667745930711,0.8044308690293969,0.8835512137771302
0.515374743793837,0.8368506718811272,0.8769004308007682
0.5248390491724199,0.8595409875537036,0.7539170280382126
0.5293950308432729,0.8206800284421863,0.9071856227255921
0.512934686497557,1.0595422437402715,0.8512725823979449
0.5011609729566503,0.8211670014088259,0.7490766773891795
0.49564180397501334,0.8344033813892334,0.7314453539309191
0.5061546044004118,0.8017405847398809,0.6851241994056914
0.5101661410079096,0.8732485667579823,0.7765370830489813
0.516861082114238,0.9039867893228372,0.7833583620230732
0.5112550909659085,0.967197408625708,0.7684083122610543
0.5243132907777652,1.1680756828823626,0.7007047538392623
0.5423838416144319,0.9484716530131628,0.7703755362769814
0.5017072425880358,0.8266058341340061,0.7990294520101628
0.5209288848526193,0.7721952607670864,0.6988244056378045
0.5211761912657562,0.860350495697875,1.0065418577443546
0.5410168224748673,0.7868564510954466,0.9507010864762538
0.5291012207116054,0.9405494589757688,0.8788403595257709
0.5223051126668309,0.8011711250868688,0.7703896586656072
0.5566573356478592,1.1533296166438605,0.7938590443655746
0.5366271632084632,0.919972021272054,0.7387949947143956
0.5283519436257389,0.9467438049406822,0.9336136448507856
0.5254308265464372,0.8109036917645501,0.8037657944939341
0.5799715842969028,1.1124484940531891,0.7575427609142025
0.5394725732032096,0.8082511054324023,0.754694141345004
0.5503826143606004,1.2199074800306664,0.7723952424589504
0.5239115712866236,0.914717773893247,0.8699514069742449
0.5480889857358385,1.0528604923106557,0.7977171037888867
0.5563342930957854,0.9912902174320374,0.9827830795859286
0.5393579552974667,0.8228865002231225,0.8341189000584522
0.5419756031555746,1.0420776172117714,0.7389186621285055
0.5179789668703946,0.9717532446902848,0.7263284425433056
0.521302685524443,1.0227405130574636,0.7279279394313753
0.545960730918872,1.2275838967465604,0.8697866780483702
0.5452153158956752,1.162825025874356,0.7895425925104996
0.5410151561298377,0.8266218314222102,0.8267933302508387
0.5680700370002464,1.1712935552680903,0.8960374328530698
0.5283855567835931,0.7953560922127941,0.7953189137728313
0.5380035304296247,0.9604095546403936,0.8066289317016607
0.5433685113868674,1.2477829734885255,0.7719675294984856
0.5369852315364065,0.8622649330144371,0.7679611794763681
0.5350331001576208,0.8430896086205479,0.8116867648432629
0.5411783762430976,0.8627691660605413,0.9673566218788956
0.5347825380257707,0.8498518652623658,0.8414647708282434
0.5300181438798166,1.047725581368992,0.7968179953844732
0.5358809072325939,0.8419890144383357,0.8128659151542472
0.5423644052362653,0.9190927020640972,0.7583818763775904
0.5561443713357384,0.8710731138013766,1.025192132371698
0.5371208855582627,0.822550659322689,0.8734552005948473
0.5428507730437722,0.9153496851069156,0.7574552088847254
0.5364169174181915,0.8505470549964775,0.8375172880547085
0.5639360532329083,1.0821027159731134,0.7950494403719763
0.5327185435885093,0.8218216371929417,0.7120454187662602
0.5431336066061289,0.995544655472053,0.7777056757182617
0.5317558576186321,1.1052236728391052,0.7686940075513651
0.5351839279242983,0.9125482881365752,0.8523254189796526
0.5453428213795506,0.9447683788583534,0.7494684668199619
0.5528887216857675,0.9104435438797328,0.8494545115596219
0.5520950807415089,0.8950987164297753,0.8260817268420354
0.5564130661793005,0.9603209846758004,0.7790660568213775
0.5564161414412443,0.9970538654391298,0.7440086831670145
0.5464791608761388,1.3475775902087974,0.7939393548041299
0.5603887450756836,1.0696572258673966,0.7937033465513771
0.5547298613190348,0.8317663864949028,0.7548196017995988
0.5678705551001668,0.9248031132591426,0.7893147661025168
0.5696782715370928,0.8099317563926735,0.8097192396582201
0.5526918167193181,1.114979704871552,0.8232989454591116
0.5722505969244683,0.9678742121541906,0.7756576681375161
0.5458322940964254,1.0785525928399533,0.976611752720442
0.634957953281564,1.4294001552124445,0.9587459732880822
0.5753723557756757,1.1075266628780616,0.7866407565508763
0.5756756560061674,1.0565137346049271,0.8550242667176383
0.5756977095601818,1.0504855796666346,0.9665712930209492
0.5672487529561561,0.8811430092949629,0.8124777506175477
0.5876146593942937,0.8790425334520424,0.8138396181198186
0.5800589597293204,1.043408841560503,0.8416979785597134
0.58126586485644,0.9040791293284716,0.843106423309457
0.5823648138054174,0.9978724363432958,0.8137897443756823
0.5788505667791012,1.0133928107751649,0.8208563468543373
0.5806645646193367,0.8286369221562324,0.8516258199682466
0.5760786296260892,0.9045250095941996,0.8261996320315628
0.591966789359322,0.9497658264900584,0.998815383610354
0.5557172858600202,1.1176190347749204,0.8144704639445461
0.5775113687117069,0.8982735453315956,0.8622672601408259
0.5625582743053701,0.9271181517319868,0.8500567759601068
0.5677987467950618,0.9529076892102256,0.8138286652458487
0.5789500459267636,0.8656707323076871,0.7405651919913051
0.6226677623503271,1.2431517172346596,0.7568102080936725
0.5738763322269014,0.937975199268272,0.928354486870726
0.574819928208334,0.9550494105894406,0.9632350453642128
0.5510690778181059,0.9742533299040296,0.8666184348105895
0.5654091382375304,0.9241311948261977,0.7313242528754
0.6025425606184153,1.5559950705165206,0.8037733484275872
0.5650920348868228,0.9554461984385678,0.7689514886444558
0.5767933519442688,0.8737460813605761,0.8927437643560867
0.5755004790703759,0.9599784951312748,0.7561457776184416
0.6247785832992354,1.4696501524887873,0.9988004643867016
0.5778924234992782,1.0517556637739098,0.9806249980052281
0.5697923229434717,0.9682725847225916,0.8491608882274246
0.5819602789287733,0.9694547895046238,0.8871939992250717
0.5716330236103138,0.9953816014568148,0.9097337329465728
0.5663679158779015,0.8664073558690346,0.8355670335572698
0.5921471642225962,1.0753243439557192,0.8560961060729569
0.5752488948521982,1.0091982985261343,0.8147289256187559
0.5681151804660032,1.0572651097980927,0.8202621443936928
0.5725272466690231,0.913819616424514,0.8525585632303363
0.5681620262524046,1.0085965746617078,0.7992272441334685
0.5567252422033935,1.1501391295474983,0.9754824478940454
0.5756839802311688,0.8955018820732485,0.8728192847640791
0.5749010826174304,0.9255699218364616,1.1393680361388738
0.5806637322989219,0.9675434439273348,0.9932391810175156
0.5657246696850459,1.0385068037884742,0.8733839926834606
0.5788449082629823,0.9439381273126602,0.8913983211132307
0.5835793018890362,0.9017912479114064,0.9039857559704476
0.5997434913091096,1.284506765261476,0.8817967619998488
0.5875734381003617,1.084118313956429,0.7983004330001359
0.6141424462414308,1.2960957027062714,0.8977090285809499
0.598445471136019,1.3206530061506414,0.9573939370211971
0.5796031982011046,0.9573034105684448,0.9406301675619068
0.5606279980366302,0.9540221323223398,0.8622048828119272
0.571974837716275,1.049892578571176,0.9780831526804984
0.5894230393057805,0.9611554041364077,0.8160429035630203
0.5892293406962166,0.8723791991069557,0.9582072886505496
0.5852887577748735,0.9995560139139988,0.8627670444313289
0.5835332461013636,1.1529135495950475,0.8690288258229605
0.5859180020251018,1.1099565088064556,0.8397585929250632
0.5924168139255432,1.0306056610585586,0.8477120427823698
0.6040895018619772,1.2041204228705789,0.927581932595702
0.5903026657665842,0.9511618891531156,0.8354249233057325
0.5891433373197305,0.8671588964621239,0.8099841979304802
0.5640995425877853,0.9385744169787064,1.0980961467709691
0.5889280429320847,0.9636555560166342,0.9081447668469848
0.5730119462541787,1.0883534488187292,1.008313745921391
0.5907577172731797,1.3290386863729815,0.8495551487310182
0.5946043169741834,1.0213705260624515,0.8853565116371074
0.5971380590497234,1.057884016008274,0.8112582736111349
0.5958011742038342,1.0670797708623303,0.9435145315857729
0.6009563172806327,0.9584326895233573,1.1582400347746509
0.5905667807343653,0.960360014915316,0.972579989458412
0.5981186560596883,0.9993573088550832,0.8340254190681528
0.5867725335432885,0.915421446087874,0.9128623884055248
0.6031655039338029,1.0207834251677688,0.8459203900858594
0.6007859742979595,1.0050320769088317,0.879230304662223
0.5850211944124329,1.0403979542602526,0.9716391715770214
0.6243479260182749,0.95657633279265,0.9251539394966408
0.6121662009134916,1.1169393787848605,0.8142292527205583
0.6284032172094758,0.910855472442827,0.8576291316354592
0.5919903625577027,1.0059719399282891,1.034647805317259
0.6111318046263547,0.9339199114369748,0.8808384495230269
0.6053190194629597,1.1302434114456548,0.912062661220607
0.6246329887772251,1.03131375537163,0.9525982011879884
0.6125274364080256,1.0711913767742285,0.8215007468243212
0.6130177055974888,0.947365643036972,0.8976819522934208
0.614867249974922,1.0885486988218194,1.0033338931403095
0.6159482031044079,1.2604911796677518,1.0233226161665043
0.614985722551218,0.9787955221590172,0.8983258456489555
0.6395334989100142,0.9970096541418516,1.0931058810458334
0.6393739925558769,1.078659264008155,0.9819261653306834
0.6318397569558076,1.1389453224331312,0.889824009749268
0.647943200677647,1.0981442274934006,1.092650735395671
0.6164910066311351,0.960162326741974,0.8908286272633452
0.624782514657782,0.9929475125371021,1.007090689797894
0.646851589067035,1.5076896636842754,0.9568822284144706
0.6369465210811719,0.9071132606555408,0.8748067004588137
0.6446690240540619,1.117528920414663,0.8416122525375864
0.6244505442602,0.9156959006568244,0.9094449406770938
0.6429368191164874,1.1009084816520391,0.963412255435116
0.6480329034563704,1.1607339790790832,0.8739711163482909
0.6396663404317349,1.1526610314280328,0.9156607426907614
0.6273389451498373,1.2089192470679273,1.0080073374962315
0.6258743025613691,0.9401975784504528,0.9906835886341974
0.6338920985445133,1.1646171900702718,1.002659490913111
0.6503716449680669,1.143853539449495,1.0059975676842212
0.6883597202405051,1.4247132149405706,0.9726858694702746
0.6290562122943408,0.9883412384300138,1.0128025938917664
0.6267610274733384,0.9748195173540848,0.8897505138241033
0.6215254695491489,1.0867522592284056,0.9460972484293884
0.6286101820046152,0.9929170046179168,1.0801378624345082
0.635525501818938,1.0446129111224192,1.0476124652605996
0.6286429279390611,1.222653755089538,0.8622588798632189
0.6500527986867011,1.0859789829551507,0.9040614333689736
0.6351858024695336,0.9965317723306172,0.9673298028496058
0.6597525030996246,0.9696741503393032,0.9940966012011536
0.7335008530699465,1.6127960471933838,1.0072782695883398
0.6676508459594481,0.9897407709815657,1.0050750280042358
0.6954556293615776,1.4883801827771348,0.968379323883376
0.6942865786743101,1.099958654206192,1.0262476388381752
0.6543374925811309,1.0609791061201488,1.0254865477466264
0.659559617231748,1.3112039765476855,1.0619817466832635
0.6737621360075086,1.0141351420505011,1.071309582642884
0.6582069857514591,0.9609863476500982,0.9098633778215884
0.6745839121521028,1.4504035384839764,1.1303834359623963
0.6646903704906817,1.0044116746653076,0.9042652238775856
0.6998181178303464,1.173971223253788,1.0181456449194324
0.6782802437019193,0.9699434575428012,1.0255157539841313
0.6783427519405649,0.9577627692008536,0.988362017335672
0.6748409097204187,1.048924348002577,1.0332187795874004
0.6813939741373849,1.0186719776208728,0.9735096338703292
0.6877605459353403,1.0761506466877464,0.9288651017060932
0.6779673386178935,1.0533948325861404,1.0939398441694264
0.6661562746029752,1.11741906692942,0.9877123913127349
0.6887563466456899,1.2842823385573288,0.9845242736307172
0.6681286211887213,1.0116880281206742,1.1187786406013536
0.6762384156196896,1.2546770225664838,0.9847185471365949
0.6837039131782905,1.3001956705405249,0.9675863903183091
0.6927638276428859,1.3152689903527703,0.93082461438609
0.6982577555180993,1.1118431068641017,1.1251514093496608
0.7146609916433201,1.5111851454806295,1.0535978005729345
0.7101387476468285,1.0954677556422103,1.0855448541879629
0.6904435499694206,1.0266424243148715,1.0351492905031063
0.6920255284678908,1.152690494637813,0.949813311526482
0.6890411523929354,1.2652268657274013,1.0424798317531982
0.6868912387248454,1.1187981570656946,0.992868211606966
0.6995190316484264,1.1941377903130674,1.0738968600300152
0.7039779758643496,1.1101356507450175,1.0900765706173683
0.6969410406649988,0.9567663608708844,0.9606505328325092
0.6995404086939307,1.0873925956244606,1.0077579365448306
0.7131030605371294,1.6746923662582218,1.0123573492925155
0.7094308309430893,1.4700925108315022,1.0415021773761883
0.6827233108451365,1.2328142124277541,1.0167779794264449
0.7106049525444386,1.4252270464728929,0.9461831842062496
0.708937857416913,1.148361821653301,1.0400480991703267
0.7145716648625317,1.0698057570792858,1.03653906932443
0.7480243433459,1.5206690095110569,1.1194803813532832
0.7603514892362413,1.1322485715247363,1.0410365609159802
0.773787102468002,1.059757431881557,1.1182854315475963
0.7982738006812512,1.4801397772844689,1.2901495718773202
0.7377191133825654,1.4910322073444058,1.4852105239079956
0.7680448326038939,1.2793452527134097,1.0625965410101703
0.7709296758936178,1.2891419209257924,1.029154542793375
0.7647309732589614,1.129095024110987,1.0543567960390636
0.7538459581677425,1.519557464438121,1.0510157329921208
0.7430368673591858,1.3691135887380468,1.1953648766410725
0.8001061390877222,1.4294917786035215,1.1367440034077518
0.7517492656753675,1.0871416679896346,1.2938997142285265
0.7381931329287889,1.151953051074971,1.0289310749683072
0.7655274263299269,1.2467116426324252,1.060406699373877
0.7776566104604267,1.2377950145940848,0.9936599143565176
0.7902910143356036,1.1079424432844214,1.084769136786673
0.7534313107632679,1.2634040831715558,1.1507752919872558
0.7705886048881881,1.2626032961745248,1.1751231691072648
0.7937288828117532,1.8013661840577315,1.1330828047523347
0.765338078930798,1.1191308959634367,1.2529953539795404
0.7409329174890492,1.2049693754540738,1.0055909786321648
0.7886371087080123,1.3302397476164511,1.103866923769763
0.8240090515549285,1.2205282714102317,1.2255057928170263
0.8295284726131598,1.2780774304953706,1.1561171670681698
0.8950209001637535,1.380810424281837,1.2236046262622813
0.918310211781121,1.8984500797424588,1.214198617933406
0.866018327680185,1.7765581398232662,1.1707693122566278
0.9241951867807641,1.6357861904559403,1.1243464196607216
0.9154974666903783,1.4608974325377728,1.1029763180602727
0.8819375335367158,1.5209941607598538,1.2439758154422624
0.9389778737132014,1.690836885418601,1.3923272797121429
0.8801542854147029,1.46794763024693,1.235323561844479
0.8720306213422526,1.3124996355602858,1.1859546299017163
0.9333618069148104,1.4091732507825574,1.6957661105407675
0.9384657571438043,1.3897461871634351,1.2112936930942717
0.9083905061057639,1.487506215142525,1.287380038873804
0.8946041198258108,1.4646804383204841,1.2474991903898751
0.8810669145762865,1.7634825135686878,1.2863541941049572
0.9233480058634028,1.839359300842046,1.131821008311797
0.8914727691382426,1.448391437551445,1.2388691352191583
0.9175324245453703,1.38793622068614,1.2278173548320976
0.8985657845196505,1.661315289402601,1.2294729439322791
0.9261874657419878,1.3486572949770512,1.3830777529138223
0.9122578686211482,1.9290363903395251,1.6054513425806731
0.888262834350451,1.4441561748080738,1.3512729524994582
0.9003495360241431,1.3713450094785449,1.4337566186263695
0.8930786702496318,1.3621880676318592,1.1858986529959756
0.8736178558277429,1.7042833668396549,1.403061185134214
0.8610956808867267,1.3733846775631653,1.1687242726255809
0.8740930344789387,1.965042073381782,1.3208395812391351
0.8114222699089303,1.3230136738319955,1.3004875680795849
0.8244127358296572,1.4513283744061911,1.580805291460737
0.9829327382065352,1.807287666674318,1.267154408438681
1.2418996418075112,1.6194704668455986,1.3735813127353234
1.3518790684053914,1.8232403501363084,1.6983056373201146
1.5851709063824464,1.9217070334927409,1.8733809683478009
1.6445863636264477,1.9078709976145682,1.7947356256879856
1.6577709296471457,1.9247169273205509,1.8737601392274312
1.649875047346763,1.8887731761390083,1.8785605570163653
1.6309925661365108,1.9152634655067835,1.7930807751607474
1.611167211056664,1.8862219157977391,1.7961906379519943
1.6896553401404864,2.9498779334558454,1.829892427747681
1.6129929037475799,1.8772006897540128,1.768715610494945
1.6539725190555101,1.872176745797685,1.8180079803057692
1.5978281128109795,1.7584187757415208,1.950552330055905
1.6010740892151571,1.9607046328671904,1.7009211078363813
1.493462539443463,1.9795313212694687,1.7533777898247107
1.5750353366314531,1.841226560871572,1.6680078146617392
1.6329053272156409,2.123875965939776,2.0686075434664017
1.6082278759502553,1.786459961121797,1.8889298366088427
1.565281229492309,1.972515193810519,1.8877249880821776
1.5663300252533923,1.7837841431307495,1.8405360364801644
1.6168027865072019,2.0186562648924498,1.9091375189041784
1.5907782284048395,1.812540723508472,1.7255463900864898
1.6064541296285013,1.7799360639313675,1.7898838827959702
1.4095273229929421,2.663252933434608,1.9005132872545545
1.6040614609483863,1.878942302167728,2.0653057235599737
1.5947539554582844,1.7998962086073218,2.0516519047690744
1.6055966493332592,1.8218493824153856,1.7629398182179656
1.6186101610238457,1.9330159017069943,1.8430616744199173
1.66946637430372,1.9353205379391896,1.9927410993850352
1.5609307258500988,1.856406723841596,1.8092389001818237
1.7003485594622973,1.8593250484222497,2.1966476001508872
1.6084605773637777,1.8604547676161918,1.7663887095840396
1.702871771013958,2.2661154049305936,1.90097203418561
1.5597212293272698,1.9724040477594156,1.7231006183003914
1.5755718455202232,1.9145375327076335,1.7802088293383849
1.645313031763186,1.8961264886362557,1.9763571195811025
1.578388577994753,1.9792910628195015,1.9090085459735784
1.6278146848586936,2.2191561652167757,1.815504435292717
1.6273622267223558,2.0647105223744013,1.8945048953373969
1.6152109549478582,1.9798249958462133,1.7814903437762828
1.626428290720921,1.9373527838087483,1.8067161078015068
1.5688589535084156,1.930430595553012,1.982769022906388
1.533709088356244,1.979813782888708,1.8392642005842688
1.5935583426311983,1.8803500954391104,1.6912467157222708
1.6017609918864972,1.794959739029403,1.8325124628385123
1.6226110091240349,2.131667760411894,1.8484823686209844
1.660682677118536,2.056363022264734,1.8536327557812062
1.6201817243256937,1.838632914175042,1.7993974776518165
1.631066384309259,1.9792905296872791,1.8487462341421048
1.6149277276094671,1.8056545350992264,1.9274108560189271
1.605492531350816,1.9565842568437195,1.8721746199320557
1.627737478695309,2.0571059979577098,1.8115539285583395
1.642351719511821,2.099400365176184,1.8984804090835212
1.580524871207146,2.1144835727511384,1.6662361944696087
1.578833991661214,1.8543158740814925,1.7686094546963325
1.6284593565069994,1.8813811030357923,1.8535769768841832
1.5867698460074917,2.143591032702892,1.851979391745718
1.5415264079418534,1.7778828216585836,1.9781268406546464
1.5916196218611067,2.0711189227938824,1.7515460171973236
1.6144752208943067,1.8627338906019024,1.8908468949245496
1.5701555699590417,2.481918080264591,1.6932845806337489
1.5459408549775493,1.7820098928984458,1.7999759732559404
1.5037039135003436,1.8461704546164832,1.7959743943670332
1.5072702986870725,1.8226901883901483,1.7237212535591635
1.5546480362185244,1.6919646849476886,1.6845463601588118
1.551176725149584,1.9356298665599196,2.24724756036439
1.534194609019348,1.8226052331424536,1.673230343414262
1.5386193527493455,2.2635950424433706,1.9578381767603807
1.5020650024736135,1.9734489649156868,1.7293812470606946
1.5201906312415083,1.6797139916604291,1.6736086258445817
1.509457412092973,1.9004409887670848,1.810858517743272
1.531158733806621,1.8440075581980415,1.6722071467311543
1.517310163609181,1.7150577565822198,1.6634363389474118
1.5480252758471493,2.211013776729404,1.7351588145630326
1.5426130986732087,1.920217862623952,1.7344065201194965
1.4940731153492655,1.8497095645195307,1.670087203268605
1.4904011957045835,2.0328076286562133,1.668510665383186
1.5619938281840138,1.9074998032294708,2.067784883774631
1.4801537934477507,1.766642297703329,1.7385116169012789
1.5540130528055154,1.92254001029436,1.7876330833892116
1.4045432270364993,2.5943859678735617,1.6714560340338187
1.5058706984588184,1.9377946651521,1.6580397495738155
1.5296260969919024,1.830064704442776,1.7101534844190551
1.5323441964771765,2.558910159541156,2.222650321213109
1.5036593263763591,1.7785265078764023,1.6140434835080515
1.5407387543566853,1.8888254711118229,1.9103158411459904
1.5018416617436032,1.7516194496500557,1.634405396375576
1.4971084245895774,1.8222671366382488,1.6697968504908234
1.4880138343068423,1.8702382266580064,1.6602844557995542
1.522100722793466,2.1823078685881208,1.7473490293268439
1.4104337072113202,1.7153118564710927,1.796453111296238
1.453402773602519,1.6793982755321988,1.7716463136969742
1.446690063006445,1.7800960401880639,1.6914750064233528
1.3782410482251144,1.6317133124297156,1.5660926607240202
1.4724252088830623,2.76907123932508,1.654708985185711
1.4567566804287622,1.7749629729665104,1.803896260447796
1.3278517987231593,2.857141472263543,1.6711688317725604
1.4224095600345028,1.85445195981679,1.6539345229868725
1.4314967407553145,1.8704184749300905,1.6714162989907877
1.3302824210567992,1.7695987855946111,2.009333296644188
1.4473097359367149,1.8931439984987732,1.5651460404599593
1.4059910382902971,1.954374268704324,1.5699436874261212
1.4545211522240067,1.7541546980645302,1.905357987771852
1.4751708944930566,2.231902256394973,1.6067323281967354
1.4127010909256124,2.0575404270508555,1.666895256070244
1.4398634387787916,1.6768309645261217,1.5939525392537155
1.3749278005397971,1.8088579420328723,1.6612605843278825
1.4265991254588555,1.9980153391435858,1.766924101636663
1.3685114098182487,1.7574753719938616,1.8198218580664016
1.4198015686791738,2.260022827204628,1.6687994336660654
1.4087841070842766,1.8701576084467852,1.5114580763809755
1.4309589381277652,1.9821458523898412,1.5628664992961772
1.4395158241006947,2.104318938758982,1.6724255124504366
1.468143199486006,1.7223915567361354,1.697312121350259
1.4727559673648938,1.7926918398549283,1.7700412545543256
1.4090280587497066,2.0182177288203773,2.083181743779249
1.3994242366912009,1.876205388309196,1.6256120278205586
1.4511168106662826,1.6295746650843297,1.5681715463361496
1.4673232718347027,1.6521273587770111,1.6794511904511524
1.418372959151463,1.6227921709873616,1.7264111865250298
1.3931316489554475,1.853208990222939,1.6076081388640098
1.4731735522349898,2.3577753293602317,1.811472110182208
1.4603740114947747,1.762970618204751,1.6296571264577264
1.401184547407461,1.6622851837657988,1.6715332918842902
1.4523733719112757,1.6461121346163707,1.6304935070693196
1.431932084722201,1.7154526910766297,1.6142815672609905
1.3743004711550515,1.6637908265137815,1.7007347469737581
1.3967651047099376,1.803207530886504,1.7969129737439604
1.457244740045574,1.6204718820505262,1.7153159690123636
1.44197844447054,1.898628803851529,1.5592276700764651
1.4248301675194033,1.7017982257232451,1.5459974311863416
1.377286538874133,1.853000424500195,1.5641045206192388
1.3801833503935856,1.7598645039642549,1.569670237900474
1.428529551818539,1.6719843027832904,1.5753194230902756
1.420152142305983,1.7141774004094124,1.6646717216831328
1.4226975250647034,1.6192642345425106,1.8906935801491052
1.381302134606809,1.7818772862819685,1.5454708332823934
1.4377619692310721,1.7054010457515645,1.7660440293958992
1.3959787534938504,1.7329210371758912,1.6425311909397358
1.4349358191863102,1.8095445874181524,1.5915758821630448
1.3862488088793998,1.5343482895920797,1.5411378893421592
1.396199014693892,2.541918646925033,1.53089363719531
1.3800673440140607,1.6770718997345135,1.52528598563773
1.3736412104626046,1.8547565866178004,1.8084955667566145
1.3494278649201181,1.6619123380953646,1.5376507073090186
1.3187886980425148,1.6384840199349575,1.5868440635537104
1.3306520998007332,1.5682054493605,1.5643307225532197
1.3266734405606806,1.4904099017414745,1.587346351866468
1.3425108561422854,1.870378852315484,1.5649276863503447
1.310186633825964,1.615432070308184,1.5958009446402592
1.2824638282953744,1.7766039754706144,1.8359030761509816
1.369771308669558,2.250652089878941,1.54939101803167
1.3083097405819277,1.587625147879858,1.7807923023340342
1.31734785380322,1.5775610219477256,1.6581740163630985
1.2946365581150487,1.8173432158102352,1.521430318320529
1.3542378047641441,1.6344519269952604,1.642926853325659
1.3398067282215238,1.5240080596701548,1.4416682558919567
1.3082652143876587,1.6329975797654797,1.6188619122971768
1.2847552714965245,2.0715753613950945,1.4741701666321307
1.3235510814240266,1.5971121256445386,1.7794315522988309
1.3206762831669234,1.72129471500456,1.5530445066346104
1.3091293798314643,1.564018200419531,1.4853140500312754
1.2973409478183089,1.6183198933504677,1.4659128405086266
1.2903816596136075,1.7652533492731473,1.6555167189283824
1.2940025710535776,1.4998528765926318,1.4566832966623884
1.304777560509955,1.459453710304462,1.5426181686502942
1.277621291468254,1.470298416463394,1.519158359785048
1.2967626899769567,1.6337266549336382,1.7804705412461164
1.2986406092054894,1.805330847308827,1.47929474505479
1.301836538414569,1.8236718552567293,1.4177587158157563
1.328392580618512,2.0046345679946844,1.675408901560963
1.2126665218442747,1.5069300365017442,2.0138252574894997
1.2368510832863084,1.6124024889756319,1.4795361899606427
1.2393639540180632,1.538700003517248,1.465081756248004
1.2259072507007212,1.5433676788617487,1.4955621372875756
1.2012896249407754,1.8106533248193024,1.6019832218676746
1.248785356531733,1.685687630953804,1.4359100550576462
1.2443752796175573,1.5683020634196498,1.5576558706082066
1.2637306846889615,1.488350361527062,1.5360479037701915
1.2351532202003659,1.6810497491250675,1.8072398348588052
1.2492214517224358,1.4640277873895635,1.4863639689359622
1.2616595893682592,1.5675142823977892,1.411290791519827
1.2311906500682666,1.5281580852260788,1.7415857685718046
1.2618345957671313,1.5844424171681275,1.691756699748434
1.2308182103613747,1.5580321292640855,1.4828764432866748
1.2439841351130116,1.4811157390901066,1.4962531981228409
1.2285200535797192,1.5276002682701069,1.7282136405545268
1.268979369640745,1.4977512608954284,1.6967578807381574
1.236132237811536,1.5726402492229752,1.4617193120604768
1.2517317966832335,1.744717473149241,1.4591634762297625
1.2567067923494342,1.500792483622143,1.4183572101633826
1.2740607920808813,1.498512039095821,1.6950639877127072
1.2590764849578622,1.5585354759559298,1.5699429802013911
1.245504602141958,1.4623330281141875,1.479386910215971
1.234443649593224,1.6569220515107173,1.5610855644239254
1.212760638926705,1.857494636522914,1.4504972049226657
1.1862483374547954,1.6625263351464965,1.4059394425405043
1.196707034735319,1.4683427653348522,1.4654599798587191
1.2093777004356392,1.5811577861904915,1.6472200049885797
1.2083675437451686,1.420718301279417,1.4755175438667332
1.2216940830220606,1.3727696998237315,1.4326126510096924
1.235186590289229,1.4250810369198843,1.4602333374570606
1.2164031497599193,1.5240031587615064,1.4059178876718204
1.213349375498296,1.4537580479271093,1.3793816415318638
1.2129184090573224,1.6520661527902056,1.4697951627967174
1.329890753776755,2.4088984096432204,1.4389721645229665
1.2329297078226245,1.5314774033663412,1.456507776582595
1.2257221579137858,1.5511383718749543,1.4791447269166778
1.2169951090364775,1.650892551523102,1.5004198389652874
1.1825489644014526,1.4495505925765286,1.4065544935095278
1.2114910649423496,1.5173327290594785,1.5146086208237832
1.2216860321433414,1.5401881698870101,1.4734321958783076
1.2231466199075534,1.5708735970707997,1.4139993067432286
1.2011979827844177,1.5842802886338887,1.3920240498610437
1.2218853674275485,1.4805755207981104,1.4177851858373014
1.1991059251502427,1.5523946643513735,1.5217317039206213
1.2181977737771654,1.5418533386118642,1.3940261229725146
1.21632220472765,1.444946183504816,1.5028152521489064
1.200998498624976,1.4591355134588142,1.41435508754994
1.2340773605447233,1.9382002481659129,1.4783435231489357
1.2019109881058898,1.5485632537453842,1.8376568019620765
1.1884356538116392,1.3672440326162965,1.3381795945156256
1.2169325088100222,1.6096186315458771,1.378879442731199
1.198832550529213,1.80470308246562,1.4018100385707624
1.2207960388870063,1.7298054787671326,1.5245699941577462
1.216827756980332,1.630772067925729,1.5004144316410128
1.2067683506903886,1.89945273099123,1.514184115451492
1.206049771845474,1.6054047494538781,1.5758161871406808
1.1954716549940252,1.8239570273765973,1.362373218067787
1.22346923064864,1.7644348651279562,1.4152045914006188
1.1875256787195714,1.4499246295948751,1.3943848104976462
1.2129664358564496,1.6871629853960628,1.4481346191696702
1.1866966872642222,1.4543572588116518,1.392496360651148
1.1894701044027318,1.4469169725119282,1.3449240888318057
1.1760232611590724,1.400650961707474,1.3347096983674762
1.166960585118666,1.5216807484856398,1.3904260245332674
1.1748025865226632,1.6176521036534437,1.3976602772613846
1.1961727531547488,1.3607424317726629,1.4483935812117357
1.1583315994984311,1.6487628620750812,1.355812398795799
1.2018463899646277,1.7118929762992008,1.6036401258043091
1.1879744486827277,1.4170469168978317,1.6116039635537065
1.1555877194089152,1.3837009149905537,1.3739820423605589
1.1730747866265352,1.3831263978439383,1.5087721219049224
1.1446494623506178,1.5293728309820276,1.448889344198243
1.1632716002348231,1.5058944027238237,1.45143834307094
1.105190240397823,1.3293292516463435,1.5317552464728603
1.0792066708664858,1.248898819492438,1.3134303941718484
1.063830250566316,1.5816591463357923,1.2787980380403186
1.037574299959992,1.350406157157006,1.29605269910857
1.0561020186505956,1.4115445988354642,1.5482782617038315
1.0368280508645984,1.4303351338015855,1.4516894185599682
1.0300237166210462,1.2070605490347086,1.373486984741303
1.0439868853815168,1.3662591417129233,1.3143483842942347
1.03769138799015,1.4272238090933365,1.2928537026898903
1.0378792221178188,1.1958567616505342,1.3576538346201148
1.0438529364324542,1.3160848318887794,1.3655856767483456
1.0443148283468373,1.3533510351741316,1.500452616154627
1.035642610855272,1.6099730638271106,1.2631780197730949
1.0253699378944703,1.3128064756086744,1.2717592627490928
1.0241415131584497,1.2972911992198073,1.2417021762661844
1.0430787574970997,1.4807886824232377,1.311568756489974
1.0434282376123338,1.6530793088533942,1.2184387798882907
1.0550855807586026,1.366135375306435,1.2941841346150604
1.0328609338526298,1.3164339458574221,1.2799562258234054
1.0355344149851875,1.4951598156927377,1.2998389960883172
1.0396159318312679,1.2899731622891784,1.3251042643604518
1.0207409806764052,1.3968074807165096,1.1789935936903304
1.0250349074580976,1.6894750481299254,1.2455364854307824
1.0409749670007111,1.4202130819035317,1.2992516382546022
1.0530117051886334,1.5974356769412557,1.5182456594414415
1.054770455388743,1.4100676526091918,1.4085018210216835
1.0304411711355628,1.3499451153864113,1.2205617250973289
1.014011728948082,1.5330609349228366,1.2546051233637312
1.048401309496936,1.3308491882328517,1.4593498389313417
1.0589283357074286,1.6380987388709978,1.5662680227290628
1.0354384815694369,1.4217106103820725,1.2665074983393212
1.052808190045761,1.7961366792505518,1.2290693907435175
1.0375252310445156,1.6014537967915845,1.3575798331208608
1.0122947633259338,1.389402423681258,1.3530775109229785
1.0008130237188437,1.5216351333665616,1.3038698036051444
0.9899493519977172,1.3662425561695708,1.2375010673646172
0.9901007079140075,1.2712591034833214,1.16009598032498
0.9764175670368715,1.2713895674143019,1.2191071856541047
0.997604553732135,1.3059626259240755,1.355224048899566
0.978560321694146,1.5242882298621252,1.38381312655739
0.9918501824122552,1.6907425293665668,1.2267247144532236
