window_size_1_RMSE,Plain_w200,Exp_w200
0.511498904791705,0.6148012270606236,0.6798695581997951
0.49187348396982855,0.5925462618713921,0.6480606130279508
0.5412769428420278,0.6328766304729896,0.7006329818830761
0.5539198393212954,0.634982236285639,0.7517150188609353
0.5425207383584514,0.6285594693624663,0.7249109681718318
0.5648600873805922,0.6579797360105983,0.7312128207637365
0.5466591791117678,0.6581749402134585,0.6842804706125988
0.552631248426919,0.6199869198248721,0.7572477961573497
0.5346265692000962,0.6215044041659574,0.7375106476017261
0.5303960775473774,0.6212794412659302,0.7445038529209438
0.5528595448888285,0.6371473422112355,0.7171604534438875
0.5452437541972284,0.6217616278351376,0.7338027519393574
0.5692298694878849,0.6717557597739306,0.7446913155715578
0.5561673140074564,0.6451016071788334,0.7340153343943452
0.5131204314298418,0.5983768556458775,0.6764519854686993
0.5677748233249904,0.6500604413361982,0.6999809594470779
0.5479897879033857,0.6538468782062234,0.6939286146413928
0.5558627051132327,0.6328220799106272,0.7541326404709752
0.5219117577803947,0.6236039798069672,0.680010248411494
0.5442432649641736,0.6402126276011849,0.7179537656008528
0.5311224168063049,0.6265938971616606,0.6952078949470991
0.5329322184108568,0.6292002507498492,0.6898289866473613
0.5276188080510207,0.6154266540098063,0.6831020342028518
0.5532564381397475,0.6362190990800507,0.7762947275350319
0.5434127411128493,0.61679308554159,0.7217639226199587
0.5436733630421843,0.6114503043308731,0.7216727126819258
0.5465173962133304,0.6557867995112538,0.6862295074182105
0.5371189616130092,0.6234186182859316,0.6949152612968531
0.5579166028327653,0.6039446240867119,0.7864815260079275
0.5793834011172653,0.6548992355702639,0.7485152131137167
0.5162009670414012,0.6118366297015431,0.6870194391627167
0.5308600785146732,0.6166441576658781,0.7067547503821858
0.5545242066502809,0.6288427431248486,0.7297133914364469
0.554386041906485,0.64634247253669,0.718039803691724
0.5273243791417012,0.6005961994020974,0.6976190609145304
0.5460377653276874,0.6336287474554425,0.7118932250699183
0.5611798148759876,0.6509703249605839,0.768909101159947
0.5549898310392959,0.6333771630839355,0.7341709398533538
0.5423787227900998,0.6188363402521179,0.7268070104046992
0.5465754398493246,0.6276555207765622,0.745102136356007
0.5466296219228518,0.6539457334727236,0.6980709016660966
0.5282645709869959,0.6416114198714999,0.6693589729087067
0.5532691852489844,0.6410008443310596,0.7042335179394351
0.5547882261016314,0.6182951721978825,0.7531896603615149
0.5180314221683294,0.6213617620210606,0.6852211154854203
0.5722033373370715,0.6742097444600451,0.732560279270682
0.5452809138259774,0.6483426919595899,0.6983632940167674
0.5455422413292618,0.626167833055693,0.6946601231969267
0.5428537528415942,0.6201088963255265,0.712435982208021
0.5484929042655378,0.6016736596977903,0.7473200370803039
0.5317680883538176,0.6086117213548704,0.7049185944599929
0.5307856685288993,0.6197745113105227,0.6965260232471445
0.517643629992894,0.6466347986655926,0.6505195104829581
0.5574674452238524,0.6425181646200501,0.7582546340292664
0.5392806864439128,0.623121934884729,0.7169614656595641
0.51629604466401,0.6118921787283359,0.6924776771828925
0.563347334346176,0.6720043656465612,0.7055255597108077
0.554927460972556,0.6453319711012928,0.7054431854382197
0.5640403703467437,0.6531612294561843,0.7105913764649788
0.5437006172041684,0.6136769296496029,0.7424777822579167
0.5684591926044942,0.6485216095075779,0.7443041843357644
0.5438619928306072,0.6191084725838493,0.7562159407727893
0.5328008869558261,0.6354660255093708,0.6931040129924849
0.555588077319751,0.6313496139653647,0.7502312431181538
0.5412574625463876,0.6373087515683522,0.7236521930386307
0.5429324556769578,0.6006988435349807,0.7311904678208017
0.5308254152262258,0.6271815933868108,0.6883823230205232
0.5263027119951553,0.6259794674965602,0.6561262972336698
0.5291865890699233,0.6402078403559844,0.6789945116449678
0.5389973698628961,0.649312710764028,0.6928152931862551
0.5485025581347653,0.6329126943678111,0.7298371976826354
0.5648238138481033,0.6410047825805016,0.7444684568284682
0.5130999587458678,0.6426812665630125,0.6744297477837209
0.5540537324710081,0.6577792381437212,0.7011699372250071
0.5509931167686433,0.6325527057614979,0.7457520585200541
0.528370306272728,0.6300414930667827,0.6955712345559474
0.5486062248818975,0.627833584922561,0.7419602944501011
0.5380640662622469,0.6321099268772619,0.6930480815617929
0.554400375932679,0.6481720475009406,0.7031365816776565
0.5362462121476395,0.6260963375464503,0.7189729917589367
0.5580579112952859,0.6429690166556067,0.7394250910205981
0.5385097055220949,0.6316133696418309,0.7201697404836936
0.52505569785551,0.6389640611373828,0.7034862399206638
0.5599142219910951,0.6673356228550873,0.7119403698254263
0.5119815323786829,0.6107154922571971,0.6842663275615259
0.5359696225913608,0.6297693954489382,0.700710844879916
0.527624680490512,0.6304212406882772,0.6848477283612822
0.5335458398583619,0.64519607155744,0.6930697152277702
0.519834507593505,0.6061272706184859,0.6931852590707094
0.5600903182985234,0.6513405576392108,0.7565495655684539
0.5525333022187606,0.6242256820521335,0.8125009501792708
0.5314569483549267,0.6052890297833919,0.6982475419600835
0.5343886232837979,0.6413160291806227,0.6732786067360901
0.5429190268164826,0.6371261937964251,0.6939920053977953
0.5670270603740767,0.6527000631273643,0.7179912901094733
0.524971465376407,0.6191457470302419,0.7211950637738949
0.5864306847570037,0.6758444189276308,0.7730790814061875
0.5356101722916257,0.6391432337098099,0.6792879125561141
0.5265808790459006,0.6416618938367789,0.6649053778651579
0.5461212896267937,0.6210946375061449,0.7321608639315953
0.547757408630513,0.6443616292494919,0.6843748025616027
0.5280458154001619,0.6219508038467881,0.7011947230099216
0.5686366725332296,0.6466262669681103,0.7513336333176629
0.5454329949061328,0.6064742195443915,0.7600851132852503
0.5261518149003132,0.614745950162592,0.7032391283805269
0.5237329241118067,0.619431569152193,0.6861612618784649
0.5586556690330975,0.6643358185941072,0.7308213409724506
0.5349765776717132,0.6073246913074631,0.7183496242905093
0.5463538318149611,0.6280633624658148,0.7120142621884081
0.5510901770621519,0.6225451309272083,0.7458280382194081
0.5325287521589355,0.605774707455212,0.7050545424337055
0.5529242333208948,0.6583993059331338,0.7174039143569817
0.5433204071728837,0.651123749283823,0.6688506144635382
0.5387486614664941,0.6124197599408168,0.7096065565053008
0.571060523541462,0.6853520119671032,0.7144022075958363
0.5362288056908342,0.6479722588978427,0.6860449760725078
0.5223421143433885,0.5990927431601866,0.7074674950699934
0.5544151642369122,0.6635615935384582,0.6865129858618214
0.5634837617075379,0.6577728193062582,0.7409264861691699
0.5519946389368322,0.633338760234431,0.7065452082276706
0.5419245722370811,0.6357026473245644,0.6969201990356365
0.5589453536205515,0.6790939955382125,0.7127918890913185
0.5272373870424605,0.6424955678931177,0.6742252686858334
0.5331833686237102,0.6152551556584749,0.7177403781133713
0.5383272557155396,0.6317267835716008,0.7171211607826763
0.5595114237404128,0.6349668276318957,0.7453495461346391
0.5132113314757969,0.6038908073263657,0.6774532153870519
0.5271600090822506,0.6125345536295624,0.6994939251859005
0.5760934860929255,0.6417977580530306,0.7632189970354852
0.5382993437501851,0.6378699387057438,0.6961827176647679
0.5620049545396727,0.6299966780907561,0.7483960109488035
0.5458861946884885,0.6264706188695603,0.7137335913525524
0.5393492223096068,0.6362241489484941,0.7124677063823848
0.5196725284243837,0.6089634679741283,0.7014893124518896
0.5677889414840969,0.6713844452653015,0.7116544363441697
0.5348298643679246,0.6303839909804442,0.7096628663783363
0.5617268576991852,0.6414096905840281,0.728709968792458
0.565759713459729,0.6536607610686024,0.7484735120797678
0.5411951918632655,0.6317915002010186,0.6977597876154781
0.5430394237843316,0.6225153329679703,0.7176227639972622
0.5304015983776814,0.5939466848476929,0.7339819817615024
0.5017361568602247,0.5959722589490162,0.6970565854888511
0.5045582726115913,0.5918635909929324,0.6812126124572531
0.5267373037496464,0.6010460210354059,0.7298468052921421
0.5355001827745031,0.6293653442289472,0.7009230959243934
0.5248035563954017,0.6384092723075566,0.669875793037531
0.5102279045598748,0.5832874237934282,0.7050759755886554
0.5596106539177401,0.6377670060735999,0.7418994453425983
0.5726617092113676,0.6550791705488017,0.724383791124207
0.5602704876327766,0.6349056407139031,0.7374689549632556
0.5453884197687621,0.6259743980838709,0.7250465122305269
0.558355302630529,0.6595608387988099,0.7060477379123067
0.5534153865827357,0.6276168219789424,0.7744867738465321
0.5496565459720864,0.6241676170475042,0.7432093950329681
0.5190396922096726,0.6248840450589149,0.6715036997126278
0.5295773919280354,0.6211029774773136,0.7153331591227838
0.5718678349624978,0.6690941437354014,0.7343124975889908
0.5287713204384437,0.6124615793394298,0.7058491143522272
0.5213365904397333,0.6294887573243012,0.6955465527433833
0.5489625079103173,0.6162044276702441,0.7292968313519252
0.5574373634871482,0.6414076370833418,0.7379903233009568
0.5563510604410958,0.6517500416646136,0.6990110560093702
0.5554198404322859,0.6335821779175773,0.7273295265018765
0.5693909511622374,0.6424689539411145,0.7582659195184016
0.553378178972316,0.6375872822095754,0.7188308490737354
0.5635577308534054,0.6571433847744887,0.7098292219442829
0.531728992904259,0.6153115493537584,0.6944825859762844
0.5466900734871197,0.652118590110698,0.7295272479109047
0.5280713896096739,0.6117238830286901,0.7234098376434627
0.5472867685635916,0.6477147377374939,0.6734717301917528
0.5571937058442503,0.6576048518027351,0.7161669925931013
0.5539541689512071,0.652182811828332,0.6964200936751317
0.5545124550350474,0.6349351764824889,0.7310367158758649
0.546682548950718,0.6399661368215609,0.7102056089981161
0.5114627435743374,0.5851093727483426,0.678304114609375
0.5095655705852752,0.6151449864876419,0.6818728873620213
0.5357467494659508,0.6308344755153199,0.6845865695123771
0.5300686611566444,0.6292260269453063,0.6947104752727526
0.49583737452153387,0.6013087671303872,0.6482524486648782
0.5414229896431962,0.6343800246652712,0.7081993660439143
0.5326421749450972,0.6343456491551323,0.6888537794924007
0.5534545991622691,0.6207824887557096,0.7511835285907386
0.5168883706318456,0.6143771670677619,0.6898345979200569
0.49377816271892055,0.5896909751992871,0.6729328136379654
0.5243696970728324,0.639110921135035,0.6618026730856045
0.5702764445275033,0.6451761638390989,0.7703397062742131
0.5284712690497411,0.6255143202127461,0.7244765240521516
0.5292962934762249,0.6190640917000093,0.6759969940538977
0.5561749440347005,0.6543627396617989,0.7342831532141859
0.5080190782186794,0.6573228178012647,0.6498548583603346
0.5272015526394741,0.623454162119478,0.729858967044801
0.5456110160959793,0.6326324021135434,0.6940929584978776
0.5449849761563663,0.6426070994934163,0.732564056528659
0.5496719247449364,0.6434440289493858,0.7072913219831487
0.5410740853705881,0.6252151955942575,0.7129431315652982
0.5605935740290795,0.6375493154666106,0.7471567348161041
0.5230858172282983,0.6314750537822534,0.6713478994231531
0.5309983169130437,0.6393741949050165,0.7058336177634824
0.5151434070628996,0.5872624287204868,0.7219530751700463
0.5524990123210516,0.6636278349492193,0.6938081154755891
0.5277005374266918,0.6209903091596086,0.6946088444926249
0.5284583792599625,0.595657911041677,0.73244982107161
0.5302241072463232,0.6281982806849957,0.7034402505760753
0.5258535604537856,0.6412180112329939,0.6816117502501814
0.5488564085858538,0.6009653184547973,0.7553795356649389
0.5473533079074147,0.6296144432447626,0.7330260191571939
0.5527558091320458,0.6459275552996385,0.7143133635742771
0.5507943000075343,0.6271800709008029,0.7076151810080298
0.5526867502995705,0.6526730053893718,0.7052157271221172
0.5514604176238769,0.6263099870665109,0.7568482242814163
0.5336218934646452,0.6420716569370752,0.6805202398260682
0.5582707331222939,0.6337280962302825,0.7273727206331556
0.5476545211777114,0.6388738283504083,0.7111378525080261
0.547959914813189,0.640768108669103,0.7110668595097747
0.5537617060962847,0.6488083069195055,0.7093271751816215
0.5281545763103589,0.6340037538510902,0.7108593228007885
0.5348714292630888,0.6400449754262426,0.7224532412759876
0.528317910218468,0.6060570374676365,0.7102690933612181
0.5134639237985408,0.6053694844301829,0.6712159798774894
0.5469402696278974,0.6404810662011886,0.7205996613448491
0.5365611519758804,0.6066719989047988,0.7538305021586702
0.5535490636754876,0.6472535996314055,0.6955719259897023
0.5305941683419491,0.6066416991891752,0.7352036728680996
0.5274148615550102,0.6637086370780573,0.7087814578447508
0.5422816605212084,0.6143788449781823,0.731917797704341
0.5359576033730175,0.6255342060018996,0.7091155722876239
0.5176101544519356,0.5888702703092945,0.7147581424556968
0.5468679024152705,0.6346102891869093,0.7128374981433955
0.5334770223744292,0.6204904354473443,0.7219520281771179
0.5139219180703213,0.6077091374355137,0.6727021562083226
0.5259347868886446,0.6181869482399812,0.6885492361324377
0.5529857007470136,0.6320795027091978,0.7197078807645774
0.5331482392056356,0.6350740302655902,0.7083411580091316
0.5348638802525068,0.6230799085047177,0.6991104809898729
0.5036346802921402,0.5820866926353134,0.6921856902493001
0.5271131881660289,0.6243612620458664,0.6760103747187116
0.5480102985452646,0.6219300256984721,0.734747626641289
0.5208944913478762,0.6238754124171236,0.6964232051077641
0.5445546822679879,0.6190877777778598,0.7475881190630596
0.5153586550311173,0.6060415354916647,0.6773273200261856
0.5268088713852863,0.631865937648434,0.6854182672606709
0.5241824744205559,0.5902168998932141,0.7294783547144399
0.550336251304327,0.6297062177849405,0.7210177942567338
0.5109204553639871,0.6102433357127827,0.6996345888441592
0.5363587377358602,0.6264489442552362,0.6961689321116734
0.5298668122138639,0.6171319477402083,0.6884449743614188
0.5754687008586098,0.6377033211493864,0.7620087375696971
0.5412062280050101,0.6483324714480315,0.6884849254286969
0.5484022001900983,0.6335588740513142,0.7389623644094067
0.5226324622416362,0.6208574875462056,0.6895105953737426
0.5551601314073789,0.647112076603567,0.7249349463084518
0.540673987648027,0.6401670215806015,0.7093330564772202
0.5234858201423549,0.5975849496072757,0.6819044051448679
0.5162562393769079,0.6401515529647328,0.6732325592669299
0.536205114111648,0.6187552419838868,0.7037772630737958
0.5350713476899053,0.6475711637937039,0.679145429823705
0.5447674465488611,0.6233373052505906,0.7325718459993068
0.5560978388770732,0.6680580751691827,0.6991795631562651
0.5721626443741544,0.6564509578790789,0.7627980684649022
0.5680415781934829,0.6550342205587509,0.7258447730853831
0.5636425271462892,0.6525826594449856,0.7488980330517222
0.5507168223973161,0.6384422641041404,0.7211064278544004
0.5555918107128425,0.626602888127319,0.7332172692338623
0.5552889545862355,0.6446803302845248,0.7252309555983161
0.5411104105545272,0.6104778396096628,0.7272781068507301
0.5525862091918828,0.6385500294435996,0.7287949605120104
0.528624736317047,0.6256430900095094,0.6761915324900414
0.5374034287320408,0.6363864572327619,0.6893385108882337
0.5409027043197508,0.6255049224374991,0.7460051085378532
0.5225078246946594,0.5983666380254655,0.7056708749876498
0.5247071690374474,0.6117502088907344,0.7007506858204069
0.5401257362327883,0.6339188891322977,0.7291471566105509
0.5302927332231235,0.6506803524857733,0.6865702011853901
0.5708214186498549,0.6672371570459552,0.7271534508232494
0.5351191409450436,0.6362939770546062,0.6686690933664794
0.5406705738076605,0.6367212706803902,0.6974471685548849
0.5248633541165462,0.6213454112608544,0.6816018548353735
0.5775348518457478,0.6486925322235177,0.7415758408868959
0.5262915487866809,0.6024845511249491,0.7014877192488007
0.5546152116272542,0.6293658637732761,0.7343627728669502
0.5626541716568333,0.6476532603613541,0.7336008313178557
0.5205596702194192,0.5979091660475913,0.7053956703249962
0.5305632901224445,0.6296478659180584,0.6969072829244317
0.5415879769723096,0.6343585912270812,0.7065381140692909
0.5515623298348814,0.6394826833845291,0.7170782066964742
0.5390053314565997,0.6159028869822127,0.7119321188891159
0.5596650955716732,0.6662171811337232,0.7043778989861224
0.5667405169881803,0.6730470578161467,0.7235606099064856
0.5390771999644052,0.6402087517209526,0.6807641980946362
0.548237675416566,0.6191677485749785,0.7304808714002613
0.5244847979542275,0.6174462736955074,0.6811674368823576
0.5366203982041179,0.6217502546728051,0.7521146957724811
0.5551813595014944,0.6643250765004385,0.7244867381581424
0.5316739946949012,0.6139013472789112,0.7164793535404459
0.5324545901899093,0.6092680843308533,0.7304740057240721
0.542880539555472,0.62564715653087,0.7298381386567694
0.5247353122764793,0.6177809566921755,0.6962056147745899
0.5651752846249475,0.6516485571126793,0.7591350415953965
0.5435194423444326,0.6349057617018241,0.7402095835907876
0.5465881977759853,0.6301133304832339,0.7052856210255186
0.5236640827977541,0.6095850405649991,0.7101507084639387
0.5399399665151849,0.6425326715621784,0.7099819559240014
0.5456384443625768,0.6389432503135531,0.7068173886226136
0.5434261804901562,0.6391637178200839,0.7069271113649258
0.5391031514992847,0.6502278546768713,0.6949290439943066
0.5696558315833077,0.6597320888061254,0.7222343754674309
0.5264124480514304,0.6210868301992137,0.7033920507126588
0.5429082274819318,0.6067332757200213,0.7292951553972774
0.5709126312288367,0.6627098263833847,0.7565371251327943
0.5511147679355137,0.6519973064980037,0.7046508459513308
0.5492294045964669,0.6433807639767076,0.7059561231212312
0.5548420917101833,0.6391424516217511,0.7471323409844577
0.5410407811911607,0.6274891796550807,0.7047421443722485
0.5440618411819208,0.6300137229982282,0.6960873807489711
0.5408756575332715,0.6297441238598183,0.713985329309338
0.5383949025769509,0.6479990254305011,0.6807546326082735
0.5151807923740246,0.6176311727682708,0.6403994524169986
0.5303775629940992,0.6199134257124342,0.6760011782456686
0.5491684094987064,0.6353792996030445,0.7141017704587485
0.5448836213635309,0.6046670857730113,0.7732200933446041
0.5589245975449879,0.6506115781286591,0.732752288362716
0.5641076498078105,0.647353350993818,0.7631025070461248
0.5447019532782332,0.6498167189393533,0.7141224123533149
0.5148732476026205,0.6563155942106461,0.6611908490325661
0.5523583261738482,0.638990169399829,0.7429332965479185
0.5864717583073747,0.6728005086128008,0.7827568837627435
0.5451251121640295,0.6225073268012004,0.7254419473493219
0.5427353275578096,0.6334939676214237,0.7114589505562574
0.553496048435324,0.6577500582817654,0.7115768123504169
0.5370665488777694,0.6373953496242322,0.6857494423916632
0.5662364439324364,0.6420235500307812,0.7771691930899586
0.5395570292454885,0.6179358285269541,0.7467872152979753
0.5279281223187037,0.6127661851530913,0.7026560779934199
0.5711672075565667,0.6563643447370847,0.721083872840905
0.5292749482813204,0.6292792152358354,0.7029930104733009
0.544728767440483,0.6159893701717071,0.7328521404475952
0.5503510258597989,0.6323545747921039,0.7114041134352942
0.5447495422381785,0.6224125044318715,0.7226245466213465
0.5150543014744166,0.5914536479029495,0.6806811614960071
0.5598519394323628,0.6391188621797429,0.7635976007763271
0.5183056379894506,0.6244180630047866,0.6729635093986598
0.531878067312033,0.6230055215693365,0.7157777426594681
0.5395379294826028,0.6198992623688563,0.7590880761549121
0.5346499685549942,0.6377969753247065,0.6961264688781494
0.5296760607425844,0.6169133190609315,0.678563451316036
0.5190611285391875,0.6062001282009987,0.7103732986770421
0.5464390143590149,0.6302446365032295,0.7207930696910192
0.5324779564123621,0.6191444960137423,0.6993662374815166
0.5305030244499213,0.6152012076720289,0.7074490175577012
0.5359745584458705,0.6507796142674594,0.6970762360543632
0.5547361283689995,0.6569366336683666,0.7168352783728227
0.5046748045969738,0.5866856041228458,0.6969873510956955
0.5294677278402314,0.6187803927025547,0.7108746572035973
0.5505110133660636,0.6276399355419244,0.7515078789647905
0.5593951098919647,0.6502626456181362,0.7403733822050503
0.5575890864769544,0.6230063449225036,0.7623310302348443
0.547019797293089,0.6403751908777502,0.7045450372470397
0.5247454694553633,0.6211629447577071,0.6832839529324647
0.5338485072535862,0.6242091282794321,0.7228461995996566
0.5334599062448411,0.6077401568138648,0.7235501139924858
0.5173571756594446,0.6222592248667064,0.6718813478873196
0.5547352838137403,0.6239599130882897,0.7205290145030893
0.5468940561242103,0.6401249751953451,0.7301114999585084
0.5436073790141005,0.6191990113387641,0.747445941318943
0.5603056528763999,0.6322796034671834,0.7287674614177839
0.5362413579766196,0.6399379076838587,0.7119433353573172
0.5335523132294375,0.6168515786496375,0.6987518829340044
0.5460104817198471,0.6468071485643655,0.6872118184468554
0.5188277897367217,0.6274736111715378,0.697437656733731
0.5284245669054661,0.6542169598996598,0.6763518069482153
0.5497599960727707,0.6347336083562571,0.7082140651297694
0.5399037545883112,0.6008789272080862,0.7334946488019274
0.5656024134016415,0.6391256055815411,0.7723931172888788
0.5598138691927587,0.6462943784930973,0.7094880311372728
0.5587436370775336,0.6501698770453993,0.7638262395273795
0.5286518656411593,0.6300271631226526,0.706525999594097
0.5415671256693919,0.6101738879999256,0.7090757292066523
0.5252808303296549,0.6194748258901605,0.7099683475493367
0.575069092832133,0.6434082631964394,0.7988919462526972
0.5210679506140539,0.5949478273167866,0.7143490584332776
0.5608783824729362,0.6352306392202113,0.7652587161136961
0.570275059639473,0.6605154952762058,0.7493727100463139
0.5275395196366984,0.6494424923843909,0.6663435325343297
0.5379678860395181,0.6323033811877042,0.6968929262729587
0.5761168241501565,0.6540482266790625,0.7538872770899304
0.5416653413177639,0.6385151030074995,0.697458634632693
0.5296002154694763,0.6309870231087374,0.6870271595460536
0.5141673123608195,0.5960577527280455,0.7118766628356048
0.5322124474808062,0.6086054752731003,0.7167981202782429
0.5206702234864302,0.617518095308443,0.6974841695510365
0.5267526261288781,0.6021482510927414,0.7075691937199811
0.5337453063507936,0.6176796026699837,0.6860081709625745
0.5348918051054861,0.6146831551702179,0.7017201023537524
0.5456155208059857,0.6485360852913432,0.6975077109530035
0.5356369502154227,0.6248879780811328,0.7362967284355224
0.5446415331101431,0.648217250858646,0.6837669544257396
0.5480654328916762,0.6314187830986663,0.7405912153848564
0.5509557810536182,0.6533223302274134,0.6893205857188189
0.5339832126904782,0.6496164737057536,0.6770518047534968
0.5532495478378151,0.6389321903830547,0.7198151309658971
0.5518931881040148,0.6500725234525274,0.7308540549618234
0.5228484151535714,0.6117665702777695,0.6906078727648868
0.5482105576371268,0.6182037763866071,0.717705421296689
0.5403547630684143,0.6179567809584678,0.7186072372778676
0.5415520616940604,0.6410071282095444,0.7148469968604136
0.5375896402215696,0.6558201691653968,0.6944055741707221
0.5396309508910025,0.6369796457313649,0.680433952846283
0.5399938885686988,0.6277561760534581,0.7280999769495808
0.564334903737273,0.6474304486157031,0.7278771872798235
0.5397584645906612,0.6241920554172389,0.7321998594480532
0.5283610136801724,0.6358773767465948,0.6961568435277105
0.5621756525502811,0.6513331934918738,0.7474873964876972
0.5419338725979329,0.6495741569077471,0.6911753230653389
0.538520579842411,0.6233068565854446,0.7109036679993611
0.5188407970424466,0.6320201335734891,0.6961781569341313
0.5534726498212873,0.6313945338497597,0.7327033835151683
0.5344524274832231,0.6107354825198847,0.7300913005263682
0.5512565846517358,0.6181440338205191,0.7380330416164054
0.5675702784001629,0.6720214070897829,0.7157043751590016
0.54133797604185,0.6165847559842765,0.7482472384153809
0.5394048650072896,0.6377498320111555,0.6993974769455411
0.531028188483927,0.6087525721521851,0.7160544649914662
0.5468123535520555,0.6332353484180586,0.7232187366656262
0.5529043599190965,0.6316195177543449,0.7485146580956529
0.5344003019378735,0.6232396048112677,0.768810998716053
0.5233674803741577,0.6514268732709136,0.6796844733473071
0.538502680497895,0.6332421307461029,0.6993489291926939
0.5345883545086864,0.6463836750150747,0.6929925070658437
0.5488114052598344,0.6090156825903996,0.7430760618383009
0.5557562235139555,0.6385504864279791,0.7191880517374328
0.5748550563328232,0.6553514169035671,0.7517836883750492
0.5214585487353842,0.6070988685335453,0.6806806093921287
0.5631591137805732,0.6328144564699673,0.7671075461770329
0.5285910711070235,0.6465854517255899,0.7095068241641933
0.55763476314427,0.6463939559096336,0.7370351893557618
0.5088715374489362,0.6119073576192479,0.6507693068780621
0.5420584419696989,0.6231849610149203,0.748736790882085
0.55722789896398,0.6397475726308269,0.7348398017686861
0.5264239836340969,0.6244147101917233,0.6970514391389009
0.5472938590594826,0.647021698917119,0.6810147329547168
0.534545786636946,0.6197526114021348,0.6869955926620591
0.5349740504718112,0.6234110839601371,0.6937425383349869
0.5596613844452383,0.635304670912468,0.7165770269592852
0.5063849696747308,0.6199584390405607,0.6580325904446653
0.530108243906548,0.6173691141622761,0.7028480578601733
0.5228259327219112,0.5972200236032706,0.7165948382555074
0.5357298851343679,0.6155970056510616,0.7426433316350658
0.5658318479491972,0.6614438362652844,0.7158409364182642
0.5104609471646456,0.6026986674189954,0.7156146499814406
0.5358444124682789,0.6422028432105746,0.7079654072947084
0.5119889416463015,0.5879938303625868,0.6837739121391878
0.5631303459267482,0.6422646140432268,0.7538644544555673
0.5645832772407993,0.6306544292176458,0.7637646493970226
0.5281148733312521,0.6099254676884626,0.6871919420225902
0.5412764693880547,0.6289665917390955,0.6997900122019949
0.5500758051675738,0.6395836506371371,0.729784583723376
0.5312205119075206,0.6028463835172004,0.6995209176613099
0.5378363972597786,0.6136586732813066,0.7659520070073751
0.5619232542750403,0.6760744495258522,0.7151746160656559
0.5479353968160158,0.6172383556963907,0.7511025823215222
0.5300704984238216,0.5862535979009496,0.7070765168261289
0.5362847473324894,0.6176326333538199,0.7589862038055547
0.57477845446817,0.6447011888982978,0.7652889827692521
0.525487993574492,0.6204262510589484,0.6770632880605291
0.5476857900373673,0.6365273899538075,0.7148021078341047
0.559134411320622,0.649031991871696,0.7314829278401841
0.5376951224983025,0.6213126940573055,0.7330712593101115
0.5675687788431745,0.6645962755496241,0.7363527412980977
0.5290254700985708,0.6173758802820769,0.7172223591919965
0.532297709899781,0.6048057732733184,0.7156246504472579
0.5114678859983819,0.6293738187424508,0.6576044172124327
0.5443374069349063,0.6239147379304236,0.7136658504413138
0.5137518489596613,0.6184101376786889,0.6698087036485846
0.5539181989355135,0.6290211251178297,0.7680532279511628
0.5216087860614884,0.6076832221574135,0.6805682521054264
0.5678976080047792,0.6562495333363371,0.7403975930147889
0.5469525150927873,0.6352889891887673,0.7250099602641168
0.5255149838652136,0.6249786286860233,0.6704018304445841
0.5463587841540378,0.6135792167854549,0.7447474504842478
0.5144480788100408,0.6113179840659239,0.7047210596633975
0.5579252231930932,0.6501050775573863,0.7405877944932412
0.5423888008018898,0.6323217500546076,0.7056625351644742
0.5645081653079164,0.6459289593225154,0.7250294714498393
0.5468617743375491,0.6478107290400748,0.7072794782823186
0.5236194856739678,0.6333516935901699,0.6687669263903355
0.5480388538582689,0.6049605970609797,0.7522417439475323
0.5290483151761249,0.5881109548280609,0.7609422136855176
0.526174185241978,0.5880545330201117,0.7631561052694464
0.5454385489492155,0.6374821713169093,0.7750405347561921
0.5584240466191688,0.6829058650969811,0.7319264142894277
0.5546178027161448,0.6334763704146975,0.7708875804479906
0.5292184404636008,0.6355398601777718,0.6916434125653272
0.5525838345020095,0.6332127247776076,0.7284395795181277
0.5234554563105569,0.5939068571700693,0.7260146412786749
0.5906216628894229,0.6507055213186358,0.7674752752443051
0.5583857735984817,0.6355038394252511,0.7385912742778544
0.5357585751269094,0.6449664100174826,0.691432156570936
0.5350668287248482,0.6289158787951059,0.7151820118339917
0.514165724116329,0.6133402628487002,0.6842222881840864
0.5352183252399403,0.6017733524005453,0.7436180455335986
0.5304590674315688,0.6205213323199141,0.7096261169291033
0.5104549042955184,0.6220920602093214,0.6645338688051287
0.5411523205146227,0.6275492487034575,0.7049962190031401
0.5532181601206179,0.6123710824169133,0.7653672235085672
0.5367166067366366,0.6161053199528523,0.6805285480152545
0.554269495921967,0.6491909770700214,0.7199175719121739
0.5430724355027311,0.6311365066342995,0.7152088682384873
0.5537720253955384,0.6418235690271118,0.7281762241333415
0.5286658653958686,0.6244768518085624,0.6861688173057633
0.5513603431058205,0.6261097492801206,0.7383771813651431
0.5466278729737556,0.6351501345563331,0.7063598386906651
0.4997034200244871,0.6203897420334901,0.6430696222786529
0.530863586035211,0.651854113217291,0.7265219349705351
0.5467270174030163,0.6397977203180191,0.7275713191279187
0.5329176866756649,0.6401082777874197,0.6573074848142584
0.5520189094537493,0.6286573261220585,0.7176858839591586
0.5611493433736274,0.6348520730894333,0.727708343222287
0.5440963987431114,0.6353988182234851,0.6836155527666693
0.540538884667887,0.6200717180737667,0.7017042234287892
0.5526366168792747,0.6308263801390553,0.7191662367109544
0.5394066955565453,0.6447823094336079,0.7017383087169284
0.5563062083313405,0.6564072574225781,0.6988328597376073
0.5386619586637572,0.6339723127011099,0.6973435449753336
0.5593302353992372,0.6481822089983783,0.7221343531203078
0.5542953170876127,0.6412566451885531,0.718359542399917
0.5283464809627405,0.6129350080261566,0.7092831926836508
0.5591537130134807,0.6381034347527987,0.7368615370014129
0.5664845260885237,0.6520890123974753,0.7302275790544551
0.5629503941761743,0.6350688190263002,0.7477271230640784
0.5321511706978378,0.6057768588026944,0.7068410589204457
0.5258327890089006,0.5998896261609521,0.7072160746705991
0.5529895043084939,0.6452703948793291,0.7156254579056952
0.5527147445955091,0.6540032366999037,0.6996945417406278
0.5331248672650951,0.6289959889213861,0.6912934813359594
0.5499904422866208,0.6339134282435214,0.7209147495887673
0.5439128024102965,0.6282079752430451,0.7025163739909311
0.5417628102869245,0.6294919314743285,0.7113617027313679
0.5462871015272982,0.6385830980282701,0.6924323917465814
0.5387747824281659,0.6453916406284418,0.6787466384831992
0.5729540048025398,0.6506999657490695,0.7451894026179033
0.5376556877976711,0.635018586198309,0.7121386985638232
0.509717282863452,0.5987729672645223,0.7105891324796567
0.5670177339032051,0.6584802353999909,0.7323204807391294
0.5566601875560556,0.6335303150045177,0.7159066013240225
0.5578778048394624,0.6442513168088237,0.7408547879241546
0.5311415457044513,0.6022336411182861,0.7009405613887384
0.5411078125387103,0.6329790261384105,0.7035327025354086
0.5711518186776819,0.6524907308254252,0.7662708176794761
0.5717174533209901,0.6357217714856379,0.7542788509760276
0.5319684718641937,0.6153980569599659,0.7032803123453389
0.5623824127155477,0.6333363898580027,0.7576100057746302
0.5350182809669015,0.6364511012555303,0.6980687373598389
0.5595725107101861,0.6857120152393215,0.6949458148697859
0.5249647731403402,0.6370077234198327,0.684358143381559
0.5361980932968174,0.6227473601222485,0.6983503287081738
0.548418972037512,0.6667412600660605,0.7034623103062572
0.5383303012877474,0.6319932489078695,0.67258733437483
0.5395245293516668,0.6184248405589452,0.7093892074282669
0.5633734999337879,0.6453360323895861,0.7152573203398569
0.532858042000796,0.6442930869766059,0.6896075545274714
0.5561695670149336,0.6393298770400092,0.7370479616889408
0.5053942098229021,0.6204235852653018,0.6393546919030695
0.5420020525092613,0.6207919098071464,0.7592728729832899
0.5761235954122842,0.6421704302989155,0.7340298202529252
0.537428327337144,0.6171700376502888,0.712914284392729
0.5447426679666391,0.628069995422513,0.7463037647321547
0.5231956679676323,0.6447003499453211,0.6690318962761903
0.5665885248535129,0.6405718121899528,0.7804993380218427
0.5366491168770141,0.6389673417615325,0.6993613091208909
0.54595458445368,0.6276773403371017,0.7197011822643792
0.5466177078653077,0.6566458422193311,0.6907754251557727
0.5335941926627974,0.6013168800911162,0.7230256272230349
0.582340038844018,0.6279291388744113,0.7767334424507455
0.5413769167796532,0.659061767096401,0.7193277169287831
0.5517962076454984,0.6400143283045332,0.7121203652455386
0.529797111832195,0.6361301418383496,0.6846729935778196
0.5455281573037742,0.6244572975157655,0.720793730639525
0.5365578036005456,0.633582264072823,0.6979449782167579
0.5264960035248987,0.6493118381311502,0.6783085459324062
0.570295693744153,0.6621686042386146,0.7427508654058421
0.5326855003543431,0.6091702278033173,0.7285533434593908
0.5016792798615647,0.6238285772995787,0.6660457652309384
0.5316280142578763,0.6177877598638072,0.6974672861943599
0.5333361958901586,0.6271944821315256,0.6808596529495514
0.5170568936211852,0.6008332704867595,0.6695623949360764
0.536213568598287,0.6147091915634926,0.7099376481247087
0.5383935600037606,0.6009170976648514,0.7480481193170001
0.5299487989444314,0.6119073957417936,0.6927483134210616
0.5561482070900166,0.6415408134318499,0.7408206829129231
0.5526239199172839,0.6300276779929256,0.7700084556802308
0.5293816388688217,0.6382089507087321,0.6936513389154775
0.567273461730977,0.6608438657914637,0.7606631437674467
0.5103152950606437,0.6186197012184217,0.674356652744255
0.5598322589786027,0.6306194118354139,0.7313920173881471
0.5259911351405959,0.6102838909279494,0.6994692427345361
0.5435786794531733,0.6461674701643331,0.7144978336116924
0.5409541446171272,0.6421125495408408,0.7272784122133922
0.5353292448734274,0.6170298125211326,0.7060159720300635
0.5516044206345271,0.6404301023862818,0.7021095721695565
0.5510708835561797,0.6570022554982465,0.6933104708872351
0.515038897676342,0.5943094457508488,0.6904974372698068
0.5430150765072989,0.6483308002471478,0.6930076755161142
0.5350584879607504,0.6112884566388164,0.7108601246732007
0.5543354043463444,0.6162890223484808,0.7213998195591573
0.5789492115624133,0.6570011500186009,0.7335365795828275
0.5131877695606853,0.6123541616542765,0.6648270446594247
0.5301460208822588,0.6276086630216061,0.7030055799630223
0.5564527812699547,0.6449366931968636,0.7044731852647439
0.5544886543404153,0.641980683030065,0.7180495026053317
0.5410002961203936,0.63744313603929,0.7005795575534155
0.5095673274715131,0.6210912949408586,0.6484840308891697
0.5462521771661243,0.6203286733455922,0.7330833828435372
0.5477611863876368,0.6067962674535022,0.7690402601520009
0.5505377698944989,0.6373137484652321,0.7384683644446549
0.5586705414029367,0.6528582086530201,0.7108112349642678
0.5291312781200213,0.6211132157316469,0.6782391851897261
0.5235435189437432,0.6019586678262957,0.6747800175455386
0.5236175712080104,0.6318650387501362,0.68451266204326
0.5483366284653061,0.6196101851205735,0.7474897335477735
0.5164831590606621,0.6092067295634412,0.6978334646363341
0.5546949548011342,0.6409736635584327,0.7000607509275852
0.5406061523962606,0.6535176299851015,0.7151259180282742
0.5663598852236337,0.6433697562582029,0.7431437871313917
0.5450893910270177,0.6235318377261575,0.7205582803685318
0.5504049940289903,0.6488121578261504,0.7073813733948462
0.5285896277918739,0.5907353125063253,0.7701586372208113
0.5215615297266976,0.6092212627615511,0.6948043797202544
0.552187932708703,0.6210130940732443,0.7235912586839285
0.5414709297690312,0.6336807734974821,0.7141507659000068
0.5624851406140753,0.6606929567071318,0.7322774638689825
0.559099416678626,0.6346187813081071,0.7480293569724588
0.524136187294385,0.6340525874138586,0.6802622083612628
0.5405961812404764,0.6478607543843152,0.6892371268216172
0.5481825464633228,0.6614355899538559,0.6757439832525125
0.5272760516716175,0.6054026224034657,0.7246781509158039
0.5211811651221155,0.6031494592364299,0.6988621387520422
0.5468707931715753,0.6437141008361627,0.7354861879361978
0.5708452753435512,0.642814365081821,0.7660781485522703
0.5379750482722303,0.6566349316520192,0.6936278478030444
0.5505280301423976,0.6296351592834554,0.7134985048616085
0.5393996637290005,0.620780942767519,0.7104380013813409
0.5258119263587021,0.6361277003194079,0.675182082434255
0.5338909580247273,0.6372839166339324,0.6813296168773627
0.5383206898972542,0.6144776328724936,0.7033086639409959
0.5526199865857471,0.6333933882068254,0.7342524028559767
0.547080711312871,0.6325067218439734,0.7191219424049539
0.5197455677278824,0.6233361081571862,0.6770240737614245
0.5567393849509025,0.6329093903978962,0.7178315039807449
0.5389363443264472,0.6601866397482464,0.7094231675619543
0.5581630176712264,0.6594717347933886,0.7245252604025574
0.5422794145986194,0.6379162503460009,0.6936318237578994
0.550707292307919,0.6297387530184951,0.7235549153974317
0.5475416375181846,0.6433673520224862,0.7032665970062919
0.546940455245123,0.6305631069576964,0.7256323213939629
0.5482426267740668,0.6407015225055911,0.7211046412076533
0.5368271120826262,0.6253823021932271,0.7311003540875969
0.5216563991558318,0.5984039388480241,0.6919611401619398
0.5074892801807254,0.6057921400639374,0.6761368929842869
0.5648307504288748,0.6457739755818388,0.7359309841373551
0.5367065018675936,0.6264862809951672,0.6995346654187763
0.5260223471023501,0.628684328314573,0.6881009215480293
0.5640790307318562,0.6428322499741236,0.7487935747899447
0.547446471309341,0.6471948794457275,0.6960478360940431
0.5386550184209368,0.6205296398649209,0.7067344882403552
0.5668206155496138,0.6521068953116934,0.7080798365401422
0.5516663244992137,0.6628436228585811,0.7738476328942959
0.5417004644021368,0.6340945985765738,0.7198535967282802
0.5330756850847705,0.6155384821810659,0.7169740903010587
0.5492198167083587,0.6665941712574966,0.6828997120347222
0.5468352718380453,0.6329139810159284,0.7167211181811717
0.5199041634296154,0.6174373182617248,0.6895863139545244
0.5244695248256093,0.6226646894729615,0.695322086193233
0.5468426872358852,0.6381188166743013,0.7119267559622584
0.5717901123407606,0.6425995723408814,0.7409023338514698
0.5078523628018611,0.6000955553200459,0.6758649386699632
0.5447200666383133,0.639290720528892,0.6988560441067672
0.5384733198078007,0.6232369688621183,0.7349155765591562
0.529257198606435,0.6058641300296567,0.7204888136507438
0.575065726338698,0.660551746220332,0.7193019281574428
0.5288850563976079,0.6245195210488032,0.6970224487070823
0.5434795878065843,0.6370183171237835,0.7205880356689701
0.5781472324523358,0.6835014927315965,0.7256766156818898
0.536640659102683,0.6143044275691237,0.7061374654084678
0.5368382084426817,0.6229480636182021,0.703652988040923
0.5501817405759062,0.6409850386257243,0.7206797399948816
0.5361609401064358,0.6291001757736298,0.7083401580388085
0.5382210285574303,0.6381311533418791,0.6957274616510746
0.5519934128303957,0.6449493176537358,0.7187997780033086
0.5512612627799798,0.6469516845489273,0.7318693045259594
0.5366703381595506,0.6223047933409953,0.6954565276303382
0.5417468212385657,0.6233541238542121,0.739211683099749
0.5590303404348119,0.6557602613165586,0.7348032653145493
0.5366487689450544,0.6305415248312147,0.6973888422904426
0.5036749221407938,0.6034787664391736,0.7063381929310178
0.557405878217213,0.6300661840841645,0.7551582046386289
0.5437749728152531,0.6193246199758646,0.7326195761815183
0.548941747792498,0.6649732427665963,0.6893801823966124
0.5483561851863167,0.6641742523920604,0.6922327972146057
0.5415418605200049,0.641103064146529,0.6969798030977349
0.5425434018171126,0.6342837289107915,0.7165378400770509
0.5480304438037096,0.629345285621829,0.7633585830573503
0.5287284992755571,0.6344650196523841,0.6930204591379534
0.5440568474436834,0.673074551467694,0.6721039898155182
0.5411197657892393,0.6065758008591728,0.6970673553699054
0.5496690945226573,0.6379303395223433,0.7167000610589582
0.5084362707936446,0.6109442271990753,0.6542904198361925
0.5481393168159836,0.6285588423829133,0.7361923167030581
0.5804711797861671,0.6699587632925609,0.7154383063261759
0.5341794224150893,0.6324889026914405,0.6836079699181628
0.5145503966405592,0.6091483271932447,0.6769857062186495
0.5344496753031918,0.6316291429915659,0.7007124138178094
0.5637351950702117,0.6509483812476169,0.7155019067969329
0.5616354926090473,0.6604259162389371,0.7300119028138066
0.5191958809720498,0.6389014468521311,0.6569695996726904
0.5119992033810805,0.5987879181576335,0.6787236473106222
0.5284174495780808,0.6281046952391697,0.7030244598417213
0.5288774584263327,0.6156205552377594,0.7119880676827863
0.5227284430223978,0.6308076463119057,0.7016053546025325
0.5444850913466448,0.6431339694246744,0.7065058851395415
0.5677453385821581,0.6454281582565232,0.7556515947830487
0.5269790157060897,0.5913464809572833,0.7081211987390755
0.5515557877605174,0.6497722361727912,0.7083402114412718
0.544278103335989,0.6429050016180713,0.7209898421674596
0.5472157364987761,0.6651032698906296,0.710156035098467
0.5098593562421682,0.641558416462261,0.6690337705092564
0.5913878679062334,0.6807001510517274,0.7514341620416414
0.5500301820649126,0.652370851726099,0.6938484129348867
0.5352107066819602,0.6155901614768413,0.7464228540335422
0.5329976969918736,0.6338754983113268,0.7117932928749201
0.5453154644146327,0.6166357413374943,0.7444930899893913
0.5498623775061082,0.6186473119367379,0.7243638115743011
0.5450411606883093,0.6120334172754935,0.7494813348902543
0.5348315186645369,0.6328248241806086,0.7248371925006074
0.5203065716736139,0.5926059373102206,0.7164793659621675
0.5643199157786435,0.6418208502599629,0.7502757330140567
0.536541743170454,0.6245406199997756,0.697879395289253
0.5577833097551432,0.6355988865287953,0.77265639719671
0.5238540141131894,0.6209965034747671,0.6729683659036632
0.5433768956211484,0.6117690585371345,0.737224278227817
0.5388088116814219,0.6167143921837654,0.7453999993807722
0.534913283240472,0.6240785167231242,0.7056372612150912
0.5531751893582765,0.6279322437063197,0.7534266590650635
0.5471855151623782,0.6209741342547616,0.743646581121405
0.5466128196128477,0.6291076966034257,0.7005301585097211
0.54236714314735,0.6295308651530349,0.721939803971284
0.5589420040854107,0.6249292612838077,0.7634687719954053
0.5321150848190167,0.6158426122890616,0.683022761118715
0.5648601413683546,0.6517088871281268,0.7718210763836013
0.5217768647929446,0.6339416923271113,0.6653848551327234
0.5379253052015752,0.6380501976307412,0.6922679262754536
0.5287079789913021,0.5850307466354905,0.7389644986406253
0.5252277886553488,0.6209092159331451,0.68623568442153
0.5579347318497375,0.6464056521132769,0.7307018425581748
0.5406485904941619,0.6143037038551625,0.7390214691465421
0.5251217343822796,0.630635540361579,0.6963863499730212
0.5517500805060681,0.6377139755652359,0.712630457078768
0.5519167866848002,0.6212607373939638,0.7211953862945423
0.5505405154060616,0.6453005729571109,0.6938577879319249
0.549115458751959,0.6220373723243622,0.7593725669954233
0.5483928991587168,0.6325819694924626,0.7131386586151577
0.5563059023453305,0.6421989169912302,0.7287941360667166
0.5428034529147496,0.6023636810452391,0.7327898848638233
0.5527719925242198,0.6407596583113091,0.7114188049783636
0.5689500940268627,0.6774451628378904,0.7390881900296578
0.5557556934073062,0.6404399382139859,0.7343158353196887
0.5443011871275363,0.6420164766199306,0.747140468943804
0.5633107110690171,0.6324781709217858,0.7605259534745977
0.5672076975881096,0.6369692988161748,0.7641596971690829
0.5539976874539493,0.6407937032741148,0.7295288031979915
0.5243173543489476,0.6189690159203566,0.6818294149637093
0.5336082978608048,0.6395835241879224,0.6926698269381057
0.5458394378175625,0.6438498184628243,0.7120867327617301
0.5322138697719108,0.638887333470449,0.6922218228093538
0.542984071136162,0.6378756918987483,0.7191632729901408
0.5604904351469322,0.6587148444275799,0.7344454792644309
0.5359999132904503,0.6370391504735733,0.6709968461229053
0.5233195826121733,0.6122481241973092,0.7049191140488281
0.5605882472968653,0.6170288536036945,0.8034616739973146
0.544766727814293,0.6173911541002408,0.7357444428374579
0.5410015386447342,0.6512640568459253,0.6917900122833565
0.5355956687637193,0.6091624140350524,0.7113615143690172
0.5327511449940894,0.6221948264092828,0.7218753412563629
0.5369696389455564,0.6304203454453787,0.6815545187686901
0.5433741266475732,0.6278884578698399,0.7416876709341049
0.5427440059584737,0.6529857301246947,0.6981431886071978
0.5436443782485256,0.6392364966623609,0.697399824697296
0.5598069730242784,0.6462631102846406,0.7416110145269629
0.5664043293682525,0.6608447894216902,0.7155521797610214
0.5429520656851343,0.6515715907995324,0.6665903715322624
0.538791531749504,0.6239011891987049,0.7239154000289997
0.5445107829951622,0.6349299938426993,0.7048158474939816
0.5366818430202361,0.6199239546796641,0.7094473661776989
0.5459584377832408,0.6223578683167856,0.7451627696590305
0.5274769661136082,0.6088893315569397,0.7091142780396528
0.5435355257506932,0.6272132043341899,0.7111130799830314
0.5556944696110382,0.6461827279056461,0.7318133760036646
0.5452609059838508,0.6184869011795829,0.7246841056956828
0.5320235756662353,0.6107631742367622,0.7531118039539274
0.574606165370469,0.6511886721368775,0.7405532447682667
0.5509563290345614,0.642590334011749,0.7061505563727384
0.5339361333036643,0.658362153352088,0.6751925124165501
0.5477557061811711,0.6343122727315014,0.7091811729755985
0.5306052712155406,0.6466513994931004,0.6707858098413993
0.567069158261968,0.6519927527837143,0.7411788801541681
0.5435321526089356,0.6142051533606476,0.7433643485001703
0.5633638824283452,0.6580945653608478,0.7096311498636613
0.5247369066007093,0.6356262014991841,0.6661303577333635
0.5412977056173366,0.6290826492248752,0.7025941602274947
0.5375431746304368,0.6033384892459462,0.7461567354600391
0.5612220455917138,0.6429038959877343,0.7661601559879446
0.5321067230418478,0.6130864698287678,0.7151810411063144
0.5494939654542089,0.6480011189196078,0.7310112162951355
0.5243728413744976,0.6246423007704167,0.6711833412412315
0.5293432670514422,0.6407837835368418,0.7239023505815447
0.5359135843189454,0.603898738333028,0.796616140193557
0.5190499804526574,0.6200588855727807,0.6979673044241562
0.5667888200005252,0.6468952439329414,0.7419752567964732
0.5160880527739441,0.6216628301145114,0.6726059578405217
0.525845151756919,0.5923715348308807,0.7240736735505301
0.5470034058771867,0.628716319962543,0.7198481861643751
0.5066421705642324,0.5802482201264285,0.7024188219427748
0.5291149710453381,0.6119995197465774,0.7425446539114803
0.5410955922700579,0.6372473865749325,0.6975519788628466
0.5391470430860081,0.6411973891644813,0.7030083186222944
0.5408119989109051,0.6411712427693145,0.6926078625411827
0.5452298899735334,0.6015874549761616,0.7349341009999795
0.5448559072877482,0.6374002221303174,0.7429845088671944
0.5506555680803934,0.6128763788996346,0.7529251780197102
0.5349338219704574,0.6548377085570553,0.6896766670711136
0.5205793050023073,0.6157421209727619,0.7079662686728792
0.5248071345081066,0.6132320288722741,0.7052038129408661
0.5213274205652472,0.6065586498952411,0.7079425549230326
0.5393997964635358,0.6454730521115511,0.6679959617336272
0.5322437744132374,0.6320478147380606,0.6982108563962711
0.5540621155251582,0.6244956775280255,0.7181756986015195
0.5774619110719598,0.6989943539005735,0.7177713376313781
0.5345556856438963,0.6311543903690113,0.6968427083217108
0.5492471620048611,0.6434364029066202,0.708026375109509
0.530747982972085,0.6132189546326413,0.7167432702130146
0.5477787171362061,0.625083090682725,0.7047759926837338
0.5367678596711674,0.6453961461866824,0.7100383444992063
0.5382848343072396,0.6244953746698818,0.7346697086923427
0.5559497718002513,0.623213364984584,0.744967835115303
0.5744269706331346,0.6498444050946004,0.7530506546104774
0.5581873593742227,0.6456488334855426,0.7372695251731254
0.539871527966828,0.6156057497051748,0.7085478401793366
0.5489879390375572,0.6458372995143985,0.7268120597394614
0.5387909564674811,0.6306865150069317,0.7220978089832499
0.5467430521894177,0.6268553188058461,0.6971890838873646
0.5613793659160344,0.642908993149281,0.7373072128381838
0.569739967421597,0.6501831214747099,0.7219101540134416
0.5343829238289404,0.6280829095528538,0.7215935605350536
0.5464238779349875,0.6410884651316627,0.7060992826202901
0.5436405955818253,0.6256748723586634,0.7222965231254038
0.5657893980455141,0.6525018763286725,0.7295975169452007
0.5214726656794041,0.6100487795762948,0.7172480492699325
0.5427140556283356,0.609884548220877,0.7363131417127791
0.5673635917070753,0.6279260837337128,0.7479268133533894
0.5592722583779952,0.6444895334646783,0.7344230013557701
0.5194157575428874,0.5943555598711537,0.7184295322234309
0.5393481874776795,0.6504877207733625,0.7061156797436781
0.5222771054911568,0.6234135291797162,0.6881140223661952
0.5337630888280251,0.6242227656383238,0.690497857875641
0.5474061852539429,0.6344591573242822,0.7228944278783167
0.5219792865613933,0.6172172525113168,0.7122203790481555
0.5358847770789343,0.6272795216796732,0.7133292398121491
0.542287234283865,0.6437429099800205,0.6797382766233032
0.5301827031853323,0.6266492724521006,0.6756015584021149
0.5312162382087292,0.6235478498423608,0.6776614348695914
0.5476395209795683,0.6481551942879799,0.7235542948959441
0.5414278418163112,0.6252194036180776,0.6985000761254867
0.5474096504495488,0.6471366097914492,0.6965141786252848
0.5302119720205372,0.6356077227814032,0.7137384041632688
0.5217490907903123,0.6295077981379426,0.6850726213725622
0.5463979930204356,0.6390476661828978,0.7707159920273603
0.5363871731585973,0.629437479382883,0.7179126484567817
0.5282141776526786,0.6115373566746745,0.6810403201328451
0.5399515633482092,0.6608438158916554,0.6822929812412123
0.5325273571811627,0.6125403236322896,0.7423155717437239
0.537012499738119,0.6384218830222421,0.678461329618741
0.5142577571650395,0.624994152704967,0.6866578330066215
0.5313672551821254,0.6148634903764753,0.7096536210515336
0.5195000076222716,0.6132173972205618,0.7178645785894472
0.5615600673448388,0.6294001134128733,0.7159222426372216
0.5218879719266232,0.6026994273981039,0.6995180138770876
0.5582861474153198,0.6534173594338714,0.7115947667204331
0.536766436331319,0.6184279571458007,0.6924749665015827
0.5535517733101999,0.6378090308167811,0.7208203650552422
0.5297668903240796,0.6148565818112024,0.6780118745914645
0.5498977982235426,0.6340422244194975,0.7398128479607321
0.5663482674793393,0.6658697991409901,0.7120473864056329
0.5289126546218805,0.6013361533618283,0.7113566823688611
0.5436549477869235,0.6093993579380025,0.7328722345566693
0.5670319915277103,0.6543843200078352,0.7290650312634441
0.5179346540523683,0.5879544514054883,0.7210010518715432
0.5579914326874558,0.6504613349591412,0.73085698018178
0.5368760579846757,0.6402660150629201,0.7120847350518099
0.5366446887553372,0.6256542778793979,0.7028824864048969
0.5522687768699872,0.6276970006950773,0.7285510441035612
0.5544200578398253,0.6213968376002351,0.7433018449646959
0.5250521762941065,0.6096857564056787,0.6956484543509472
0.5236677561531284,0.6086990207936323,0.6883077761341428
0.5443572206498225,0.6313920083451985,0.6970325601582275
0.5375988488157631,0.6565912278995936,0.6641587686153692
0.5461907061845226,0.6225210871775088,0.7164818955925104
0.57676506903225,0.6591718042312451,0.7343582936408269
0.5484401460356679,0.6177511314571402,0.7237424010377944
0.5281626634608486,0.6154367066005652,0.7085227320537613
0.5150979395636196,0.6134123111606967,0.6797944935959039
0.5402491363448755,0.6436077851607149,0.6719905068413355
0.5463775453870103,0.6311624043336159,0.7339187572892734
0.5460141390299948,0.6053926630098116,0.7249869215875256
0.5603013311976991,0.6650187006797533,0.7329592323518455
0.5466776420843709,0.6306891818127991,0.7370942755548568
0.5545553766199176,0.6509575205312355,0.6922844489582302
0.5384706126793772,0.6174131649980111,0.7305717670592615
0.5479083741249907,0.6265977933082243,0.7042596801659333
0.5342503982420826,0.6374233868307527,0.6959889656912224
0.5463766258023472,0.6418508483864899,0.6946429001720711
0.5640896510442033,0.6434914828675973,0.7057238643943652
0.5596042246408246,0.6445281817927682,0.7306564973657903
0.5519587764252218,0.6381173540900426,0.7142764316377769
0.5250336448098126,0.6111291052743684,0.7102474906380171
0.5197851955665242,0.6104256828793074,0.7175723758314141
0.5655029820839036,0.6742107423217669,0.7174397979035047
0.5324590266394734,0.6387449008520425,0.6925720803860659
0.5323647860425565,0.6140765279203922,0.6905935199496309
0.5065188593230622,0.6236876771611031,0.6441630198327549
0.5265296035395234,0.6318625731162449,0.705574534649745
0.5363275431728015,0.6262140184650276,0.7013944707052007
0.55845735636637,0.6253505032504343,0.7488359919034291
0.5569403656666363,0.6448675357101326,0.7217175502601668
0.5181352309992829,0.5798800731109626,0.7311927473378991
0.5517048282381639,0.6570100177681727,0.700245727205049
0.5752299102658316,0.6723845052775083,0.715334696612961
0.5080864218615153,0.5960373102336429,0.6779223306107877
0.5224997321603118,0.617292445290381,0.7008480328050223
0.5246073992797947,0.6142909508147998,0.7242688315660166
0.5482739038437333,0.6444710325836768,0.7152260826069694
0.5291833840411417,0.6237798065315432,0.7290097143595685
0.5608679328116707,0.6590572130715215,0.7020320362543828
0.5397272277103333,0.6318171811377846,0.7086514161769331
0.5307303161114812,0.6246370560513702,0.7105873701766698
0.5480929420192221,0.6236474101251884,0.7351100126570017
0.5492904078569807,0.6328391028032487,0.7357667750950561
0.5237078662273182,0.6341438878575253,0.665898579130165
0.5354698194346058,0.6259266639835337,0.72662233219735
0.5624630471110066,0.6544468385803276,0.731217193138758
0.5237612197352756,0.6016395648596976,0.707554233182449
0.553106072981125,0.6080941394846837,0.7614405106284665
0.5434446847309375,0.6426922792398183,0.7057127020099455
0.5285632694757331,0.6108698884841366,0.7209341085309922
0.5647660420536359,0.6480163838310666,0.7612736869499949
0.5338969837172834,0.6350003778295524,0.7057165672340371
0.5459365226450308,0.6177804839204655,0.7254151875023125
0.5298665086784033,0.6189777365877024,0.7292720181112017
0.5247926289679685,0.6022755472475847,0.7022039498288293
0.546597509033699,0.6121083996149228,0.740112097971179
0.5432377369065277,0.6190117319028957,0.7109971501542529
0.5452176882614556,0.6214197185740793,0.7455299648183857
0.5412015418409448,0.6356906267992222,0.7256494445548449
0.5488005183026771,0.6620409146159258,0.6932882661630947
0.5321860073550795,0.6380670603430375,0.6721463869810468
0.5220020697945605,0.6051382138049981,0.6799448550717294
0.5451975432049012,0.6583149048720545,0.7194483785989906
0.5512115864461588,0.6457386230378629,0.7179614882984177
0.5349581146012079,0.6108566435201219,0.7055615700826071
0.5510557804853476,0.6312377402734561,0.7090247094885954
0.5474424782970022,0.6273035039575392,0.7217259513435755
0.5589884302493847,0.6588360939615292,0.7054398268174397
0.5035394207784053,0.6142228492209955,0.6772473383686851
0.5399511402024465,0.6359124724215675,0.7071911751872133
0.5386826834864423,0.6136212296108216,0.7285986674906423
0.533347587670104,0.6408436792963714,0.7121138623929147
0.5420862593920216,0.6565347196535175,0.6828853826466105
0.5649230752332672,0.658755420546385,0.7271070741786825
0.5665069265665862,0.6452883054642564,0.7463042396626092
0.543475053172933,0.6657529672038488,0.6960712530096198
0.5514570730313502,0.6213657398308364,0.7654211637816485
0.5334727485080487,0.6176600483942764,0.7099842391257722
0.5491337060242579,0.6613369064541655,0.7180117321076058
0.5208850303075826,0.628100540440619,0.6998492270262956
0.533245972636869,0.6297535050198536,0.700101878121771
0.5588393025747983,0.6645740426450821,0.7191929268374211
0.5304034388396108,0.6164552548679267,0.6864332503854097
0.5321410882997817,0.6167099129966153,0.7128621795264428
0.5274319862810041,0.6224875707746207,0.7151614652443321
0.5619692980558738,0.6304533577664198,0.7612885835489783
0.5597476063620348,0.6711266229115047,0.6952426740264346
0.5309610335213439,0.6071986774116058,0.7226263970078783
0.541407218677184,0.6245053600795729,0.7305198880959289
0.5361514613587316,0.6282531016993462,0.7139781505506546
0.5280514357642752,0.6197767754058261,0.6816918202283007
0.5434911591193805,0.6422918285208816,0.7368365834229453
0.5439654868404232,0.6391757563456522,0.7069644323881286
0.5312187037284126,0.6265521596347753,0.6894609325263058
0.548069703519553,0.6653841414499876,0.6929498819003764
0.5501443112712352,0.6238190485822801,0.7253237025309034
0.554148473029292,0.6338533400763223,0.7159761538069029
0.5126487334676734,0.6061596226670448,0.6908390048025693
0.5441272568294936,0.6164427427859414,0.7293214091670417
0.5614159237846466,0.6238576247584633,0.7373317801228072
0.5527634702496693,0.6381031928285537,0.7297150097105991
0.5546362651024582,0.641100034825694,0.7125417805976177
0.5655414867157426,0.6503216056223395,0.7416809575276728
0.5282814764480133,0.6040375263001981,0.7022269018192611
0.5314154830495089,0.6174746074261575,0.7243760703304577
0.5536676988284974,0.6354306287380967,0.7253861622749375
0.5629774233753312,0.644716326813495,0.7500463969589964
0.5303498567786084,0.6225417025719703,0.6927712807021946
0.5476232251666918,0.6309554423226538,0.7226505153043373
0.5361638945185577,0.6501777523508564,0.6809720002539089
0.5498472271344006,0.6687024909401801,0.6960982472084151
0.5203459419564177,0.6035556519299266,0.7041505872785357
0.5423361345648184,0.6497059003557605,0.6810692310931944
0.5396859109492945,0.6249608506242346,0.7153442832296473
0.537960557508005,0.6127680144918821,0.7086599693291311
0.5422928503854904,0.630868448417337,0.7432230393157083
0.525984375651209,0.6235252443196319,0.6663792820401698
0.5156248491669573,0.5994100276347317,0.7073395098797752
0.551498451095424,0.632120736956947,0.7193806836983755
0.5150667917716567,0.6182769013602714,0.6771858001014226
0.5430018526806814,0.6357190732671344,0.7195720237340737
0.5458429415438053,0.6233731281842518,0.7252242946702523
0.4991041908357737,0.5823878200991406,0.661990804936877
0.5462403990569935,0.6157099447143777,0.7186700390963376
0.5524257382643258,0.6617940323332945,0.7269189718663235
0.5052421852170018,0.5971013265600281,0.7089892829647906
0.5409644525556524,0.6291938633368244,0.7068772871921533
0.5326912690273535,0.6169924902051788,0.718693565141001
0.5318810141523652,0.6058180070688062,0.7222959527501908
0.5298478533683626,0.6226674263826327,0.6898920275119513
0.5221530681190117,0.6088689709852082,0.6709177324409902
0.5368368224799123,0.6299673376881529,0.7725285558763916
0.5448137395704884,0.6248475176730546,0.7127736452964315
0.5348991528535125,0.6137423060576978,0.7001303468645653
0.5170146099705761,0.5919717533776855,0.7111263842462759
0.5470579925701259,0.6688423778704462,0.6828032937477159
0.5666619424453437,0.64145932645515,0.7358432834715619
0.5599501490994169,0.6336055544769637,0.7852948562363771
0.5551811475704921,0.6456883071786659,0.6872307270677034
0.5503858481222674,0.6216868399140566,0.7313214028451225
0.5399462865624004,0.6397170463326445,0.6744832305416508
0.5330697882570052,0.6127245542101566,0.7250479652329571
0.5646731301507594,0.6326843128595678,0.7508117053444323
0.5418715762208179,0.6308848810244106,0.7312972878207217
0.557022316407114,0.6678982818879164,0.7345080710400369
0.546343744825243,0.6194667437641243,0.7210146671241394
0.5326463958524379,0.6435806516069381,0.6978800126799664
0.5389553175988941,0.6387995952749648,0.7056722307432275
0.5506654038662733,0.6328916783152411,0.726334439575828
0.5627870522407815,0.6444024924022116,0.7250900039892018
0.5477991384620976,0.6331709036399494,0.7250604363752657
0.5201522699824566,0.6072491841995435,0.698345696987673
0.5460652496967402,0.6489963612111712,0.6971433746245759
0.5269160834588059,0.6059862511789631,0.6965494899098217
0.4978473628928514,0.6044584216203879,0.6578424263252939
0.5446568530999011,0.6285798633618002,0.7549923360557943
0.5176690836895907,0.612527085164514,0.7113911927087786
0.5531086411892696,0.6403883729542653,0.7456157191476673
0.5124516031393914,0.6328638705539354,0.6689790442498941
0.5473868399331909,0.6408062049571722,0.6989524233727653
0.5165902948247205,0.6068541743665066,0.6955873200761062
0.5114533129256853,0.63121981210828,0.6476862403219131
0.5210914625701754,0.6328135378620777,0.6628973187722265
0.5337123572453897,0.6126388598183917,0.6992856789406724
0.5037799834186059,0.6017411817355929,0.6635472767802342
0.5492312058858899,0.6362053409937299,0.7115376107593185
0.5599969270372521,0.6234278533137705,0.7603122293002024
0.5411156352728552,0.6364053948616868,0.7081331374650272
0.5446660521817208,0.6259043888207584,0.7115735453936414
0.5503584087567301,0.6308564107701602,0.7206394550686268
0.5477357129922406,0.6450746162763168,0.6892509537110798
0.5283022079551222,0.6066363100726023,0.6880016897495401
0.5505861373904524,0.6439804861167461,0.7424989939081387
0.5433599698386062,0.6304376087205575,0.7062604852246779
0.546959924829459,0.6528906026177504,0.7101135827719902
0.5738141037933125,0.6534118453482827,0.7698816740657307
0.539761014492017,0.6349641697102998,0.7044070409426955
0.5124809647832771,0.6181860322665711,0.675340000442295
0.5412384005733989,0.6315579132020841,0.7358992101060583
0.5507173028872746,0.6239882125540556,0.7338938823875218
0.532075211824833,0.6320387851868322,0.7205072529328096
0.5342353417218144,0.6320474413340815,0.6840029848357652
0.5484176454762244,0.6349733768229836,0.7167624177886533
0.5589820590620826,0.6493218885260384,0.7612368213403703
0.5363644211971729,0.6280778437532605,0.7299960236498471
0.5380552732863142,0.6429176365682489,0.6951334279199867
0.5036877035164647,0.6375540295263683,0.6728957945662281
0.5196716258583427,0.6193239175404508,0.6953399349727063
0.555873506710039,0.6452842393312517,0.7657932380485398
0.5149911489454231,0.5888073262503972,0.733010059106857
0.5175928627482415,0.6253800966665201,0.7371241211925802
0.5511592793996193,0.6681051056243714,0.7305078438665062
0.5250116656168073,0.6362698395091495,0.7127661022185515
0.5169372919998819,0.6416583605988575,0.7210949717755585
0.5112734405930958,0.6144667797536247,0.7122722152498531
0.5330720111674553,0.6526525650210337,0.7022989487586645
0.5098780248900371,0.6272929176567426,0.7101447423080625
0.5529107706473562,0.648619124469611,0.7594189786712658
0.5084868171957906,0.6410334594713953,0.7567414488116608
0.5269978009084793,0.6470499621094814,0.7409940401314775
0.49161573863665337,0.6632555383260222,0.7052803639459124
0.5050793728087312,0.6436461375278606,0.7223417318647621
0.5256106710791287,0.6819255338537005,0.7615619597208727
0.49563629520300934,0.6452276058651323,0.6919911429314147
0.532776658921164,0.6604629028241965,0.7680298254282871
0.4899271589816964,0.6377520291696367,0.7377799779305778
0.501830904835885,0.6722605033219621,0.7065086309108589
0.5040830512558941,0.6922429636628732,0.7585821658581551
0.5106667963248732,0.6700649270614659,0.7391195460936943
0.5181167799264242,0.6614892729168896,0.7645500957151762
0.483644935413675,0.66554560826614,0.6749891263077036
0.49851889394124593,0.6639321912746378,0.7445021783193385
0.5100898635435815,0.6882074235870206,0.7001366069024528
0.5004591804236629,0.6744527999241728,0.7540525056781489
0.5023950214913921,0.6772597680288365,0.7040108691548752
0.5006447174198599,0.681478811833211,0.7649969791573078
0.4856572123981835,0.6731910895816856,0.6913630371610547
0.5092676588772198,0.7149765728322676,0.6916592480555829
0.5095444612188306,0.6581819953965247,0.7241775417931489
0.5136048731006593,0.6805258122120235,0.7424906010046459
0.4829205636748146,0.6414823582172291,0.7003325649334697
0.5139643064094019,0.7007046169517805,0.7465864487930677
0.5113291648781488,0.6854290465105889,0.7588413246467419
0.48001535552747226,0.6657297812393286,0.7187119203112584
0.5019317127704629,0.6498612032103871,0.7536418183401294
0.48006649622556086,0.6633190976704431,0.7129049217017345
0.49191011689175396,0.6662926234793893,0.7185948041189419
0.48664849965458534,0.6794952188456408,0.7325629564207027
0.485263342087233,0.6642374969089766,0.6735059193276908
0.47444023196311214,0.66514657542158,0.6803971130996613
0.5097451062778008,0.6830687408537455,0.7343244270919526
0.5178300686180393,0.7126485453208609,0.7144292685374483
0.4962127247879874,0.6999518791521981,0.7118043812871677
0.5273251092236522,0.7195144078545223,0.7905741792217116
0.45743712902391176,0.654259037462131,0.6890429913077676
0.5133117852217567,0.6907330467488445,0.7277400536197209
0.5148154991994401,0.6957686994378127,0.7568888723730985
0.488528078178655,0.6750289610982619,0.7233557871012419
0.49379485772451787,0.695999184713418,0.714632042115504
0.49895631138006635,0.7016076485767084,0.7272198516091938
0.4949712225688238,0.6829112843093645,0.7059784053406294
0.4755184283296795,0.6945360523796098,0.6959074650818916
0.495526333257922,0.7161555439846566,0.6969794274300596
0.49704624711484374,0.6917501542798211,0.715421834954178
0.48587667645732746,0.6924919006434053,0.7111896502615354
0.4976650941377203,0.7074587375029597,0.7218619694045616
0.4992208486421457,0.7409603707901031,0.6964374025098127
0.4803188345020184,0.6931571622012285,0.7109183139116112
0.5044566254570912,0.7362669757629529,0.7422786426368994
0.51931629256767,0.7563415357960068,0.7527552072366768
0.48643132733051403,0.7159486674040169,0.7290127285441568
0.5185087857206383,0.7785886664993059,0.7606536374573051
0.49707299703968566,0.7218877705178695,0.7386559536388502
0.49850359834427127,0.7200911503087468,0.7636565270931303
0.4891559125339994,0.7147043902655703,0.7063686877514539
0.48532929622343857,0.7478346678013829,0.6989095191358112
0.5034857872010392,0.7644688863451148,0.7427899287381844
0.5035144182320841,0.7626573286928862,0.7249517484778264
0.5048866443109001,0.7515498330645226,0.7257235413293514
0.5052190692438486,0.7293607181554329,0.7552224625519375
0.4777242795858881,0.7581078717286094,0.690488844985947
0.48616054465444575,0.7296965837732181,0.7234966899444831
0.4872763102784368,0.7758007752556524,0.6919737449332249
0.5130441453014303,0.7631820061320007,0.7752632668627389
0.48193994206446217,0.7423877312346765,0.7388541520894324
0.47282536781820883,0.7273489622168781,0.7522613684122974
0.47173590951018923,0.7941154306979091,0.7386845805516257
0.5053191940490376,0.7790911970026747,0.7289405250740636
0.4783253809204128,0.7711998732273689,0.734975656954814
0.5041239849712382,0.8432220006217748,0.7407661645678799
0.49982042812201,0.8160312228738836,0.7530535035589078
0.4882508861812366,0.8122731919129564,0.7246006415950578
0.5140447339463577,0.7933769310754042,0.8350894352302137
0.49560536943110894,0.7885788449404244,0.7444835721791863
0.486498498049403,0.7985281127491648,0.7180778542457905
0.49239591350618334,0.807366506891348,0.7177972294867963
0.4851821900924067,0.8374656907892469,0.6925132855792213
0.4935610437770365,0.8018790650970372,0.7423550824674063
0.5005653238582852,0.8157797652220654,0.7380101052959719
0.4804973722861239,0.8883009528787943,0.7378632471289983
0.49732711318477935,0.8425070973881261,0.7393727518893595
0.505517664981131,0.8360628616306782,0.7721644953244848
0.47711426026282705,0.8336813665813747,0.7338491562632352
0.4602979495425993,0.8254594560875517,0.6894023407583612
0.48436719679546825,0.8351904037186728,0.7141198111576986
0.4702872925730875,0.8255857790927656,0.7220968980866422
0.48983479875511615,0.8472576912140487,0.7220343034668896
0.4661144721908793,0.857757498487072,0.6831109428961483
0.4605413997134971,0.8689045076562526,0.6968143636916981
0.46734272300890894,0.8735045781025067,0.7087556858771518
0.4876186286848703,0.8846655915876558,0.7383629525438363
0.4812622674915052,0.8709851808406469,0.7163644664653943
0.4575192741662964,0.8659184231111987,0.7150078388395954
0.4461718994475681,0.9106149663584836,0.6816034694013152
0.4363633378988465,0.8829927219299085,0.7513598579040096
0.46703549818823964,0.90371997563121,0.7191819474567096
0.44804535461760575,0.8551224795253575,0.7412607538730824
0.45239389423728316,0.9180124842692255,0.7416422109750778
0.4473515467586695,0.9080721804773162,0.725434010603793
0.450228660513854,0.8943886463357891,0.6813543824291152
0.4713286851983352,0.9440741174399851,0.7738244332187462
0.4335707687805105,0.9635662144918442,0.6820021983658693
0.436532622835582,0.94471695307686,0.6928099697798357
0.452373894123785,0.9498392501929708,0.7437485528506493
0.43937526902259705,0.9113690421755456,0.6969709945189253
0.44669084029411427,0.9730055029156864,0.800771443634234
0.4434817090089979,0.9147478973244768,0.7321271474881458
0.44102185720519366,0.9712811668878332,0.7730481200023805
0.44935281806336397,0.9765275882998762,0.7155029430562304
0.44455932979436497,1.043925933275185,0.6955393691727998
0.4474503382841974,1.0624398263872334,0.7020409797556062
0.4379366140861464,1.0557163501697215,0.7335824119571304
0.451021186346813,1.1016735238079047,0.767245065628856
0.4375130674470212,1.0996883297205715,0.7105749585172046
0.46106326456235786,1.1325265019655124,0.7738375816897206
0.47678492622643037,1.1108277915325686,0.8199582905532041
0.46342501900828004,1.1459283877169408,0.7870054667884123
0.47112137176136953,1.0912611208638383,0.8678542877251738
0.47735059165620275,1.162751763588065,0.8168285108939272
0.459767314336893,1.1199387611297051,0.8838695642872136
0.4778571460068928,1.13181085371619,0.7860205385712536
0.4893527078709484,1.1491131330890674,0.8442959532928239
0.48060096069772484,1.1367510571282076,0.8400464818582601
0.5103350853863146,1.1144451141550948,0.8683871790278046
0.5090096052941494,1.1591948461049824,0.8908258212566318
0.5032399600195797,1.131980784456991,0.8551608354500467
0.501871800230052,1.1323702452708793,0.8349791098262485
0.5664197605859398,1.1765689610494237,0.93906688388086
0.5412357087909035,1.186399169495021,0.8766515485944238
0.529969228857267,1.1445087797237874,0.8640570460923357
0.5579773167829928,1.1890757245982082,0.8488013132816736
0.5695033858670269,1.2092110674069758,0.8668093108382589
0.5128355353215263,1.1663916204795752,0.8565272012271489
0.52622918874719,1.1749083111845315,0.9037599538372748
0.5618875555460917,1.2330482400439526,0.8555463264836395
0.5308200936835137,1.2123760214432295,0.8943733466083169
0.6280457607471557,1.218006917544324,0.9264103071656032
0.8642159677067592,1.3025779213167323,1.0873709520316035
0.72974771550439,1.33429797959491,0.8979083413427511
1.141606641881852,1.4691576340664243,1.2213621103399317
1.495574889363658,1.5687534902745468,1.5482685603002302
1.5053639390880724,1.669902446609083,1.52599322485035
1.4779443317090324,1.5178681268153484,1.562194177725853
1.5072302607878607,1.6110250379056763,1.5462732203947958
1.4655724229475628,1.5616650487880148,1.5221855100678092
1.457454688533628,1.4930487219754385,1.5501656973650169
1.4836568027450099,1.619939058887364,1.5397423101040717
1.5230471190348476,1.5747937449063245,1.6206620042286106
1.4216659305575414,1.4942431418213085,1.494007357493072
1.4671814285164317,1.4992590040290432,1.5533287935771325
1.4886161649659138,1.557551209889206,1.545764983036985
1.492975865191087,1.6014561862834762,1.552314193248214
1.4619437498043004,1.5467773131428073,1.5284047595148704
1.4650461265230745,1.5309738842715133,1.5422004360259425
1.5029051468963404,1.5848977119207186,1.5580602681566953
1.4370720262280277,1.4958020148530178,1.5450694462620105
1.4591543722543543,1.4926548936904802,1.550564380589457
1.4423766415209758,1.5063367195882915,1.5204976415180864
1.4642073597040826,1.5079195878417126,1.5408357766877654
1.4661248448233097,1.4984865228173667,1.5593376254644418
1.4744537346275333,1.5913668235250242,1.5211035822090957
1.4345010681363404,1.4857008262096003,1.51131279378754
1.4966444443047857,1.5578243149260913,1.5689599411697477
1.4417514408162326,1.4944480714362416,1.5194708071712353
1.4585809414132667,1.509775799180271,1.5529132267495789
1.4732546974655147,1.580233560265622,1.5316942259804316
1.4744988586464436,1.5123606576722428,1.5801228833493297
1.4561088114794984,1.5078464185272191,1.5599554011741892
1.454360849466115,1.4986964365986584,1.5303912852964456
1.4594786709700411,1.5339484056282362,1.5590432009641981
1.4800638072105552,1.5519794557340267,1.5712746523922076
1.4928597855269612,1.5396948083935675,1.5816353969771668
1.4575482456966962,1.5052485003634366,1.5414404584446315
1.4584943848346161,1.5032795316976222,1.5233866190773655
1.5152181044253723,1.5637991955165844,1.6294745642676105
1.4889030980251352,1.580596204183318,1.5389494363326464
1.4972486156397928,1.6048261267732191,1.5610090441018536
1.4448737463024341,1.4963736301994848,1.5332606210996276
1.4741540909790505,1.5471478291622682,1.5459883492070838
1.4783532416024239,1.585175350450829,1.5430266765458274
1.5258684434011571,1.6442545478590425,1.5603558542363587
1.4539819893302677,1.5040676507602129,1.5627941390680442
1.4909303242425385,1.581180913868178,1.5411218735371393
1.440304757370303,1.4813322574153531,1.5377698730730776
1.5173540590258225,1.5723266333712371,1.5951603768307638
1.5065883096287305,1.6281707300232162,1.5595260228394106
1.4842833706613283,1.5521399050429516,1.5592564502900632
1.4767554304058406,1.5447260738899171,1.5428601433189388
1.4667800991173656,1.5586727911618383,1.5295812623216856
1.4772559234803766,1.5118114745739044,1.570914971550753
1.50607627376704,1.5606932292664533,1.5936336895139056
1.496954383933329,1.5531683723143754,1.5581098080016702
1.4615548182389009,1.483240396306427,1.55467862568414
1.4356833352074054,1.5429825997799085,1.5147888150256563
1.472580881019568,1.5455063707568948,1.54070607820863
1.4583608306002631,1.5080877530882577,1.5536443836409315
1.4484026187363368,1.5130898536606399,1.542523434076508
1.467313868479048,1.5222024794494926,1.5583637098989431
1.4414365906284947,1.4800619757064375,1.5495222671674216
1.4332904548501952,1.525627371302111,1.5125755081560048
1.420664150352258,1.457826540044806,1.5265940446293569
1.414986995789427,1.465607380113516,1.5059824414309244
1.4431885985130946,1.5133931626368438,1.5415248689492351
1.4050056504047577,1.4575262130418338,1.5139236506793778
1.4152107654924324,1.4762035256481782,1.4935618093262175
1.4286701842409995,1.5168521004866216,1.5059991581381942
1.3891632706840553,1.4179144038647116,1.507660386128875
1.3908811048027974,1.4899366106180585,1.4463414120505738
1.4048690648081703,1.4759359134766177,1.5094786764088248
1.3927241401795998,1.4458884808398846,1.4793411070405746
1.4125306018540666,1.493347858423714,1.4797527850278038
1.4072950799861856,1.4952783746339022,1.4714714277813457
1.4109342693480318,1.4572524809704166,1.4896007454330782
1.4106613493983946,1.480045690069646,1.4905869903994042
1.4299022827914185,1.551007112033469,1.4813469719953147
1.443010190475464,1.6002100518011357,1.5104767641311898
1.4151779227619639,1.4828921525778176,1.5181862805515336
1.4013957939253074,1.4655911843506348,1.4714168599587074
1.40101245707038,1.4628304777438277,1.4838015627112562
1.4523261986495601,1.519861408001577,1.5311150833532725
1.3928965588599964,1.5403886683638617,1.4425116315911246
1.406087947584754,1.5139154448649836,1.470678118322668
1.4033419453043228,1.4976524523985193,1.4609425383945984
1.3829363299176265,1.4408837655515452,1.4618525709976702
1.3654732402061485,1.4561733639267604,1.4717737880835833
1.350692183740118,1.4668237633385768,1.4095264341730558
1.3351345405585537,1.3930285042267807,1.428693403503235
1.3631083715921195,1.4406820787794892,1.4436605763181718
1.3266242905772039,1.4409535050251991,1.4508985638127874
1.3036699433255432,1.3824995355175402,1.4022975749127196
1.3453400230621793,1.4011913179617743,1.4302568209724098
1.3481989054019123,1.466015682775826,1.409979724459699
1.3313869329922523,1.3703499765765172,1.4382535589012049
1.3549222671793713,1.4284939808749706,1.4386493565476757
1.3212766387140464,1.3645763201159775,1.4632324946887545
1.3286032857058458,1.3983250819116182,1.4357291482016623
1.3272596086067174,1.4009090246178058,1.4112124106048864
1.313643882589876,1.3799401565592242,1.3964928274119186
1.3142438956731284,1.361990908348732,1.4369109653893586
1.3113900259053004,1.3977905441611695,1.4107747498651555
1.3083057641423568,1.3761341899343862,1.3802371313645123
1.3072415125922798,1.4102413307663653,1.3961865482825837
1.3290899440756176,1.4491726741003097,1.444790783934314
1.3061192755247488,1.356841873171776,1.4092221445735218
1.3508259997777055,1.458544000127405,1.4457416799378786
1.3230941677739838,1.3867524747364508,1.4009089644356028
1.310348021822626,1.3613132106395829,1.3990034949711765
1.3354854143625376,1.4106216750659346,1.423362121355525
1.3488484654035955,1.4543611239978476,1.409393673880708
1.3391259558273259,1.3933324137685523,1.434124660403005
1.3336487482103874,1.4335989905250115,1.4055563314963877
1.3359079493771815,1.4101049968433992,1.4218850190249392
1.3355217015587064,1.4014758360400421,1.4486028926037848
1.3557712491119962,1.4301692505841983,1.440242054570654
1.3253952121299037,1.3793490823289232,1.43542285606493
1.3683417778765397,1.4840353955896035,1.422630383128339
1.3251431787287558,1.3780532500108351,1.411325804710992
1.3326624613658746,1.4214429493532013,1.4424358250131857
1.3313330885013357,1.4247908147355457,1.4192359684047955
1.3562640438594613,1.4320441750070174,1.4530911739511156
1.33406758846122,1.392146971779051,1.4314655640982143
1.3442635972836072,1.4155731851208782,1.4315330905052968
1.3314462434048209,1.3862594144698202,1.4360206357199232
1.3432457546468528,1.3859616240927364,1.452409698046046
1.3342382951150342,1.3636868017420694,1.4810449957257312
1.326698833146105,1.3760889113169068,1.4305388158666172
1.3230459801826675,1.3725971011198783,1.4437427190543854
1.3240502164889394,1.3801994066008916,1.4168400014829483
1.328706907975749,1.3884450730550475,1.4236408409955816
1.3418186051873295,1.4574306498735683,1.4219549905656967
1.3553852407615832,1.4198868693412932,1.4444624586672563
1.3098228472976348,1.4124539326577912,1.3950033193872036
1.341074571636344,1.4224818229837988,1.4329787862886008
1.3231246221295498,1.4040944973703988,1.4164878104685237
1.3064898559929277,1.3540770834244236,1.397867924912243
1.3203672745782202,1.3737519634300142,1.4266446315913788
1.3255591927573476,1.4299191992546736,1.4272116302633533
1.3042034368189275,1.3757649946783943,1.396810932093424
1.2863137343417776,1.3485891236211824,1.3999820429330359
1.2807926437986183,1.3590088663026358,1.384431688488425
1.246761415496274,1.3391629159095104,1.3751561304854183
1.2319053469956909,1.2759698019597991,1.3500756596722283
1.2654061101795788,1.3340869735106105,1.3674293418923915
1.2232790392827315,1.2933429984675058,1.3260546433736269
1.2499822390990663,1.3610909958751072,1.3427200412166187
1.2431299260687274,1.286059876805456,1.3814327051215582
1.2450095591665187,1.3220190468582018,1.3820353473707687
1.2497054518584376,1.3331421406704969,1.3463067481330433
1.2375298470709646,1.3355750787601792,1.3424114202403614
1.233421743100437,1.318122128303945,1.3376611489245556
1.2615309233797878,1.3215271674276041,1.373279765056446
1.2222444271358237,1.27416310316463,1.3311466342302096
1.2468833932168177,1.3358597997404384,1.375682763936653
1.245727916991287,1.3299164970261486,1.356806599908301
1.235618479201571,1.316005258567148,1.3369240516299634
1.2164696493095035,1.2570549875038606,1.3426650489707033
1.2226990515771146,1.3091710007136457,1.3107743748152196
1.203521229093987,1.268736655508889,1.3026662310273716
1.2323836742254393,1.2902249440006504,1.3450078687717604
1.2441663871257063,1.3360814490279262,1.3440481878813964
1.2034673026192737,1.2742371722778123,1.323003241826891
1.2267434640105768,1.2943454620288177,1.3529331438025272
1.221020421610926,1.279950933830257,1.358239999953741
1.2221736823160811,1.2825481979306488,1.3277351372693744
1.2171263145814786,1.2807804775513056,1.3512920544963734
1.198527373368046,1.2644319157781032,1.3396608222627828
1.1900509913068995,1.2385728496566122,1.3284650747284907
1.189247705256527,1.242209963863404,1.321371837333544
1.1887951149627616,1.2613771249152668,1.3192037412714646
1.2063370333447154,1.3224676107161648,1.3060521389283806
1.1990221642582903,1.2661092853002858,1.3282374041091207
1.176996294537719,1.24440300959825,1.30591221603301
1.1899740900611087,1.2501049703526583,1.293595630800428
1.182828129930637,1.2539322556837642,1.3142228059268468
1.1897750083051986,1.2692235047515414,1.2964999429909625
1.1977348517398807,1.273157156212347,1.3129393781590588
1.2003485134992973,1.277514596161364,1.3009499514011893
1.1832417631831906,1.2730692028937791,1.2936186283768778
1.2022193144092526,1.2869568696757303,1.3305957446261532
1.1849562559933289,1.2824664892596902,1.2829560337145216
1.1976285110090394,1.269519226798412,1.3188978139194685
1.1951355550136702,1.2387922527814526,1.3380108185883597
1.1940968999711197,1.2482728353047527,1.2990723121969014
1.202111701022512,1.2703667907175935,1.3177782865591872
1.1870619426413127,1.2902537961650085,1.2784271748097549
1.1770090874996515,1.2610032735799133,1.303241472265631
1.1752097663648098,1.2307386127183744,1.3025842440929558
1.1769039463569517,1.2836107079209802,1.2889724359397523
1.177958159661955,1.3150928445000027,1.307819075735112
1.1766094876783855,1.2264680056321788,1.3045043556686562
1.1677262705651046,1.2357829296639844,1.295124139289846
1.1593064452893824,1.242562796833527,1.2807054074151012
1.1668034681447952,1.2489350890645312,1.2661272909838046
1.1599094182768395,1.2593824499269537,1.2788571582268546
1.1638693164581488,1.2471855114464996,1.3170058024517972
1.1554769248664793,1.2541850862125472,1.2795926855233837
1.1657331797120682,1.225263110790879,1.2949869719048523
1.1646751318032869,1.2454062895216809,1.2796963054257586
1.1684407907215493,1.2367024107018811,1.283932407339509
1.1754697511606575,1.2619434706921522,1.3116748390160755
1.1799159415324338,1.2498192398604309,1.31438672704884
1.163485885358187,1.2216461885549648,1.2821469232147598
1.165223254807155,1.2559269543283744,1.2883106466303322
1.174379200473352,1.2472478829713205,1.2878283737217884
1.1732672782779374,1.2693137671407748,1.2952021707487031
1.180191966321044,1.2215408839538098,1.2946747638274625
1.1850751470712537,1.2544977646450874,1.302126459853599
1.174302707919705,1.2542913681802512,1.3122514479753706
1.1778455838992465,1.2596820465343597,1.3097087431457153
1.1682612474924066,1.2151829279697068,1.303258901536604
1.1725701246710356,1.2608741893222488,1.2831568723045728
1.1670676967083424,1.2090788271794897,1.3291646028182376
1.1698197619911617,1.2294642141988508,1.2918965942707084
1.1873684565495224,1.268219574296271,1.3080528982494235
1.181033916727781,1.2479157053013779,1.3163403657124064
1.1634045471064498,1.2158996064978842,1.2887248455819889
1.1769619699358087,1.2469704860900452,1.3057821073645357
1.178178987025583,1.2567600002320047,1.329123919648402
1.1722805994260546,1.2300921220909071,1.3077219221088432
1.1841006899040705,1.26615667689246,1.2968497716074894
1.187353545225579,1.2639800751627916,1.3122317577810676
1.1815256730079735,1.3045971929425293,1.307465268117896
1.1716189122120064,1.2400767158952737,1.3109514609736297
1.1787283098210615,1.2742756238474482,1.2985563657822112
1.173992512637105,1.2384038527843562,1.3078100847868968
1.1729713893128357,1.2744581777998238,1.2995764187317826
1.1589475134359684,1.2043952639561974,1.2755916506999596
1.1803549888439973,1.2920889811947216,1.2870013363423465
1.1825931447808962,1.2540911720750705,1.3223539789256582
1.172518096800909,1.272842076646521,1.3126671508687582
1.1493010318367836,1.1897098633100365,1.2850284317926417
1.1586249930924577,1.2062703743274268,1.3024259517993075
1.163180153272028,1.2789804697547362,1.2808014141323738
1.1704309210041948,1.2641729715867251,1.3000829463148489
1.1594118038503725,1.2198735675537078,1.3086384138796079
1.1532928004538128,1.2397616534340374,1.2785958586048751
1.15476633522442,1.2180014552658096,1.2974921536197146
1.1357166137402586,1.2101603235836838,1.2754762953928491
1.1306259554417568,1.2178384261654542,1.2620029838913431
1.1252143247673194,1.161296339883045,1.2558014858593247
1.1216234387967587,1.191929409701263,1.2557576671151838
1.0766711012485146,1.1308525262541491,1.2048867260629583
1.053496739738795,1.1067680203886745,1.2052984846063244
1.0452162316891802,1.1072616295975095,1.1978998229191644
1.0406976598915125,1.0963793841494007,1.207284022608825
1.029840381934166,1.1024301419882518,1.187410895956338
1.0243763783384892,1.0897675916092109,1.19978247607487
1.0239540457101255,1.1611706439324958,1.1470423966025158
1.0314829278733244,1.0904131860044846,1.1688783592303371
1.025595825219949,1.1000025147195902,1.1806099344610683
1.0228055794295536,1.1121022561970997,1.171331603219086
1.0327838124025222,1.0903573215744684,1.1804501868835393
1.025811749028404,1.124083298588278,1.1842051942235672
1.0243781635722304,1.074445233655828,1.1807800817816292
1.02508492457604,1.1203712947762805,1.1639620938961177
1.02971285588518,1.0920234440483176,1.1669394631448868
1.0210720564558537,1.073418562278195,1.1825725087668062
1.0312345596212675,1.105170155733655,1.1871759727781337
1.020167599992129,1.095736286948266,1.1478046545086755
1.028611255927771,1.1061859830437824,1.1756796949809318
1.0279961226048353,1.0867614515837227,1.190778456693948
1.0346262945031155,1.1000829479226837,1.1851944095980018
1.0257136515523047,1.1046912361343373,1.1947476332608655
1.0242038341572839,1.1154791944572515,1.1647269769875677
1.0298011947789678,1.1035795539215223,1.1634610286360283
1.0265227844974287,1.0795857962333353,1.1639756361951377
1.0315476822820553,1.131045366490188,1.1519677853537302
1.0290683167543848,1.0816821249545754,1.152944279532083
1.0311745442358429,1.115006390374636,1.162014674253366
1.0324732541924027,1.0965515131225707,1.1599588903213398
1.0352451700334642,1.1275931614294037,1.164487194167522
1.030778218673818,1.1183826144368256,1.1668207591078454
1.0255715482314092,1.1090618494234583,1.1499835425694849
1.011331942732259,1.0662659547048308,1.1638290400795597
1.0076093412094247,1.0773757384614742,1.1456836582733738
0.9975308389711052,1.0635670425488926,1.1418379780169874
0.9988201980844018,1.0946906201973328,1.1531174597068834
0.999018930639032,1.0718209043831095,1.1464731086901006
0.9975073123975124,1.074422391524078,1.1641623710766789
0.9976546052342193,1.0898514669657928,1.135314913414092
0.9946872002317856,1.1298991948615464,1.1478529548396437
0.9991625277657671,1.0651385019755668,1.1450055953915808
