window_size_1_RMSE,Exp_w200,Linear_w200
0.5019510035494142,0.6798695581997951,0.6069673712411633
0.5044281631890791,0.6480606130279508,0.6296731958762087
0.5093374574740586,0.7006329818830761,0.5959074112162085
0.5099577678510643,0.7517150188609353,0.5859803991849879
0.5440557182685999,0.7249109681718318,0.6475329408167991
0.52807713728812,0.7312128207637365,0.6141695763780883
0.5333475165308075,0.6842804706125988,0.638747730867723
0.5250579041596012,0.7572477961573497,0.6001457322686384
0.49998657479754227,0.7375106476017261,0.5812180754033968
0.547216097825218,0.7445038529209438,0.6493178122238819
0.5218093274520439,0.7171604534438875,0.6100380303984686
0.515719629677153,0.7338027519393574,0.5981252723049318
0.5422382329320411,0.7446913155715578,0.6408404509136228
0.5419931667285108,0.7340153343943452,0.6332506480501231
0.5017438957942548,0.6764519854686993,0.6081416829481013
0.5146722432345008,0.6999809594470779,0.5991866085175458
0.5215946127965828,0.6939286146413928,0.6113837512821386
0.5428982842124949,0.7541326404709752,0.6190537789571449
0.5036699637824907,0.680010248411494,0.6039499841639988
0.5200490562879533,0.7179537656008528,0.613590403190152
0.5286065337555174,0.6952078949470991,0.6291661745730434
0.508472166877597,0.6898289866473613,0.6086511563468396
0.5159642105525294,0.6831020342028518,0.6312460276635882
0.5127888755540051,0.7762947275350319,0.5881444286175735
0.5161520978978983,0.7217639226199587,0.5908301698509224
0.5254828961449137,0.7216727126819258,0.6020700902670003
0.5136372325479871,0.6862295074182105,0.6222910445111078
0.5282272384620286,0.6949152612968531,0.6406257447466678
0.5752834018193744,0.7864815260079275,0.6704942633533506
0.544889463282318,0.7485152131137167,0.6269862672225538
0.5156348971310303,0.6870194391627167,0.6182651063861736
0.5270122026568085,0.7067547503821858,0.6155000092346482
0.5231999609506062,0.7297133914364469,0.6141111649407035
0.5290430912730365,0.718039803691724,0.6181943605296133
0.5243690327412556,0.6976190609145304,0.6334037442711863
0.5579665359918864,0.7118932250699183,0.6678234895492986
0.52310033606195,0.768909101159947,0.603268522349839
0.5520700634916993,0.7341709398533538,0.6331436747340891
0.5353422278050726,0.7268070104046992,0.62598796636319
0.5361158977329405,0.745102136356007,0.6254363187411723
0.5120096626543373,0.6980709016660966,0.6291668970912653
0.5150756620469688,0.6693589729087067,0.6268090831116401
0.5156280572019324,0.7042335179394351,0.6017110368774837
0.5588576390367459,0.7531896603615149,0.6385637423453585
0.5045540305045378,0.6852211154854203,0.5964425544999716
0.5060221707156087,0.732560279270682,0.5872187922682459
0.5166601609832961,0.6983632940167674,0.6275733183834356
0.5351848178485789,0.6946601231969267,0.6418950549997118
0.5292987834180871,0.712435982208021,0.6202250195579166
0.5485355195191676,0.7473200370803039,0.6286368388146717
0.512127846560518,0.7049185944599929,0.6176134192433813
0.49497592703176113,0.6965260232471445,0.5950317475362749
0.5047148719163848,0.6505195104829581,0.6273550845911025
0.5286167920560629,0.7582546340292664,0.6119410000702006
0.512799849490391,0.7169614656595641,0.6019405439292459
0.5112511198019747,0.6924776771828925,0.5957644607354561
0.5261424559215903,0.7055255597108077,0.6226785629351861
0.519911483013829,0.7054431854382197,0.6173592538250501
0.5565524123164811,0.7105913764649788,0.6435974095592019
0.5608621625545721,0.7424777822579167,0.6476184201323819
0.5303961384296316,0.7443041843357644,0.6284853539080903
0.5571100704176334,0.7562159407727893,0.6431696881998206
0.5024087534262341,0.6931040129924849,0.5855723325272841
0.5271337010416631,0.7502312431181538,0.6059294256821794
0.5114632187782482,0.7236521930386307,0.6136449451748516
0.5263818653210461,0.7311904678208017,0.5991134128299397
0.5125244490524922,0.6883823230205232,0.6187527271836557
0.5102358144996143,0.6561262972336698,0.6231815222402721
0.5193808168449784,0.6789945116449678,0.6282421965824384
0.5295559415665014,0.6928152931862551,0.6527579950444765
0.5127602596029291,0.7298371976826354,0.594996056577232
0.5431098762852276,0.7444684568284682,0.6475348755052699
0.4908937711782817,0.6744297477837209,0.6206285336705244
0.5259552463016465,0.7011699372250071,0.6363814073959647
0.547449942160048,0.7457520585200541,0.6458651656091186
0.5239446547824607,0.6955712345559474,0.6259851893220079
0.5409256021412117,0.7419602944501011,0.6390158661229638
0.5316984562493127,0.6930480815617929,0.6378925929576711
0.5208109587529473,0.7031365816776565,0.6290524219461909
0.5256851923288103,0.7189729917589367,0.6116303164397412
0.5413782659047951,0.7394250910205981,0.6277638913965332
0.5309443867124944,0.7201697404836936,0.6215957407571104
0.5021507612162592,0.7034862399206638,0.6137976506882691
0.5181470533756168,0.7119403698254263,0.6190335025930707
0.5118059877113541,0.6842663275615259,0.6279861974993681
0.5039232046089195,0.700710844879916,0.5842146715155841
0.5154098539857634,0.6848477283612822,0.6439894906516286
0.5307338264389128,0.6930697152277702,0.6474099617484993
0.5363245151161846,0.6931852590707094,0.6739541987020354
0.5243908976617064,0.7565495655684539,0.5973864450359463
0.5319199723516247,0.8125009501792708,0.6066079308254635
0.5315229545726176,0.6982475419600835,0.6214253678959354
0.5253752825743097,0.6732786067360901,0.6307414627112021
0.5169414108017645,0.6939920053977953,0.6050476999890303
0.5398933693608308,0.7179912901094733,0.6418425946512598
0.5089598641033651,0.7211950637738949,0.6042625246693101
0.5354645506111257,0.7730790814061875,0.605476796711391
0.5083109759938179,0.6792879125561141,0.5982278152718695
0.5133891909978785,0.6649053778651579,0.6251661564258711
0.5644877158480642,0.7321608639315953,0.6586197816155704
0.5277181427983267,0.6843748025616027,0.6251093023031609
0.5337156752183871,0.7011947230099216,0.6430327482237145
0.5488818321323596,0.7513336333176629,0.6363517282655708
0.5323632582799348,0.7600851132852503,0.5941246248207739
0.5233891575672897,0.7032391283805269,0.6428925258608661
0.5189864695445011,0.6861612618784649,0.6234783987879196
0.5184565747483558,0.7308213409724506,0.6004174970327241
0.5480617745298592,0.7183496242905093,0.6427805298987146
0.5336206459120327,0.7120142621884081,0.6344671068955978
0.5292463324072525,0.7458280382194081,0.6128568771429657
0.5195329842947598,0.7050545424337055,0.6059798985754474
0.5179790698824954,0.7174039143569817,0.6067952135990543
0.5129046309384732,0.6688506144635382,0.6158068176450879
0.5232241100294674,0.7096065565053008,0.6160707015042973
0.516592620763082,0.7144022075958363,0.5966368854537817
0.5109062363653387,0.6860449760725078,0.6109390097444499
0.5219713300801435,0.7074674950699934,0.6130823318017236
0.5114706717620592,0.6865129858618214,0.6126070655526393
0.5317248837637335,0.7409264861691699,0.6124840475880869
0.5350254321552899,0.7065452082276706,0.6363837261610591
0.5217705400207857,0.6969201990356365,0.5958986813690526
0.49723401394276784,0.7127918890913185,0.5895660134719246
0.5060583311945939,0.6742252686858334,0.6070912033756831
0.5318549240534228,0.7177403781133713,0.6396407010091323
0.5274585751149404,0.7171211607826763,0.6255282114415711
0.5447981259908458,0.7453495461346391,0.6170368091961547
0.5084307276430795,0.6774532153870519,0.6116692289639664
0.5232810878410147,0.6994939251859005,0.62938999806701
0.5482024862256201,0.7632189970354852,0.6217650425375779
0.5232392276985391,0.6961827176647679,0.6275387113729879
0.5267818743961692,0.7483960109488035,0.6042719599617898
0.5320030744253618,0.7137335913525524,0.6319367663084751
0.522859967691105,0.7124677063823848,0.6135395660285109
0.5006317667524806,0.7014893124518896,0.6090457903943899
0.5281428003870565,0.7116544363441697,0.611466160032701
0.5158029784011949,0.7096628663783363,0.6118034289547125
0.5251228401026639,0.728709968792458,0.6136141745805843
0.52853354318423,0.7484735120797678,0.6264935021462956
0.5123541786473015,0.6977597876154781,0.5955913106355307
0.5358477840554252,0.7176227639972622,0.6417118176019961
0.5350941631380663,0.7339819817615024,0.6045202508308669
0.5137163375228561,0.6970565854888511,0.6314241827248148
0.49814192438433097,0.6812126124572531,0.6001474984774017
0.5164128235635262,0.7298468052921421,0.6009540588353948
0.524113241050802,0.7009230959243934,0.6238935292177802
0.5130193990558636,0.669875793037531,0.6342125249888011
0.507055082741317,0.7050759755886554,0.6137727422583369
0.5134673339946608,0.7418994453425983,0.5824914681014143
0.5482024937417315,0.724383791124207,0.6376498167195028
0.5332466865781424,0.7374689549632556,0.6117251711215768
0.511322449677551,0.7250465122305269,0.5879761178615831
0.5321100541571661,0.7060477379123067,0.6227144583872045
0.545498169338369,0.7744867738465321,0.6298640371989206
0.5394969952008994,0.7432093950329681,0.6353427302708855
0.4991891163781346,0.6715036997126278,0.5979374610631458
0.5252379369359645,0.7153331591227838,0.6479664093615418
0.5420542549709859,0.7343124975889908,0.622830101758922
0.5216465667009482,0.7058491143522272,0.6079135647875675
0.5026568625227955,0.6955465527433833,0.6097721341969503
0.5299956715818149,0.7292968313519252,0.6117586178065548
0.5198956634852347,0.7379903233009568,0.6000434036041539
0.5069442623457286,0.6990110560093702,0.5904371842099666
0.5421324517191726,0.7273295265018765,0.6199530435656023
0.5418263291877378,0.7582659195184016,0.6079827009279584
0.5234246309635192,0.7188308490737354,0.5902796129497632
0.5549185966586678,0.7098292219442829,0.6488902566728991
0.5031562073830373,0.6944825859762844,0.5832938953609954
0.5151971675512494,0.7295272479109047,0.6022837813706932
0.513786469649062,0.7234098376434627,0.607997243440911
0.5274186550893772,0.6734717301917528,0.6193660874094098
0.5302465287046478,0.7161669925931013,0.6264410509464995
0.5376916097575928,0.6964200936751317,0.6472339313101568
0.5460736924640602,0.7310367158758649,0.6387576930430082
0.5127809563244061,0.7102056089981161,0.5979016842061092
0.5131987845715823,0.678304114609375,0.6134074766624537
0.5034566446080266,0.6818728873620213,0.6011792976707906
0.5189731427328977,0.6845865695123771,0.6105156130396588
0.5095918901122158,0.6947104752727526,0.5980318495349177
0.49523887767569463,0.6482524486648782,0.6346310806946923
0.5275784703415165,0.7081993660439143,0.617190063715709
0.5115250746248473,0.6888537794924007,0.6029115271059658
0.5602917181009877,0.7511835285907386,0.6359321251204808
0.5221241375382207,0.6898345979200569,0.6422343226577114
0.5098030959177746,0.6729328136379654,0.6324364678687187
0.512061218305313,0.6618026730856045,0.6269829760249153
0.555961258166464,0.7703397062742131,0.6289336238490053
0.4892673149625323,0.7244765240521516,0.5727415345280443
0.5281874040248021,0.6759969940538977,0.6455694314715684
0.5046346658406722,0.7342831532141859,0.5884525827634822
0.4762953207715502,0.6498548583603346,0.5850092435059312
0.5090637890325739,0.729858967044801,0.6042052705954155
0.5307450615867676,0.6940929584978776,0.638040786032293
0.5405573139516598,0.732564056528659,0.63687269230322
0.5101087448995695,0.7072913219831487,0.5917918774472095
0.5354923938169257,0.7129431315652982,0.6389553925934295
0.5174887119824951,0.7471567348161041,0.5853833624882663
0.5164571020211863,0.6713478994231531,0.6305868379459929
0.5182093247966053,0.7058336177634824,0.6151701566837524
0.520131411619813,0.7219530751700463,0.6066194374436465
0.5079601456010124,0.6938081154755891,0.5941916866546458
0.5201037280902321,0.6946088444926249,0.6281718176383088
0.5254426020283895,0.73244982107161,0.6298528569876064
0.5042856525551576,0.7034402505760753,0.6047645651766465
0.507493479577114,0.6816117502501814,0.6165060587389604
0.5250279443630829,0.7553795356649389,0.6029288895376372
0.5052897741198252,0.7330260191571939,0.5858164676040368
0.5382792016717854,0.7143133635742771,0.6223141996913609
0.5263404692029939,0.7076151810080298,0.6165262644252826
0.5110735177712502,0.7052157271221172,0.5900111505774734
0.5334152023643551,0.7568482242814163,0.6101572831145046
0.515203964486546,0.6805202398260682,0.6259097081919771
0.5486757627745242,0.7273727206331556,0.640136987084576
0.5366010589343081,0.7111378525080261,0.6390220352743321
0.5253134045782998,0.7110668595097747,0.6272413881216005
0.5281797392513428,0.7093271751816215,0.6239428542904364
0.5213141635781395,0.7108593228007885,0.6372588871228241
0.5187967730711386,0.7224532412759876,0.6130343550115434
0.5273232793748163,0.7102690933612181,0.6086406381467006
0.5307747628690619,0.6712159798774894,0.6668747475084666
0.5071846241114212,0.7205996613448491,0.5798278052945179
0.515369674207793,0.7538305021586702,0.6061761027552661
0.5319683318538385,0.6955719259897023,0.6292727898095442
0.5232700409869462,0.7352036728680996,0.6089742784805522
0.501986722386909,0.7087814578447508,0.6159481957089248
0.5358251645020713,0.731917797704341,0.6244825456465118
0.5206079831733096,0.7091155722876239,0.6052883731602374
0.5264456041175634,0.7147581424556968,0.6287965261193392
0.5210284945199455,0.7128374981433955,0.6200478252647688
0.5144656485521671,0.7219520281771179,0.61120826731592
0.5109539444064694,0.6727021562083226,0.6193112063142989
0.5184184346620515,0.6885492361324377,0.6217569981407549
0.5225297167321052,0.7197078807645774,0.6084623800623974
0.502780586256308,0.7083411580091316,0.6105148641668126
0.5205974352773136,0.6991104809898729,0.6215666882855218
0.5222189948402222,0.6921856902493001,0.6363163077389874
0.5284313424760541,0.6760103747187116,0.644790214394058
0.5390489097281209,0.734747626641289,0.6216115266311166
0.5158749653641909,0.6964232051077641,0.6284623213791705
0.5482492028075805,0.7475881190630596,0.6435464326693018
0.5194223722614243,0.6773273200261856,0.6326013326246638
0.5202900460579307,0.6854182672606709,0.6210630180574979
0.531257156675513,0.7294783547144399,0.6048572862807908
0.51788325523612,0.7210177942567338,0.5975680910233571
0.5067913020827125,0.6996345888441592,0.6087938720452821
0.5019294273539888,0.6961689321116734,0.5848172057423622
0.502831533028948,0.6884449743614188,0.6092811190517647
0.5484556045886578,0.7620087375696971,0.620971352898519
0.5391373463495236,0.6884849254286969,0.656319063382341
0.5336314046783196,0.7389623644094067,0.6358475919794315
0.5182025721334029,0.6895105953737426,0.6111880047611534
0.537967006174282,0.7249349463084518,0.6214161353787386
0.5133369036036348,0.7093330564772202,0.6102586451397378
0.5339264901118043,0.6819044051448679,0.646935747154902
0.49269097374282717,0.6732325592669299,0.6063584321628724
0.5136325521570149,0.7037772630737958,0.5991579006113188
0.5089931316942296,0.679145429823705,0.6028653559898915
0.5183956060843804,0.7325718459993068,0.5987786024454745
0.5277170439728848,0.6991795631562651,0.6243577625344162
0.5330476283823816,0.7627980684649022,0.6105050600794655
0.5271654528299544,0.7258447730853831,0.5935303880535344
0.5052165272577931,0.7488980330517222,0.5818291729033183
0.5156553877170927,0.7211064278544004,0.6040599704708685
0.5333820204859009,0.7332172692338623,0.620319963870434
0.5144633830158827,0.7252309555983161,0.6016287332452996
0.519222079552259,0.7272781068507301,0.5988491167628864
0.562318646252102,0.7287949605120104,0.6680350279396001
0.5044175772929484,0.6761915324900414,0.6088918521672287
0.5163839789870288,0.6893385108882337,0.6091368761647009
0.5236986403176429,0.7460051085378532,0.6152092225367977
0.5170882739354357,0.7056708749876498,0.6119531213559715
0.5061304404133113,0.7007506858204069,0.6050476926200904
0.5357110507152973,0.7291471566105509,0.6303221364365099
0.5057659563807588,0.6865702011853901,0.6136618910831593
0.5443566070985405,0.7271534508232494,0.6509590176560764
0.502608312429136,0.6686690933664794,0.6106278554537973
0.5182279293488277,0.6974471685548849,0.6132114077736202
0.5061729624843868,0.6816018548353735,0.5975463373684259
0.5423405025279037,0.7415758408868959,0.6268623342276404
0.5175422839055278,0.7014877192488007,0.6015922368106875
0.5361622099375934,0.7343627728669502,0.624539299813426
0.5449061697913844,0.7336008313178557,0.6308247754639391
0.5191288753529587,0.7053956703249962,0.6115351677024594
0.5180183886301868,0.6969072829244317,0.6303881934969262
0.5111461961208188,0.7065381140692909,0.5957679304782278
0.5241463278843844,0.7170782066964742,0.6248674078346912
0.5277263003932908,0.7119321188891159,0.6144789205826056
0.5310803580131264,0.7043778989861224,0.6240570029945064
0.5280727760566969,0.7235606099064856,0.6171542369622568
0.49787552633364,0.6807641980946362,0.5858298298907916
0.5373368727131531,0.7304808714002613,0.6223873819842445
0.5167159082781224,0.6811674368823576,0.618054071020561
0.5325520050179244,0.7521146957724811,0.6284148274319977
0.4851255404733174,0.7244867381581424,0.5887066048264523
0.5176683761282088,0.7164793535404459,0.6105494299785514
0.5401506565606755,0.7304740057240721,0.619829192120852
0.5139855137665266,0.7298381386567694,0.6077333220982979
0.5187998077004858,0.6962056147745899,0.6122448431041954
0.5254877258658794,0.7591350415953965,0.6112606065141114
0.5437167881287905,0.7402095835907876,0.6363075604470879
0.5349722475330745,0.7052856210255186,0.6422948850046986
0.513375866978071,0.7101507084639387,0.598813315651177
0.5268822925599461,0.7099819559240014,0.6311452780661706
0.5147762799480583,0.7068173886226136,0.5980435843250965
0.5293837107271702,0.7069271113649258,0.6247653140012702
0.4987257483449804,0.6949290439943066,0.5985057895883364
0.5308535393887052,0.7222343754674309,0.6135605676186828
0.5062300822783179,0.7033920507126588,0.5928057280413411
0.528794082736979,0.7292951553972774,0.6147511591968055
0.5315082993241419,0.7565371251327943,0.6028674325486213
0.5368661879100659,0.7046508459513308,0.633723988692024
0.5398653540903573,0.7059561231212312,0.6433719412967495
0.5343340323695888,0.7471323409844577,0.6218055614447987
0.514808707828436,0.7047421443722485,0.5968184997789936
0.5283266945817136,0.6960873807489711,0.6278352332017479
0.5080036369885365,0.713985329309338,0.6023816013790262
0.5053927020441763,0.6807546326082735,0.5971726675653714
0.49931743686128544,0.6403994524169986,0.6033213712751566
0.48614744377341707,0.6760011782456686,0.569161717612803
0.5442309151060662,0.7141017704587485,0.6495406786531441
0.5498631686527475,0.7732200933446041,0.6237407440401266
0.5343959284118303,0.732752288362716,0.6220154409908879
0.5334519992743944,0.7631025070461248,0.6284460187313414
0.5149837770126167,0.7141224123533149,0.6130417473011391
0.49914554778781683,0.6611908490325661,0.6200025940378515
0.5332577498875988,0.7429332965479185,0.6216652628212311
0.5505011949812874,0.7827568837627435,0.630913786184559
0.50652892932331,0.7254419473493219,0.5940679225836188
0.5452144829367078,0.7114589505562574,0.6457475090439394
0.5267532803164322,0.7115768123504169,0.6251176950894083
0.5278269859110174,0.6857494423916632,0.6300405068442944
0.5340612345308553,0.7771691930899586,0.6060839025489542
0.5347499644430102,0.7467872152979753,0.6353674454636716
0.5295418630551861,0.7026560779934199,0.6240965096536947
0.5370901188735858,0.721083872840905,0.6110415435105552
0.5092173016840124,0.7029930104733009,0.6256822132062893
0.5237930305518109,0.7328521404475952,0.6207837936101029
0.532215712816895,0.7114041134352942,0.6164577126383715
0.541114539485818,0.7226245466213465,0.6342558532701011
0.5214554392549808,0.6806811614960071,0.6167876778581991
0.5316445538798455,0.7635976007763271,0.6028270430782401
0.5165653112204515,0.6729635093986598,0.6252953226877366
0.5206882330171168,0.7157777426594681,0.6214339696997737
0.5259956820078863,0.7590880761549121,0.614535036552851
0.5262748983706607,0.6961264688781494,0.6317746495427727
0.5352009490543884,0.678563451316036,0.6568828948712055
0.5177037763506502,0.7103732986770421,0.6128976838162763
0.5234283538466176,0.7207930696910192,0.6075515655721315
0.5338371651482188,0.6993662374815166,0.6254058022090848
0.529015256110024,0.7074490175577012,0.6240032319566869
0.5354301499372652,0.6970762360543632,0.652287040797001
0.5380211071885713,0.7168352783728227,0.6368952708073611
0.5064222970391793,0.6969873510956955,0.6060728892726476
0.5212670400544791,0.7108746572035973,0.6292489625247917
0.5287090911661592,0.7515078789647905,0.6342915482231808
0.5269608192084085,0.7403733822050503,0.6317109845922032
0.5533229460455491,0.7623310302348443,0.6328819042099603
0.5100769461768111,0.7045450372470397,0.5929259082186059
0.5053789925353094,0.6832839529324647,0.6076776366495861
0.5091897713702657,0.7228461995996566,0.5910943934142235
0.5219089446289545,0.7235501139924858,0.6151564949264876
0.5137884149618822,0.6718813478873196,0.6464178945701323
0.5257661765911494,0.7205290145030893,0.61129123670189
0.5166768553271094,0.7301114999585084,0.5980841806186092
0.5291120062714566,0.747445941318943,0.6254983941690289
0.5489601511973533,0.7287674614177839,0.6318183547848634
0.5116925313249918,0.7119433353573172,0.6213943848383793
0.5139525964890709,0.6987518829340044,0.6129203105646804
0.5004115562861186,0.6872118184468554,0.5864074103338234
0.5135809511017267,0.697437656733731,0.633041132321611
0.5267486086020108,0.6763518069482153,0.6539121427084308
0.5400726291444882,0.7082140651297694,0.6417227882458456
0.5105286681195956,0.7334946488019274,0.5937555324222443
0.5382004004264298,0.7723931172888788,0.6158816717784417
0.5343929774209883,0.7094880311372728,0.6250251273184726
0.5588249344874754,0.7638262395273795,0.6561464580396185
0.5070680046167719,0.706525999594097,0.5943965058044068
0.5216749772170316,0.7090757292066523,0.6099347879313121
0.5060820895501188,0.7099683475493367,0.6125229614245729
0.5486872227462397,0.7988919462526972,0.6091074606732055
0.5323127010351999,0.7143490584332776,0.6213829584272669
0.5224161232840429,0.7652587161136961,0.5843062288441907
0.5100911038606522,0.7493727100463139,0.5885991240583831
0.5029675707482041,0.6663435325343297,0.5999860585066199
0.5330792400639738,0.6968929262729587,0.6408784776526811
0.5411475057070589,0.7538872770899304,0.6180699914655905
0.5253395425508899,0.697458634632693,0.629474825245843
0.48691406273859744,0.6870271595460536,0.5797496831346959
0.534207942486573,0.7118766628356048,0.6379166761001643
0.49845880097455025,0.7167981202782429,0.5738772087099681
0.5248923352146654,0.6974841695510365,0.6346256160125777
0.5346576524650737,0.7075691937199811,0.6264462871864489
0.5210712281595903,0.6860081709625745,0.6173533415958035
0.5277855480967439,0.7017201023537524,0.6268990420390003
0.5088253072123775,0.6975077109530035,0.6041318760221582
0.5301309133841233,0.7362967284355224,0.6266852907845081
0.5250388093417381,0.6837669544257396,0.6333306721757236
0.5291289163465843,0.7405912153848564,0.6217019272440603
0.5362585308955533,0.6893205857188189,0.6402295682240003
0.5124166351954232,0.6770518047534968,0.6420141376546024
0.5541751678954229,0.7198151309658971,0.6587996498056331
0.516119142631582,0.7308540549618234,0.6072283330520251
0.5125639245324188,0.6906078727648868,0.6040366783030469
0.5386731895530651,0.717705421296689,0.6146991256787459
0.5326546975287613,0.7186072372778676,0.6253847643493383
0.5118455520359795,0.7148469968604136,0.5963772298108165
0.5045466697122325,0.6944055741707221,0.6061197256918347
0.5093993066232341,0.680433952846283,0.6157763286109096
0.547295407499234,0.7280999769495808,0.6620817375004879
0.5286717019938104,0.7278771872798235,0.6133660132583054
0.5451113521007724,0.7321998594480532,0.6259694187070326
0.5028301115558206,0.6961568435277105,0.5876152828359339
0.5206677604667876,0.7474873964876972,0.6000695260875
0.5216333897608908,0.6911753230653389,0.6255821508312597
0.5273918680057867,0.7109036679993611,0.630762178602972
0.48745848413532583,0.6961781569341313,0.581631800314268
0.5319684284068044,0.7327033835151683,0.623233518281245
0.5367705342187263,0.7300913005263682,0.6444292263163592
0.5633041890333103,0.7380330416164054,0.654099379994848
0.546296754334654,0.7157043751590016,0.6400050321733926
0.5205827669685055,0.7482472384153809,0.6066468250626146
0.5198659223052229,0.6993974769455411,0.6215503194870107
0.5197659710328094,0.7160544649914662,0.6067418820370402
0.5382685221294147,0.7232187366656262,0.638709347089469
0.5366860855309142,0.7485146580956529,0.6204584730412303
0.5311477767324458,0.768810998716053,0.6170380794539699
0.49870706627645234,0.6796844733473071,0.5973275515140666
0.5189979997848783,0.6993489291926939,0.6153742643213872
0.49348259300460606,0.6929925070658437,0.588452941339012
0.5320461554128696,0.7430760618383009,0.6207265510562371
0.538486806796153,0.7191880517374328,0.6255629343199011
0.5305616581435569,0.7517836883750492,0.6159961291313971
0.4985240978908759,0.6806806093921287,0.5971578714858662
0.5424483672175227,0.7671075461770329,0.6212616015835071
0.5159896815876753,0.7095068241641933,0.6278531009773358
0.5294047094221791,0.7370351893557618,0.6087787640527684
0.4956794528116385,0.6507693068780621,0.6106782768208956
0.5373905046581643,0.748736790882085,0.6288914228142535
0.5479733516514813,0.7348398017686861,0.6444082121800924
0.5277207880928438,0.6970514391389009,0.6331646132107256
0.5127167750618657,0.6810147329547168,0.5927695910245212
0.516232200014932,0.6869955926620591,0.6028088924488485
0.5075721733240494,0.6937425383349869,0.6042801440508524
0.5278055587986109,0.7165770269592852,0.6135121568639648
0.48867299539671133,0.6580325904446653,0.5874215284083418
0.5101631789058039,0.7028480578601733,0.6111079336289083
0.5260985813754878,0.7165948382555074,0.6104906197911173
0.5240466719082849,0.7426433316350658,0.5989834517089614
0.5475168342726197,0.7158409364182642,0.636683870608358
0.5111862677667202,0.7156146499814406,0.6271963458995534
0.521797385829141,0.7079654072947084,0.6183667380815249
0.5178779952017833,0.6837739121391878,0.6271772997499464
0.52855647519226,0.7538644544555673,0.6038382901576687
0.5444417947914845,0.7637646493970226,0.6178613260012135
0.5128030769924629,0.6871919420225902,0.6093178405563633
0.5031628789347231,0.6997900122019949,0.5990767207263449
0.5163776440586605,0.729784583723376,0.6038480532337434
0.5241275577951114,0.6995209176613099,0.6097628090550431
0.5071860550122422,0.7659520070073751,0.5893788200155694
0.5150043531317456,0.7151746160656559,0.6009716554602073
0.5039461321107442,0.7511025823215222,0.5797785132658838
0.5358393479026671,0.7070765168261289,0.6190913795006106
0.5315297272792089,0.7589862038055547,0.6318399219195595
0.5594607876367338,0.7652889827692521,0.6344911847643234
0.5130800615775253,0.6770632880605291,0.6201258322198795
0.5179442289578465,0.7148021078341047,0.5992418069593778
0.5359970933931245,0.7314829278401841,0.6327814511821055
0.5370807868305203,0.7330712593101115,0.6293527477765642
0.508350463815413,0.7363527412980977,0.5860436966657425
0.5229994808706905,0.7172223591919965,0.6185035805591617
0.5286841831369516,0.7156246504472579,0.6302779835345249
0.5157780266698382,0.6576044172124327,0.6588643053285446
0.543925785423514,0.7136658504413138,0.6359493887821702
0.517136274351856,0.6698087036485846,0.6467080668204995
0.527659767478971,0.7680532279511628,0.6020842250670395
0.5141727893406115,0.6805682521054264,0.6237952943145132
0.5400727079521082,0.7403975930147889,0.6079246228203579
0.5336877967022057,0.7250099602641168,0.6243177001173027
0.5049317548070094,0.6704018304445841,0.6006502397497101
0.5197273104499975,0.7447474504842478,0.5912582807127685
0.49971745617732394,0.7047210596633975,0.6129350106058038
0.5190144174777387,0.7405877944932412,0.6095696590884497
0.5070250016425026,0.7056625351644742,0.5965614199583588
0.5376615060588777,0.7250294714498393,0.6130647383362787
0.5312176642007533,0.7072794782823186,0.6348277212268013
0.5052411768984313,0.6687669263903355,0.6176137302612404
0.5681369941767732,0.7522417439475323,0.64448507271524
0.529127678080465,0.7609422136855176,0.610189105544732
0.5421558549547236,0.7631561052694464,0.6109045281767554
0.49997016621763535,0.7750405347561921,0.5764131506379563
0.5255150938593778,0.7319264142894277,0.6128003202903142
0.5625313514582513,0.7708875804479906,0.6410620525608546
0.5128315617941605,0.6916434125653272,0.6202432295941623
0.5565037574234274,0.7284395795181277,0.6581116542213497
0.512650365301651,0.7260146412786749,0.5834486625873706
0.5652995550567165,0.7674752752443051,0.6365128665796692
0.5106677423279202,0.7385912742778544,0.587020935611377
0.5177158472836583,0.691432156570936,0.6248244900999478
0.5346017888152264,0.7151820118339917,0.6321606053183783
0.5052923100235285,0.6842222881840864,0.6105917159059828
0.5418022441112869,0.7436180455335986,0.6341762312180964
0.5114782593772151,0.7096261169291033,0.5957911257594302
0.49465691419304375,0.6645338688051287,0.6100788096812941
0.5075784396430937,0.7049962190031401,0.5810857057338827
0.5464231067871664,0.7653672235085672,0.6134389479242585
0.5430037145754948,0.6805285480152545,0.6488664357420975
0.5397183388597662,0.7199175719121739,0.6398546379353734
0.5179964186983433,0.7152088682384873,0.6123634768872522
0.5342232844916222,0.7281762241333415,0.622137084443198
0.4944578823735243,0.6861688173057633,0.5973174560643687
0.543245726152896,0.7383771813651431,0.6217728818414204
0.5281618582282345,0.7063598386906651,0.6258735493429652
0.4926703799943178,0.6430696222786529,0.6195330063525775
0.49034405090634164,0.7265219349705351,0.5898631550695704
0.5356065673854754,0.7275713191279187,0.6401307487103239
0.4984146925730433,0.6573074848142584,0.5984854493068306
0.5232507159013134,0.7176858839591586,0.6054894727143904
0.5541992446624032,0.727708343222287,0.6420244199848836
0.5216490537293703,0.6836155527666693,0.6084636583921507
0.5170942096519648,0.7017042234287892,0.6031645913116663
0.536873618499532,0.7191662367109544,0.6244908604976129
0.5181477210927391,0.7017383087169284,0.6100017387433694
0.541151411283657,0.6988328597376073,0.6399459661771283
0.5017212915335965,0.6973435449753336,0.5738625031673853
0.5423723237355026,0.7221343531203078,0.6362393106153893
0.5019202146105561,0.718359542399917,0.5876774171785225
0.5278900402673524,0.7092831926836508,0.6363461334247057
0.5396710917221319,0.7368615370014129,0.6239242938003992
0.5321932202848275,0.7302275790544551,0.6255995360900288
0.5180696686599956,0.7477271230640784,0.5926511917570251
0.5110424693712385,0.7068410589204457,0.6043074304714224
0.5161892788574995,0.7072160746705991,0.6184976125286188
0.5094245992364522,0.7156254579056952,0.5954414288468978
0.5383820966269625,0.6996945417406278,0.645151475022179
0.5342320976027137,0.6912934813359594,0.6462726146255174
0.5174358894813006,0.7209147495887673,0.5978387716186552
0.5182544848418362,0.7025163739909311,0.6007199489941757
0.5362770487486798,0.7113617027313679,0.6397470553117462
0.5296990296620419,0.6924323917465814,0.6326357873390022
0.5099239333410734,0.6787466384831992,0.6027567450964892
0.5463664601621936,0.7451894026179033,0.6265163789067193
0.5250253451737333,0.7121386985638232,0.6121054554975118
0.5110060185465196,0.7105891324796567,0.614478551727648
0.538639897052916,0.7323204807391294,0.6099920395069208
0.5363879224063676,0.7159066013240225,0.6190937974423332
0.5290135028920524,0.7408547879241546,0.6103248447863655
0.5234384093848717,0.7009405613887384,0.6143123857377124
0.5257520419138142,0.7035327025354086,0.6343461384364083
0.5335443793418421,0.7662708176794761,0.6050257199080362
0.5240435414330158,0.7542788509760276,0.5976575587839383
0.5041822370938562,0.7032803123453389,0.5786861869657619
0.544116950485785,0.7576100057746302,0.6145453844008604
0.5064469704441876,0.6980687373598389,0.6148819996432839
0.5292432427566461,0.6949458148697859,0.6238528658013829
0.5088757997441595,0.684358143381559,0.6192404443890024
0.4982743870074087,0.6983503287081738,0.5791159813693768
0.5117442438963385,0.7034623103062572,0.6086359190274833
0.529744326359864,0.67258733437483,0.6270588869889724
0.5406815541577211,0.7093892074282669,0.6336250331493967
0.5287141104162754,0.7152573203398569,0.6152192514113358
0.5023739167645743,0.6896075545274714,0.5888410377721024
0.5388491012744996,0.7370479616889408,0.6364977036536954
0.490757265412269,0.6393546919030695,0.6057554335611182
0.5403259445387039,0.7592728729832899,0.6306455808806171
0.5348102530172583,0.7340298202529252,0.6163471062950389
0.5229867410624939,0.712914284392729,0.6355589000561345
0.5252848709150738,0.7463037647321547,0.6101544006942048
0.5050673756603645,0.6690318962761903,0.6256535290814669
0.5425707766512982,0.7804993380218427,0.6141356216312117
0.5077006976783012,0.6993613091208909,0.5947933114579453
0.5364869965518573,0.7197011822643792,0.6345611325514762
0.5408152606103662,0.6907754251557727,0.6492190325803799
0.5348027495057749,0.7230256272230349,0.6391509226618757
0.5571135261406102,0.7767334424507455,0.6101488177225718
0.5228659256433202,0.7193277169287831,0.6454544879459371
0.546501233495434,0.7121203652455386,0.6581031770699135
0.512570325984035,0.6846729935778196,0.6279292185936179
0.5326186441099193,0.720793730639525,0.619014791060048
0.5229735885758807,0.6979449782167579,0.6253865408871664
0.5098839281706289,0.6783085459324062,0.6279130412477437
0.538113447921914,0.7427508654058421,0.6284197208864178
0.5395557942219324,0.7285533434593908,0.6233962900465679
0.4788895080896105,0.6660457652309384,0.5859992090491084
0.5257006909560588,0.6974672861943599,0.6163094738855127
0.5073528286508957,0.6808596529495514,0.5918949293119605
0.5035518485898308,0.6695623949360764,0.6007979229454584
0.5524826791538646,0.7099376481247087,0.6585803882089012
0.56155684262872,0.7480481193170001,0.6625778610891908
0.5271112042787802,0.6927483134210616,0.6267699565341958
0.5570101109768524,0.7408206829129231,0.6443594595006275
0.5384964844534562,0.7700084556802308,0.6059783238495946
0.5294894374318287,0.6936513389154775,0.6493310813474734
0.521676916252577,0.7606631437674467,0.6073495731217442
0.5043984480979703,0.674356652744255,0.6188010775278222
0.5584802694285569,0.7313920173881471,0.6565873695265501
0.5081464865755811,0.6994692427345361,0.6130118673571103
0.5248610008342208,0.7144978336116924,0.6257374071375211
0.5045748978676514,0.7272784122133922,0.600383804303003
0.5116118459291012,0.7060159720300635,0.5923868953624087
0.513706963021967,0.7021095721695565,0.5801786105476134
0.527560506330175,0.6933104708872351,0.632229980642332
0.5161379475633372,0.6904974372698068,0.6188610994267494
0.5151088573492507,0.6930076755161142,0.6098574598867412
0.5282629011422179,0.7108601246732007,0.6149641339225375
0.5373366502573395,0.7213998195591573,0.6086539619197023
0.5573545076488093,0.7335365795828275,0.6481059635078268
0.4963998012860434,0.6648270446594247,0.6064398537579664
0.5239027298302406,0.7030055799630223,0.6324931043260653
0.5167385961734279,0.7044731852647439,0.5938297308689665
0.5243357070128571,0.7180495026053317,0.6258194079346996
0.516084767298274,0.7005795575534155,0.613777769081754
0.49922891921611745,0.6484840308891697,0.6144438312298744
0.5110529429307956,0.7330833828435372,0.5895519194161565
0.5570850493425339,0.7690402601520009,0.6383745572406928
0.5120956921526789,0.7384683644446549,0.5874208232847766
0.531816122076165,0.7108112349642678,0.6267893982988443
0.5113451021648091,0.6782391851897261,0.6128021722027445
0.5285073056739801,0.6747800175455386,0.6289460726219205
0.489653955904976,0.68451266204326,0.5857481320546789
0.5359211447464176,0.7474897335477735,0.6130731054517986
0.4911571947282564,0.6978334646363341,0.5719085131302674
0.5212061490278527,0.7000607509275852,0.6144040686760388
0.48555414400640173,0.7151259180282742,0.5673307219072574
0.530728603681638,0.7431437871313917,0.6149546051702366
0.5312715266291399,0.7205582803685318,0.6189528838010162
0.5198682541169731,0.7073813733948462,0.6069939688618315
0.5301427141385822,0.7701586372208113,0.6096985416113109
0.5110700540165735,0.6948043797202544,0.5984517961939385
0.5525696143090525,0.7235912586839285,0.635563357957318
0.5149234045492012,0.7141507659000068,0.6049522329925728
0.5449132928617265,0.7322774638689825,0.6429850374450763
0.5188792041155957,0.7480293569724588,0.5845775674427306
0.5099335000394181,0.6802622083612628,0.6121482821678256
0.5193641749431608,0.6892371268216172,0.6242730704618428
0.5013423277352379,0.6757439832525125,0.5961417816392632
0.5393416373365596,0.7246781509158039,0.6277133852956965
0.519294911044742,0.6988621387520422,0.6078189694002772
0.5358524483512263,0.7354861879361978,0.6212178406548702
0.5252365955885733,0.7660781485522703,0.6055200956840197
0.5001399120717026,0.6936278478030444,0.5911933954872294
0.5294907898962717,0.7134985048616085,0.6310184155082479
0.5258403637434264,0.7104380013813409,0.6207302204244375
0.5123767478183747,0.675182082434255,0.6251157541917172
0.5144507907555922,0.6813296168773627,0.6025812193528818
0.5185579359145928,0.7033086639409959,0.5973220301688094
0.5385050869650921,0.7342524028559767,0.6157512618410922
0.5354119206523578,0.7191219424049539,0.6293951811095873
0.5098312387287983,0.6770240737614245,0.6188123570320753
0.5218231364779908,0.7178315039807449,0.6083418036570302
0.5149725386125175,0.7094231675619543,0.6180536589702185
0.532191266707534,0.7245252604025574,0.6275181195736611
0.49788047621915915,0.6936318237578994,0.5734367523994366
0.5521382330627479,0.7235549153974317,0.6447346885567647
0.5279098863758135,0.7032665970062919,0.6127631895939101
0.5251775375056236,0.7256323213939629,0.6072494858570258
0.5177650346892656,0.7211046412076533,0.6069430414859189
0.5167031775192665,0.7311003540875969,0.6004842770055587
0.5096003444171875,0.6919611401619398,0.6158405694132045
0.5102874823475111,0.6761368929842869,0.6194990623715023
0.5586884796754248,0.7359309841373551,0.6404317308631363
0.5115986160395614,0.6995346654187763,0.601081248012589
0.5228139102426594,0.6881009215480293,0.6448626345103081
0.5516148607288393,0.7487935747899447,0.6434247926768843
0.5137936632506886,0.6960478360940431,0.6047344625890496
0.5216854643597348,0.7067344882403552,0.6136044588776756
0.539523187543756,0.7080798365401422,0.6217385393617306
0.5372056149336538,0.7738476328942959,0.6330988481288075
0.5185333588901229,0.7198535967282802,0.622669121272295
0.5261996542940784,0.7169740903010587,0.6147150165098858
0.5171927448336509,0.6828997120347222,0.6175634425185117
0.5339585746233962,0.7167211181811717,0.6283903455105097
0.516297944354287,0.6895863139545244,0.6345027150160503
0.5207362680770583,0.695322086193233,0.6211026442256318
0.5288427170851588,0.7119267559622584,0.6186698381547822
0.5354373910586594,0.7409023338514698,0.6025636039100797
0.5029567911112104,0.6758649386699632,0.608887191386401
0.5253252141808856,0.6988560441067672,0.6166566636248405
0.5195465631429419,0.7349155765591562,0.5985781802219186
0.5513198060080435,0.7204888136507438,0.6376373083681875
0.5442156387455859,0.7193019281574428,0.6254460257570161
0.5105276648182296,0.6970224487070823,0.6070960818404483
0.525087930912468,0.7205880356689701,0.6150017822913889
0.5143710153258311,0.7256766156818898,0.5894818937087845
0.5376576982293099,0.7061374654084678,0.6470604917063038
0.5280056502402165,0.703652988040923,0.6172400302271934
0.5264424820393765,0.7206797399948816,0.6242539784031637
0.5266928378189959,0.7083401580388085,0.6279056361697047
0.5244784062111737,0.6957274616510746,0.6233922898403448
0.5202752717910362,0.7187997780033086,0.5896701891713558
0.5176214430322761,0.7318693045259594,0.6049545688621474
0.5284659754039023,0.6954565276303382,0.6263781605574917
0.5524891746080164,0.739211683099749,0.6368810355782268
0.5293068064418646,0.7348032653145493,0.6252650751282254
0.5154794709704306,0.6973888422904426,0.6100321554996191
0.5017155849772744,0.7063381929310178,0.6150982803736142
0.54826126771141,0.7551582046386289,0.6307962810204539
0.4970402786587234,0.7326195761815183,0.5766849812501516
0.5208765238350815,0.6893801823966124,0.6411842215084085
0.5177656387252257,0.6922327972146057,0.6166800611416563
0.5331798595861844,0.6969798030977349,0.6425495887710881
0.5315650696599036,0.7165378400770509,0.6259800806779846
0.5155117407920459,0.7633585830573503,0.6022892944208834
0.5136711582040016,0.6930204591379534,0.6176821978593654
0.5063544692962053,0.6721039898155182,0.6050727129306629
0.526406305459629,0.6970673553699054,0.5982726338939885
0.5317501119771847,0.7167000610589582,0.6322068176183411
0.5062713603981609,0.6542904198361925,0.6334239306772117
0.5192019837844282,0.7361923167030581,0.6048251051993625
0.5401504630786763,0.7154383063261759,0.6227874444558883
0.5103735090696354,0.6836079699181628,0.6016109467950661
0.49880352884016665,0.6769857062186495,0.60464840329599
0.5194005412133194,0.7007124138178094,0.631856634270561
0.544179819283777,0.7155019067969329,0.6305685066969836
0.5424207280700829,0.7300119028138066,0.6468091373570062
0.5039938518049387,0.6569695996726904,0.632584628783108
0.5122270862032723,0.6787236473106222,0.6129093359646247
0.521766018316672,0.7030244598417213,0.634379182375866
0.529758763239439,0.7119880676827863,0.6372899820412327
0.5038834631349821,0.7016053546025325,0.5996129157485445
0.5298782020452306,0.7065058851395415,0.6382795717347208
0.5280476881984117,0.7556515947830487,0.6062974817603216
0.5588611971044587,0.7081211987390755,0.6642150401133405
0.5263700177453963,0.7083402114412718,0.6225582947848401
0.5172847088556016,0.7209898421674596,0.6046098208937307
0.5185206183429796,0.710156035098467,0.6130393695529048
0.4809543346017142,0.6690337705092564,0.6038125946956184
0.5534308477768652,0.7514341620416414,0.6549220800019674
0.5169737070427333,0.6938484129348867,0.6093769166478967
0.5212308490523525,0.7464228540335422,0.6141116649075921
0.5175886676735303,0.7117932928749201,0.6128549688823575
0.5464393772541115,0.7444930899893913,0.6358696028826949
0.5426411705986359,0.7243638115743011,0.6233201356949971
0.553112284390236,0.7494813348902543,0.6396496429781259
0.5353249317534806,0.7248371925006074,0.6361757341348596
0.529201252890613,0.7164793659621675,0.6319121678246021
0.5404629927606566,0.7502757330140567,0.6406401051541473
0.5264319798959967,0.697879395289253,0.6256475151694579
0.5436622915717423,0.77265639719671,0.6198500995590526
0.5150680214497882,0.6729683659036632,0.6094834176756341
0.5472926378822085,0.737224278227817,0.6554573178892921
0.5410046945566878,0.7453999993807722,0.6255073067727763
0.5302726841751709,0.7056372612150912,0.6285871041850484
0.5349739429376895,0.7534266590650635,0.6207799520181203
0.5334660918764358,0.743646581121405,0.6126378024727566
0.5113738250240605,0.7005301585097211,0.5881043180981023
0.5272593883173863,0.721939803971284,0.6134252692349433
0.5226712589259003,0.7634687719954053,0.5869968329481849
0.5225552195696415,0.683022761118715,0.6092652668755679
0.5302455939311964,0.7718210763836013,0.6066448615123543
0.4930740828861926,0.6653848551327234,0.6025927589232368
0.5226045024646752,0.6922679262754536,0.6237033303012861
0.539596363825807,0.7389644986406253,0.6334853405806065
0.5095479639759937,0.68623568442153,0.6184407520216088
0.5154596157064173,0.7307018425581748,0.5993306747281276
0.5377248438607358,0.7390214691465421,0.6350321928496032
0.5012003474917653,0.6963863499730212,0.6029166896318753
0.5368902355618901,0.712630457078768,0.6262912440852827
0.5584004437174481,0.7211953862945423,0.645169073063351
0.5087024290805919,0.6938577879319249,0.5832551139269585
0.5255261705116665,0.7593725669954233,0.5979654973171213
0.5308327759590598,0.7131386586151577,0.6298604873440428
0.5412882097538436,0.7287941360667166,0.6320160937904196
0.5438718619253486,0.7327898848638233,0.6117339106215972
0.5438130155934371,0.7114188049783636,0.6367029182214069
0.5381969608855788,0.7390881900296578,0.6502394100840314
0.5029655449160712,0.7343158353196887,0.5807363372115456
0.5189640673702001,0.747140468943804,0.6211956487717071
0.5271586982589673,0.7605259534745977,0.609285489768337
0.5515071841902619,0.7641596971690829,0.626163162735798
0.5430066059878723,0.7295288031979915,0.6451229916149269
0.5091658577496005,0.6818294149637093,0.6158483906042249
0.5105262415914634,0.6926698269381057,0.6159230328787443
0.5266334187795725,0.7120867327617301,0.6318723760646096
0.5353727976143015,0.6922218228093538,0.6543354730456094
0.5406490674392167,0.7191632729901408,0.6493005175618183
0.5441846907576118,0.7344454792644309,0.6332834330894818
0.5235258108511915,0.6709968461229053,0.6302923278480851
0.5310780492622554,0.7049191140488281,0.6565171201443488
0.5422782155662128,0.8034616739973146,0.6133301853414401
0.5266299658203387,0.7357444428374579,0.6035992042424891
0.5193215828718553,0.6917900122833565,0.6273776333227832
0.5237789212143823,0.7113615143690172,0.603202606997847
0.5160814074897758,0.7218753412563629,0.6096049868803209
0.47630182643848734,0.6815545187686901,0.5562681600823242
0.5365340759910382,0.7416876709341049,0.6100963896522145
0.5046771056920031,0.6981431886071978,0.5925520202793582
0.5388617047678882,0.697399824697296,0.6453151457944548
0.5464117745916728,0.7416110145269629,0.6259706560316995
0.5457298834114324,0.7155521797610214,0.6442218330804725
0.5363839556299793,0.6665903715322624,0.6388944780655765
0.5256024879701521,0.7239154000289997,0.624151503744016
0.5577822117277224,0.7048158474939816,0.6665620700865211
0.5251456505712919,0.7094473661776989,0.6115042054489517
0.5477565668798606,0.7451627696590305,0.6476435349503743
0.5081762758727515,0.7091142780396528,0.5887805562087898
0.5493838521743133,0.7111130799830314,0.6377194128230634
0.5274687534319278,0.7318133760036646,0.6129696181266047
0.5360068378226232,0.7246841056956828,0.6234057341618627
0.51591362962328,0.7531118039539274,0.613157395101769
0.5495592302016491,0.7405532447682667,0.6418430584552233
0.5098663294263429,0.7061505563727384,0.5865781790971176
0.5116290256948216,0.6751925124165501,0.620731284761033
0.5279272239925303,0.7091811729755985,0.6205750109055996
0.48817674551981377,0.6707858098413993,0.57573800622746
0.5296909861144771,0.7411788801541681,0.5969885108289089
0.5436348511707307,0.7433643485001703,0.6085948112785204
0.5368484370125571,0.7096311498636613,0.6325608974327688
0.5052781924639063,0.6661303577333635,0.6119456335570534
0.5113305316199593,0.7025941602274947,0.6011527861773835
0.5452283948699235,0.7461567354600391,0.6173767763281405
0.5189487427011908,0.7661601559879446,0.6013318417402309
0.5328639700307203,0.7151810411063144,0.6301697971717989
0.5144358435684773,0.7310112162951355,0.6009712545054954
0.5299319631770852,0.6711833412412315,0.647988040094971
0.5100092095976918,0.7239023505815447,0.6130016991787595
0.5318873737726938,0.796616140193557,0.6029106289872509
0.5058212118244335,0.6979673044241562,0.6078072222236246
0.5397150255237209,0.7419752567964732,0.6176931559845348
0.4926163860952773,0.6726059578405217,0.5935268716215226
0.5257852515502618,0.7240736735505301,0.6081382416427046
0.5310592591052509,0.7198481861643751,0.6247325021572054
0.5295300812245528,0.7024188219427748,0.6421071275918037
0.524317390059627,0.7425446539114803,0.6204453611165702
0.5266709418590917,0.6975519788628466,0.6270615322925495
0.4915768924197036,0.7030083186222944,0.5751136162459857
0.5018295463412915,0.6926078625411827,0.5874238348261972
0.5315165092680584,0.7349341009999795,0.5959668044581654
0.5016470725898277,0.7429845088671944,0.5812512491630435
0.5479267080452201,0.7529251780197102,0.6207762840894415
0.5198348766455178,0.6896766670711136,0.6442385874299932
0.5195140732994723,0.7079662686728792,0.5975085434169242
0.5294924949982399,0.7052038129408661,0.6387081591146737
0.5190226256718652,0.7079425549230326,0.6285754041983808
0.5287018405055715,0.6679959617336272,0.6414533045988345
0.523781684938267,0.6982108563962711,0.6213535706982088
0.5436705555985252,0.7181756986015195,0.6364992217527202
0.5379333367689642,0.7177713376313781,0.6188956470290263
0.5001555372964358,0.6968427083217108,0.5941033027926829
0.5290626128387608,0.708026375109509,0.6119205885055249
0.5230643321877538,0.7167432702130146,0.6070910828242171
0.515672672203301,0.7047759926837338,0.6070190364580079
0.5051572308311499,0.7100383444992063,0.6053416005200765
0.5436765684088141,0.7346697086923427,0.6363838397814469
0.531221182429061,0.744967835115303,0.613289613578745
0.5506006922895196,0.7530506546104774,0.6544082012924984
0.5261327269464166,0.7372695251731254,0.6221274656340122
0.5239939127134586,0.7085478401793366,0.607751962546457
0.512138474584654,0.7268120597394614,0.5980227276369556
0.5086213633605969,0.7220978089832499,0.5890563033878541
0.5308576635288129,0.6971890838873646,0.6272871308208839
0.5340578664837403,0.7373072128381838,0.6053717924633172
0.519131456677451,0.7219101540134416,0.6171258128126811
0.5210659360842804,0.7215935605350536,0.6256804328022953
0.5444367951157799,0.7060992826202901,0.6504138517012558
0.5019182721557285,0.7222965231254038,0.5753108693307305
0.5310972250631703,0.7295975169452007,0.6224463770393476
0.5137800663741252,0.7172480492699325,0.6019476536851073
0.5352624203680566,0.7363131417127791,0.6190290809501077
0.5502972030808917,0.7479268133533894,0.6366855477051263
0.5514956918272386,0.7344230013557701,0.6431729996098671
0.5244523684481299,0.7184295322234309,0.6336277272216373
0.5283393722501489,0.7061156797436781,0.6428417527263103
0.5132028214537742,0.6881140223661952,0.6195946752195897
0.5356182074618437,0.690497857875641,0.6364041095728081
0.5330987829957975,0.7228944278783167,0.6240475642180723
0.5081940564743471,0.7122203790481555,0.6240186940831274
0.5265580664651259,0.7133292398121491,0.6336230651649325
0.5258863907403575,0.6797382766233032,0.6196407747996451
0.5140948570159525,0.6756015584021149,0.6022192027861812
0.5221409217836241,0.6776614348695914,0.6384197278150499
0.5212752367795113,0.7235542948959441,0.6211878199227236
0.4994289941543502,0.6985000761254867,0.5711981611227089
0.5253668071712213,0.6965141786252848,0.6159007363111426
0.5099119589142912,0.7137384041632688,0.6016578680074854
0.5151790119289584,0.6850726213725622,0.6311293999347491
0.4985655929409917,0.7707159920273603,0.5861910398156176
0.518124465751031,0.7179126484567817,0.6218917098373299
0.5381931109383692,0.6810403201328451,0.6582206315524884
0.5150257606649442,0.6822929812412123,0.6117725258078288
0.5452757503043357,0.7423155717437239,0.6365538060407601
0.5211688107887423,0.678461329618741,0.6332643693135609
0.5012382529748938,0.6866578330066215,0.6111865114147579
0.519778665434762,0.7096536210515336,0.6129846378470425
0.5175969811997808,0.7178645785894472,0.6225915272796805
0.5150122263450416,0.7159222426372216,0.5783441227796539
0.521837820636102,0.6995180138770876,0.6165620379161046
0.5227944185308075,0.7115947667204331,0.6024929462690274
0.4987649391208913,0.6924749665015827,0.5983699274807424
0.5148598465636545,0.7208203650552422,0.5971387786028587
0.5080418197583875,0.6780118745914645,0.5945427419261501
0.5493673117247705,0.7398128479607321,0.6559122186136318
0.503411524648151,0.7120473864056329,0.5823915989529334
0.5214517975001048,0.7113566823688611,0.6044117839184358
0.5357998078054019,0.7328722345566693,0.6302974905812383
0.5286141755415944,0.7290650312634441,0.6115539402356511
0.511206139406606,0.7210010518715432,0.6084176774543186
0.5317623357455097,0.73085698018178,0.615548165659463
0.5376982302858957,0.7120847350518099,0.6707318630734308
0.5174968512957858,0.7028824864048969,0.6135293838961806
0.5330667113384094,0.7285510441035612,0.6153279056187876
0.5344349005574947,0.7433018449646959,0.6130265004198534
0.5149120803343071,0.6956484543509472,0.6026229103229129
0.5257200001421866,0.6883077761341428,0.6309113438979719
0.528756738226814,0.6970325601582275,0.6328298566806432
0.4966773344635527,0.6641587686153692,0.6140319101284498
0.5358389076409251,0.7164818955925104,0.6197105098030244
0.5172677247235673,0.7343582936408269,0.5916006380365919
0.5360382542719848,0.7237424010377944,0.6281938296478055
0.528353933277606,0.7085227320537613,0.6352860588689524
0.505163358957862,0.6797944935959039,0.618858512446691
0.5188105817119256,0.6719905068413355,0.6257058500185003
0.5418137095515614,0.7339187572892734,0.6389039459278607
0.5453829455517539,0.7249869215875256,0.6331027238125266
0.5282503809892543,0.7329592323518455,0.6288915729648699
0.5386392684829115,0.7370942755548568,0.6328281494860165
0.5124245328001747,0.6922844489582302,0.5956981749649551
0.5066243796105702,0.7305717670592615,0.5979743618901867
0.5100754896645681,0.7042596801659333,0.5962387992880422
0.5215254510165345,0.6959889656912224,0.6245896918625147
0.5357771994365546,0.6946429001720711,0.6200778450507785
0.5111744837927481,0.7057238643943652,0.598242424363198
0.5208247176378008,0.7306564973657903,0.6056568946910059
0.5230034741032763,0.7142764316377769,0.6105541157081268
0.5288045141204075,0.7102474906380171,0.6392763367691617
0.5331943950417597,0.7175723758314141,0.6359018549720897
0.5373323991025265,0.7174397979035047,0.6384537760102177
0.4980142189726808,0.6925720803860659,0.5876398765211056
0.5076001471708849,0.6905935199496309,0.5982613821772291
0.48431567279711796,0.6441630198327549,0.5964553696025219
0.4992833212496499,0.705574534649745,0.6146899004630725
0.5311902116641303,0.7013944707052007,0.6410176611252916
0.570924336158163,0.7488359919034291,0.6574190173925625
0.5240820474245633,0.7217175502601668,0.6188197914210014
0.5232668235497413,0.7311927473378991,0.6194045260202861
0.5220913460972733,0.700245727205049,0.6148299426712556
0.5505636379041857,0.715334696612961,0.655631305634945
0.5171155497366153,0.6779223306107877,0.6403168327138988
0.5244800083160693,0.7008480328050223,0.6554879345745794
0.5277486885607531,0.7242688315660166,0.636513725048513
0.5414395244520293,0.7152260826069694,0.6340545968646806
0.5373980303928282,0.7290097143595685,0.6420607662524942
0.5374767268392718,0.7020320362543828,0.620215324579103
0.5217190669329717,0.7086514161769331,0.610934544769285
0.52407307272412,0.7105873701766698,0.6250009412899759
0.5172402434235873,0.7351100126570017,0.6028602341017241
0.5315043071364597,0.7357667750950561,0.6464183353885694
0.5054546732240397,0.665898579130165,0.618660562246212
0.5417219987351882,0.72662233219735,0.6352114650582638
0.541349452278283,0.731217193138758,0.6395285252602069
0.5085013433611982,0.707554233182449,0.5930526868509602
0.5400514103433779,0.7614405106284665,0.6083608605538275
0.5194407690105177,0.7057127020099455,0.6137987493244217
0.5283381597012103,0.7209341085309922,0.6262134051504077
0.5488713369128956,0.7612736869499949,0.6460474676930893
0.513477054988316,0.7057165672340371,0.6029351567603521
0.5335569069432018,0.7254151875023125,0.6233031522330941
0.5369002477081396,0.7292720181112017,0.6270251474380616
0.5109579503257877,0.7022039498288293,0.6077566032407321
0.520512150237801,0.740112097971179,0.6196765525179049
0.5292952748123847,0.7109971501542529,0.5985900622025982
0.5215316006310583,0.7455299648183857,0.6130337030511592
0.5086844031885551,0.7256494445548449,0.5932712205772779
0.5251567704045932,0.6932882661630947,0.6327745038193163
0.5164260089489416,0.6721463869810468,0.6300030848757573
0.5301853185712166,0.6799448550717294,0.6289454875660603
0.5418601723726273,0.7194483785989906,0.6584537000196972
0.5319225694836222,0.7179614882984177,0.6273223981339694
0.5192246808967848,0.7055615700826071,0.6166069098499392
0.5592186614719026,0.7090247094885954,0.6578115955326145
0.5381247136343661,0.7217259513435755,0.6324121446197062
0.530806210298554,0.7054398268174397,0.6301537082447025
0.4896425082422632,0.6772473383686851,0.5960434707105504
0.5133796006726573,0.7071911751872133,0.6006999512943472
0.5311562481956834,0.7285986674906423,0.6166864500849651
0.5063447623683636,0.7121138623929147,0.6023921181619376
0.524004042795122,0.6828853826466105,0.6385508784109004
0.5459231277190473,0.7271070741786825,0.6326460070596793
0.5410714070289068,0.7463042396626092,0.6135190452127629
0.5245911155554586,0.6960712530096198,0.6400130703698766
0.5441893718541448,0.7654211637816485,0.6350259711657632
0.5329912321386502,0.7099842391257722,0.6201841584818172
0.5239630071377485,0.7180117321076058,0.6262288824480593
0.4996651338452668,0.6998492270262956,0.5856077915152237
0.4975148459501927,0.700101878121771,0.5966356523930212
0.5270286436875368,0.7191929268374211,0.605889915127911
0.5257001042041942,0.6864332503854097,0.6316648707026608
0.5187445515214593,0.7128621795264428,0.6244704930261965
0.5165715524224197,0.7151614652443321,0.6344854618316204
0.5572631388950116,0.7612885835489783,0.6286450027226597
0.542692871883581,0.6952426740264346,0.6480096375275889
0.5225501614041116,0.7226263970078783,0.6000445744207767
0.5255901098649236,0.7305198880959289,0.6131884008150701
0.528426568655531,0.7139781505506546,0.6344936538323621
0.5205491446708681,0.6816918202283007,0.6191715039280734
0.5112964091964378,0.7368365834229453,0.6106714445860493
0.510024024407116,0.7069644323881286,0.6020793903953446
0.5099309656000002,0.6894609325263058,0.6119145032725761
0.5162706528628708,0.6929498819003764,0.619194424691015
0.5172825036793246,0.7253237025309034,0.6108495038927675
0.5274069682705037,0.7159761538069029,0.6144304137658075
0.5210467652771117,0.6908390048025693,0.6256492994794468
0.5382503260818297,0.7293214091670417,0.6251152214600002
0.5306630713180527,0.7373317801228072,0.6060654978961854
0.5213624542073514,0.7297150097105991,0.6028915247324924
0.5144861111826504,0.7125417805976177,0.599361151506232
0.5095758444703865,0.7416809575276728,0.5799415445196856
0.5432231778630071,0.7022269018192611,0.6475789844811846
0.5291077159299027,0.7243760703304577,0.6291368130312889
0.5074000300129323,0.7253861622749375,0.5868905080344929
0.5278415820590366,0.7500463969589964,0.6083781144499211
0.5084341849959964,0.6927712807021946,0.6099233210768001
0.5236386346733883,0.7226505153043373,0.6038213586559893
0.5096038218354354,0.6809720002539089,0.6090066330708571
0.5112215616333269,0.6960982472084151,0.6100378171833881
0.521766315792248,0.7041505872785357,0.6270840653819321
0.5181623345815328,0.6810692310931944,0.6073840544784105
0.5463286097124376,0.7153442832296473,0.6517377492277445
0.5050302653905031,0.7086599693291311,0.5823334158494932
0.5322073189877234,0.7432230393157083,0.6342556856867952
0.5033803871683868,0.6663792820401698,0.6286866523284395
0.5365027525254852,0.7073395098797752,0.6373901259367748
0.5223591213956558,0.7193806836983755,0.5841388240019785
0.5141718293768308,0.6771858001014226,0.6236815089663873
0.49489790548633356,0.7195720237340737,0.585119584278996
0.5342883204403672,0.7252242946702523,0.6243428223933466
0.5099453013338283,0.661990804936877,0.6253958248026288
0.5355569241951335,0.7186700390963376,0.6060830995475189
0.5217263694573163,0.7269189718663235,0.6244392046571897
0.4790394034879114,0.7089892829647906,0.5855121979359162
0.5252285569040374,0.7068772871921533,0.612737963990773
0.5303204643984463,0.718693565141001,0.6380481828319268
0.5359878172376916,0.7222959527501908,0.6374943019042377
0.49494561478946153,0.6898920275119513,0.5796210320055808
0.532351186328729,0.6709177324409902,0.6486443681961589
0.5131500060248011,0.7725285558763916,0.6053856058377254
0.535599585907138,0.7127736452964315,0.6238567238328838
0.5214292071173263,0.7001303468645653,0.6174613289587079
0.5321460523777343,0.7111263842462759,0.6377036045015236
0.5046990473594587,0.6828032937477159,0.5901303529698003
0.5177401260625378,0.7358432834715619,0.6069227621624654
0.5439214533257234,0.7852948562363771,0.6141027408045917
0.5218619097599523,0.6872307270677034,0.6161430985746114
0.5369511861090731,0.7313214028451225,0.6212638491279171
0.5232100138932342,0.6744832305416508,0.6301531371530847
0.5241835215187519,0.7250479652329571,0.6156032931294136
0.5357699962547452,0.7508117053444323,0.6122755928378879
0.5127955045147837,0.7312972878207217,0.6067181898376244
0.5217908909284565,0.7345080710400369,0.6270751204293518
0.5330806021584344,0.7210146671241394,0.618980267909912
0.5101241880389676,0.6978800126799664,0.6095287954991975
0.5253841964180975,0.7056722307432275,0.6151157316392291
0.5468552578498471,0.726334439575828,0.6569394518405731
0.5490264800411664,0.7250900039892018,0.6387259700088879
0.5458268049612384,0.7250604363752657,0.6433938758471275
0.507581132890952,0.698345696987673,0.6065452010096329
0.49717633406566064,0.6971433746245759,0.5797025797330384
0.514191644141497,0.6965494899098217,0.5941029860255107
0.5026891468196071,0.6578424263252939,0.6171666957977665
0.5312122304964683,0.7549923360557943,0.6492105920405166
0.5287426106711443,0.7113911927087786,0.6325762099928504
0.49625721549169255,0.7456157191476673,0.5793215546958951
0.5228289004907559,0.6689790442498941,0.651855507421809
0.502871676250167,0.6989524233727653,0.5893791297467733
0.5091048804645067,0.6955873200761062,0.6140492230778599
0.5030996006777625,0.6476862403219131,0.6308323190739185
0.5000210561266206,0.6628973187722265,0.6128187443605974
0.5212377459372579,0.6992856789406724,0.6305827396929332
0.4889770008147646,0.6635472767802342,0.5989117034755811
0.5082665341769659,0.7115376107593185,0.6025923294673615
0.5269753911509348,0.7603122293002024,0.5923380843361941
0.49997153680370027,0.7081331374650272,0.5862918133330058
0.5274478804029752,0.7115735453936414,0.6150031489121194
0.5323382577078336,0.7206394550686268,0.6255451529610196
0.52382847136055,0.6892509537110798,0.6209734786901056
0.5150798667813707,0.6880016897495401,0.6041650322742981
0.52366675386735,0.7424989939081387,0.6030035789378263
0.5222663111966155,0.7062604852246779,0.6038324755151833
0.5116184867732719,0.7101135827719902,0.6149091346253585
0.5447683853746424,0.7698816740657307,0.6195037975880227
0.5226370013547572,0.7044070409426955,0.6222705585407099
0.5132812973444425,0.675340000442295,0.6143718600594528
0.5192860661641977,0.7358992101060583,0.5993439475008174
0.5420571733862792,0.7338938823875218,0.6218369008655812
0.550087534144075,0.7205072529328096,0.6449197275518145
0.5098812580053671,0.6840029848357652,0.6115432645553543
0.5334321088905492,0.7167624177886533,0.6159398526596115
0.5307706880573032,0.7612368213403703,0.5976422104471387
0.5316364713645295,0.7299960236498471,0.6198950435713569
0.5166537813751904,0.6951334279199867,0.6098186772074881
0.5006383431772448,0.6728957945662281,0.6115011818607278
0.5338931298667063,0.6953399349727063,0.642595853925079
0.5482388133203244,0.7657932380485398,0.6356032797361941
0.513992136355965,0.733010059106857,0.5881245749085023
0.5302256046282487,0.7371241211925802,0.6305410160046061
0.5323323653102638,0.7305078438665062,0.6170627467588968
0.5193594302260518,0.7127661022185515,0.6007566035547951
0.5405523927048456,0.7210949717755585,0.6572258191298161
0.5115053375209236,0.7122722152498531,0.6178806436762734
0.5343613573635364,0.7022989487586645,0.6404774852749212
0.5163622855228219,0.7101447423080625,0.6188448799265526
0.5369446356327259,0.7594189786712658,0.6218102496858934
0.5016547682340494,0.7567414488116608,0.6218752289064721
0.5163312648215569,0.7409940401314775,0.6182353228937815
0.5104350684007728,0.7052803639459124,0.6339207349981621
0.5334898533614403,0.7223417318647621,0.6425334288014585
0.5492887504225901,0.7615619597208727,0.650337980314911
0.5207412484624889,0.6919911429314147,0.656751025385986
0.5369487291462147,0.7680298254282871,0.6231656137579413
0.5121330743388858,0.7377799779305778,0.6107671951265327
0.5109450903468716,0.7065086309108589,0.6252525865580957
0.5194169172015108,0.7585821658581551,0.6396324069449207
0.5177507454547806,0.7391195460936943,0.6341158360383166
0.5374434119445982,0.7645500957151762,0.6391828130970099
0.4899810247693195,0.6749891263077036,0.6169957963758023
0.5064733268001421,0.7445021783193385,0.6118415661057345
0.518855235002642,0.7001366069024528,0.6394648064548275
0.520445717676221,0.7540525056781489,0.6376576635788223
0.5255703708560439,0.7040108691548752,0.6684458791973275
0.5220617768350584,0.7649969791573078,0.6410954944668311
0.48658566206559223,0.6913630371610547,0.6262878522674651
0.5059069454692715,0.6916592480555829,0.6302403693709038
0.5474547788324923,0.7241775417931489,0.6572196218221166
0.5335028567833962,0.7424906010046459,0.6487344328922551
0.505284292611872,0.7003325649334697,0.6107239109084468
0.5074577310715368,0.7465864487930677,0.6235350380932454
0.5429964207738188,0.7588413246467419,0.6654557267149832
0.494787996672108,0.7187119203112584,0.6135841700225372
0.5248759796610473,0.7536418183401294,0.626388750479246
0.4973670986720082,0.7129049217017345,0.608905191212438
0.5144923692521188,0.7185948041189419,0.6398318615084588
0.5170802710794573,0.7325629564207027,0.6483071454848295
0.5012459295291565,0.6735059193276908,0.6204580440952657
0.5075299567605344,0.6803971130996613,0.6590699071514081
0.526436144304932,0.7343244270919526,0.6523197788947155
0.5216050309563012,0.7144292685374483,0.6360162672477343
0.4924840638617885,0.7118043812871677,0.6297792085955115
0.5506643748425768,0.7905741792217116,0.6657302104594649
0.500739805055904,0.6890429913077676,0.6513258000687103
0.5483945041569737,0.7277400536197209,0.7256680236505326
0.5278171630913742,0.7568888723730985,0.653580438032943
0.5107258248453017,0.7233557871012419,0.644075958700546
0.5274545600932243,0.714632042115504,0.6434842076042456
0.5098761142289515,0.7272198516091938,0.6354142145551579
0.5153654686665982,0.7059784053406294,0.6539649315247131
0.4897364216398099,0.6959074650818916,0.6462772436941989
0.5258236495683276,0.6969794274300596,0.6871491785720436
0.5263585154561021,0.715421834954178,0.647337557324067
0.5365661648005846,0.7111896502615354,0.7046165325193176
0.5128209315083755,0.7218619694045616,0.6269437664534768
0.5020716139098362,0.6964374025098127,0.6584834822897363
0.5029603385964004,0.7109183139116112,0.6756689203041536
0.4987687927888156,0.7422786426368994,0.6823006127263755
0.548619148817371,0.7527552072366768,0.6943329282894355
0.5074007845089474,0.7290127285441568,0.6751317750774851
0.5423346346267486,0.7606536374573051,0.6727060910583931
0.5190014893446527,0.7386559536388502,0.6523054345620214
0.5217735504942053,0.7636565270931303,0.6657898562011865
0.5281900590401584,0.7063686877514539,0.7091408338279277
0.5046553643326362,0.6989095191358112,0.7020695127053952
0.5288334385669037,0.7427899287381844,0.6758510584921861
0.5354814700897257,0.7249517484778264,0.7103339295600811
0.5187581394255377,0.7257235413293514,0.6876018852402929
0.5297937638079782,0.7552224625519375,0.6694608763571904
0.49412114155934417,0.690488844985947,0.6987563107045222
0.49456060557460585,0.7234966899444831,0.6616825239883241
0.48472778377917514,0.6919737449332249,0.6725913825956481
0.5103173600972128,0.7752632668627389,0.6637606731116942
0.5076434669578817,0.7388541520894324,0.6825728175308945
0.5099853765134922,0.7522613684122974,0.6946001286268291
0.4946167703758538,0.7386845805516257,0.6973305638606111
0.5250997886554514,0.7289405250740636,0.7313201664412408
0.5096335041324306,0.734975656954814,0.7159405181400874
0.5085019946948137,0.7407661645678799,0.6812216462470403
0.5123067056736526,0.7530535035589078,0.7072861828014646
0.4841319178783972,0.7246006415950578,0.6757196418010222
0.5188865049963076,0.8350894352302137,0.6879938635107196
0.503088320771853,0.7444835721791863,0.7078260468759926
0.5008228667270562,0.7180778542457905,0.7114847091317711
0.5257734030037224,0.7177972294867963,0.7710909258826112
0.4952666693291238,0.6925132855792213,0.7386487031781125
0.5074268656230795,0.7423550824674063,0.7173327884711687
0.5052326472380911,0.7380101052959719,0.7133080890465324
0.4863041278181918,0.7378632471289983,0.7877700301892293
0.5094609198908021,0.7393727518893595,0.7359638714006406
0.5235872231435952,0.7721644953244848,0.7412431331545187
0.4814840433280444,0.7338491562632352,0.7776007490662665
0.4653823649186859,0.6894023407583612,0.7340389291055776
0.49500559111815773,0.7141198111576986,0.7571015451390821
0.49173318257405313,0.7220968980866422,0.7489757761975888
0.48192846592499516,0.7220343034668896,0.7120388678961908
0.4754031489256318,0.6831109428961483,0.7692962526809717
0.46206027324260046,0.6968143636916981,0.7456861968206817
0.48423950694256473,0.7087556858771518,0.7467065072073814
0.48567314788442956,0.7383629525438363,0.7517566085288645
0.48378893867346295,0.7163644664653943,0.7726436706340862
0.45680746530478344,0.7150078388395954,0.7881426208070788
0.45374619599775745,0.6816034694013152,0.7830661845712859
0.46567438861068877,0.7513598579040096,0.8003053126251348
0.4561038652971323,0.7191819474567096,0.75311688169941
0.4500470359149546,0.7412607538730824,0.7865494092347356
0.4539256698862525,0.7416422109750778,0.8381383577435275
0.45290718859450096,0.725434010603793,0.8028382016056179
0.4545449597706509,0.6813543824291152,0.8047863748442083
0.4726693571642527,0.7738244332187462,0.8479134370604255
0.4496766535503755,0.6820021983658693,0.8227986854146653
0.44248655982292534,0.6928099697798357,0.8539844567924265
0.4778489336658133,0.7437485528506493,0.8371322940234895
0.44754695221742774,0.6969709945189253,0.8634001417257603
0.46668386759283237,0.800771443634234,0.8379980728885745
0.46093534940873443,0.7321271474881458,0.8382784917290756
0.44898248743190095,0.7730481200023805,0.8590458967962354
0.44351228444165236,0.7155029430562304,0.8725990265426611
0.44485886220202986,0.6955393691727998,0.9250758284950762
0.4438273526797222,0.7020409797556062,0.9188646215438048
0.4345399131283416,0.7335824119571304,0.9158276675089196
0.4559700923990734,0.767245065628856,0.9441195917884458
0.43720258090485753,0.7105749585172046,0.9471799470053665
0.47584731230486244,0.7738375816897206,0.99191729452942
0.49984376895067395,0.8199582905532041,1.005889095540603
0.4751250316650505,0.7870054667884123,0.9940610263221764
0.47802811386364435,0.8678542877251738,1.0004897272270794
0.49013058909258655,0.8168285108939272,1.0290513995640298
0.4878190079476753,0.8838695642872136,1.0350561410038668
0.4844105989590573,0.7860205385712536,1.0445805260842824
0.5159521664113573,0.8442959532928239,1.01101259482894
0.5032445922236026,0.8400464818582601,1.049360965096089
0.5241072935729703,0.8683871790278046,1.011471879838416
0.5129009577004194,0.8908258212566318,1.0085007557925472
0.516531974292504,0.8551608354500467,0.9904212392989342
0.5004822097355438,0.8349791098262485,0.9870359208908782
0.583297984353709,0.93906688388086,1.0285455285284677
0.5685712843953035,0.8766515485944238,1.049829041243161
0.5649907215866309,0.8640570460923357,1.0035017620092923
0.5705862901453161,0.8488013132816736,1.016161325875898
0.6000077090414415,0.8668093108382589,1.0642340804565686
0.5491911834947072,0.8565272012271489,0.9934186247111569
0.5584253337301651,0.9037599538372748,1.0362176401845944
0.587053628301516,0.8555463264836395,1.0778586191492752
0.5576679697397023,0.8943733466083169,1.0237481210845905
0.62931593997619,0.9264103071656032,1.0985494692111601
0.8574389798258828,1.0873709520316035,1.2221224378431668
0.724677933752894,0.8979083413427511,1.216392448774216
1.145121865281837,1.2213621103399317,1.4552107539419412
1.4805444066362774,1.5482685603002302,1.5320822949114308
1.4511028234005174,1.52599322485035,1.5232780041852438
1.4924041253626688,1.562194177725853,1.5546783043791623
1.4730495894813485,1.5462732203947958,1.5282494152134103
1.4367958372241867,1.5221855100678092,1.4953828279585684
1.4773254141310486,1.5501656973650169,1.5554518244286473
1.4577310299081396,1.5397423101040717,1.5149540526761007
1.5274075787708428,1.6206620042286106,1.5679712494779503
1.4143620247451605,1.494007357493072,1.492837667583118
1.4810900200473471,1.5533287935771325,1.5273055880611486
1.45871223957402,1.545764983036985,1.4726800276756469
1.4713833713802924,1.552314193248214,1.5131777390934653
1.423058899308795,1.5284047595148704,1.4339852933418142
1.4288813213068376,1.5422004360259425,1.4479657490952778
1.4562458182509306,1.5580602681566953,1.4781758375022755
1.4639157844537924,1.5450694462620105,1.5402326268909579
1.443864842408471,1.550564380589457,1.4578228657154038
1.4214767679453908,1.5204976415180864,1.4511778851255068
1.4463430675998885,1.5408357766877654,1.5040049563307918
1.4795655130070249,1.5593376254644418,1.5548374013021076
1.480012717960358,1.5211035822090957,1.5656541028707982
1.4289052237953002,1.51131279378754,1.4651892916191414
1.4609459740606108,1.5689599411697477,1.4767686046646509
1.4357154673486348,1.5194708071712353,1.5069733113148092
1.4659659494103352,1.5529132267495789,1.519533721064032
1.453549234506007,1.5316942259804316,1.5146960116288926
1.451525100987221,1.5801228833493297,1.4792318141192011
1.4586821056074168,1.5599554011741892,1.5418081651503133
1.4661906335816703,1.5303912852964456,1.5342210648172836
1.4927047989064832,1.5590432009641981,1.57881461649196
1.4730403646126708,1.5712746523922076,1.5113328879981185
1.4766185299192318,1.5816353969771668,1.5502266745845188
1.460842649725568,1.5414404584446315,1.5039053590307447
1.4638544677171574,1.5233866190773655,1.5213661355570398
1.4832774474243045,1.6294745642676105,1.5155100866715792
1.4706248420714094,1.5389494363326464,1.5418896473110135
1.4750305275489402,1.5610090441018536,1.5267059718874298
1.4519828574107416,1.5332606210996276,1.5615454027467432
1.444722017110357,1.5459883492070838,1.474218566680865
1.483462440027841,1.5430266765458274,1.583357042390587
1.4907709852677815,1.5603558542363587,1.5690921420348758
1.4654912404515659,1.5627941390680442,1.502907965229675
1.4523843227941453,1.5411218735371393,1.484506844510749
1.4622560520450123,1.5377698730730776,1.5003258534536992
1.4704361215774804,1.5951603768307638,1.484035331040214
1.4859594067439181,1.5595260228394106,1.5258599332502
1.4642389204680415,1.5592564502900632,1.5214576494118262
1.458586959390053,1.5428601433189388,1.5110950010172135
1.4464607910915253,1.5295812623216856,1.4865647480679478
1.4588947937284729,1.570914971550753,1.581306148025977
1.5034956366611885,1.5936336895139056,1.5664089317057133
1.4829305201294956,1.5581098080016702,1.527625561638522
1.4791398484748899,1.55467862568414,1.5455918764293743
1.4476825553859816,1.5147888150256563,1.5140654510096956
1.4508290118159333,1.54070607820863,1.4871931183068392
1.4846725448894231,1.5536443836409315,1.5611729582592675
1.4476326393165098,1.542523434076508,1.4885205261128942
1.4574570820966661,1.5583637098989431,1.500146782044939
1.4210168245322754,1.5495222671674216,1.4411974710257214
1.41576412622086,1.5125755081560048,1.4704298771964297
1.4275313486028325,1.5265940446293569,1.47200205877039
1.427145940763539,1.5059824414309244,1.4758049229845105
1.4275355466719728,1.5415248689492351,1.4478524234343382
1.4191714900599413,1.5139236506793778,1.48826261158394
1.400442974807262,1.4935618093262175,1.4660158048160492
1.4011939364458128,1.5059991581381942,1.4501203344079434
1.4181177293630727,1.507660386128875,1.4605319778200598
1.3843101625576109,1.4463414120505738,1.4744157982510808
1.4282849749643043,1.5094786764088248,1.508716728058919
1.3919663793531918,1.4793411070405746,1.442353371899417
1.3897963699935092,1.4797527850278038,1.4109198166130188
1.3988703810979322,1.4714714277813457,1.4683780687129635
1.398183535667158,1.4896007454330782,1.4532963429894343
1.3958601827002017,1.4905869903994042,1.460085979969041
1.4142058676988247,1.4813469719953147,1.4831626968302352
1.406903099984292,1.5104767641311898,1.4409501025081672
1.4087702729761897,1.5181862805515336,1.4536686175109643
1.3869086335592415,1.4714168599587074,1.4211654609666011
1.3840251628045341,1.4838015627112562,1.4423293526389358
1.4235777855846536,1.5311150833532725,1.4556352357535889
1.3703615215815417,1.4425116315911246,1.4484388808236517
1.381552130271249,1.470678118322668,1.4459862830284045
1.3928275623167228,1.4609425383945984,1.4610982726799049
1.3746173648019107,1.4618525709976702,1.4456414762450889
1.3667110258986983,1.4717737880835833,1.4439905429601958
1.3312786234065614,1.4095264341730558,1.397561621020671
1.3272413028047083,1.428693403503235,1.366310489276779
1.356494888244484,1.4436605763181718,1.4158083703998208
1.330495902132567,1.4508985638127874,1.3569425464178448
1.3223164130987022,1.4022975749127196,1.4041600654591242
1.339948325464796,1.4302568209724098,1.3806058200999545
1.3330681083986458,1.409979724459699,1.3969029267305353
1.3465506580931539,1.4382535589012049,1.4056702517711634
1.3476814875515926,1.4386493565476757,1.410634675317671
1.3185465127757288,1.4632324946887545,1.3269076265073856
1.3283649292757798,1.4357291482016623,1.3657423489927023
1.3321266879133689,1.4112124106048864,1.4137890126120272
1.303499908968904,1.3964928274119186,1.3531372426051
1.316841597197834,1.4369109653893586,1.351875613616043
1.329150921914217,1.4107747498651555,1.435146715690082
1.314378475218093,1.3802371313645123,1.386003622469146
1.321425717188812,1.3961865482825837,1.4222648924655346
1.3201094533991538,1.444790783934314,1.3906229388047688
1.3182220255348522,1.4092221445735218,1.3827980952441654
1.334716799835611,1.4457416799378786,1.4450762701457698
1.3256267167269882,1.4009089644356028,1.3952580176164344
1.3014104161316313,1.3990034949711765,1.3515922532301337
1.3253049580502738,1.423362121355525,1.3802240142416733
1.3252590060724576,1.409393673880708,1.3796611125161846
1.3209257457738057,1.434124660403005,1.3605516826596311
1.3258406506340417,1.4055563314963877,1.3875726525401115
1.3261313500712828,1.4218850190249392,1.36475858298875
1.3341621587576125,1.4486028926037848,1.3751515054383765
1.3322763781930327,1.440242054570654,1.3885078741089536
1.3367608707829337,1.43542285606493,1.393160721525065
1.3177112924720824,1.422630383128339,1.3542097517600251
1.3328947574643264,1.411325804710992,1.40234133935473
1.3172792155404076,1.4424358250131857,1.3485190648124812
1.321436495802735,1.4192359684047955,1.4241383202146156
1.330572327584704,1.4530911739511156,1.3761316509355763
1.3462945049454007,1.4314655640982143,1.4103725250660426
1.3256944135667312,1.4315330905052968,1.3694139190024126
1.3371088527986679,1.4360206357199232,1.4270399806588556
1.3177458637100778,1.452409698046046,1.335558990956979
1.34746731827665,1.4810449957257312,1.3942287460528069
1.316679778527886,1.4305388158666172,1.3463783492606456
1.3039023171698665,1.4437427190543854,1.320382061168632
1.3256103043443277,1.4168400014829483,1.3930628850702649
1.344041801932679,1.4236408409955816,1.4239731866433187
1.330289601067107,1.4219549905656967,1.414399985476232
1.3396344588715485,1.4444624586672563,1.394801277718124
1.3024908746485662,1.3950033193872036,1.4114377393293354
1.3289558970662652,1.4329787862886008,1.3877393285762816
1.3054744410845966,1.4164878104685237,1.3460224998697956
1.3116695023322893,1.397867924912243,1.3691358542355547
1.3229076261436985,1.4266446315913788,1.4016817714647476
1.3118707986635936,1.4272116302633533,1.3594003474427072
1.303651435141281,1.396810932093424,1.3745576200750682
1.2738963835285355,1.3999820429330359,1.31689411461912
1.2681401334890394,1.384431688488425,1.294426280155122
1.2443408508673555,1.3751561304854183,1.3024345854147572
1.2481030669667892,1.3500756596722283,1.313184204230687
1.247674657833701,1.3674293418923915,1.2945429006467322
1.2271463326790322,1.3260546433736269,1.298727716440106
1.2297005403117118,1.3427200412166187,1.2801121940603506
1.2387371852953035,1.3814327051215582,1.29935190514235
1.2360654641481357,1.3820353473707687,1.296459422662718
1.226647934026511,1.3463067481330433,1.283450589544426
1.2422364147264715,1.3424114202403614,1.3213513023669683
1.2368747946594234,1.3376611489245556,1.3265142668858283
1.2427591227455848,1.373279765056446,1.2945312095154438
1.2281592916667463,1.3311466342302096,1.2934115280925746
1.2294477157788362,1.375682763936653,1.2926298541270953
1.2324044492664006,1.356806599908301,1.3183860282260256
1.2302808502076386,1.3369240516299634,1.3035293687598146
1.215099187684653,1.3426650489707033,1.2552572511942597
1.2055683006554667,1.3107743748152196,1.2557133756953778
1.1925698546427486,1.3026662310273716,1.2696988885585572
1.223209441825654,1.3450078687717604,1.268059985775429
1.229467515877677,1.3440481878813964,1.2829173900002455
1.2132944019592864,1.323003241826891,1.312064680829253
1.222752068204115,1.3529331438025272,1.2923359836134138
1.2215236226554564,1.358239999953741,1.2947347948260388
1.208166622510076,1.3277351372693744,1.237466489220453
1.2281765858829332,1.3512920544963734,1.3012746231619736
1.1997573447271987,1.3396608222627828,1.2558666904192648
1.1951670706029047,1.3284650747284907,1.2581703326655578
1.189462435427059,1.321371837333544,1.2581704772544595
1.1861899684550443,1.3192037412714646,1.2223762377997576
1.1627096407386708,1.3060521389283806,1.2719684554301462
1.1802234663124926,1.3282374041091207,1.2369120417698876
1.1793047513193453,1.30591221603301,1.2389364187900735
1.1805413072001636,1.293595630800428,1.2302268857122352
1.1761408504055113,1.3142228059268468,1.2466566450126582
1.183309404316835,1.2964999429909625,1.2528357672554964
1.1867246673317144,1.3129393781590588,1.2224551051617938
1.193039146614612,1.3009499514011893,1.280079977232807
1.170552804920409,1.2936186283768778,1.2383364365242908
1.1960978224475476,1.3305957446261532,1.2475092241818757
1.1898329256289903,1.2829560337145216,1.2777990733780484
1.1866299580869157,1.3188978139194685,1.2513530413978995
1.1947234521462708,1.3380108185883597,1.2244267178161248
1.189752899154895,1.2990723121969014,1.2281585457747886
1.1950065195086121,1.3177782865591872,1.2458406179696804
1.1781108930347455,1.2784271748097549,1.2412481256964698
1.1894116185489012,1.303241472265631,1.296754372298888
1.1587707808074408,1.3025842440929558,1.2069386974972185
1.1723037223783719,1.2889724359397523,1.2471718496341548
1.177492976000117,1.307819075735112,1.2307787032590602
1.1729976050204063,1.3045043556686562,1.2231512231508952
1.1686598215949164,1.295124139289846,1.2463113018252714
1.1519500179903694,1.2807054074151012,1.2025062997912166
1.15778785785957,1.2661272909838046,1.2098571105743603
1.144452386128279,1.2788571582268546,1.1982235513638932
1.159749841908511,1.3170058024517972,1.2113623916591982
1.1472660649125603,1.2795926855233837,1.2063911314350646
1.1650530238589871,1.2949869719048523,1.2355019552920439
1.156378990219766,1.2796963054257586,1.206221517723811
1.1508187330684305,1.283932407339509,1.1843453172132443
1.1662966447687007,1.3116748390160755,1.2057768493164551
1.1641267393112156,1.31438672704884,1.2185015307624036
1.169063975691703,1.2821469232147598,1.2265701002639522
1.1601492665638404,1.2883106466303322,1.215227250670169
1.1677033312321743,1.2878283737217884,1.2193568236176595
1.1756877800051233,1.2952021707487031,1.2509550550534627
1.1832299161846525,1.2946747638274625,1.284136876696894
1.1758112951362223,1.302126459853599,1.2623882437350544
1.176462255024033,1.3122514479753706,1.2078149586053335
1.1774946532425536,1.3097087431457153,1.2132283198399283
1.1691228976268944,1.303258901536604,1.2248356817701953
1.162044290191487,1.2831568723045728,1.2178400705456922
1.1721172999721967,1.3291646028182376,1.2301712603429984
1.1780273658271754,1.2918965942707084,1.2591092998454585
1.180796250595875,1.3080528982494235,1.230271388805718
1.175820364416873,1.3163403657124064,1.232008249977951
1.1618881670709762,1.2887248455819889,1.2512815601862917
1.1683718797888827,1.3057821073645357,1.247729741938953
1.1736351896477883,1.329123919648402,1.2051039828155172
1.18432600027793,1.3077219221088432,1.2600665660490902
1.1777527535756074,1.2968497716074894,1.246280394338622
1.1839759198770419,1.3122317577810676,1.269662213988013
1.1662118532753112,1.307465268117896,1.2624686876820137
1.1743922689943882,1.3109514609736297,1.2364631339620962
1.1820245561953762,1.2985563657822112,1.2511341178095974
1.170720401634161,1.3078100847868968,1.2203450078094216
1.1724292151976332,1.2995764187317826,1.2567255789887617
1.1557665161306496,1.2755916506999596,1.1940372845451817
1.1531644624641832,1.2870013363423465,1.1945781159427509
1.1771935718870141,1.3223539789256582,1.251703473139896
1.1545660533025452,1.3126671508687582,1.2083308975696694
1.1504847598903294,1.2850284317926417,1.2275510667914342
1.1650086844491316,1.3024259517993075,1.2115903647868125
1.1552451301166018,1.2808014141323738,1.2182234662669658
1.1604440107548097,1.3000829463148489,1.204094797537295
1.1590277871431522,1.3086384138796079,1.2257692955014838
1.148678246460131,1.2785958586048751,1.198476037746162
1.1539420867585248,1.2974921536197146,1.2209286141918219
1.1347863185326246,1.2754762953928491,1.1888462019578276
1.1281227209865248,1.2620029838913431,1.170042315208404
1.122649028749058,1.2558014858593247,1.16633946185432
1.1137665406292683,1.2557576671151838,1.1860585458736947
1.0785601339351443,1.2048867260629583,1.1459460578901508
1.0566122057584892,1.2052984846063244,1.131688498475888
1.0485390139282853,1.1978998229191644,1.103769540940169
1.0390389069451917,1.207284022608825,1.0865581361518342
1.028090269735389,1.187410895956338,1.0834027868298717
1.0254140772725429,1.19978247607487,1.0877967872408958
1.0210623480192003,1.1470423966025158,1.0925031341291065
1.0260808798436196,1.1688783592303371,1.0920553341043508
1.0281682905966074,1.1806099344610683,1.1096779516741722
1.0295870064539998,1.171331603219086,1.084911187003383
1.0278643355438488,1.1804501868835393,1.097519710307712
1.025774986461312,1.1842051942235672,1.0796773285592418
1.028031781686966,1.1807800817816292,1.0753403519290372
1.02193521107526,1.1639620938961177,1.1061897947930988
1.0278198056661279,1.1669394631448868,1.084155015508758
1.0283052460491542,1.1825725087668062,1.1090779915173965
1.0341615073913721,1.1871759727781337,1.0809716724737335
1.0219249993203103,1.1478046545086755,1.072171034694453
1.0256649862758658,1.1756796949809318,1.083302371768074
1.03066755065341,1.190778456693948,1.0809423847690465
1.026864838080021,1.1851944095980018,1.091030800632508
1.0259303884757123,1.1947476332608655,1.085523351839756
1.027174457254498,1.1647269769875677,1.0916900712367237
1.024347541470559,1.1634610286360283,1.1185765443837428
1.0371498487648865,1.1639756361951377,1.090738925733609
1.0297835504037933,1.1519677853537302,1.0942653526890047
1.0308069924105996,1.152944279532083,1.0953685793196686
1.0339430121882986,1.162014674253366,1.1343527510733356
1.0313078702114011,1.1599588903213398,1.0790858000526662
1.0350927421695295,1.164487194167522,1.1088104266214052
1.0245931407014524,1.1668207591078454,1.0909245934047789
1.0218148307575683,1.1499835425694849,1.0916451272911851
1.0124536338546302,1.1638290400795597,1.075283710885946
1.0076670040342635,1.1456836582733738,1.0786703752098112
0.9996147351188305,1.1418379780169874,1.0937851106806344
0.9989054531301909,1.1531174597068834,1.056119671696086
0.9989059875451645,1.1464731086901006,1.0544452150706998
0.998999593592251,1.1641623710766789,1.0823424967595578
1.0008953884974539,1.135314913414092,1.0664156138278076
0.9975211317155699,1.1478529548396437,1.0917581273087738
0.9944761255553599,1.1450055953915808,1.048764339674864
