window_size_1_RMSE,Plain_w200,Linear_wAll
0.24710356273889414,0.6148012270606236,0.3438372398236917
0.25793778369344483,0.5925462618713921,0.3551033446860295
0.27009755875486924,0.6328766304729896,0.37474633805372015
0.2629768663114418,0.634982236285639,0.3826212132783728
0.27091429412835966,0.6285594693624663,0.3631823143177352
0.2539309613644161,0.6579797360105983,0.34709401757703423
0.25518340802111783,0.6581749402134585,0.3444462848176553
0.2641080248285457,0.6199869198248721,0.3439447670477898
0.26001855221164716,0.6215044041659574,0.366588577170199
0.25510895445927584,0.6212794412659302,0.3395143038711273
0.2729039254916618,0.6371473422112355,0.35453458487961464
0.25327915880171564,0.6217616278351376,0.33727647851672465
0.2728933089916171,0.6717557597739306,0.3643253212740937
0.25987790598469507,0.6451016071788334,0.35621783359339704
0.2550873659744822,0.5983768556458775,0.3951781455134204
0.2619733717132606,0.6500604413361982,0.3725408331829527
0.2632777257000187,0.6538468782062234,0.383765823605932
0.26738322747322424,0.6328220799106272,0.3494228875918396
0.2614112602274799,0.6236039798069672,0.3684004953085519
0.25680174521856086,0.6402126276011849,0.3281927034561221
0.2632640453738212,0.6265938971616606,0.3651542260988341
0.27367631549706545,0.6292002507498492,0.3587165403256026
0.2627670622676735,0.6154266540098063,0.3744022339953952
0.25661176481610765,0.6362190990800507,0.3500036974581868
0.2687240995424187,0.61679308554159,0.3654400135061598
0.262011623445368,0.6114503043308731,0.35123675480246386
0.2804687393527373,0.6557867995112538,0.3785734863050655
0.25684449165305256,0.6234186182859316,0.3375823909456135
0.2589695988087042,0.6039446240867119,0.34189560307135153
0.2733579785965098,0.6548992355702639,0.3563675894522143
0.278824233612556,0.6118366297015431,0.35618743622701193
0.26453723439721977,0.6166441576658781,0.3715077594173156
0.2645517626022273,0.6288427431248486,0.3462410085427217
0.26088100886061477,0.64634247253669,0.3773754136839571
0.2605677704228593,0.6005961994020974,0.3525449098422051
0.25733393852869635,0.6336287474554425,0.3738246540605875
0.257149269345254,0.6509703249605839,0.3311929491156468
0.27587304717129074,0.6333771630839355,0.4482721304794372
0.2560604787946511,0.6188363402521179,0.3707596833834713
0.26966379590260225,0.6276555207765622,0.3560203435287614
0.26675209076893447,0.6539457334727236,0.3557858828992587
0.2645534023375882,0.6416114198714999,0.3886134801613135
0.2585186153680825,0.6410008443310596,0.3435662587174847
0.2684424160932355,0.6182951721978825,0.35902868600648496
0.26773910704860887,0.6213617620210606,0.3607314681966154
0.2567157064023387,0.6742097444600451,0.3428892719299588
0.27914817567467304,0.6483426919595899,0.4096901897623487
0.2562245062814516,0.626167833055693,0.3543927704586606
0.26415017816538633,0.6201088963255265,0.3540914883663752
0.2583656587282503,0.6016736596977903,0.3479739214285853
0.26345642616201753,0.6086117213548704,0.3475410344720647
0.28174188446664694,0.6197745113105227,0.3789584802513224
0.26885359404667175,0.6466347986655926,0.3945463594517597
0.2605578157559873,0.6425181646200501,0.3612495923459111
0.2642342052316415,0.623121934884729,0.3527756214081865
0.2699554410555021,0.6118921787283359,0.3601974106729822
0.26229766778458713,0.6720043656465612,0.3315975919168905
0.27459254775862935,0.6453319711012928,0.3625043536544297
0.2667945319179518,0.6531612294561843,0.3667320479103881
0.2531015355150097,0.6136769296496029,0.34215042644059435
0.2784602664612654,0.6485216095075779,0.3740166923673221
0.26898393326089476,0.6191084725838493,0.3800332164526905
0.26796496328331015,0.6354660255093708,0.3713651586012563
0.26941339051123914,0.6313496139653647,0.3473664489452301
0.26633220390533374,0.6373087515683522,0.3752389870816371
0.26663379316357877,0.6006988435349807,0.36869179112957823
0.2774012408305641,0.6271815933868108,0.3449512887143316
0.2615746504507178,0.6259794674965602,0.3530355055739445
0.2645129350416337,0.6402078403559844,0.3707048236124686
0.2631800061774801,0.649312710764028,0.350825415386575
0.2712164885414539,0.6329126943678111,0.3836100308743449
0.2637241985011012,0.6410047825805016,0.3408475922777691
0.2591898915322511,0.6426812665630125,0.3678724849404685
0.2702063149122613,0.6577792381437212,0.3596289494689222
0.26594568173949645,0.6325527057614979,0.3911192407848336
0.27779706036871504,0.6300414930667827,0.3659971608810557
0.27242875167214803,0.627833584922561,0.3836497102111408
0.26071104006882495,0.6321099268772619,0.3672283811539059
0.26398146889247176,0.6481720475009406,0.33002441119108816
0.2716191205975823,0.6260963375464503,0.3779173501218999
0.27441651294985986,0.6429690166556067,0.38882694582618776
0.2662810288561868,0.6316133696418309,0.3523509277437678
0.2736598649430755,0.6389640611373828,0.38428380339510015
0.276138498057033,0.6673356228550873,0.39914088497044503
0.2715417340800671,0.6107154922571971,0.3723666098762777
0.2732480492021496,0.6297693954489382,0.3796350187109572
0.26839054945247975,0.6304212406882772,0.35991350361191565
0.2830706207551767,0.64519607155744,0.3738677569463846
0.27098470600545466,0.6061272706184859,0.37913076596999934
0.26893351981933655,0.6513405576392108,0.3653770012949774
0.2587131933039067,0.6242256820521335,0.3731941761970077
0.2667029441381668,0.6052890297833919,0.38955656006404416
0.27335094803714655,0.6413160291806227,0.36879933237010026
0.267012261034129,0.6371261937964251,0.3813993012106843
0.2701009249523518,0.6527000631273643,0.3688163455807182
0.27170810537788637,0.6191457470302419,0.35656861808885226
0.26401168638132805,0.6758444189276308,0.3378995319869898
0.26609378122712324,0.6391432337098099,0.36068508658074383
0.28109602387162475,0.6416618938367789,0.37322495784729065
0.2674529808358071,0.6210946375061449,0.3963566473679929
0.28024933990849965,0.6443616292494919,0.431635653664056
0.27480467529966535,0.6219508038467881,0.388662977520542
0.26779588462236315,0.6466262669681103,0.3952844090539195
0.2576485449984004,0.6064742195443915,0.35119066923997466
0.2793678181834813,0.614745950162592,0.4014262258856688
0.2717484396704552,0.619431569152193,0.35852525927100004
0.2684812130432951,0.6643358185941072,0.3765668002120083
0.2676081716133309,0.6073246913074631,0.373199977265258
0.28693408003611726,0.6280633624658148,0.4058201988759933
0.2749198154104642,0.6225451309272083,0.3612500977122776
0.26814324038637155,0.605774707455212,0.36881442788976
0.27315249368296135,0.6583993059331338,0.37278553837206496
0.2728695853072912,0.651123749283823,0.34754364312737906
0.27076483904132825,0.6124197599408168,0.4052303344653588
0.27206372471499685,0.6853520119671032,0.3548547605155406
0.27184447214128954,0.6479722588978427,0.4204072922412647
0.27171992614658036,0.5990927431601866,0.4005961402541046
0.273113977418291,0.6635615935384582,0.3861703757136924
0.2664740006959995,0.6577728193062582,0.3637253372570397
0.27411928327342744,0.633338760234431,0.4147151065925145
0.27753117935532723,0.6357026473245644,0.3771138588210773
0.2809738658559352,0.6790939955382125,0.3613392419509161
0.2861840350430691,0.6424955678931177,0.3927470588488913
0.27850075606944863,0.6152551556584749,0.4007068115076291
0.2680512457593158,0.6317267835716008,0.3579244114008295
0.27669421187905247,0.6349668276318957,0.3751759072158292
0.26912811062595526,0.6038908073263657,0.3559787056842644
0.2612046746637468,0.6125345536295624,0.3550562258728588
0.27069183534978114,0.6417977580530306,0.3733489071221022
0.27581414337350396,0.6378699387057438,0.38132435579021307
0.27985556246445187,0.6299966780907561,0.3779335831025184
0.26727775904510903,0.6264706188695603,0.381844516585626
0.26840073945236465,0.6362241489484941,0.3607800852133064
0.2664066345367243,0.6089634679741283,0.3775169949668504
0.27060488515086645,0.6713844452653015,0.3668163412730118
0.28286651282115977,0.6303839909804442,0.3752095166307049
0.27999736882867693,0.6414096905840281,0.38709832184179577
0.28564134265673585,0.6536607610686024,0.3727906334050934
0.2771552522479169,0.6317915002010186,0.3719107637107574
0.28012901943400326,0.6225153329679703,0.38798235997003416
0.2772367616043513,0.5939466848476929,0.4235855990677668
0.27345254062120256,0.5959722589490162,0.40930550252929576
0.27190308316963036,0.5918635909929324,0.3670762113266389
0.2752166296084682,0.6010460210354059,0.3903514879146953
0.27845850188815935,0.6293653442289472,0.4455866150346728
0.2700227472584638,0.6384092723075566,0.3576884850701625
0.2724158444197207,0.5832874237934282,0.3615960395995381
0.2800307859488099,0.6377670060735999,0.4075527526648317
0.27695574315114263,0.6550791705488017,0.383393457731656
0.28643985035650216,0.6349056407139031,0.4353750969788671
0.27474185982035715,0.6259743980838709,0.37252186025463296
0.2986481097310875,0.6595608387988099,0.4269170200036621
0.2786889061001056,0.6276168219789424,0.39810768526132817
0.282621957690311,0.6241676170475042,0.4080643688207266
0.2784495368387193,0.6248840450589149,0.3662982555257725
0.27581330193940473,0.6211029774773136,0.3822852277596404
0.2842922321441507,0.6690941437354014,0.42633083432127533
0.2886290625509772,0.6124615793394298,0.40533049812116795
0.27537912606713455,0.6294887573243012,0.3846742354541308
0.2854627638274857,0.6162044276702441,0.4277335850776127
0.27440446365652266,0.6414076370833418,0.3932020758925719
0.2879418617276998,0.6517500416646136,0.4123643156377774
0.286259661256042,0.6335821779175773,0.4014602062190567
0.28223261043334963,0.6424689539411145,0.3800938758431319
0.2777097741953138,0.6375872822095754,0.3876805640365044
0.27904967187362034,0.6571433847744887,0.3736382681508571
0.276967016329997,0.6153115493537584,0.4134686515688357
0.2732173358837806,0.652118590110698,0.4000562531674607
0.27830260954017916,0.6117238830286901,0.3989147645873154
0.2877017547928378,0.6477147377374939,0.4130496169150182
0.2809650559522123,0.6576048518027351,0.4228102641533292
0.2778241144130767,0.652182811828332,0.38739396080102745
0.2854187901274804,0.6349351764824889,0.4043477026385959
0.27837499887346384,0.6399661368215609,0.3609167160321591
0.27876448103826995,0.5851093727483426,0.3776149461531524
0.2745424939270803,0.6151449864876419,0.4025471297192213
0.2814690756743382,0.6308344755153199,0.38014736260259374
0.2767362878806578,0.6292260269453063,0.3572140395092503
0.2824160940860409,0.6013087671303872,0.4828818791488682
0.2755312519181019,0.6343800246652712,0.4154254483557884
0.280160878289629,0.6343456491551323,0.3891835221642087
0.2779868516183425,0.6207824887557096,0.38681693627067104
0.28064717915278087,0.6143771670677619,0.4296278579309569
0.27510500161677437,0.5896909751992871,0.4458904685037362
0.288852162852847,0.639110921135035,0.4353024375528281
0.27923030497990425,0.6451761638390989,0.40500550523633416
0.27152485779459234,0.6255143202127461,0.3748858681205445
0.2725257169891996,0.6190640917000093,0.37149080244615296
0.2794838325359172,0.6543627396617989,0.3891701466963313
0.2879709264986455,0.6573228178012647,0.38217897577472654
0.28448243120030736,0.623454162119478,0.4142841132552492
0.27773471661333027,0.6326324021135434,0.3841880066682237
0.2799977741242349,0.6426070994934163,0.3794314820975386
0.2756474838042712,0.6434440289493858,0.4093377094434292
0.2849606496274656,0.6252151955942575,0.3910411195216485
0.27828337056589797,0.6375493154666106,0.3889244192994512
0.2811308576485968,0.6314750537822534,0.4072872546340587
0.2790466402149793,0.6393741949050165,0.3832964186902112
0.29083319904268173,0.5872624287204868,0.3886800018771857
0.2868734331186956,0.6636278349492193,0.39596643955979455
0.2761087233305721,0.6209903091596086,0.4239043702017732
0.2767065335212784,0.595657911041677,0.4259082415068907
0.2854427946908092,0.6281982806849957,0.3803951915433792
0.2799216970821855,0.6412180112329939,0.3995014472166903
0.2876401777781026,0.6009653184547973,0.39121451400279256
0.2962810829962649,0.6296144432447626,0.44364502415334506
0.2863927777747948,0.6459275552996385,0.4077913423185292
0.2902734183212733,0.6271800709008029,0.4041759617211903
0.2931526489950124,0.6526730053893718,0.3809097246155324
0.2891263031381476,0.6263099870665109,0.3982444776897301
0.27505184078814926,0.6420716569370752,0.3876331346635661
0.28624492081236974,0.6337280962302825,0.3888236327969563
0.28421408620897926,0.6388738283504083,0.46110067372374
0.28994780071265563,0.640768108669103,0.3911512951563115
0.2943425922729236,0.6488083069195055,0.44777521836394696
0.29836479551868167,0.6340037538510902,0.5237400675804235
0.28383379895380173,0.6400449754262426,0.3774968210268738
0.2727456359064749,0.6060570374676365,0.4421431720297119
0.2820706109155711,0.6053694844301829,0.4249719779020508
0.2901028961561795,0.6404810662011886,0.391232422783893
0.28944961819106463,0.6066719989047988,0.4422679117949945
0.28032981749655705,0.6472535996314055,0.3982826622341619
0.2940412340808897,0.6066416991891752,0.3998928485096434
0.3009509980952427,0.6637086370780573,0.4660227105065328
0.2963614615838626,0.6143788449781823,0.41700405680205466
0.30119549779510696,0.6255342060018996,0.5116396365555466
0.2842901988568697,0.5888702703092945,0.3963959511773091
0.290079747010478,0.6346102891869093,0.4320266017799901
0.29184197035714515,0.6204904354473443,0.3961808054531899
0.2827302738231186,0.6077091374355137,0.4462079442296463
0.29337731660820804,0.6181869482399812,0.418528342157752
0.2875976381703219,0.6320795027091978,0.4299198405342432
0.2849724031401683,0.6350740302655902,0.4420136468178265
0.29033342530852124,0.6230799085047177,0.4050980840448127
0.2973454753704971,0.5820866926353134,0.4502059730899836
0.2841317630178299,0.6243612620458664,0.4415555992683814
0.2818773444728834,0.6219300256984721,0.3702560383468345
0.29415166763452216,0.6238754124171236,0.4598797784157949
0.29525958858478674,0.6190877777778598,0.4556063723063173
0.29948004812363516,0.6060415354916647,0.4640578174763698
0.27844849934734994,0.631865937648434,0.3607999394574197
0.29361344913736276,0.5902168998932141,0.4345680391176696
0.29535062836948023,0.6297062177849405,0.4215259683692063
0.2892017077251482,0.6102433357127827,0.39662669856066574
0.29414903527632996,0.6264489442552362,0.4240793758634304
0.2927954736341385,0.6171319477402083,0.4244358579140432
0.31015858509982897,0.6377033211493864,0.4895168208973469
0.3067019105526132,0.6483324714480315,0.4494004555391166
0.3008606537758004,0.6335588740513142,0.4725816737481186
0.29520437169098074,0.6208574875462056,0.3782428842790159
0.2938853775795023,0.647112076603567,0.4259620098011198
0.30421340299189914,0.6401670215806015,0.5005835900421113
0.2915115933446265,0.5975849496072757,0.4486323408989821
0.2825379550723675,0.6401515529647328,0.3899893036835656
0.29165706297143873,0.6187552419838868,0.4252287352904123
0.29690497015661754,0.6475711637937039,0.3996726177354601
0.28031755115374907,0.6233373052505906,0.41476952277734336
0.2976000523914474,0.6680580751691827,0.41539684720884507
0.29096477441768104,0.6564509578790789,0.4802332593534128
0.29252728757807495,0.6550342205587509,0.3947663420330682
0.29380361159742735,0.6525826594449856,0.4798307893956201
0.29578492971281894,0.6384422641041404,0.4398133480143792
0.2929741917665229,0.626602888127319,0.42575205798724813
0.29078605233591,0.6446803302845248,0.4149028353274904
0.30436889991857996,0.6104778396096628,0.4553211824540578
0.29197564438410506,0.6385500294435996,0.4196892093481466
0.30175595916000497,0.6256430900095094,0.4273751776281823
0.29240454542653976,0.6363864572327619,0.4197008648800316
0.2977298398764623,0.6255049224374991,0.4245996831562383
0.295319433927197,0.5983666380254655,0.4304192109277538
0.28693272331417774,0.6117502088907344,0.3941706477366821
0.2905061449940227,0.6339188891322977,0.4136651301892174
0.3156683226371245,0.6506803524857733,0.5445596187835681
0.2949848697706563,0.6672371570459552,0.4162934933099916
0.3046041912975504,0.6362939770546062,0.4705246708809031
0.2875227280516995,0.6367212706803902,0.43191637174012215
0.29445458954226467,0.6213454112608544,0.4300278944209709
0.3137898667069796,0.6486925322235177,0.5381096652658619
0.29389431343399625,0.6024845511249491,0.4580934875867842
0.3008755733771495,0.6293658637732761,0.4701950831138825
0.292698132130854,0.6476532603613541,0.42998144921431786
0.29523424398250997,0.5979091660475913,0.4160378414965353
0.30075969000732583,0.6296478659180584,0.4540100664560934
0.29470580914271727,0.6343585912270812,0.4112604490243079
0.305471176831384,0.6394826833845291,0.4282383315802537
0.30712495265908696,0.6159028869822127,0.4593362948528011
0.2991699662841013,0.6662171811337232,0.4258430836522937
0.2971103154217517,0.6730470578161467,0.4145285375261771
0.3004733607354045,0.6402087517209526,0.43211402827861056
0.29473899172338364,0.6191677485749785,0.4226621877230169
0.2939099587823022,0.6174462736955074,0.4455304254060761
0.3016610183064641,0.6217502546728051,0.4344458806654276
0.30589644248779585,0.6643250765004385,0.4486955386438758
0.29236845320025795,0.6139013472789112,0.38685665649487055
0.2904387753998078,0.6092680843308533,0.42393870946059947
0.29369893193408064,0.62564715653087,0.4224987674773253
0.2958461699011121,0.6177809566921755,0.42982516788276826
0.29914659155888645,0.6516485571126793,0.44703010264169
0.3186167030253719,0.6349057617018241,0.501976131442776
0.2993985198816707,0.6301133304832339,0.4381721367863328
0.2895451133065589,0.6095850405649991,0.4487798902818279
0.30270104783831814,0.6425326715621784,0.4833925440444426
0.2921186206745864,0.6389432503135531,0.4682351121837013
0.2984034478323745,0.6391637178200839,0.43460036983613903
0.2997821821071369,0.6502278546768713,0.4080069647141083
0.3098725315355755,0.6597320888061254,0.437742493121956
0.31948211773607593,0.6210868301992137,0.4742028248676213
0.29595606461876517,0.6067332757200213,0.44473595645120334
0.3099732809448972,0.6627098263833847,0.4938753737216563
0.30170768665732556,0.6519973064980037,0.4279126230085933
0.2987977696843631,0.6433807639767076,0.4541285814451609
0.2902437662518125,0.6391424516217511,0.4649707301845982
0.30386424997603784,0.6274891796550807,0.43728719179742
0.3119789374025572,0.6300137229982282,0.4563227147339441
0.31237787959907154,0.6297441238598183,0.480824058310069
0.3028936440122249,0.6479990254305011,0.4777529240871626
0.30055340728546104,0.6176311727682708,0.5007103663175665
0.3005540358669843,0.6199134257124342,0.4553227003677048
0.30429361830608787,0.6353792996030445,0.4369526718648884
0.30389913222185916,0.6046670857730113,0.4542944880627512
0.30384579162534775,0.6506115781286591,0.4572682575041334
0.3083852812623271,0.647353350993818,0.4563901950185643
0.3080374892173924,0.6498167189393533,0.455324922166337
0.3072411754319018,0.6563155942106461,0.4842504157426304
0.3065819627634555,0.638990169399829,0.4439286285291818
0.3128438369171522,0.6728005086128008,0.4585593276616535
0.29950694872443057,0.6225073268012004,0.4037062151970587
0.30655326455736337,0.6334939676214237,0.43337128348966536
0.29393842227866135,0.6577500582817654,0.4155171095210812
0.31358368818007776,0.6373953496242322,0.5395929585993293
0.3030635219127626,0.6420235500307812,0.4526767748536216
0.30658345863805503,0.6179358285269541,0.4441155354065402
0.30300738833487173,0.6127661851530913,0.4581837112696155
0.31229192964009334,0.6563643447370847,0.4933973256563848
0.29783801494690176,0.6292792152358354,0.43953759112779217
0.31228748879794993,0.6159893701717071,0.44565749948382655
0.2967904605856476,0.6323545747921039,0.4621197254223681
0.31223835721027793,0.6224125044318715,0.4523821569527752
0.29604433940443203,0.5914536479029495,0.4334267517327358
0.2876509028880531,0.6391188621797429,0.4203665972583732
0.30012963322467046,0.6244180630047866,0.4281575452219373
0.30510089291902776,0.6230055215693365,0.4625913343857203
0.29161841381253034,0.6198992623688563,0.4383728225592942
0.31297153817778756,0.6377969753247065,0.4458346097262901
0.30748757820321176,0.6169133190609315,0.4623944462991057
0.29806431728085364,0.6062001282009987,0.4456396150818154
0.3130438622602094,0.6302446365032295,0.4471548249889936
0.3165865388896893,0.6191444960137423,0.4387069173902585
0.302853689351557,0.6152012076720289,0.4271321600541469
0.3117906115104662,0.6507796142674594,0.5156577895194522
0.3142092459671404,0.6569366336683666,0.560374625699044
0.31086613430382837,0.5866856041228458,0.4940020132350154
0.3109606036472844,0.6187803927025547,0.4799667401688978
0.3143244344637553,0.6276399355419244,0.4521907538351952
0.3174746463913591,0.6502626456181362,0.4774827322458457
0.3202189251588555,0.6230063449225036,0.5166060901766977
0.3053515656304808,0.6403751908777502,0.4505153242572431
0.29837510651295174,0.6211629447577071,0.44308661936323934
0.3077613601933623,0.6242091282794321,0.5034663208404122
0.29607979053590855,0.6077401568138648,0.5289097522626681
0.30924102015016924,0.6222592248667064,0.4819962233530145
0.30789938198699174,0.6239599130882897,0.4834966861922594
0.31306987341955167,0.6401249751953451,0.4587874434183861
0.308983031264649,0.6191990113387641,0.4820979192565098
0.3008970290872112,0.6322796034671834,0.460153407573534
0.2979722292817883,0.6399379076838587,0.4420709006798728
0.30747325537745573,0.6168515786496375,0.4508393694205306
0.31964905416739653,0.6468071485643655,0.4496839106715054
0.3100267539405436,0.6274736111715378,0.4685385925065734
0.3127942924705268,0.6542169598996598,0.4638619793078611
0.314476960528168,0.6347336083562571,0.4608689919746154
0.31668334549831106,0.6008789272080862,0.4703345355051244
0.31037150993620316,0.6391256055815411,0.44053245983782696
0.32380003280835,0.6462943784930973,0.4641534318102468
0.3258612257563057,0.6501698770453993,0.528715977296
0.3051572828470728,0.6300271631226526,0.4092658144192259
0.30327032376702834,0.6101738879999256,0.4959526441615318
0.29358786491617095,0.6194748258901605,0.5310032860980316
0.31397993449298145,0.6434082631964394,0.4765409868584907
0.30796716570557764,0.5949478273167866,0.4589859785321954
0.3055341285815976,0.6352306392202113,0.446757900523404
0.31511964882554316,0.6605154952762058,0.4801576623481034
0.3034795133816802,0.6494424923843909,0.4806999675643786
0.3071731438840548,0.6323033811877042,0.43550076487299705
0.3125587545456271,0.6540482266790625,0.4905242781116722
0.31493123897821707,0.6385151030074995,0.4608537290000752
0.3064907807302152,0.6309870231087374,0.5188229802080127
0.30931696249392915,0.5960577527280455,0.5169592334845903
0.3063667383261419,0.6086054752731003,0.4891065965849423
0.3054615077626964,0.617518095308443,0.5361871542789491
0.3117757420583667,0.6021482510927414,0.5550365387918856
0.3063826500273272,0.6176796026699837,0.5113849121493876
0.30603701482526485,0.6146831551702179,0.4222527819011597
0.3150703976742784,0.6485360852913432,0.4940471398958972
0.31726757303780856,0.6248879780811328,0.4815910263976235
0.30802165696100814,0.648217250858646,0.4793757195463234
0.3170342286580857,0.6314187830986663,0.4646172157608647
0.30078580745757993,0.6533223302274134,0.4631710821753645
0.2996169232556964,0.6496164737057536,0.5017468641272471
0.3175297892278406,0.6389321903830547,0.4802319925755048
0.3121195325537677,0.6500725234525274,0.4701888816436775
0.3184594582734066,0.6117665702777695,0.4846861113580636
0.31310903188466227,0.6182037763866071,0.4357771774629572
0.3168700228240987,0.6179567809584678,0.4975038482025825
0.30784713097223854,0.6410071282095444,0.4321486263402523
0.3179291614171388,0.6558201691653968,0.4627067953758725
0.31180174289480533,0.6369796457313649,0.4678503642014067
0.30550349842156077,0.6277561760534581,0.4838884093882093
0.32195355316123336,0.6474304486157031,0.533083959530646
0.3037188279540673,0.6241920554172389,0.4524854433642879
0.3026807862213501,0.6358773767465948,0.4418278910766165
0.31524633882682296,0.6513331934918738,0.5004038602666678
0.3211690907406105,0.6495741569077471,0.5633100050707224
0.31566846111238955,0.6233068565854446,0.5741231145177589
0.3084791849424437,0.6320201335734891,0.4369609860121415
0.3130418647740265,0.6313945338497597,0.5005741086975375
0.3106143566525682,0.6107354825198847,0.5027302244768981
0.31430712101902675,0.6181440338205191,0.43774600786383466
0.32047567248136155,0.6720214070897829,0.4548822104931783
0.3132819511755264,0.6165847559842765,0.5812451193733992
0.31340106465129597,0.6377498320111555,0.4617709902961444
0.3200910279901191,0.6087525721521851,0.5448687190378813
0.31423567892068494,0.6332353484180586,0.4866758424053133
0.31767376733477076,0.6316195177543449,0.4659892696467765
0.31065699666483554,0.6232396048112677,0.4849986063962396
0.3143828663087889,0.6514268732709136,0.5983768858260933
0.3121030059179592,0.6332421307461029,0.4818139911328339
0.32063044367287735,0.6463836750150747,0.4938863280828107
0.30729377829759674,0.6090156825903996,0.4460671052032113
0.31407089482950357,0.6385504864279791,0.4500935946209551
0.32236025920172967,0.6553514169035671,0.5163753685168446
0.3166533041795447,0.6070988685335453,0.5554887141030105
0.31199781128811543,0.6328144564699673,0.47053709116215003
0.30371620448187614,0.6465854517255899,0.5527874423054642
0.31110967390052063,0.6463939559096336,0.446257732422624
0.3133826679582773,0.6119073576192479,0.5020053644630142
0.3113559252427786,0.6231849610149203,0.472084628743865
0.32148523323371503,0.6397475726308269,0.5393726972473498
0.3156655832983853,0.6244147101917233,0.5520023642814162
0.3269091137051166,0.647021698917119,0.5384961384262535
0.318324854174153,0.6197526114021348,0.4713536750618462
0.3150198820852788,0.6234110839601371,0.4989262826169116
0.31521533412325686,0.635304670912468,0.5522600171847608
0.31534617048258695,0.6199584390405607,0.4898283988506264
0.3224840663199519,0.6173691141622761,0.4786298102089094
0.32355064421348506,0.5972200236032706,0.5578173951570732
0.3291625045271425,0.6155970056510616,0.5066841661111513
0.3183140837249628,0.6614438362652844,0.473275515291303
0.31051603561661445,0.6026986674189954,0.4871136429535074
0.3273525479374999,0.6422028432105746,0.5977492370464278
0.31983834830873514,0.5879938303625868,0.4564957793802191
0.32269876184323737,0.6422646140432268,0.5030085764448738
0.3297843274904383,0.6306544292176458,0.5537901992740909
0.3167156373572181,0.6099254676884626,0.4680874089635573
0.3274374131618657,0.6289665917390955,0.4922236940571371
0.3252754325443401,0.6395836506371371,0.5098428619646047
0.33860047464137666,0.6028463835172004,0.5396848327151467
0.3097331665401042,0.6136586732813066,0.478830151982781
0.3195629334573277,0.6760744495258522,0.4982816111903243
0.3230343279173862,0.6172383556963907,0.4527220055512801
0.32814421233302477,0.5862535979009496,0.5043934048650087
0.3203504250487435,0.6176326333538199,0.4543668895016247
0.32672447543902183,0.6447011888982978,0.5242359688704
0.3261154036405571,0.6204262510589484,0.4881888393525044
0.33013923958662794,0.6365273899538075,0.4718451839918277
0.32473783377472726,0.649031991871696,0.5133387470092676
0.3204196418504351,0.6213126940573055,0.5485412873129071
0.3241257144463943,0.6645962755496241,0.4961273553437383
0.3191073426415982,0.6173758802820769,0.5634762857500106
0.31807638883030015,0.6048057732733184,0.4955567808229542
0.3295106962230324,0.6293738187424508,0.5492422657701116
0.31965932437749894,0.6239147379304236,0.4969757496543201
0.3225361903336568,0.6184101376786889,0.4864531514426812
0.31500376675308805,0.6290211251178297,0.5112200913004791
0.33316693262353875,0.6076832221574135,0.4963800467193959
0.3282638383036322,0.6562495333363371,0.5056048804437555
0.32623102040594,0.6352889891887673,0.4867292745509694
0.32915289730209973,0.6249786286860233,0.4907841796441401
0.3239731166857569,0.6135792167854549,0.536642483524155
0.323619266528085,0.6113179840659239,0.5526678120706586
0.3197245843999113,0.6501050775573863,0.5067960685212429
0.32202968335012955,0.6323217500546076,0.5167584618559231
0.31893599752225427,0.6459289593225154,0.5041563966485212
0.3278372285639269,0.6478107290400748,0.4976084769957864
0.3309635030716245,0.6333516935901699,0.4762711507151685
0.3155280439865779,0.6049605970609797,0.5532178380241701
0.3294104142757216,0.5881109548280609,0.5359604671680301
0.31794476395253185,0.5880545330201117,0.5275161826848741
0.3288967078264041,0.6374821713169093,0.5098025805223626
0.3422690330433441,0.6829058650969811,0.4664471516055174
0.31639780997914846,0.6334763704146975,0.5004621772019825
0.3410517495670492,0.6355398601777718,0.4799580795370688
0.3194497957984666,0.6332127247776076,0.4767495416858937
0.31928646130808536,0.5939068571700693,0.4997814300980224
0.33609602614599593,0.6507055213186358,0.5353746975991747
0.3447369384437544,0.6355038394252511,0.5588868901170467
0.32779509832734727,0.6449664100174826,0.4827879478796643
0.3294712852317559,0.6289158787951059,0.548981826695901
0.3194892161757283,0.6133402628487002,0.5057602285256619
0.3428412068873522,0.6017733524005453,0.6445207255859091
0.3393917209879743,0.6205213323199141,0.5535882453556307
0.33924219430262553,0.6220920602093214,0.49647573368037
0.3318519067969591,0.6275492487034575,0.5578013463963747
0.32764500597807183,0.6123710824169133,0.5170888086055031
0.3277249458220307,0.6161053199528523,0.4907994261357643
0.33361458536728134,0.6491909770700214,0.5177305270302138
0.34296851564455444,0.6311365066342995,0.5746852336788913
0.3312646235341569,0.6418235690271118,0.5245735736276657
0.32849294076131,0.6244768518085624,0.530288956932332
0.33360209661757184,0.6261097492801206,0.5152878201260731
0.3437380335600499,0.6351501345563331,0.6830070366884483
0.32492590717171604,0.6203897420334901,0.5579809871739357
0.3335024199413718,0.651854113217291,0.5861717185556619
0.3256371186403508,0.6397977203180191,0.565714859020408
0.3323470349577405,0.6401082777874197,0.5667677573564035
0.32011686136504713,0.6286573261220585,0.4909296231354133
0.32587682242806626,0.6348520730894333,0.540428936018696
0.32465287032394013,0.6353988182234851,0.5013992765689135
0.3349181188966492,0.6200717180737667,0.5483359518062929
0.3303000105880469,0.6308263801390553,0.5221598689239577
0.3404960087890329,0.6447823094336079,0.4918628261347481
0.33941415074974174,0.6564072574225781,0.5519986245906914
0.344406225712619,0.6339723127011099,0.520746410570601
0.3357097807227078,0.6481822089983783,0.5524453776710632
0.33720133262728375,0.6412566451885531,0.5835871673061334
0.3290720420417207,0.6129350080261566,0.4653355296317308
0.3282050626496539,0.6381034347527987,0.44888123074699393
0.3363809871176084,0.6520890123974753,0.5504588926041426
0.3456434361544118,0.6350688190263002,0.6064580603991242
0.33314564460722773,0.6057768588026944,0.5465285622891365
0.32668240621295974,0.5998896261609521,0.514767311756318
0.33934748555925637,0.6452703948793291,0.5139968355518023
0.3474024104102894,0.6540032366999037,0.5061976392806321
0.3391611256148792,0.6289959889213861,0.4686462876469343
0.3370183785408904,0.6339134282435214,0.534675148936993
0.3490497210944097,0.6282079752430451,0.5967976059345509
0.33545266739637863,0.6294919314743285,0.4941630735326879
0.34295372985970546,0.6385830980282701,0.5293754465422326
0.3394141755004396,0.6453916406284418,0.5284130233072432
0.33867012576335737,0.6506999657490695,0.5475582795377123
0.3364208478227177,0.635018586198309,0.5398854673710869
0.33543670192247266,0.5987729672645223,0.5041322984480813
0.33067730988668625,0.6584802353999909,0.5389204353178075
0.3392997478756829,0.6335303150045177,0.5200882739961165
0.33503026102903627,0.6442513168088237,0.5823353785779256
0.3397736488532871,0.6022336411182861,0.5066228102472962
0.35257209528753447,0.6329790261384105,0.5435193282908772
0.3371917878319449,0.6524907308254252,0.5951233367835563
0.3360164822137269,0.6357217714856379,0.5099176032793421
0.3310409466868959,0.6153980569599659,0.6583565108482293
0.33792415633719747,0.6333363898580027,0.4903051312004564
0.3456643842470548,0.6364511012555303,0.639061518450523
0.3310862402264982,0.6857120152393215,0.5169963789124506
0.3405165814410307,0.6370077234198327,0.5062491940691136
0.3368419991853568,0.6227473601222485,0.5489126641100945
0.3377852408008397,0.6667412600660605,0.5283076123969584
0.34297611923260835,0.6319932489078695,0.5408069357518578
0.34837457943419925,0.6184248405589452,0.717482102338076
0.34676301859282094,0.6453360323895861,0.5952149218952172
0.33435152930252354,0.6442930869766059,0.5428495862773278
0.3288637306261412,0.6393298770400092,0.4817079876336277
0.35578630243853654,0.6204235852653018,0.5797014265891343
0.33678268346595003,0.6207919098071464,0.5322270309458519
0.3406924465488181,0.6421704302989155,0.5041703595017201
0.32405032258415795,0.6171700376502888,0.5188088476832273
0.33501311510881365,0.628069995422513,0.5138682728709374
0.3397582731409751,0.6447003499453211,0.5082153538297234
0.34949764629719976,0.6405718121899528,0.5397809516452268
0.34776036968906116,0.6389673417615325,0.6418553456948035
0.3545741026164785,0.6276773403371017,0.6147341395017866
0.3440329515430299,0.6566458422193311,0.5633032044117464
0.3376700214391835,0.6013168800911162,0.5565505856213884
0.3581725862762497,0.6279291388744113,0.7012229913260138
0.3339891341501345,0.659061767096401,0.5208501951828177
0.33329027069148764,0.6400143283045332,0.6090969604771999
0.3368462725789166,0.6361301418383496,0.5649469574367223
0.3475563153942397,0.6244572975157655,0.5985506392706553
0.34796005385971823,0.633582264072823,0.6625449552370146
0.33468328941844,0.6493118381311502,0.5215106004575949
0.3535368861452933,0.6621686042386146,0.5298536633028251
0.33822454207174446,0.6091702278033173,0.5503107133033492
0.3551093825998889,0.6238285772995787,0.5540407459546354
0.3444408240740217,0.6177877598638072,0.5495378650624768
0.3636109592512817,0.6271944821315256,0.7452603114385711
0.334702159254278,0.6008332704867595,0.5698163236649285
0.3356501017775918,0.6147091915634926,0.5356658149812092
0.3439195146910695,0.6009170976648514,0.5216157797230454
0.3386828584118652,0.6119073957417936,0.5391837509574371
0.3482497896955915,0.6415408134318499,0.4912566699528835
0.3472514544841081,0.6300276779929256,0.5069135077812955
0.3405790954540238,0.6382089507087321,0.5345487384899122
0.34609077743129135,0.6608438657914637,0.5618837212187725
0.334890127596028,0.6186197012184217,0.5334675224879941
0.33722083203682046,0.6306194118354139,0.5210858074266866
0.3378611052210419,0.6102838909279494,0.5696501989474079
0.34408457735333164,0.6461674701643331,0.5628480278783686
0.3431553026834056,0.6421125495408408,0.5654565584572648
0.33812817889369423,0.6170298125211326,0.6233268904144444
0.3408603380606291,0.6404301023862818,0.5270434021864507
0.34448300019698475,0.6570022554982465,0.6351041932337302
0.3361362070788596,0.5943094457508488,0.6370261724742161
0.3367045275838043,0.6483308002471478,0.5444371877339099
0.33691524383657045,0.6112884566388164,0.5943977585862908
0.3446526324894413,0.6162890223484808,0.5781421771271007
0.34835515339145945,0.6570011500186009,0.5040560324544252
0.35693649806814476,0.6123541616542765,0.6529522184180583
0.3472370330246197,0.6276086630216061,0.5551710092922921
0.33113609117256804,0.6449366931968636,0.5307927418224395
0.35084062219381723,0.641980683030065,0.5817901725492076
0.3390581348956273,0.63744313603929,0.531556264807239
0.326006145885146,0.6210912949408586,0.5582072975620695
0.34486594072692633,0.6203286733455922,0.5773105991735187
0.334935711632491,0.6067962674535022,0.5277688239302721
0.3380398488452721,0.6373137484652321,0.4951341582236855
0.34694665487702836,0.6528582086530201,0.5651247420909076
0.3542239951542516,0.6211132157316469,0.6017140460313832
0.3532725409026165,0.6019586678262957,0.5779458284537914
0.3600708844113594,0.6318650387501362,0.6062809108641367
0.3545241128567793,0.6196101851205735,0.5797970131706348
0.3424303096247534,0.6092067295634412,0.5216154510172993
0.3628293171945404,0.6409736635584327,0.5858191821241401
0.3381202940765289,0.6535176299851015,0.5805551782975303
0.35938001994503344,0.6433697562582029,0.5446360782528753
0.3472901972309904,0.6235318377261575,0.5588864311302323
0.3433116103646555,0.6488121578261504,0.5832590895668449
0.34765143878869637,0.5907353125063253,0.6757421973392719
0.35376468204168054,0.6092212627615511,0.5743212869555027
0.34777149957981346,0.6210130940732443,0.6593188693939968
0.3434273053796266,0.6336807734974821,0.5377995750855363
0.339623342121475,0.6606929567071318,0.5530001454265671
0.3541945696018964,0.6346187813081071,0.5925161870200363
0.3592896288209819,0.6340525874138586,0.5473270043216438
0.3628832872182704,0.6478607543843152,0.5540802258621554
0.3582004013403042,0.6614355899538559,0.6107615179975725
0.36378860848448624,0.6054026224034657,0.6561234652777973
0.3460159531650586,0.6031494592364299,0.552024586531513
0.3510685293058287,0.6437141008361627,0.5329590518446018
0.3471835487310424,0.642814365081821,0.5252873073136469
0.3523581520033826,0.6566349316520192,0.5869216712522988
0.36398356986656055,0.6296351592834554,0.6688887244738079
0.3362663895684006,0.620780942767519,0.5188920451889489
0.3421279503112911,0.6361277003194079,0.5110263535283439
0.35691731457900727,0.6372839166339324,0.5410874831049379
0.3593623388442997,0.6144776328724936,0.5824567028366051
0.3626616167927385,0.6333933882068254,0.6947539185901913
0.3632670359087838,0.6325067218439734,0.5380250022018579
0.35250933618944574,0.6233361081571862,0.6144271384969
0.36103964942496497,0.6329093903978962,0.5903392822891393
0.3589311359121246,0.6601866397482464,0.5583407908745315
0.3639268659645423,0.6594717347933886,0.5353446765032984
0.34902914048529854,0.6379162503460009,0.5513384328205233
0.3452614183386979,0.6297387530184951,0.5753016438640135
0.3573301706810081,0.6433673520224862,0.5558634866719714
0.34992362069522653,0.6305631069576964,0.6451822553446742
0.35828139802783726,0.6407015225055911,0.5401069146794787
0.35190328234632234,0.6253823021932271,0.5920321567341915
0.3442517518723556,0.5984039388480241,0.56790176530955
0.3533230642946798,0.6057921400639374,0.5623072084412274
0.3653484853083526,0.6457739755818388,0.5757635282457171
0.35517384508966615,0.6264862809951672,0.5269536380023153
0.35628827396326,0.628684328314573,0.5740784961713338
0.3607791605916655,0.6428322499741236,0.5893811338084389
0.3692571278039827,0.6471948794457275,0.6590690632565908
0.36558597494113726,0.6205296398649209,0.5616882704428483
0.3662963713007516,0.6521068953116934,0.5470128559643912
0.366428683523622,0.6628436228585811,0.6004505770789561
0.35594037694956815,0.6340945985765738,0.6308442179247676
0.3664994934490697,0.6155384821810659,0.7038040671334335
0.36116563380638117,0.6665941712574966,0.5331883887470774
0.37369374601094685,0.6329139810159284,0.6199409198158652
0.3565635729449693,0.6174373182617248,0.5662823526084766
0.35037843348947334,0.6226646894729615,0.6248013986330585
0.3472845676904562,0.6381188166743013,0.5902108229573431
0.36012267148325205,0.6425995723408814,0.558020189977495
0.35985767057764756,0.6000955553200459,0.5492038623000055
0.36046272232177734,0.639290720528892,0.5250459509615897
0.3730803502606548,0.6232369688621183,0.56048458484186
0.36721785312927546,0.6058641300296567,0.6017041556188214
0.37810437151627974,0.660551746220332,0.5927350780848829
0.37431581200994046,0.6245195210488032,0.5677601804521365
0.37323492148739795,0.6370183171237835,0.7050703934637466
0.3736219091187354,0.6835014927315965,0.620328927039706
0.36918888664799393,0.6143044275691237,0.6549054173350445
0.3684412162741056,0.6229480636182021,0.6526515123142196
0.3761089995900625,0.6409850386257243,0.6090930217148434
0.3653295585411095,0.6291001757736298,0.6073441716542269
0.372665916445702,0.6381311533418791,0.7174912764495441
0.3741973593485713,0.6449493176537358,0.6017613193702598
0.3598182436293232,0.6469516845489273,0.6632332001664101
0.3617886307465516,0.6223047933409953,0.6248232558832448
0.3573900718248846,0.6233541238542121,0.5764139019602419
0.3666307169700617,0.6557602613165586,0.5577070033612826
0.37531761015595616,0.6305415248312147,0.5679815905625037
0.35329214512929935,0.6034787664391736,0.6134766776475813
0.3776620336967888,0.6300661840841645,0.5847723628829208
0.3505769735703522,0.6193246199758646,0.5408732009925636
0.3608947011542116,0.6649732427665963,0.5780183948630594
0.3709090088016957,0.6641742523920604,0.5730059533770195
0.3612032641014656,0.641103064146529,0.6239563162377615
0.3508725195306158,0.6342837289107915,0.5503728101703225
0.37880094422118243,0.629345285621829,0.7092304280565209
0.36591619679263854,0.6344650196523841,0.5584641148731011
0.3729711351997713,0.673074551467694,0.5829527737194006
0.36771040462301635,0.6065758008591728,0.5816081052197427
0.37478397158559296,0.6379303395223433,0.6244916425944925
0.3674406867080627,0.6109442271990753,0.5804321423888511
0.36269444446115623,0.6285588423829133,0.6394617834481905
0.36553845378167177,0.6699587632925609,0.5676898594798674
0.3667090324738306,0.6324889026914405,0.5738390241695188
0.3566373176146495,0.6091483271932447,0.6630899145037442
0.35653306738589013,0.6316291429915659,0.630866998644047
0.37578318887591716,0.6509483812476169,0.633634956393393
0.39625076484912497,0.6604259162389371,0.7037861362905998
0.37346334341072995,0.6389014468521311,0.5943723974363389
0.36631880609860584,0.5987879181576335,0.6053234638529047
0.371575183659694,0.6281046952391697,0.5967996671944944
0.375384678405072,0.6156205552377594,0.7181006524089324
0.3718915384919539,0.6308076463119057,0.5686703350459008
0.36222972742576703,0.6431339694246744,0.5993577329921623
0.36473221129226885,0.6454281582565232,0.5970713361638815
0.3650140077479166,0.5913464809572833,0.5294764041345261
0.3770180889141234,0.6497722361727912,0.6752447929445838
0.36031063954909637,0.6429050016180713,0.5847713986550445
0.373918737023641,0.6651032698906296,0.5842047287699849
0.3744425103574545,0.641558416462261,0.7091759056603916
0.38717826349319917,0.6807001510517274,0.6340656091371464
0.37520085615422516,0.652370851726099,0.6054721531502373
0.36682519380052875,0.6155901614768413,0.5930694726171031
0.37530616232143404,0.6338754983113268,0.6209279673136101
0.3670048051739113,0.6166357413374943,0.6347881063658981
0.36924642671512325,0.6186473119367379,0.5894619573957024
0.37240207583284324,0.6120334172754935,0.6478284943201325
0.37939590162046866,0.6328248241806086,0.6762131434741429
0.37239435277651234,0.5926059373102206,0.6761581234440162
0.3635660907117899,0.6418208502599629,0.6262004520097549
0.3679430504862629,0.6245406199997756,0.5802077943301004
0.38661776497933187,0.6355988865287953,0.6830970081582464
0.3691888909563667,0.6209965034747671,0.5794754132056575
0.37939511717808977,0.6117690585371345,0.6554725697494652
0.38725429329639866,0.6167143921837654,0.6713100729314992
0.3722862422948885,0.6240785167231242,0.6148333386965635
0.38296983832342635,0.6279322437063197,0.6828450453814733
0.3928507555672339,0.6209741342547616,0.6913494108926099
0.38521285407618727,0.6291076966034257,0.6377799853061444
0.3763748808575445,0.6295308651530349,0.6387661242380155
0.394657763917544,0.6249292612838077,0.7956085657184162
0.3849325442948007,0.6158426122890616,0.6719175463539195
0.39502261706124225,0.6517088871281268,0.6608672419132828
0.38131087089187643,0.6339416923271113,0.6877192675886684
0.3809885260149833,0.6380501976307412,0.5772835959054331
0.3795222047674207,0.5850307466354905,0.6670084803003367
0.39176438898517285,0.6209092159331451,0.5962660680929581
0.4004111441184454,0.6464056521132769,0.6200586246655242
0.3852358111774104,0.6143037038551625,0.5739241842733555
0.38542758703567737,0.630635540361579,0.6359032535077194
0.3885876101815733,0.6377139755652359,0.8036440784345564
0.38171661555348924,0.6212607373939638,0.7664439525542904
0.39450838578734543,0.6453005729571109,0.8419535208616463
0.393865574236242,0.6220373723243622,0.6803989494326232
0.3959764872021505,0.6325819694924626,0.6934088632545224
0.39013339926557167,0.6421989169912302,0.6055777943756567
0.39236488808660863,0.6023636810452391,0.6453257311511486
0.38482042242449344,0.6407596583113091,0.5719319310723757
0.3831017296719785,0.6774451628378904,0.6009236920345904
0.38169900352827557,0.6404399382139859,0.6769949353719791
0.376090960587972,0.6420164766199306,0.6253903326051263
0.397083848036745,0.6324781709217858,0.6693064304674737
0.38445655776237553,0.6369692988161748,0.582066876100334
0.392798923178013,0.6407937032741148,0.6154038754692998
0.380798280519903,0.6189690159203566,0.6925300277066139
0.38561455512602555,0.6395835241879224,0.61275672349044
0.40919678345309635,0.6438498184628243,0.7369539454587517
0.3878534990486506,0.638887333470449,0.6649605161385229
0.4007038499389676,0.6378756918987483,0.6653426391762975
0.4137462848255903,0.6587148444275799,0.7270242632780216
0.38619463287726935,0.6370391504735733,0.7235803770966552
0.37722971816810835,0.6122481241973092,0.5888791298318615
0.38238945564388266,0.6170288536036945,0.6475527431612091
0.37264121557394564,0.6173911541002408,0.6653284438397098
0.3880349716088458,0.6512640568459253,0.7147572132119769
0.3785264018924058,0.6091624140350524,0.6469018650253142
0.38946219775814367,0.6221948264092828,0.6548607856272648
0.3877353294633684,0.6304203454453787,0.6400057878970143
0.3895082516065266,0.6278884578698399,0.6384999197884004
0.38767872553490007,0.6529857301246947,0.6533221208977288
0.39581276359204387,0.6392364966623609,0.7022431502741167
0.39226743075505816,0.6462631102846406,0.6649778053684827
0.39992017157570764,0.6608447894216902,0.6266754332121682
0.4309957140551207,0.6515715907995324,0.7698824981253648
0.39185141723604633,0.6239011891987049,0.7419735906683016
0.39936873574674314,0.6349299938426993,0.6703607379736047
0.39810975001596294,0.6199239546796641,0.6085677189229177
0.3843144563367788,0.6223578683167856,0.6723007645371075
0.39026463516490756,0.6088893315569397,0.6857158587156188
0.39425196897903314,0.6272132043341899,0.6350858578536002
0.40385129174850287,0.6461827279056461,0.7172708417230946
0.39672610797464036,0.6184869011795829,0.6540693044231651
0.38403610466146515,0.6107631742367622,0.6405137007935147
0.40069853165724273,0.6511886721368775,0.6626787198416021
0.3940529489782427,0.642590334011749,0.605607887187766
0.4123617469360489,0.658362153352088,0.6723881736460393
0.3855125649272351,0.6343122727315014,0.6417084028637011
0.398776475526432,0.6466513994931004,0.6598665198548499
0.39959799260475554,0.6519927527837143,0.630302271376324
0.4109943175754276,0.6142051533606476,0.8200010427655839
0.39795609674799426,0.6580945653608478,0.6255700825377676
0.38877295303043063,0.6356262014991841,0.6742011501780741
0.39615451204318036,0.6290826492248752,0.6711509198947576
0.3877072290730201,0.6033384892459462,0.6135071961682624
0.40043476854733323,0.6429038959877343,0.6159249674958768
0.3939886172200293,0.6130864698287678,0.6349719248632857
0.4004166319951328,0.6480011189196078,0.7955578868630141
0.3954478382074768,0.6246423007704167,0.6577025393663356
0.39266217381849183,0.6407837835368418,0.6566988251561326
0.3900777953267032,0.603898738333028,0.6187504720844834
0.3927315396995702,0.6200588855727807,0.6221619999212472
0.4075574488727481,0.6468952439329414,0.6551068672304495
0.4042532956452514,0.6216628301145114,0.6656250154751859
0.3911864960697507,0.5923715348308807,0.696257270351294
0.3876580785618766,0.628716319962543,0.7125692971088867
0.3834039060184531,0.5802482201264285,0.6153188594237369
0.3848292409070334,0.6119995197465774,0.6296597737139353
0.40873556282594964,0.6372473865749325,0.7794381846916041
0.3952981650043519,0.6411973891644813,0.7091727868539718
0.4136307348317742,0.6411712427693145,0.6929634830531641
0.39473310573433007,0.6015874549761616,0.7129540079873777
0.4081669578689844,0.6374002221303174,0.6226267929303346
0.4076586506452221,0.6128763788996346,0.6508732004614326
0.40386736980907423,0.6548377085570553,0.7572390542186689
0.39769428280859365,0.6157421209727619,0.6462364239412302
0.4045046595825787,0.6132320288722741,0.6291520567306838
0.40091288904374045,0.6065586498952411,0.6784050233362247
0.4147007028007953,0.6454730521115511,0.6508178804703044
0.41607601775402275,0.6320478147380606,0.7159701078742466
0.41462702170181776,0.6244956775280255,0.6473830653542124
0.42335175246433704,0.6989943539005735,0.6360062435429285
0.40161095631056926,0.6311543903690113,0.5886323837222626
0.4070777452916985,0.6434364029066202,0.65368934360436
0.41114297943520023,0.6132189546326413,0.7475820555896583
0.4120351573342632,0.625083090682725,0.7147928722789229
0.42336034242169435,0.6453961461866824,0.8495421976660746
0.4149819774662996,0.6244953746698818,0.6648254794678359
0.4191446281189912,0.623213364984584,0.7470123808334058
0.40764128894798535,0.6498444050946004,0.7893902090234579
0.4069367295282964,0.6456488334855426,0.6647810780811665
0.40209330847664476,0.6156057497051748,0.6463109765502131
0.4056780889620778,0.6458372995143985,0.5996528464868357
0.42018119897315054,0.6306865150069317,0.6372696646022104
0.4266365182650483,0.6268553188058461,0.641291102978375
0.4185715614165495,0.642908993149281,0.6092250817650121
0.4231463971867721,0.6501831214747099,0.7231691299012478
0.4265344058983486,0.6280829095528538,0.7632280960315451
0.42979689485803974,0.6410884651316627,0.9356235930832308
0.40906797678448575,0.6256748723586634,0.6654623565150147
0.42520955876352645,0.6525018763286725,0.6315585933327478
0.41654950373050875,0.6100487795762948,0.6972069664147736
0.4190802562048278,0.609884548220877,0.7227848287326367
0.41083640539463395,0.6279260837337128,0.6796613680348763
0.4209295079868799,0.6444895334646783,0.7426690108463575
0.4160319181465389,0.5943555598711537,0.6649927288216341
0.42900364306465294,0.6504877207733625,0.641605757732046
0.42931875083974547,0.6234135291797162,0.7215061901815021
0.43131662528624803,0.6242227656383238,0.6848250234211792
0.4250327978279826,0.6344591573242822,0.7375200471638369
0.42658302112347896,0.6172172525113168,0.6869986660263421
0.4297910325913308,0.6272795216796732,0.751745934998048
0.4369284779421695,0.6437429099800205,0.6764191313344852
0.4298579446048106,0.6266492724521006,0.7036086049511647
0.42521016739171913,0.6235478498423608,0.6966185323306939
0.44044212210521494,0.6481551942879799,0.7975724752619259
0.4381316856819417,0.6252194036180776,0.7162646737826208
0.43547095025065247,0.6471366097914492,0.7482731776270868
0.43419505393354985,0.6356077227814032,0.6727266736158916
0.43305276866150705,0.6295077981379426,0.6819589905149216
0.43819140780251453,0.6390476661828978,0.8140765199772395
0.4402713583642116,0.629437479382883,0.8168754956584614
0.4288634972367242,0.6115373566746745,0.7033243282287428
0.4428726524931581,0.6608438158916554,0.8503188401765351
0.4252535347653182,0.6125403236322896,0.6605708742949932
0.4431615044843571,0.6384218830222421,0.8451029427085746
0.4214155412084731,0.624994152704967,0.7303997558696257
0.4323520398259588,0.6148634903764753,0.7005949885090768
0.4276702533330691,0.6132173972205618,0.6636539567460527
0.4393647183497308,0.6294001134128733,0.70089890458249
0.4233316491234337,0.6026994273981039,0.7183205691252352
0.43806336924273886,0.6534173594338714,0.7376652105036855
0.4355087925851171,0.6184279571458007,0.617213183691619
0.43770497540162834,0.6378090308167811,0.7278203632975587
0.4342804461783731,0.6148565818112024,0.7058294919453723
0.4303023926314801,0.6340422244194975,0.7196661529167558
0.43521459486337344,0.6658697991409901,0.8100681932373469
0.42928897709210023,0.6013361533618283,0.6993730533728404
0.4398342824239856,0.6093993579380025,0.7788027319169228
0.4532818817070927,0.6543843200078352,0.6933019341737366
0.4404651506189047,0.5879544514054883,0.7329975227879355
0.44858470269530476,0.6504613349591412,0.7808051423251322
0.4463367043872261,0.6402660150629201,0.7124034844715831
0.4468158525480894,0.6256542778793979,0.7429706269807365
0.44096073999685736,0.6276970006950773,0.7148453033481491
0.4511432165570191,0.6213968376002351,0.8002107771029131
0.43738551795814085,0.6096857564056787,0.6946640779277589
0.43213286583823735,0.6086990207936323,0.6943907700557803
0.4521864543170101,0.6313920083451985,0.7927873847483298
0.45577315856399414,0.6565912278995936,0.7248657779735833
0.4446047991034337,0.6225210871775088,0.7409613063598534
0.44421656202470156,0.6591718042312451,0.7747804044173844
0.4342605433014401,0.6177511314571402,0.8560731590011947
0.43406566220951265,0.6154367066005652,0.7671037323491622
0.44319148665163083,0.6134123111606967,0.7387481445612851
0.44223586192636477,0.6436077851607149,0.6812756312312044
0.4415413251852994,0.6311624043336159,0.6902051421121458
0.44293035519719565,0.6053926630098116,0.7176730301620499
0.4613696884646673,0.6650187006797533,0.8435652381238046
0.4438244880291558,0.6306891818127991,0.7378990676968583
0.44073019637679506,0.6509575205312355,0.7832135352622678
0.42258836245047926,0.6174131649980111,0.6965362328495789
0.449263924643273,0.6265977933082243,0.8834706375150709
0.4473096752993184,0.6374233868307527,0.897388911534647
0.445231762174434,0.6418508483864899,0.8123764260519937
0.46206712712715203,0.6434914828675973,0.7946380788921463
0.44434349389312416,0.6445281817927682,0.7620145931296577
0.44333126323007493,0.6381173540900426,0.8414082762694247
0.4542958704766441,0.6111291052743684,0.8859805371548817
0.4394042349536682,0.6104256828793074,0.7386045754900339
0.46075487663712866,0.6742107423217669,0.798856581556636
0.45160877237412916,0.6387449008520425,0.7516061055132061
0.44498863366913904,0.6140765279203922,0.7541223417445105
0.4479921560686754,0.6236876771611031,0.7478861685861115
0.45707574814502877,0.6318625731162449,0.7728614038892994
0.46298875709876686,0.6262140184650276,0.7868744347454113
0.4456941168305565,0.6253505032504343,0.7152640903712231
0.4459147760864043,0.6448675357101326,0.7282347487086205
0.44146493621009925,0.5798800731109626,0.7997805510579422
0.4542369078601344,0.6570100177681727,0.7432333070761113
0.46469046281327225,0.6723845052775083,0.7870460692062075
0.43592095819040105,0.5960373102336429,0.8139995161572111
0.4473120846414515,0.617292445290381,0.9047310299861672
0.4449567147287005,0.6142909508147998,0.8109144587078014
0.43484650532184377,0.6444710325836768,0.7907909285425286
0.4364568868314127,0.6237798065315432,0.7289282605302299
0.44409065101953316,0.6590572130715215,0.8047144989505479
0.44965241137458517,0.6318171811377846,0.7460535517818401
0.4569123405445569,0.6246370560513702,0.7162392277340588
0.4514881348326428,0.6236474101251884,0.7431940003829028
0.44778104301398297,0.6328391028032487,0.7384378135837066
0.4537948428105218,0.6341438878575253,0.7113615295210021
0.4535645452643054,0.6259266639835337,0.9613910708662776
0.4562528611275414,0.6544468385803276,0.728098327101514
0.43860678194442854,0.6016395648596976,0.7466272356568667
0.4500422781577753,0.6080941394846837,0.721701565842105
0.44485520124663525,0.6426922792398183,0.7090267535917666
0.4342414483100091,0.6108698884841366,0.7643693702064229
0.4652063103525358,0.6480163838310666,0.8193120179716797
0.4364082175997726,0.6350003778295524,0.7196964208580794
0.4492818136806024,0.6177804839204655,0.7003178536786069
0.44454223411666133,0.6189777365877024,0.7706822009524159
0.45156553192656446,0.6022755472475847,0.7940765738873685
0.4512210546933405,0.6121083996149228,0.7023319061033435
0.4518316429938313,0.6190117319028957,0.8260089670570733
0.46525742297780637,0.6214197185740793,0.8744967976046497
0.45099879912653995,0.6356906267992222,0.7169036115087537
0.4563166213136908,0.6620409146159258,0.7597523039841451
0.4545855446667783,0.6380670603430375,0.7790562034202663
0.444002841209335,0.6051382138049981,0.8835512137771302
0.4474949271929816,0.6583149048720545,0.8769004308007682
0.44907312614662015,0.6457386230378629,0.7539170280382126
0.4541820755327394,0.6108566435201219,0.9071856227255921
0.4478447861720123,0.6312377402734561,0.8512725823979449
0.4361150536442209,0.6273035039575392,0.7490766773891795
0.42793227013005664,0.6588360939615292,0.7314453539309191
0.4219975096746039,0.6142228492209955,0.6851241994056914
0.4324911680315193,0.6359124724215675,0.7765370830489813
0.4271038320358727,0.6136212296108216,0.7833583620230732
0.43893442633548396,0.6408436792963714,0.7684083122610543
0.4403432109386535,0.6565347196535175,0.7007047538392623
0.45828181878966695,0.658755420546385,0.7703755362769814
0.43915934385111477,0.6452883054642564,0.7990294520101628
0.4530967410977563,0.6657529672038488,0.6988244056378045
0.4457286047079092,0.6213657398308364,1.0065418577443546
0.4647626066490861,0.6176600483942764,0.9507010864762538
0.4679098994912371,0.6613369064541655,0.8788403595257709
0.4450056793495269,0.628100540440619,0.7703896586656072
0.4515279033075434,0.6297535050198536,0.7938590443655746
0.4600489308853729,0.6645740426450821,0.7387949947143956
0.44463965049916143,0.6164552548679267,0.9336136448507856
0.44736691871886675,0.6167099129966153,0.8037657944939341
0.44885614475393143,0.6224875707746207,0.7575427609142025
0.4594343168775273,0.6304533577664198,0.754694141345004
0.46497338914980235,0.6711266229115047,0.7723952424589504
0.4452074488626973,0.6071986774116058,0.8699514069742449
0.45680498305625084,0.6245053600795729,0.7977171037888867
0.48363261244428507,0.6282531016993462,0.9827830795859286
0.44932204810612775,0.6197767754058261,0.8341189000584522
0.4614218332135818,0.6422918285208816,0.7389186621285055
0.44405462839342064,0.6391757563456522,0.7263284425433056
0.46036200861357807,0.6265521596347753,0.7279279394313753
0.4617311041796042,0.6653841414499876,0.8697866780483702
0.45178136593813184,0.6238190485822801,0.7895425925104996
0.45769331297446547,0.6338533400763223,0.8267933302508387
0.46222386574385715,0.6061596226670448,0.8960374328530698
0.4575862586764419,0.6164427427859414,0.7953189137728313
0.45183015754293726,0.6238576247584633,0.8066289317016607
0.4524263974787789,0.6381031928285537,0.7719675294984856
0.4571237870340591,0.641100034825694,0.7679611794763681
0.4625787097609421,0.6503216056223395,0.8116867648432629
0.4713208986770231,0.6040375263001981,0.9673566218788956
0.45195973347354124,0.6174746074261575,0.8414647708282434
0.45370239749865005,0.6354306287380967,0.7968179953844732
0.45932554198618575,0.644716326813495,0.8128659151542472
0.45899434926355354,0.6225417025719703,0.7583818763775904
0.46594379607921926,0.6309554423226538,1.025192132371698
0.47115287222394836,0.6501777523508564,0.8734552005948473
0.47150154452942145,0.6687024909401801,0.7574552088847254
0.4514097055866822,0.6035556519299266,0.8375172880547085
0.4595348375945689,0.6497059003557605,0.7950494403719763
0.4464895906509579,0.6249608506242346,0.7120454187662602
0.44595212006168256,0.6127680144918821,0.7777056757182617
0.44785342185282173,0.630868448417337,0.7686940075513651
0.46167176351558953,0.6235252443196319,0.8523254189796526
0.4510951759550419,0.5994100276347317,0.7494684668199619
0.4650671199898927,0.632120736956947,0.8494545115596219
0.46120236866008163,0.6182769013602714,0.8260817268420354
0.4747855729677173,0.6357190732671344,0.7790660568213775
0.47112688754086995,0.6233731281842518,0.7440086831670145
0.4530043351335278,0.5823878200991406,0.7939393548041299
0.4795214646625004,0.6157099447143777,0.7937033465513771
0.48283371183446716,0.6617940323332945,0.7548196017995988
0.4695570754113821,0.5971013265600281,0.7893147661025168
0.4793125877920151,0.6291938633368244,0.8097192396582201
0.46087684967139514,0.6169924902051788,0.8232989454591116
0.46478631076564664,0.6058180070688062,0.7756576681375161
0.4695038351078824,0.6226674263826327,0.976611752720442
0.4743189977014234,0.6088689709852082,0.9587459732880822
0.4737001413850633,0.6299673376881529,0.7866407565508763
0.4672628499167162,0.6248475176730546,0.8550242667176383
0.4737301737164752,0.6137423060576978,0.9665712930209492
0.4606999343603229,0.5919717533776855,0.8124777506175477
0.5004257794427842,0.6688423778704462,0.8138396181198186
0.491925220201636,0.64145932645515,0.8416979785597134
0.4867246274370162,0.6336055544769637,0.843106423309457
0.49373977223613774,0.6456883071786659,0.8137897443756823
0.4818941286514466,0.6216868399140566,0.8208563468543373
0.48678834197838255,0.6397170463326445,0.8516258199682466
0.47086010875866896,0.6127245542101566,0.8261996320315628
0.5052865267184057,0.6326843128595678,0.998815383610354
0.468141100114014,0.6308848810244106,0.8144704639445461
0.496788420426564,0.6678982818879164,0.8622672601408259
0.4627759794913811,0.6194667437641243,0.8500567759601068
0.48298042684738923,0.6435806516069381,0.8138286652458487
0.479032084643189,0.6387995952749648,0.7405651919913051
0.4726520044973087,0.6328916783152411,0.7568102080936725
0.48311574823240266,0.6444024924022116,0.928354486870726
0.4830135951367926,0.6331709036399494,0.9632350453642128
0.45495095550540066,0.6072491841995435,0.8666184348105895
0.4644432202744622,0.6489963612111712,0.7313242528754
0.4771628917987226,0.6059862511789631,0.8037733484275872
0.45685765359746067,0.6044584216203879,0.7689514886444558
0.4761737012525095,0.6285798633618002,0.8927437643560867
0.4619109452915444,0.612527085164514,0.7561457776184416
0.48489015908533145,0.6403883729542653,0.9988004643867016
0.45809378610295004,0.6328638705539354,0.9806249980052281
0.47740156820563384,0.6408062049571722,0.8491608882274246
0.4698684339437934,0.6068541743665066,0.8871939992250717
0.47822232689539207,0.63121981210828,0.9097337329465728
0.4677075902546026,0.6328135378620777,0.8355670335572698
0.46785689477945347,0.6126388598183917,0.8560961060729569
0.46356892123996124,0.6017411817355929,0.8147289256187559
0.4763615816084783,0.6362053409937299,0.8202621443936928
0.4663481973440853,0.6234278533137705,0.8525585632303363
0.45833146993835844,0.6364053948616868,0.7992272441334685
0.47979167604613737,0.6259043888207584,0.9754824478940454
0.4707176591816354,0.6308564107701602,0.8728192847640791
0.47997903926811436,0.6450746162763168,1.1393680361388738
0.4668746364971584,0.6066363100726023,0.9932391810175156
0.4808307929264054,0.6439804861167461,0.8733839926834606
0.4926850531069911,0.6304376087205575,0.8913983211132307
0.48812808111347006,0.6528906026177504,0.9039857559704476
0.48142534110659446,0.6534118453482827,0.8817967619998488
0.48410059634221136,0.6349641697102998,0.7983004330001359
0.4764460459455337,0.6181860322665711,0.8977090285809499
0.47962028749475,0.6315579132020841,0.9573939370211971
0.47576745568678047,0.6239882125540556,0.9406301675619068
0.46030001835139245,0.6320387851868322,0.8622048828119272
0.48709127176637856,0.6320474413340815,0.9780831526804984
0.4869711440018972,0.6349733768229836,0.8160429035630203
0.480592302458829,0.6493218885260384,0.9582072886505496
0.47972646647349176,0.6280778437532605,0.8627670444313289
0.49289262726542954,0.6429176365682489,0.8690288258229605
0.47640185723231593,0.6375540295263683,0.8397585929250632
0.4784236930000013,0.6193239175404508,0.8477120427823698
0.49013138713054444,0.6452842393312517,0.927581932595702
0.475449790249634,0.5888073262503972,0.8354249233057325
0.4784779084765477,0.6253800966665201,0.8099841979304802
0.4770362597320164,0.6681051056243714,1.0980961467709691
0.4739082527122502,0.6362698395091495,0.9081447668469848
0.46600745552078016,0.6416583605988575,1.008313745921391
0.4804466000747779,0.6144667797536247,0.8495551487310182
0.49336083412291865,0.6526525650210337,0.8853565116371074
0.4794828236605354,0.6272929176567426,0.8112582736111349
0.4802736227105884,0.648619124469611,0.9435145315857729
0.5092672129700265,0.6410334594713953,1.1582400347746509
0.4991947304360164,0.6470499621094814,0.972579989458412
0.4931272999198834,0.6632555383260222,0.8340254190681528
0.4909383402162546,0.6436461375278606,0.9128623884055248
0.5116745621039479,0.6819255338537005,0.8459203900858594
0.5060993580561908,0.6452276058651323,0.879230304662223
0.510269267547268,0.6604629028241965,0.9716391715770214
0.5255224301876279,0.6377520291696367,0.9251539394966408
0.5150692247280442,0.6722605033219621,0.8142292527205583
0.5307651453718474,0.6922429636628732,0.8576291316354592
0.5083317235877202,0.6700649270614659,1.034647805317259
0.5216410296215256,0.6614892729168896,0.8808384495230269
0.5190605754837014,0.66554560826614,0.912062661220607
0.5295824584050618,0.6639321912746378,0.9525982011879884
0.5386856282802903,0.6882074235870206,0.8215007468243212
0.5212371712479434,0.6744527999241728,0.8976819522934208
0.5325795087870573,0.6772597680288365,1.0033338931403095
0.520096958461565,0.681478811833211,1.0233226161665043
0.5197794051047512,0.6731910895816856,0.8983258456489555
0.5465369578485726,0.7149765728322676,1.0931058810458334
0.5298619383470112,0.6581819953965247,0.9819261653306834
0.5173903162031099,0.6805258122120235,0.889824009749268
0.5258298108695255,0.6414823582172291,1.092650735395671
0.5286091195636867,0.7007046169517805,0.8908286272633452
0.5194237180178355,0.6854290465105889,1.007090689797894
0.5351219660790323,0.6657297812393286,0.9568822284144706
0.5275304541999059,0.6498612032103871,0.8748067004588137
0.5254569040404504,0.6633190976704431,0.8416122525375864
0.5137245152474836,0.6662926234793893,0.9094449406770938
0.5225063990668742,0.6794952188456408,0.963412255435116
0.5325467172411757,0.6642374969089766,0.8739711163482909
0.5235773661927906,0.66514657542158,0.9156607426907614
0.5393970204913454,0.6830687408537455,1.0080073374962315
0.5451858872633856,0.7126485453208609,0.9906835886341974
0.5309076049126331,0.6999518791521981,1.002659490913111
0.5476359082321831,0.7195144078545223,1.0059975676842212
0.5262827988443449,0.654259037462131,0.9726858694702746
0.5360286677248185,0.6907330467488445,1.0128025938917664
0.53586812656912,0.6957686994378127,0.8897505138241033
0.516055202558205,0.6750289610982619,0.9460972484293884
0.5353721718213427,0.695999184713418,1.0801378624345082
0.5557004115272415,0.7016076485767084,1.0476124652605996
0.529586267503902,0.6829112843093645,0.8622588798632189
0.5349607532248751,0.6945360523796098,0.9040614333689736
0.5347066315984708,0.7161555439846566,0.9673298028496058
0.541045186706151,0.6917501542798211,0.9940966012011536
0.5573872431152388,0.6924919006434053,1.0072782695883398
0.5429383714971441,0.7074587375029597,1.0050750280042358
0.5576879404834123,0.7409603707901031,0.968379323883376
0.552949727326873,0.6931571622012285,1.0262476388381752
0.5420722639555834,0.7362669757629529,1.0254865477466264
0.5606057890102037,0.7563415357960068,1.0619817466832635
0.5751704699853275,0.7159486674040169,1.071309582642884
0.5563639472798106,0.7785886664993059,0.9098633778215884
0.5556249659899485,0.7218877705178695,1.1303834359623963
0.5627659326612577,0.7200911503087468,0.9042652238775856
0.5740145379765335,0.7147043902655703,1.0181456449194324
0.5644352388144629,0.7478346678013829,1.0255157539841313
0.572309083643177,0.7644688863451148,0.988362017335672
0.5717037921629955,0.7626573286928862,1.0332187795874004
0.5806137636872932,0.7515498330645226,0.9735096338703292
0.5759154530863081,0.7293607181554329,0.9288651017060932
0.5757980431674053,0.7581078717286094,1.0939398441694264
0.5603033593022906,0.7296965837732181,0.9877123913127349
0.5877139509300705,0.7758007752556524,0.9845242736307172
0.5697116002504667,0.7631820061320007,1.1187786406013536
0.5769568639987154,0.7423877312346765,0.9847185471365949
0.5582706621404234,0.7273489622168781,0.9675863903183091
0.5664300489156496,0.7941154306979091,0.93082461438609
0.5905246792722814,0.7790911970026747,1.1251514093496608
0.5842825890380824,0.7711998732273689,1.0535978005729345
0.6226702791078456,0.8432220006217748,1.0855448541879629
0.5971849354543473,0.8160312228738836,1.0351492905031063
0.6041382438541918,0.8122731919129564,0.949813311526482
0.6151002800523616,0.7933769310754042,1.0424798317531982
0.5950700117015014,0.7885788449404244,0.992868211606966
0.5970996026527636,0.7985281127491648,1.0738968600300152
0.614200505278325,0.807366506891348,1.0900765706173683
0.6134723320735119,0.8374656907892469,0.9606505328325092
0.5936327499248064,0.8018790650970372,1.0077579365448306
0.6046863009740971,0.8157797652220654,1.0123573492925155
0.641997380590406,0.8883009528787943,1.0415021773761883
0.6145838217040992,0.8425070973881261,1.0167779794264449
0.6220127190164756,0.8360628616306782,0.9461831842062496
0.6179566840325356,0.8336813665813747,1.0400480991703267
0.6287271211852704,0.8254594560875517,1.03653906932443
0.6245584095008826,0.8351904037186728,1.1194803813532832
0.6367193649096689,0.8255857790927656,1.0410365609159802
0.6565455173260427,0.8472576912140487,1.1182854315475963
0.6807475244492093,0.857757498487072,1.2901495718773202
0.6436970756568832,0.8689045076562526,1.4852105239079956
0.6482229054527856,0.8735045781025067,1.0625965410101703
0.6430593400043478,0.8846655915876558,1.029154542793375
0.6297764909916815,0.8709851808406469,1.0543567960390636
0.649309677675564,0.8659184231111987,1.0510157329921208
0.6480426115876359,0.9106149663584836,1.1953648766410725
0.6813849929823839,0.8829927219299085,1.1367440034077518
0.6351282650674296,0.90371997563121,1.2938997142285265
0.62451130226761,0.8551224795253575,1.0289310749683072
0.670025059973292,0.9180124842692255,1.060406699373877
0.6776770843217506,0.9080721804773162,0.9936599143565176
0.6750925318644401,0.8943886463357891,1.084769136786673
0.677193777276877,0.9440741174399851,1.1507752919872558
0.6719753453253465,0.9635662144918442,1.1751231691072648
0.695295016060082,0.94471695307686,1.1330828047523347
0.7010220124559993,0.9498392501929708,1.2529953539795404
0.6409821356072936,0.9113690421755456,1.0055909786321648
0.6965809132241615,0.9730055029156864,1.103866923769763
0.7186030510320153,0.9147478973244768,1.2255057928170263
0.7429242684878814,0.9712811668878332,1.1561171670681698
0.7683038314042885,0.9765275882998762,1.2236046262622813
0.822744405811859,1.043925933275185,1.214198617933406
0.7929421490393223,1.0624398263872334,1.1707693122566278
0.8334227769034298,1.0557163501697215,1.1243464196607216
0.8578482603874602,1.1016735238079047,1.1029763180602727
0.8240851449352805,1.0996883297205715,1.2439758154422624
0.8606192067972778,1.1325265019655124,1.3923272797121429
0.8313317213686431,1.1108277915325686,1.235323561844479
0.8139460040100178,1.1459283877169408,1.1859546299017163
0.8673440778060285,1.0912611208638383,1.6957661105407675
0.8703349685480558,1.162751763588065,1.2112936930942717
0.8324049640729425,1.1199387611297051,1.287380038873804
0.8353589930081843,1.13181085371619,1.2474991903898751
0.8121176685224373,1.1491131330890674,1.2863541941049572
0.851021295761186,1.1367510571282076,1.131821008311797
0.8187243324554508,1.1144451141550948,1.2388691352191583
0.8620726583115541,1.1591948461049824,1.2278173548320976
0.8362333000158657,1.131980784456991,1.2294729439322791
0.8807720898288797,1.1323702452708793,1.3830777529138223
0.8701480278543546,1.1765689610494237,1.6054513425806731
0.8655325999814079,1.186399169495021,1.3512729524994582
0.8389344404138276,1.1445087797237874,1.4337566186263695
0.8578102627946746,1.1890757245982082,1.1858986529959756
0.8599442006823295,1.2092110674069758,1.403061185134214
0.8111866533515405,1.1663916204795752,1.1687242726255809
0.8023760343911246,1.1749083111845315,1.3208395812391351
0.7760786826399142,1.2330482400439526,1.3004875680795849
0.7566212155067754,1.2123760214432295,1.580805291460737
0.9111094007596101,1.218006917544324,1.267154408438681
1.1278782328403671,1.3025779213167323,1.3735813127353234
1.2378343332389616,1.33429797959491,1.6983056373201146
1.4605649474221973,1.4691576340664243,1.8733809683478009
1.539464219230345,1.5687534902745468,1.7947356256879856
1.599631527684625,1.669902446609083,1.8737601392274312
1.5308990086412886,1.5178681268153484,1.8785605570163653
1.5563063534542856,1.6110250379056763,1.7930807751607474
1.5291929808001268,1.5616650487880148,1.7961906379519943
1.5117138835737205,1.4930487219754385,1.829892427747681
1.5268279667574973,1.619939058887364,1.768715610494945
1.5604884988291705,1.5747937449063245,1.8180079803057692
1.490139387596211,1.4942431418213085,1.950552330055905
1.4837227963691666,1.4992590040290432,1.7009211078363813
1.4363306777871636,1.557551209889206,1.7533777898247107
1.5223494909600508,1.6014561862834762,1.6680078146617392
1.553066567329109,1.5467773131428073,2.0686075434664017
1.5258731371054348,1.5309738842715133,1.8889298366088427
1.5175646357059884,1.5848977119207186,1.8877249880821776
1.454074972069798,1.4958020148530178,1.8405360364801644
1.5313618612399968,1.4926548936904802,1.9091375189041784
1.5141844101428796,1.5063367195882915,1.7255463900864898
1.5157222059616353,1.5079195878417126,1.7898838827959702
1.4759713080823487,1.4984865228173667,1.9005132872545545
1.528796707644246,1.5913668235250242,2.0653057235599737
1.497699153890915,1.4857008262096003,2.0516519047690744
1.540628196168037,1.5578243149260913,1.7629398182179656
1.5058695097120904,1.4944480714362416,1.8430616744199173
1.5567619759143556,1.509775799180271,1.9927410993850352
1.5179050638106315,1.580233560265622,1.8092389001818237
1.564288147216175,1.5123606576722428,2.1966476001508872
1.4984006583189085,1.5078464185272191,1.7663887095840396
1.5294632044966756,1.4986964365986584,1.90097203418561
1.4910189271623884,1.5339484056282362,1.7231006183003914
1.4946750731061909,1.5519794557340267,1.7802088293383849
1.539651390861047,1.5396948083935675,1.9763571195811025
1.4941281087919847,1.5052485003634366,1.9090085459735784
1.5006067836527717,1.5032795316976222,1.815504435292717
1.521703314172426,1.5637991955165844,1.8945048953373969
1.5432525231192376,1.580596204183318,1.7814903437762828
1.5547939989756998,1.6048261267732191,1.8067161078015068
1.45816793796765,1.4963736301994848,1.982769022906388
1.4696145426048184,1.5471478291622682,1.8392642005842688
1.519706949240496,1.585175350450829,1.6912467157222708
1.5543007334252235,1.6442545478590425,1.8325124628385123
1.520952424441782,1.5040676507602129,1.8484823686209844
1.5759338410974868,1.581180913868178,1.8536327557812062
1.4922879146473853,1.4813322574153531,1.7993974776518165
1.5595525099395031,1.5723266333712371,1.8487462341421048
1.5515365166947137,1.6281707300232162,1.9274108560189271
1.5188357794739948,1.5521399050429516,1.8721746199320557
1.532233664458429,1.5447260738899171,1.8115539285583395
1.5570150475424764,1.5586727911618383,1.8984804090835212
1.4927598434986962,1.5118114745739044,1.6662361944696087
1.5287939062003495,1.5606932292664533,1.7686094546963325
1.5513588087692343,1.5531683723143754,1.8535769768841832
1.4911830060345312,1.483240396306427,1.851979391745718
1.4476079236139494,1.5429825997799085,1.9781268406546464
1.512557879566988,1.5455063707568948,1.7515460171973236
1.502653622133282,1.5080877530882577,1.8908468949245496
1.474487967062267,1.5130898536606399,1.6932845806337489
1.4600280172459301,1.5222024794494926,1.7999759732559404
1.4262323195842128,1.4800619757064375,1.7959743943670332
1.4407491138969537,1.525627371302111,1.7237212535591635
1.4534606090785833,1.457826540044806,1.6845463601588118
1.4479744708613431,1.465607380113516,2.24724756036439
1.465736768735692,1.5133931626368438,1.673230343414262
1.4774134008832358,1.4575262130418338,1.9578381767603807
1.4590106024202665,1.4762035256481782,1.7293812470606946
1.4692304721320806,1.5168521004866216,1.6736086258445817
1.4171198338623523,1.4179144038647116,1.810858517743272
1.4652767901818944,1.4899366106180585,1.6722071467311543
1.4433241063472295,1.4759359134766177,1.6634363389474118
1.4509796608598622,1.4458884808398846,1.7351588145630326
1.450373545478812,1.493347858423714,1.7344065201194965
1.459614861783129,1.4952783746339022,1.670087203268605
1.454580924548377,1.4572524809704166,1.668510665383186
1.474174717288487,1.480045690069646,2.067784883774631
1.4405992045286569,1.551007112033469,1.7385116169012789
1.465196231546791,1.6002100518011357,1.7876330833892116
1.4347745015917368,1.4828921525778176,1.6714560340338187
1.460306052608448,1.4655911843506348,1.6580397495738155
1.4244618776948665,1.4628304777438277,1.7101534844190551
1.516816747550019,1.519861408001577,2.222650321213109
1.432951556852462,1.5403886683638617,1.6140434835080515
1.480422387821214,1.5139154448649836,1.9103158411459904
1.433699199244522,1.4976524523985193,1.634405396375576
1.4080075215716161,1.4408837655515452,1.6697968504908234
1.408516412176789,1.4561733639267604,1.6602844557995542
1.4103160602013642,1.4668237633385768,1.7473490293268439
1.3453807368810826,1.3930285042267807,1.796453111296238
1.3897755466127244,1.4406820787794892,1.7716463136969742
1.3680308664945144,1.4409535050251991,1.6914750064233528
1.310640547650209,1.3824995355175402,1.5660926607240202
1.3690933920526134,1.4011913179617743,1.654708985185711
1.4038856586928334,1.466015682775826,1.803896260447796
1.3450463183321362,1.3703499765765172,1.6711688317725604
1.3662282660599674,1.4284939808749706,1.6539345229868725
1.3461638566375238,1.3645763201159775,1.6714162989907877
1.2614516892193663,1.3983250819116182,2.009333296644188
1.3574772082653228,1.4009090246178058,1.5651460404599593
1.3660725902242798,1.3799401565592242,1.5699436874261212
1.3827276837724887,1.361990908348732,1.905357987771852
1.3531102172684066,1.3977905441611695,1.6067323281967354
1.3396940475082069,1.3761341899343862,1.666895256070244
1.346656131084159,1.4102413307663653,1.5939525392537155
1.3553651141121175,1.4491726741003097,1.6612605843278825
1.3560490960908642,1.356841873171776,1.766924101636663
1.3300085952428236,1.458544000127405,1.8198218580664016
1.3446851318579147,1.3867524747364508,1.6687994336660654
1.3391987491195372,1.3613132106395829,1.5114580763809755
1.3615036118883486,1.4106216750659346,1.5628664992961772
1.400539379181582,1.4543611239978476,1.6724255124504366
1.3813573676698436,1.3933324137685523,1.697312121350259
1.4123505296149756,1.4335989905250115,1.7700412545543256
1.3289732800808762,1.4101049968433992,2.083181743779249
1.3413238633337752,1.4014758360400421,1.6256120278205586
1.387580452592572,1.4301692505841983,1.5681715463361496
1.375276098808975,1.3793490823289232,1.6794511904511524
1.384129051638092,1.4840353955896035,1.7264111865250298
1.3654291532259477,1.3780532500108351,1.6076081388640098
1.390059382407962,1.4214429493532013,1.811472110182208
1.3919625787325038,1.4247908147355457,1.6296571264577264
1.3622873729757128,1.4320441750070174,1.6715332918842902
1.37274046445712,1.392146971779051,1.6304935070693196
1.3695907799420088,1.4155731851208782,1.6142815672609905
1.3144812995632695,1.3862594144698202,1.7007347469737581
1.329799263661785,1.3859616240927364,1.7969129737439604
1.3655043068193278,1.3636868017420694,1.7153159690123636
1.3593290880924442,1.3760889113169068,1.5592276700764651
1.3515870372834542,1.3725971011198783,1.5459974311863416
1.3443665450696851,1.3801994066008916,1.5641045206192388
1.3569517708296088,1.3884450730550475,1.569670237900474
1.3836475875290366,1.4574306498735683,1.5753194230902756
1.3688283720500556,1.4198868693412932,1.6646717216831328
1.3571968557155314,1.4124539326577912,1.8906935801491052
1.3500288178831459,1.4224818229837988,1.5454708332823934
1.3982768565615555,1.4040944973703988,1.7660440293958992
1.3063954857223334,1.3540770834244236,1.6425311909397358
1.354426826368854,1.3737519634300142,1.5915758821630448
1.352326305982271,1.4299191992546736,1.5411378893421592
1.3516189712450815,1.3757649946783943,1.53089363719531
1.3146286527400732,1.3485891236211824,1.52528598563773
1.290167513836563,1.3590088663026358,1.8084955667566145
1.2704375872108042,1.3391629159095104,1.5376507073090186
1.2494923336883377,1.2759698019597991,1.5868440635537104
1.27171857229792,1.3340869735106105,1.5643307225532197
1.2628730705668416,1.2933429984675058,1.587346351866468
1.2919235544216767,1.3610909958751072,1.5649276863503447
1.2395225298872798,1.286059876805456,1.5958009446402592
1.2499900021913135,1.3220190468582018,1.8359030761509816
1.2584120679369393,1.3331421406704969,1.54939101803167
1.2566725070569305,1.3355750787601792,1.7807923023340342
1.2551658238312928,1.318122128303945,1.6581740163630985
1.285325419933382,1.3215271674276041,1.521430318320529
1.2670547081874395,1.27416310316463,1.642926853325659
1.2727916616167132,1.3358597997404384,1.4416682558919567
1.2799129520904213,1.3299164970261486,1.6188619122971768
1.2496230707572376,1.316005258567148,1.4741701666321307
1.244252956538451,1.2570549875038606,1.7794315522988309
1.2648003294627292,1.3091710007136457,1.5530445066346104
1.2478052707787597,1.268736655508889,1.4853140500312754
1.2405085098344486,1.2902249440006504,1.4659128405086266
1.2467857192559872,1.3360814490279262,1.6555167189283824
1.2332530490798437,1.2742371722778123,1.4566832966623884
1.247115017923904,1.2943454620288177,1.5426181686502942
1.2328110124497447,1.279950933830257,1.519158359785048
1.2276338432730403,1.2825481979306488,1.7804705412461164
1.2204986467527248,1.2807804775513056,1.47929474505479
1.2060180618691723,1.2644319157781032,1.4177587158157563
1.2202442977741936,1.2385728496566122,1.675408901560963
1.1766958485861214,1.242209963863404,2.0138252574894997
1.1916494867521032,1.2613771249152668,1.4795361899606427
1.2089503888594462,1.3224676107161648,1.465081756248004
1.197605130929334,1.2661092853002858,1.4955621372875756
1.1969873559092161,1.24440300959825,1.6019832218676746
1.1926658188357278,1.2501049703526583,1.4359100550576462
1.197297489144911,1.2539322556837642,1.5576558706082066
1.2153496856444344,1.2692235047515414,1.5360479037701915
1.1802273753327963,1.273157156212347,1.8072398348588052
1.2218395096826857,1.277514596161364,1.4863639689359622
1.2081765470090373,1.2730692028937791,1.411290791519827
1.1744389184003905,1.2869568696757303,1.7415857685718046
1.2100490282553233,1.2824664892596902,1.691756699748434
1.1952959703177433,1.269519226798412,1.4828764432866748
1.189363657641304,1.2387922527814526,1.4962531981228409
1.1748819962641142,1.2482728353047527,1.7282136405545268
1.2292700062679018,1.2703667907175935,1.6967578807381574
1.204922497870683,1.2902537961650085,1.4617193120604768
1.1987992501585525,1.2610032735799133,1.4591634762297625
1.1941467852923244,1.2307386127183744,1.4183572101633826
1.2263250731223068,1.2836107079209802,1.6950639877127072
1.1884525723697017,1.3150928445000027,1.5699429802013911
1.1907032133990705,1.2264680056321788,1.479386910215971
1.1894717319018042,1.2357829296639844,1.5610855644239254
1.183822276940162,1.242562796833527,1.4504972049226657
1.1587553213777324,1.2489350890645312,1.4059394425405043
1.1778873363936293,1.2593824499269537,1.4654599798587191
1.1688962382700356,1.2471855114464996,1.6472200049885797
1.1704386871172001,1.2541850862125472,1.4755175438667332
1.1779517228800116,1.225263110790879,1.4326126510096924
1.1764358506867927,1.2454062895216809,1.4602333374570606
1.1742905550935316,1.2367024107018811,1.4059178876718204
1.1750915746010693,1.2619434706921522,1.3793816415318638
1.183454328207009,1.2498192398604309,1.4697951627967174
1.1695508221847486,1.2216461885549648,1.4389721645229665
1.176096469355514,1.2559269543283744,1.456507776582595
1.1822492144689574,1.2472478829713205,1.4791447269166778
1.1892540940616068,1.2693137671407748,1.5004198389652874
1.1471544314227056,1.2215408839538098,1.4065544935095278
1.1854978756615517,1.2544977646450874,1.5146086208237832
1.1622342122641436,1.2542913681802512,1.4734321958783076
1.1827764568359325,1.2596820465343597,1.4139993067432286
1.1693157793520157,1.2151829279697068,1.3920240498610437
1.1944678164873836,1.2608741893222488,1.4177851858373014
1.1412336675644594,1.2090788271794897,1.5217317039206213
1.1613125025450886,1.2294642141988508,1.3940261229725146
1.1899771628039413,1.268219574296271,1.5028152521489064
1.1754894448860569,1.2479157053013779,1.41435508754994
1.1645714610715199,1.2158996064978842,1.4783435231489357
1.1687960670247461,1.2469704860900452,1.8376568019620765
1.1570911258867014,1.2567600002320047,1.3381795945156256
1.1618759243777914,1.2300921220909071,1.378879442731199
1.17483140915567,1.26615667689246,1.4018100385707624
1.1918360142260525,1.2639800751627916,1.5245699941577462
1.1842711520205134,1.3045971929425293,1.5004144316410128
1.1594608965301405,1.2400767158952737,1.514184115451492
1.175097458151863,1.2742756238474482,1.5758161871406808
1.156199401166227,1.2384038527843562,1.362373218067787
1.1526556697576973,1.2744581777998238,1.4152045914006188
1.1421316679037419,1.2043952639561974,1.3943848104976462
1.186638544900993,1.2920889811947216,1.4481346191696702
1.1711100236329013,1.2540911720750705,1.392496360651148
1.1601976145082569,1.272842076646521,1.3449240888318057
1.1349910551225484,1.1897098633100365,1.3347096983674762
1.1342433711423656,1.2062703743274268,1.3904260245332674
1.1602146554817845,1.2789804697547362,1.3976602772613846
1.1615743940181906,1.2641729715867251,1.4483935812117357
1.1435180197376111,1.2198735675537078,1.355812398795799
1.1491774413875353,1.2397616534340374,1.6036401258043091
1.162210856376816,1.2180014552658096,1.6116039635537065
1.119205661676246,1.2101603235836838,1.3739820423605589
1.134018723909817,1.2178384261654542,1.5087721219049224
1.1083336111082585,1.161296339883045,1.448889344198243
1.1210154906297691,1.191929409701263,1.45143834307094
1.07246708425092,1.1308525262541491,1.5317552464728603
1.0418956844686378,1.1067680203886745,1.3134303941718484
1.026012299268964,1.1072616295975095,1.2787980380403186
1.0221073909240876,1.0963793841494007,1.29605269910857
1.0232303622382204,1.1024301419882518,1.5482782617038315
1.0089158293099074,1.0897675916092109,1.4516894185599682
1.0098554718535606,1.1611706439324958,1.373486984741303
1.0129363590086125,1.0904131860044846,1.3143483842942347
1.0156454017459289,1.1000025147195902,1.2928537026898903
1.0149705094932404,1.1121022561970997,1.3576538346201148
1.015087304200544,1.0903573215744684,1.3655856767483456
1.0141192053161652,1.124083298588278,1.500452616154627
1.0014670009149016,1.074445233655828,1.2631780197730949
1.0159024025513486,1.1203712947762805,1.2717592627490928
1.0050623245593442,1.0920234440483176,1.2417021762661844
1.0112500273185416,1.073418562278195,1.311568756489974
1.013238579814529,1.105170155733655,1.2184387798882907
1.0142977326022753,1.095736286948266,1.2941841346150604
1.0098014796133647,1.1061859830437824,1.2799562258234054
1.0096107320092786,1.0867614515837227,1.2998389960883172
1.0112381679535714,1.1000829479226837,1.3251042643604518
1.0016606836505986,1.1046912361343373,1.1789935936903304
1.0052392906266594,1.1154791944572515,1.2455364854307824
1.0187103452610675,1.1035795539215223,1.2992516382546022
1.0147248146480305,1.0795857962333353,1.5182456594414415
1.0233856754897508,1.131045366490188,1.4085018210216835
1.0059930329256495,1.0816821249545754,1.2205617250973289
1.0128319639229606,1.115006390374636,1.2546051233637312
1.0202469420836897,1.0965515131225707,1.4593498389313417
1.011786084568313,1.1275931614294037,1.5662680227290628
1.0124645067139177,1.1183826144368256,1.2665074983393212
1.0094968326588503,1.1090618494234583,1.2290693907435175
0.993488773376072,1.0662659547048308,1.3575798331208608
0.989585471926525,1.0773757384614742,1.3530775109229785
0.9788373483994851,1.0635670425488926,1.3038698036051444
0.9759150579675718,1.0946906201973328,1.2375010673646172
0.9741662880241639,1.0718209043831095,1.16009598032498
0.9659481547591112,1.074422391524078,1.2191071856541047
0.9802296861713008,1.0898514669657928,1.355224048899566
0.9749589828042822,1.1298991948615464,1.38381312655739
0.9739683023948065,1.0651385019755668,1.2267247144532236
