window_size_1_MASE,Linear_w200,Linear_wAll
0.19847107672935002,0.4876326390315889,0.27290976931570704
0.20817565158951812,0.5048816806465471,0.2823156574057244
0.21270658611965654,0.4759185022821642,0.2973138983006826
0.2112698512670765,0.4687949767323952,0.3039730707547818
0.21629651941101094,0.5230709579952925,0.2892140414944455
0.2019464839762694,0.4916913802988219,0.27558271702362336
0.2030607224695589,0.5133372235057975,0.2734822934494193
0.21401730838135888,0.4802265341392716,0.2731809557881997
0.2033295370167885,0.4641978962874208,0.2908508463756311
0.20422729960702007,0.5227707971991259,0.26967320445640103
0.21500496991940132,0.4901167896480386,0.28245450622439994
0.2048682352512552,0.4792862600048701,0.2683546082592197
0.2164770500271754,0.5144271358059376,0.2906178307484665
0.20399940494293126,0.5086087498738883,0.2823699952778056
0.20661424622752406,0.4883500239587365,0.31479073676078473
0.2064293122283,0.4794152497158792,0.2949862775091636
0.21165887953069656,0.4903813251537155,0.30518106917550397
0.21045668284847707,0.4973619598650578,0.27696722964087434
0.21003897711582453,0.482867184866849,0.2927992100214642
0.20557272163993776,0.4921405374120264,0.26005210408775825
0.20987882651666134,0.5042266854984826,0.28946160815901506
0.21671096482951271,0.488001043666595,0.2858131990226303
0.2121152845571249,0.5066115251579203,0.2970601465520253
0.2079510389419447,0.469775176629956,0.2781370902720709
0.21385820745875364,0.47389703583732395,0.2903969596929917
0.21064346435856401,0.482480151398801,0.2793207487799332
0.22219235556352218,0.497679586911428,0.3004308489904273
0.20766232033933377,0.5153525584125159,0.2676470179710828
0.2089745176486786,0.5400032707850332,0.270599419349918
0.21404038661420427,0.5025827145861271,0.2833474704680548
0.22133299140066037,0.4957867262147119,0.28355879152085
0.21221740756897986,0.4927881660337294,0.2948957588761821
0.20879833072566137,0.4911438384746735,0.2744575313668335
0.2056389540310226,0.4970024603400108,0.2990347828633664
0.2098899682239624,0.5080837199736984,0.28057070151396546
0.20655389793920811,0.5375805129000562,0.29722574627328546
0.20512092194121917,0.4852819101179454,0.2630327237901764
0.22213928029160443,0.5077911557267456,0.35602240170549443
0.20465106110905526,0.5032088919348038,0.2928008249504829
0.21404045862731327,0.5011367783411328,0.2831163513995779
0.21082473034254975,0.5049979642340502,0.2825042748567399
0.2097304887853892,0.5039714485450633,0.30894307866894083
0.20687840631721477,0.482949782750666,0.2722110055077661
0.21259222050824597,0.5136395948654988,0.2856393827703787
0.2138798396753522,0.4770881444602574,0.2864355661018799
0.2025223583381242,0.4710360273765968,0.2705753572489759
0.2203489288308409,0.5047879619943871,0.3260857513657257
0.20943075701062497,0.5154864230099301,0.2818653223238569
0.21558866941625138,0.4975204628652384,0.28083702241209696
0.2077905597350776,0.5059263085899307,0.2765747421882317
0.2085254068275292,0.4965366982253525,0.27602905148014706
0.22124269280124828,0.4774237768243823,0.3009900901391627
0.21411591269701483,0.503692766344641,0.3142141833042298
0.20656143979659652,0.4877887329642794,0.2862775919386251
0.20906458346220747,0.4808928899947439,0.28066226240632913
0.21533289327677174,0.4760708388047293,0.28625836737344545
0.20595440092491313,0.4987051903451912,0.2634874469256765
0.21687819275432382,0.4949592041823457,0.2885167549479448
0.21110257872285693,0.5133745107552505,0.29123723231893445
0.20303695699605734,0.5206860936024975,0.2717717169532369
0.21971038363513287,0.5044013916037108,0.2975193299313781
0.21678850348841358,0.5169701523484759,0.30247603029055875
0.21322892931852017,0.4695923423236698,0.29563368170410864
0.21318634307657425,0.4873524499633157,0.2758385455870258
0.211516309312946,0.4926240676306905,0.2980502969731366
0.2137709131025118,0.4783161699753119,0.2933241810668648
0.2210445864988814,0.4957756671106383,0.27408937895413066
0.20631858421980873,0.4993105511681927,0.2801124125016665
0.21175040476487608,0.5049272002152992,0.2941946363501359
0.209806147363088,0.5246861100960039,0.2782757691600507
0.21462943648936694,0.4769506816807289,0.30526975700169223
0.20654924086208523,0.5223665127067927,0.2704864894582724
0.20812215672390913,0.4960550156404835,0.2908871762318445
0.21305171583671523,0.5099744907207827,0.2854410777648302
0.2116397330846012,0.5209908822814612,0.3109388215361332
0.22125117589532237,0.5022889296011788,0.2916059649945159
0.21636738592428587,0.5138234701005832,0.30489506265961713
0.20662174250752777,0.5109504426470397,0.2920946830888224
0.2072409278903533,0.5050657223404789,0.26171754055581753
0.21777212665394188,0.490920211110198,0.3007624447032896
0.21819745002428362,0.5043526112612121,0.30916877570527224
0.2133744726743429,0.496235222505444,0.28023442167439205
0.22001348978617596,0.4928301238126427,0.3051569749664687
0.22038934671620894,0.4965650862917166,0.317239646262202
0.21537301117331048,0.5042102993486471,0.2959558432102776
0.21598759778513477,0.4673637188271706,0.3026140466405309
0.21472817102987896,0.5168833046755821,0.2859861267867426
0.2280000620007449,0.5200928706002736,0.2970473786634768
0.21766690949709347,0.5416693655337719,0.3012670836038348
0.2140569560321617,0.4777764605831887,0.2900339652271339
0.20707855372551734,0.4855595827935428,0.29587973126075395
0.21346322900363326,0.4970100511230322,0.3090545956486765
0.2160689527852604,0.5072748431109652,0.29357099193686514
0.21389124765909723,0.4828244674545533,0.3034336829993005
0.2153031130386661,0.5150435815454874,0.2925780871546231
0.2154535409301235,0.4841911655914652,0.2833628260550136
0.2087139680584692,0.48598858888766205,0.2683649667414326
0.20937570044588147,0.4795569080008569,0.2857952604363922
0.22365564031133267,0.5023474334074948,0.2962755938913697
0.21146871960775457,0.5301945458399804,0.3144559336617117
0.219240454422465,0.5017216233308418,0.3423985908341773
0.22157491354594747,0.5177579638954124,0.30871730556539906
0.21562162574093727,0.5128216815397253,0.3140693093128252
0.20605206833715226,0.4740155982536781,0.2781381238698861
0.22244550792654563,0.5166409887754686,0.31908986664444394
0.2165422761555934,0.500485392547895,0.2845910121897158
0.21391764695860005,0.47827868535045,0.2993842064915242
0.21215688780318018,0.5163462147870821,0.29597239643956136
0.2301883564477538,0.5102656257041057,0.3235562168692572
0.22114527028885736,0.4919053617758559,0.28731156442690226
0.21060805506789917,0.4862798975040396,0.2920564292060309
0.2193105789670976,0.4867373632901526,0.2957959119737102
0.21528984642052548,0.4941941456229882,0.2760037383872099
0.21493418176818524,0.4940996208443804,0.3209336779611787
0.21541757757713395,0.4773116862271617,0.2818869343385305
0.2150586941517016,0.4898092416655485,0.33245686777946404
0.21944610214060364,0.4917592579184379,0.3184712824338718
0.21808647014785826,0.4921826084734332,0.3073643674639581
0.21431893165935506,0.4898086116485105,0.2886260141962913
0.21800760661217575,0.5122764456528597,0.3291677865726291
0.22289677735548594,0.47627436507760396,0.30002588745313313
0.22246551611168133,0.4732655823296233,0.2873870740962833
0.23024908947578793,0.4866014211497218,0.3129574189361209
0.22232844129732532,0.5135119579195923,0.3173619134009484
0.2139737193006609,0.5029249784928137,0.2843038836191887
0.22022134728122444,0.4944923330070372,0.2985510020329134
0.2153355571064477,0.4889714172836376,0.2822992765353968
0.21069562215670368,0.5060442902113572,0.2825693907985449
0.21422195013896608,0.4991633225734654,0.29586893513972073
0.2195378020888496,0.5041469104273953,0.30242982067159885
0.21919136624485855,0.4838325791966546,0.2999282427316311
0.21459251492912237,0.5079247339798085,0.3029349392158112
0.21770245613177305,0.4933859474625072,0.28728776294206104
0.21672913937159927,0.4877722718736463,0.2993854611516642
0.2143739322798395,0.4897099062553645,0.2918648242401096
0.2269354441440864,0.4913348872295205,0.2980739226777944
0.21989738618580815,0.4914092152008421,0.3082100274098437
0.226762058901655,0.5036737590709011,0.2960670883671929
0.223197574624587,0.4778550216612529,0.2957671061736622
0.22660197221282785,0.5153071563554238,0.3085969847017709
0.2222866828156669,0.4824077077198983,0.33700984212147744
0.22429948831875055,0.5081924408897512,0.3251193315920225
0.22109867794145618,0.4798973715126187,0.2916556266872891
0.2201598213347795,0.4819938308122353,0.3103229188348217
0.22513634815464478,0.5005254413187267,0.3536682842613764
0.2184523514302662,0.5076871472992337,0.2842869929221253
0.22236567260213988,0.4938608484945845,0.2875903626307654
0.22423173542978433,0.4667511035537621,0.3240031746715736
0.2200468501927687,0.5110999202275841,0.30431502180681835
0.22813616618976823,0.4910147828827138,0.3460360874388251
0.218877438126131,0.4697642345729866,0.2962330735893464
0.23812148562050056,0.4999291819786613,0.3405306379947634
0.22558392064093638,0.5053709144697742,0.3170303248856884
0.22822188031855067,0.5096562414282143,0.32392374432992865
0.22461476650945925,0.4781488247428442,0.2908551389385044
0.22396359446939454,0.52223056530764,0.30418644135784645
0.22918346584086413,0.4984579101002283,0.3383524669731656
0.23173695863924373,0.4865148877635815,0.3228134990640595
0.22183470954489104,0.4872006157229721,0.30659005544062834
0.23022574965298986,0.4903631436400058,0.3409376586600212
0.21708025027121586,0.4809612565539946,0.3115761392957769
0.22702029101170917,0.4721370229425036,0.32821448289209193
0.22807210017564877,0.4958008715319629,0.3196504365017047
0.2270137442900699,0.4879548372897217,0.30244836418383797
0.22427753772067205,0.4725538500165014,0.30791817019415296
0.22197542042239404,0.5219433689561783,0.29768924619007153
0.22346059306395574,0.4652570638224349,0.3282803938207957
0.22042437354958458,0.4808082234012056,0.31757106102121324
0.22395452168438232,0.4878562829046861,0.31736998899700425
0.22757642114710755,0.4960280876911733,0.3280898265234844
0.2239691507136207,0.5028491581752941,0.3369034381126675
0.218040536784452,0.521473392205614,0.3073373214170694
0.22953922567307686,0.5136155278807096,0.3215182149238065
0.2200268106124658,0.4791430775460304,0.2871727503042857
0.22453943682571287,0.492606653115989,0.3004711560364923
0.21928162952603777,0.4798612102769553,0.319139577056317
0.22175648532739856,0.4865177479303421,0.3020897796543839
0.21871888723672533,0.4800695714354785,0.2831712774557964
0.22384609143110454,0.5103278629008379,0.3824359785102359
0.21630370345251662,0.4958219984429801,0.3296368366689711
0.22438751756074282,0.4823417970556138,0.30948435601357804
0.22103275145641577,0.5093725675240779,0.3068293875478426
0.22859718258430697,0.5168319533897312,0.340824763758908
0.2216251565706836,0.5093665694762549,0.3539898705876935
0.23321714996245654,0.5040258115872949,0.3450430546925285
0.2204670000490663,0.5040904339133987,0.3214340749607809
0.21975709796013188,0.4578381165927842,0.2977963688714635
0.21979234623260588,0.5187725067846748,0.29554792988771816
0.22197873325577724,0.4703465663373928,0.3097838839059683
0.22724041854505,0.4668308461499908,0.3043525716876696
0.2254727713953934,0.4850513575427683,0.32932446528087866
0.22538383682217222,0.5125908172440872,0.3054085668678846
0.22039070108583814,0.5102673480553076,0.3012999541438837
0.2216570036467909,0.47321507007920005,0.3260045390743733
0.22998824461591164,0.5138732631087213,0.3097975809159166
0.22107192680566057,0.4687012296074594,0.3085276002459026
0.22763766613783326,0.5065728536701458,0.32386194694889026
0.22424399946138165,0.4937300194909796,0.3049773681148264
0.23558111034340265,0.486017974376505,0.30991622024823323
0.22694311159133157,0.4757651389860764,0.3142517565996961
0.2259759304299373,0.5052483966198351,0.3359432971927181
0.22527312060315915,0.5052003900420022,0.3371176280470787
0.2277787884405393,0.4839904212605676,0.3024789089703867
0.22540072561386043,0.4954042520977234,0.3162324557976157
0.22848670142838806,0.4845928454572826,0.3104313064368811
0.23335536088576936,0.468992218246631,0.3517394377860304
0.22874480351731705,0.5002642537305839,0.3234421805667708
0.23387586807787678,0.49413766986819296,0.32174444206162084
0.2310302424155505,0.4715523356943278,0.3030013888472681
0.228005696096604,0.4891836158194484,0.3160073148339435
0.2174023310098142,0.5034540237373211,0.3079057919617132
0.2286128970880673,0.5136157235113061,0.3084071557741621
0.22646546212057836,0.5133460875053688,0.3649211945282941
0.23129651986188166,0.5027228191853792,0.3107658618746124
0.2315855589490838,0.5016919342319016,0.3571067517702066
0.24065608071239072,0.5133139662635312,0.4139703372533128
0.22160117458382547,0.4925669446192643,0.2994484061650404
0.22187733144646593,0.4885971956877917,0.3501239225308786
0.22984675057771742,0.5371523946536797,0.3371451535235566
0.22882346318607205,0.4627948759941162,0.3109824462119569
0.2288449336243876,0.4855762520274836,0.352165937918002
0.22390025915284845,0.5044938092187421,0.3150783113800462
0.23547985516562636,0.4881279459833488,0.31776655477937
0.23696163657323957,0.4951042006953997,0.3700526591193761
0.23907847679302704,0.5021197893586831,0.3314335780356015
0.24183102370137083,0.4848082008430732,0.4062382135942659
0.22768095438060848,0.5057833230191817,0.3132932603454804
0.229213458894426,0.4978194335233319,0.3423601538802475
0.23236550857049626,0.4900598410814304,0.31448083135263866
0.22891537274793491,0.4962697364895478,0.35471286841226796
0.232725981756328,0.5001604148277153,0.3318393754925949
0.2279324805387356,0.4884441215045761,0.3419675860376544
0.2288043565602388,0.4910589870313066,0.3507507421398573
0.23056182888333673,0.4979184353439474,0.3220327571534794
0.23919148554118302,0.5113000882443574,0.3567617153557099
0.22664668965432064,0.5182171573985319,0.34913544230434285
0.22299267321784996,0.4980906795249192,0.2929933976781359
0.23528164812051713,0.50547659252364,0.3658240323332079
0.23439554243592475,0.518063630906264,0.3607878120315831
0.23933278279585798,0.5093272040455846,0.3684577496128171
0.22216610621805954,0.49685167876971403,0.2868051663136413
0.2351995506090718,0.4847200446638954,0.3450670641072292
0.2348876904473373,0.4776110250639865,0.3343550630848134
0.22956879777056294,0.4889194385990732,0.3150482605717105
0.232491655590961,0.4679473381382423,0.3361406212755364
0.2314797778133927,0.4890066492312069,0.33717357177556145
0.24836029740871518,0.4996451475628914,0.38846027855025106
0.24196515756336473,0.5288778605370261,0.3572708804718923
0.2372508885769427,0.5101295268677436,0.3761415088948472
0.23012893410628033,0.4883216615374125,0.2999000816827461
0.23373030913722218,0.4985976505551804,0.3374456026822849
0.23927041367253332,0.4890468624510298,0.3945066860965657
0.2373400277293726,0.520490686037373,0.3553714829527035
0.2266436710525727,0.4867851069390376,0.3098490492579926
0.230734231446941,0.4796840319011523,0.3365864594365594
0.232727970777015,0.4824030484640036,0.318245090958074
0.22227639443736721,0.48188991860013397,0.32925610568878466
0.23223384197638108,0.4986474677322164,0.3291867212862841
0.22828796052642666,0.4893744166682176,0.37982694209198825
0.22993820734594145,0.4742808952145938,0.3133249252411623
0.23031571657988123,0.4656486641114628,0.3807258639288434
0.23242029992505656,0.4847020739115386,0.34835816662600705
0.230738025240236,0.4965150838725978,0.33786594873085546
0.23088981832544817,0.4815561547029618,0.328608913355375
0.24002583266736374,0.4809445964051152,0.3624502114267614
0.22993747011407045,0.5353593117785752,0.3330657466970007
0.24011457929125535,0.4887498243837809,0.338933072033432
0.23142483179130996,0.4873255773580235,0.3337554424946005
0.23655286799071615,0.4929793677972069,0.3380613990629022
0.23218490166263653,0.4914552102282305,0.34181220489719183
0.22899105856762886,0.4838933003245566,0.31308772230648285
0.22894663752102268,0.5062686263418784,0.3286406596627273
0.24938158623635548,0.4924139299479602,0.4310362303285345
0.231362285830839,0.5236884856434106,0.33038809740982195
0.2414083744028332,0.4880360155164672,0.3734419345776113
0.22609439149763474,0.4907182232339618,0.3426629352642045
0.2359336719111137,0.4785225301729336,0.3407569773797375
0.25050113616597874,0.504135221230134,0.42559698768167
0.23280755051991733,0.4823275214754447,0.3632177033632286
0.23947249616584645,0.5021330537800268,0.3723554525201167
0.23139274162329393,0.5059551999235252,0.34214775101108025
0.23539939007927552,0.4904289239566929,0.32975729422619393
0.2354801632115275,0.5065306778474651,0.36107001592917903
0.2302035788708974,0.4783715675922086,0.3270186809977497
0.23899380684786106,0.4991432950077918,0.33958955913216804
0.24345406229831432,0.4900822817400989,0.3646963781424541
0.23340159276136072,0.4996317382789476,0.3383752639510107
0.23171750320135412,0.4960209304080895,0.3294790459492917
0.2367898587246966,0.4685054297339685,0.3432148877502821
0.23370402976627092,0.5018540631299482,0.33524968810864786
0.23311879045243522,0.4950045161791472,0.3531616795139748
0.2368943192288632,0.5024002790692186,0.34546565784123845
0.2433458957507403,0.470982821219593,0.355655208690197
0.22913538483230764,0.4892004110440084,0.3077591233695963
0.22634333258431433,0.4951741929072645,0.3359198885129237
0.22767377141767237,0.4846519216465808,0.3363742810863388
0.2359576226962558,0.4895225737715579,0.3412998987484961
0.23682108644083968,0.4897869071298001,0.35521523024060725
0.2611850036286993,0.5097080277991102,0.3987439031083324
0.24214432198575062,0.5176071799656128,0.34837965474638616
0.232787948530931,0.4794889221728066,0.3565283581098958
0.23559481172986424,0.5061317294173993,0.38278720468809335
0.23120892440046745,0.4772539312503049,0.37101546221079995
0.234135998524509,0.5018254180865585,0.3454800116394157
0.2326154423775531,0.4796315978181326,0.3245545330682925
0.2451941323030831,0.4917639369395745,0.3474472481988001
0.2515333729784474,0.4736216546017158,0.3766322540783933
0.23712035220923502,0.4947858926823648,0.3527215307363969
0.2451393768107549,0.4824238772638286,0.3909106037159065
0.2376645170687609,0.5078484159809801,0.3394983283501505
0.23718306871599937,0.516824894451879,0.35983462757413576
0.22932902515227144,0.5008613010187289,0.3682457018906865
0.24059838319198448,0.4767047458920706,0.3473303795489344
0.25046727981654504,0.5017708232959976,0.3620161349155807
0.2473070127612826,0.4834964830462817,0.3837308059858846
0.2348681995673264,0.4764352651855879,0.3783628128213181
0.24031868192209893,0.4845540552169523,0.39751633211487103
0.2346818463020824,0.4552684488991518,0.3610207827110101
0.2423199158862365,0.5231910000306186,0.34599955587080444
0.2442798574992765,0.5012042517485605,0.3615698185545531
0.23614372418341623,0.5015872234172878,0.3621797449989879
0.24623049923327442,0.5048830316127814,0.36302667682051576
0.23930793243435616,0.491298056948281,0.3614641050010213
0.24384646238295093,0.4978738977142772,0.3841775565497864
0.2431612396469221,0.4978645827016939,0.3528272582348525
0.24714399189615058,0.5082726920071983,0.3640994086697983
0.2342533187677796,0.4762462700354385,0.32119446249265865
0.242753540434188,0.518880533385104,0.34492286587380105
0.233220046024311,0.5000875812207068,0.32911192024341723
0.24832251260488092,0.5064507798286673,0.42941874952867787
0.23754748350629803,0.4853622368234654,0.35922529703037354
0.24392719593438336,0.5106973733214375,0.35302663067101203
0.24377794925409169,0.5009881596594589,0.36289786552755793
0.24491972554908578,0.4895241398952582,0.3925224463106729
0.2358909572265388,0.5034242397038295,0.3486884145333979
0.24706150775333513,0.4998628140965779,0.3556000570732294
0.23863343884641725,0.4950576888970344,0.3667461411679708
0.246819909193832,0.5107087783446477,0.35935801923545513
0.23712945645505187,0.4930740526711018,0.34377796033336977
0.2269177331269641,0.4829039494104274,0.33313337789194963
0.2376321934782608,0.5015104719215383,0.34003318874890576
0.2422722018137367,0.4980378103472175,0.3662745595138521
0.23313075800462543,0.4943130436425982,0.34763410074428536
0.24640747908474542,0.5081388248947257,0.35460973184980665
0.24729628724051442,0.5304220353058662,0.3668851058916164
0.24011842196444125,0.49190176743973096,0.3541978559851497
0.24775267539177492,0.4873847896326381,0.35447713751086235
0.25320093141650396,0.5030730644358132,0.3494239925762125
0.2423353480843703,0.4994966637095209,0.3388587209125178
0.2499234840302816,0.5245041813935639,0.4070259871442413
0.24469171826783778,0.5117188315885831,0.4452025242372225
0.25082336115258114,0.486253010194513,0.3922498213870208
0.25127530227110717,0.5065949133990061,0.38206928402692414
0.2519502215340197,0.5100516424925711,0.3605902504568225
0.2509206222578935,0.5069185445280439,0.3801733731136875
0.2537019450407267,0.5071637721401064,0.4111595212135198
0.23688489422661327,0.4748944467436552,0.35699869729394385
0.23684223288696749,0.4886883998911029,0.3521298388979824
0.2425983447728008,0.4743119717828527,0.399096284073562
0.24205713972171172,0.4924911201482925,0.4204953754046107
0.2474769231892473,0.5205349754723461,0.3823978057053976
0.2469185960567982,0.4900879952345933,0.38314754394559947
0.245900505422493,0.4781950138156648,0.3641184250198359
0.24156094803778735,0.5026737017076794,0.3822812298312894
0.2395317457558389,0.5076947608583685,0.3658163677637868
0.23523336164179334,0.4996869031711562,0.35017440702257857
0.24476917064296594,0.4912857355385513,0.3573990651792419
0.2522784865970116,0.4694403017619663,0.3585574078032661
0.24810440754769583,0.5067720289320675,0.3723554610282268
0.24871810687960455,0.5249124647076927,0.3686886644359389
0.25098333877146817,0.5169295472120448,0.3666699102555783
0.25382409760399116,0.4743011338073513,0.3735308432455262
0.2475134796704374,0.49374515466408603,0.3505315970684197
0.2573683022630431,0.5028327089825931,0.369513049386226
0.25953798221745517,0.5285734478590599,0.42038175880341655
0.24055590161547397,0.4747867676100973,0.3252325525141365
0.24105592050078428,0.4900886811533261,0.3931428438343448
0.23770849469688943,0.4910061956392316,0.4209041074645285
0.24791140047898547,0.4879510291935464,0.3784884635014667
0.24478920146473954,0.498300630360317,0.3644087882909781
0.24302713680227866,0.4677814221374746,0.3546035474181944
0.24733206889901002,0.4709027588336706,0.380181734665992
0.2382742584970869,0.478957379414509,0.3814318502583955
0.24141966860061728,0.514185796440306,0.3444747461226323
0.25068937278670983,0.4959885717028623,0.3892180775128435
0.25216363950259435,0.5078394822232998,0.36524184095322737
0.24136480655126946,0.4644290081804033,0.4085075070800187
0.24714006436741506,0.513060712009342,0.4091282535751379
0.24201759423528593,0.4592067456679684,0.3877553357778808
0.2431157497123251,0.5085565153922921,0.4240398856712682
0.24746889994292767,0.5016602404356673,0.43860013601090747
0.24010730208508668,0.4955778670460574,0.4060787827943211
0.24292026539691708,0.5041919127188573,0.33489450658604986
0.24494507891034176,0.4833470745869647,0.3919834838266357
0.2494570030392193,0.5032695506819369,0.382555085169904
0.24148125199005616,0.5089611815989344,0.3788043988950808
0.25386577612918104,0.4987574703334829,0.3686650282518091
0.23300424718018117,0.5130439976624112,0.3669962613114029
0.23911415636391972,0.5171579821854005,0.3975349846828041
0.24950183672500714,0.5301791386941163,0.3799752010572018
0.24759946125200197,0.4889460429046815,0.37239313233157595
0.25297843175133905,0.4852907567500671,0.3847368978945059
0.24449349200457185,0.4910345555184009,0.34635116560845985
0.2521351825271513,0.5020479735387897,0.394006692953524
0.241789484968757,0.47747516029426396,0.3428550456603497
0.24921550190732314,0.4855462614038305,0.3666233855202182
0.24695806986068378,0.4939647105224737,0.3712972933455511
0.24356581414485845,0.5340551909135786,0.3841334848438365
0.2592964787782118,0.4917937945767326,0.4226658638321283
0.23862325937567747,0.5000536970303561,0.35799447646680577
0.23676632130190411,0.4696723780392029,0.3494021176811104
0.24653429866329135,0.479708600232458,0.39714636700676936
0.26025056225041204,0.5023466955556278,0.4470958590466374
0.2514157315005121,0.50897766150111,0.4532775193806972
0.24129181529076646,0.4632052318996708,0.3469161856968385
0.24635613315240648,0.4989134733018742,0.3971624205461145
0.25011040739348533,0.5184389327176124,0.3985517757444361
0.24975920534250734,0.5264741357396788,0.3485199081956665
0.24993348514948976,0.5129888201120778,0.36070898952405
0.24846412707393062,0.4860683864628137,0.4604931293538083
0.24459853510229843,0.498611331848397,0.3660971378072913
0.25729639486647093,0.4871018989217049,0.4309758050703505
0.24801801413211436,0.5128618295716891,0.3856480003935571
0.2528823363802102,0.4978281579409548,0.3708527822753467
0.24733171493284734,0.4966541902610486,0.3845531847450296
0.2475424928431989,0.4768825101856979,0.4736794038657772
0.24785073862214307,0.4933517513703887,0.3822385516951462
0.25432427773263927,0.4703294571632785,0.39160681900812017
0.24143602686923288,0.4970391717467986,0.3528158225071387
0.24792992291889734,0.5025682746925876,0.3568683086237203
0.2507475289604628,0.494178152835201,0.4105586801360874
0.25069297499158627,0.4793889985091703,0.4405224073020033
0.24518676153061716,0.5008195417445251,0.3732853016946355
0.24445764453028163,0.5046616203138474,0.4355885399361352
0.24485599214326947,0.485270139029631,0.3536612392098515
0.24624279562504914,0.4900694311748255,0.3969683235853741
0.24599332975288757,0.5053628744107483,0.3731849089817168
0.24949241405645067,0.5173401087924251,0.4264624783727362
0.25092770374004303,0.5091801563636049,0.4369089391995329
0.25982097267974924,0.4742749517643627,0.4267352073376452
0.24994153324268914,0.4837300950213552,0.37291916544586573
0.25226770515067654,0.4848816633033685,0.3960216765425426
0.2514962627773527,0.4926509011679713,0.4376622269241829
0.24564112663988943,0.4697965624102492,0.3880932719107909
0.25423261324270013,0.4897003550122606,0.3800303287849484
0.2549952065165579,0.4890468991084502,0.4424468466451056
0.26241410276682914,0.479068780879081,0.4012171396421163
0.24555734012992417,0.5106689358124094,0.3744753546525447
0.2520505008966078,0.5041197201297141,0.3854657548119294
0.2572082074489957,0.4957550610747969,0.471959521627948
0.2596413802378958,0.505001401371332,0.36122523388371997
0.25288757768099335,0.4838504384543992,0.3987878962975785
0.26066120759075073,0.495662912989358,0.4371762204691314
0.24716745858619127,0.4888450364048521,0.3714715091880829
0.25975218287805296,0.4789920736550621,0.3893472528923131
0.25667718279373625,0.4834103098140226,0.4025228628907784
0.26979276630644766,0.4880993319676078,0.4280476291519987
0.24606500377433932,0.47363766198712,0.3795328897715527
0.25168991037522254,0.4819332308830391,0.39479656466738383
0.25594553842565165,0.4643461890760833,0.35901826998268355
0.2616040385822357,0.4967267290109875,0.399823782031411
0.25018245703547176,0.5063027618557594,0.36097646039258136
0.2571628061765388,0.5090554761900541,0.4155354500301545
0.25651714519169205,0.4978390357772999,0.3868617026152024
0.2547409683538662,0.4798992917710838,0.37465359670451975
0.25684433972715803,0.5074624654208554,0.4075237469810667
0.2523825337580834,0.5036783063541802,0.4333794493622241
0.254527289431464,0.4689671448743282,0.3935731111658584
0.25461514634383947,0.4977403720651161,0.4457050095486691
0.2511707168124385,0.5072695493712017,0.3920240155514202
0.26423223507353394,0.5323894292515867,0.43649645428567213
0.2524426076670992,0.511107072513846,0.3934154709827114
0.2579005855151809,0.5197433816186444,0.3855455568895713
0.25287848476333663,0.4821499483351874,0.405599614614609
0.26530065085641363,0.5002622827265429,0.3950009769927065
0.25775581549188453,0.4849088902301581,0.40210474893287945
0.25655045900524953,0.4999572874450089,0.3857824671435424
0.25817802393358635,0.4812961074156804,0.3895517939557396
0.25281572769581695,0.4749563945935466,0.4244513875828186
0.26137538180520786,0.4910209845492179,0.4371118812409128
0.25400762652128395,0.4896265432077347,0.40142140443138014
0.25448604955458554,0.4763570175175099,0.4075510476403224
0.24685038279667054,0.4900144741781054,0.3987509137011993
0.2609655886915351,0.5085097696227033,0.3935717161636022
0.2595965259812942,0.4955267019563954,0.3768605244589341
0.24947674289962646,0.5187528578979405,0.4364941464774599
0.2611635778507684,0.4877784108045185,0.4241478202670133
0.25216072116727106,0.4884482888674889,0.4179996704596543
0.25955922868575987,0.4633208112288954,0.40472170920551065
0.2684922703297803,0.4921000339849638,0.3707945855349588
0.2529497168701902,0.5142822881079805,0.3941429635558105
0.26746011465191655,0.4974615907819031,0.3807140318566812
0.2553219412205185,0.5299346194010505,0.3780613011048222
0.257396888890437,0.4672022399420213,0.3975905937591844
0.264945138366257,0.5117531406232999,0.4234218795058788
0.27080152937261914,0.4716540781850429,0.44214630493873536
0.25515165348085267,0.5018165223014658,0.3815239825595528
0.2608505891392525,0.5062584741474909,0.43493482749731294
0.2535954559160776,0.4892042962742536,0.39950285444651695
0.2724883618506546,0.5096309188563144,0.5089002303426334
0.26242514792975924,0.4760251530974805,0.4375939891305742
0.2652181232325749,0.4905668953155789,0.3931366221457889
0.2564672802118386,0.4644483058457419,0.4418017075052028
0.26000836806050903,0.4934568623557205,0.4101386024877038
0.25566354737372654,0.5211766548399182,0.3891212248447439
0.2649330392281234,0.5156563184390116,0.4113792581740015
0.26936868642696615,0.4894773838725674,0.4549763028400282
0.2582917895217324,0.5001272498163999,0.41499217134888894
0.2576387353655732,0.4789214539722943,0.41950817367340576
0.26297210073202526,0.4984638992686304,0.4082290233626136
0.2776984603260599,0.5020194940726015,0.5401302047802696
0.26016639060865054,0.4972341189025528,0.4416072651082136
0.2575061023033591,0.4726999594822944,0.46302288479153403
0.25700821693417014,0.5158139625589662,0.4467782947838848
0.25998983249163293,0.4810948751107623,0.4493110385384255
0.2530472731388582,0.4848203212279126,0.3875680117780617
0.2570504879717486,0.5156485381742675,0.42646667687891865
0.2539002954674274,0.4876056708769434,0.3974080171267989
0.26322155916285417,0.4833611672838109,0.434642472797698
0.2589734861114589,0.5022345664480439,0.4120805611031635
0.2672809521893669,0.4870734583564033,0.39042841379005
0.2635324862194167,0.513076009749214,0.4367555379276293
0.27078079238563924,0.4569872455304813,0.4134374258292908
0.2611426074021209,0.5106151711719288,0.4368385331006891
0.2611584695357686,0.4716965494990816,0.4615910723773918
0.25996394856243754,0.5111897733340882,0.3684497999061898
0.25816389944050067,0.5001058440846244,0.3564513526431499
0.264612994410204,0.5023467111894555,0.4355519772166479
0.2712919028515725,0.4737517494949229,0.4829396917990214
0.2624286383851002,0.4851862852098956,0.4314469419280691
0.25956136241555705,0.4964423377008329,0.40646197435690185
0.26512919986301564,0.4781995736463747,0.4068750642721907
0.2725660844161089,0.5181686881983337,0.4011014448676294
0.2656325426308488,0.5202480011971534,0.3726103518615579
0.2619032699994154,0.4771205087183734,0.4219611127921825
0.2724095345613322,0.4826101546499391,0.4706246688787056
0.2617172185498632,0.5135421153412018,0.3908510920599039
0.27146661698001073,0.5077289077489642,0.42027277555598697
0.2660086730609485,0.4826250581103521,0.4174808855956919
0.2674119413052811,0.5017176287133643,0.43316174241857147
0.2643490142976746,0.4902956566253756,0.4284067664397287
0.2657869053803818,0.4941945701734259,0.39984787678159456
0.2613271810742998,0.4877635080400467,0.4252876370021484
0.26471881753191295,0.4961041625817795,0.41299047580841
0.26314309762025756,0.48895471984631206,0.4589843433775956
0.2670051267388784,0.4930275738164326,0.4020388032419703
0.28108127895574087,0.5105347100536132,0.4317411224858659
0.26647372873224434,0.4838385869807766,0.4727664117671167
0.2611233398173349,0.4783643327183227,0.40397521978105216
0.2600079613386078,0.4610447547880922,0.5200610666210391
0.26682813753235574,0.4931472092854664,0.3894224531070228
0.2710079776303534,0.4941412042526409,0.5066217882451354
0.25793527194177507,0.5007508771275502,0.4096956748678336
0.2703340211312586,0.4991799750786765,0.4011679345450249
0.2613941716695647,0.4625419109955444,0.43284478313576463
0.25929029624919797,0.4871711559269128,0.4168291610490485
0.26553371304545326,0.5018796530729748,0.4266535900649657
0.27902402105621626,0.5076611373035577,0.5623409074299697
0.2738040314880169,0.4942189569829399,0.4697559272661329
0.2634616100115693,0.4700362720718256,0.4286514858955034
0.2601157776375298,0.5110715351570767,0.3817145668420354
0.2818541666494118,0.4888082379635105,0.4582127061938096
0.2654712728791274,0.5068674879869728,0.4207296767339567
0.260193080566501,0.4934762370784012,0.3977264236279581
0.2552992895991103,0.5112446620821325,0.409357004956062
0.2642589616328399,0.4896641605279243,0.4062799084969772
0.26456583377603005,0.5024559330824946,0.4023700270266632
0.27026569199960526,0.4928833375671611,0.4266971057095923
0.27546967984807347,0.4740571813927047,0.5061614565049795
0.27722024690956476,0.5087369521355516,0.484940655035444
0.266306512858636,0.5218922308488787,0.4458885673450782
0.26556124453876945,0.5132341913476475,0.43780070088057343
0.2812558945435794,0.489153310318207,0.5533632621685425
0.2628157288459477,0.5193742681749309,0.4103154967012482
0.2598461428928356,0.530724938026058,0.4801561122946302
0.26358298828691296,0.5042581699421546,0.44622308034100105
0.2728719079472402,0.4960109841802226,0.472183191678379
0.27005160484937124,0.5032178691936937,0.5234780278225437
0.2586221711499148,0.5043454379995292,0.41186046729925296
0.2739690636334013,0.5022073134380449,0.41734836935298597
0.27109236995428304,0.4995378763916109,0.434999811066208
0.27292475459844096,0.4662952001786324,0.4385825902572192
0.27141105222964895,0.4922467555333338,0.43499498604984904
0.28867613021038574,0.4755408915696934,0.5912071546008582
0.2670496740970873,0.48280826092226903,0.4504680801083011
0.2680892607894893,0.5297153491771821,0.4221284092069759
0.2744253837484467,0.5330118573513115,0.412596597204312
0.2695019182158863,0.5007972375084282,0.4269863175592038
0.2702288273017115,0.5171575654006542,0.3895472412194339
0.2684113520505909,0.485335418287096,0.4016650331981448
0.2689178035025023,0.5236302700518798,0.42286367702217853
0.2644702183733309,0.4860878611950213,0.4437875408354751
0.26286543192814116,0.4977876162629072,0.4214260139148177
0.2683584711383751,0.5284852687540332,0.4125175517024413
0.26938343642108364,0.4918629838366771,0.4503023320336489
0.26798194031964145,0.5025054076458215,0.4444114291141659
0.2685052238075816,0.4816600233708039,0.4471397494130165
0.2685575373314998,0.4738064352758001,0.4933180779252342
0.26323512634040563,0.4630528498283246,0.4169419847164218
0.2688502812078134,0.507751678259076,0.49968849204314797
0.2684414647213073,0.4981562590907976,0.502592629667915
0.2638157618462153,0.4896638138143393,0.42938455239943707
0.2668593769812242,0.49221461584467796,0.4676614486575528
0.26820358855222826,0.4873661605709765,0.4563124859010997
0.2676598315429966,0.5203741728985615,0.39909995262368503
0.28172141548239665,0.4866420487113241,0.5171677557180334
0.26792501137940383,0.509128940354126,0.4389150239607816
0.26039047265010173,0.4746573227926798,0.4186110664006869
0.2814702978816689,0.5015930808755305,0.4596201348519108
0.2669428080734217,0.4918105937387718,0.4206049521807874
0.2582480253741628,0.493330468611228,0.4394740930453803
0.2706427514996785,0.4727818515866172,0.4562911009763188
0.2661181807267519,0.5140719490060079,0.41668434775728747
0.25818762889240116,0.4697902483661581,0.3922583784469116
0.2730515752425109,0.503511223866699,0.4485005358774243
0.28017233828359106,0.4920261865474897,0.4753888751393323
0.27710445460856,0.5057035119326677,0.4547630674024742
0.2763766887616473,0.4698128574782263,0.4797956148102762
0.2767644127864338,0.4924944546963162,0.4573279506655426
0.26887766166788546,0.4580549036777854,0.4118438724697927
0.28808212716780085,0.4944695033171296,0.4631452602118109
0.25908246785252664,0.4518534517324961,0.4577219888375792
0.2806840579805814,0.4933201536601677,0.4313275031705857
0.2695448849931853,0.4957846368504096,0.4407635691789323
0.26538210304466475,0.4873296415610529,0.4606292352306944
0.2746842863409526,0.4878745134904356,0.5339305860593835
0.2792087698397674,0.4780324669918362,0.4535945792064988
0.2723776594933126,0.509204421324279,0.519147773773354
0.2690000056046229,0.4845398287325813,0.424750542526587
0.2669302660907045,0.5158323438054153,0.4371339321645105
0.276280489418699,0.4660764530428516,0.46816102577168894
0.2790413569544759,0.4906148483268552,0.4332483416169611
0.28342102838702354,0.5004791121956815,0.4375722833219349
0.2768148621259627,0.4780066309060665,0.481258566530789
0.28521331128225247,0.5038760509840171,0.5141698852430114
0.26993357205027385,0.4868472950469262,0.4344770345986565
0.2768038044528004,0.4985694815486873,0.4203187664401632
0.2757411820442186,0.4845351524320178,0.4142554464901253
0.26703077191799357,0.4718024270463805,0.462252763474264
0.28507559001993293,0.5072531732887515,0.5295957598669879
0.2608681694752651,0.4979808861727169,0.4078393845109369
0.27165193870931725,0.501184215209771,0.4026125993628827
0.27892301056828195,0.4814841229727952,0.42796975678201
0.2777626785596845,0.479587095240608,0.4596741329706064
0.2824620925896971,0.49295377686293,0.5481056692363528
0.2879347026059174,0.5051772818275472,0.4268586223560507
0.2781934352559024,0.4972013137099899,0.4826204894515205
0.2836182189803868,0.4895278997104341,0.465854717006523
0.27496356905580904,0.4951880280668744,0.4404321609039916
0.28122869755806207,0.5029638936244748,0.4218996083259928
0.26370134796982847,0.45712672401634,0.4337582851560369
0.27077293943653025,0.5185519748937599,0.4540390746766162
0.2760974369681156,0.4919395406916081,0.4381536183309018
0.2701560446031423,0.4847625970408957,0.5077103289143771
0.2773150947574195,0.4846790479169747,0.4248529212304633
0.2725032355190834,0.479286676989976,0.4658547997533554
0.27172543046703224,0.4943002504780668,0.448320592870493
0.2797414147305035,0.4950232475451034,0.4444039142341065
0.280553531707702,0.5143019171732037,0.4539203656432636
0.2751267991772808,0.4808918499116839,0.4164746849995773
0.2839371280376352,0.5210619655278799,0.4523712570602763
0.2829097740252498,0.5162838761274541,0.4644534376799282
0.2887491427250009,0.4837361857843188,0.5195823803315239
0.29028919704243583,0.4918291395400709,0.4437337371227754
0.28068624931961755,0.500105517442098,0.4311265262500194
0.2848763237952969,0.508614068143278,0.4725873563876428
0.2802936991975971,0.5002182978247004,0.4942357437271291
0.2879470085717182,0.4927020516279662,0.5551557311716433
0.2764572222965223,0.4951458405384239,0.4198060533503382
0.28953465950707796,0.5055025259549716,0.4892121278554214
0.28166867493404674,0.5097318650389658,0.4457499530993986
0.2735673779291758,0.4971892618394323,0.4930648004857186
0.2703513041757873,0.4953247732522186,0.4631212555954554
0.28494778109113716,0.4842076743266616,0.4399779380355032
0.279039434322571,0.4869926110851071,0.4330965941878317
0.28054420822188986,0.4942483781847881,0.4138121861903871
0.28939721886837716,0.4766022238041304,0.4439042042270195
0.2952426366070743,0.5114110145626465,0.4749750654401973
0.28883702930173605,0.5010023738527203,0.4673637376550076
0.29469236444566904,0.4860804202025835,0.45000766263623293
0.2884641625984228,0.4930353059906871,0.5569769711168002
0.2852696563523207,0.4722353711424555,0.4895644429887197
0.2938925213372217,0.5201718080831809,0.5160385539511344
0.28374181491167894,0.4954391173713762,0.5119984014454707
0.2864967247185217,0.4999097189132208,0.4806063400251258
0.28581149324237315,0.5053900085726124,0.4778868083431819
0.2920534363422811,0.5008354212129852,0.5634011691527602
0.29170451411840126,0.4730735051630823,0.4747393638234182
0.2801907756296007,0.4857323915867356,0.519490508284441
0.2814024112331873,0.5023277172430606,0.4928064677791243
0.27973896076776084,0.5108472431250886,0.4540210593803238
0.2817396195972286,0.5027609212639014,0.4397021643108701
0.29517928590147735,0.4899546146805857,0.44956017063503706
0.2796778930812471,0.492493988058253,0.4813471310958095
0.29598073755081783,0.5082650177766765,0.4623064346178306
0.26893184355102895,0.459563557783036,0.425205410924648
0.28168158283550926,0.5167640781404181,0.45573547895751393
0.28615689263536837,0.4942944631764645,0.4527203340345395
0.2775753644943144,0.5159097218006914,0.4897396181705616
0.273472994887164,0.5023205011169604,0.4336643697607761
0.2922015365743926,0.4824860942213063,0.560149496480923
0.2855588919055627,0.4959234334395549,0.4402862983256817
0.28269094997542504,0.4863224512444024,0.4584114513335222
0.28788054830839904,0.4781146580436189,0.4575645601995554
0.29017370086448335,0.5083942494695181,0.4893649033701977
0.28432971273395424,0.5081336610688729,0.4573137385042302
0.2784944145573012,0.4855548286760113,0.502302099295957
0.28164744154133886,0.4992116284504735,0.4468058173652121
0.28156032653584423,0.4815250596929561,0.4516221756243025
0.2777835666625025,0.4869531405454433,0.5215177140561711
0.2849814960234384,0.5079038896941539,0.4958609474856458
0.2878465619192948,0.5068247583109248,0.5003077335888729
0.2993442571023178,0.5197859736571663,0.5532597779427497
0.28914495682440355,0.507166137252595,0.4673632639665199
0.28594740472599883,0.49237195259637495,0.4751184535157115
0.2888618265962145,0.5085892062414089,0.4709452317167087
0.298808661598954,0.5099496219438526,0.5703328821745756
0.2907850770505202,0.4792514395996734,0.4485912293402392
0.28461240714388386,0.5154713937693193,0.4704666043603442
0.27928758796780434,0.4857542324995488,0.4666712905727142
0.2847384046937104,0.5356373197909743,0.4161419849891616
0.2905266630638098,0.4993968572803663,0.5323065306185859
0.2774431985979269,0.4847266010786306,0.4584763400844173
0.28428981849959145,0.4926853267031258,0.4583241626940482
0.2919884253793738,0.4845169334093159,0.5558621994673267
0.2922457667739564,0.5291478383940625,0.4980116910747477
0.28473141682332154,0.4871458464444753,0.4746518111785895
0.28370399556320786,0.4927363914742164,0.4653168417853806
0.29047415903611745,0.4907856670098557,0.4886873797548849
0.28555082285135797,0.5109313060942712,0.4978017232925705
0.2907781678215213,0.5012819812806704,0.4631381379393805
0.2901602392300018,0.5132296026294316,0.5081588273959673
0.2968466682319743,0.5106171269701493,0.5306307616892999
0.304148755065349,0.5067786529704468,0.5337593141043389
0.2816186586714941,0.5143000978258024,0.4908457307072654
0.2860255055777758,0.5018191304283942,0.4561410065304614
0.3009618172989789,0.4975620217734658,0.5394220559518375
0.28363270079270153,0.4885206681433076,0.4550105250220543
0.3031565187240916,0.5269900151020268,0.5158606036804094
0.30409909482240066,0.5008091875141685,0.5279030888396509
0.28878777134828537,0.5061143639691079,0.4826082577851725
0.296305267220739,0.4987658721102954,0.5351090157179279
0.30316609833500957,0.4906015853703108,0.544464013424942
0.2912855895152078,0.4702297448504526,0.5017049462777381
0.29188806218071334,0.4896630025564399,0.5019198566445187
0.30465833779025925,0.4700058496190804,0.6234444189793208
0.3000814352861579,0.4869996906939211,0.5267949814204961
0.2977216756849941,0.4854523847814687,0.5175873870486342
0.2953095139398039,0.4825684453896474,0.5405528318832711
0.29083063161036793,0.5005214647177947,0.4532282222873733
0.3073606955310321,0.5105107795173639,0.5273116440801965
0.3013803578424732,0.4965648150044036,0.4698594891570558
0.3041852561192821,0.4783378932632813,0.4888063300274602
0.30219605595349563,0.5116582043072277,0.4501497940850517
0.2933207763999957,0.483818305928031,0.4998476557630759
0.303835460737108,0.5020544986742546,0.6324327231664074
0.29974229867361635,0.5189661887773027,0.6013122425586551
0.2980434917880082,0.4657404458644019,0.6626112500099229
0.3024387872338758,0.478463567654536,0.5333698429779367
0.31632744496401455,0.5077867025083445,0.5455401106255061
0.29472874655436515,0.5077852954452079,0.4739421144598805
0.30253748363038124,0.4892084068371246,0.5088707841456708
0.29615719792978823,0.5115797180237989,0.4503981449079241
0.2918865146531735,0.521662378694816,0.4701903456543362
0.28961418252615156,0.4630985487714088,0.5307422009107549
0.29039933021979847,0.4985483921967338,0.4894171406672033
0.3049274162432989,0.4880836552973742,0.5270759941824454
0.29775710880998374,0.50240057140135,0.4576032168029725
0.3066000855700304,0.5212577073657614,0.4833128146587506
0.29108002379825143,0.4941446215209016,0.5432341011531682
0.2937542494589131,0.4936376377572546,0.4806056115016149
0.3134329616721568,0.5082403368243551,0.5818081504563427
0.30352815396217414,0.5264004312973447,0.5227175634280989
0.30944226659637336,0.5224062873832402,0.5230470479480044
0.31935488564499936,0.5088158031277313,0.569573011177394
0.2962339359504827,0.5058815163829355,0.5700883577932203
0.2973363591986476,0.5283630174468701,0.4619815405661937
0.29536345337832304,0.4929232613366992,0.5083376825032075
0.28622413179556605,0.4828590613684562,0.5220227040314538
0.29111913125204014,0.504482108864233,0.5602420516686311
0.29380504051390927,0.4846894997803383,0.5083818383060318
0.2998833473558236,0.4883468233944629,0.5143233717649358
0.29135246808942916,0.44419767073099015,0.5021341068171771
0.30388293064799227,0.4877715643656168,0.5024524798972149
0.29244354994929544,0.4729103028277198,0.5135859036015485
0.31308873639762,0.5211630207340856,0.5517192700740768
0.3060149779031725,0.502216856426141,0.5228454413934712
0.3057263978913237,0.5172940981651819,0.492678748523716
0.3394669284545613,0.5114664833590754,0.6071396744064544
0.30754107042631035,0.5027772661069775,0.5845738616309344
0.315150541969526,0.5382766820259246,0.5290700252885944
0.3087126138409086,0.4890607741125532,0.4772083704362765
0.2977564715207712,0.5208759131619944,0.5272940111151221
0.30555050357205354,0.4733891229162285,0.5395779879338909
0.3040681572233432,0.513203731865844,0.4993043263722051
0.3111604805905688,0.4930497732306713,0.5617571308663006
0.30964918388242624,0.5001189323940762,0.5146379079908676
0.3017446520837053,0.4928954520716195,0.5000165916132653
0.31171502740386103,0.5182551050192261,0.5201849913328682
0.30359193586056443,0.469672452898354,0.4750931120485653
0.3146122286084683,0.4989401139369434,0.5291645763009556
0.29577107419854115,0.4977718170926137,0.5024795335532327
0.30034924748728575,0.4603772006145653,0.5181859353234863
0.30087755391799204,0.4767909297643784,0.4948105534485819
0.3236098968145877,0.4867585995895668,0.6412384504908156
0.2996394592614982,0.5088823333943071,0.492051711623806
0.29873601588930704,0.4900043152368028,0.5286620358945756
0.2966851866124857,0.4809324417847548,0.5260936543148221
0.30570039212925443,0.4945839599275347,0.4820036612942759
0.3011618970413686,0.4846336112739327,0.483560742640847
0.3074638720541194,0.5048468783709728,0.4984666215004545
0.3022509662472683,0.4787984089217776,0.6219191854372773
0.31196762505099224,0.5200839030663816,0.5157250950967007
0.30765101630193775,0.491318315706072,0.5157921332068774
0.3088574659425609,0.4822030959647658,0.4864212061159459
0.30215337587939234,0.4859780564022022,0.4903515328031816
0.31109478974950483,0.4957907655226976,0.5140989391323612
0.3056373370679299,0.4745487780076506,0.5217014858392277
0.2994345822389217,0.48761756193128497,0.5436919661355456
0.30296135173394584,0.5024777848494302,0.5592921917152209
0.30581425584308514,0.5149660586516229,0.4821616092735834
0.3000701445789976,0.4983626625620149,0.4948238959163046
0.3160545259120717,0.5034086208518782,0.6115370965880957
0.2986839900719847,0.4609855504758895,0.5566465229716118
0.31305017248412986,0.4703497325421238,0.5456435820843725
0.30779964373933244,0.4758611097920253,0.5571020613544921
0.309399078351148,0.4667608498554444,0.4893116697344475
0.31180212833324494,0.4972217662907703,0.5113018866429675
0.30617412838922303,0.5173996864817154,0.5911880919204362
0.30755484714583975,0.4776137979699044,0.5072726302555605
0.31401884036807,0.5133950910110036,0.4935208053457195
0.30713904680837034,0.5064321404514922,0.5333253387180628
0.318587063194713,0.515713616385995,0.5084778752048578
0.3223317094864271,0.4981139378036469,0.5606093191544295
0.3186924873085867,0.5115109458463802,0.5062882987437455
0.3176125629857369,0.4962752214646775,0.4994509176815621
0.3038967723576694,0.4746369133603733,0.4617566159864821
0.3050849452275515,0.4913709400034436,0.5089986747246915
0.3177911348477893,0.48726444179634104,0.5855402001161948
0.313098584152874,0.4872561357889102,0.5591023567919656
0.3218003961738923,0.4864466772642938,0.6640975376891387
0.32422298856061815,0.5122935204868319,0.5227401033127599
0.3260533664664754,0.4908943532169314,0.5808517077196581
0.3121083593844584,0.5258330857456791,0.6165454427075734
0.31043783295905064,0.4987606430745888,0.5199954060844028
0.3038614438748667,0.4866745291661022,0.503511147181674
0.2982214276493528,0.479375882420801,0.4685306620815765
0.3171859877687201,0.469989292266964,0.4988996136531907
0.32584133892937023,0.5031883613265765,0.5023259336117339
0.31628354454819857,0.4861817551483068,0.47518285272131505
0.31577407679039515,0.4963827925824929,0.5662628146396567
0.3319109367832941,0.5028441162398241,0.5949659640945487
0.3342335365797296,0.5235891783233759,0.7317602571994167
0.3102115396655894,0.4590677826701046,0.5195330744335016
0.31762577180145174,0.4994862978953383,0.4915163311698274
0.3165864685014616,0.4800059385661717,0.5422062785959192
0.31537095845847946,0.4967589908952024,0.5633525710600191
0.31146283655846757,0.5116052264001819,0.5303519583957589
0.32638491068126235,0.5176443345862003,0.5813129474265153
0.3222446508756077,0.5102354397222711,0.5189013414401307
0.32490549349046255,0.5171927452920199,0.5013750251417461
0.33056298446148075,0.4971442822570945,0.5658693703089879
0.33577468744582367,0.5096881064986354,0.5348286866729974
0.32162174017896156,0.4993904213280748,0.5751033237181649
0.332312605525782,0.5015411550178801,0.5364975110588728
0.3338999006600227,0.5088938275441979,0.5860661448623614
0.3308455987494395,0.4964816765967052,0.5270241663445577
0.32211800147860203,0.4821065887729236,0.5471627941143667
0.3232227005844882,0.5127891915704743,0.5415213208228908
0.3322988625795213,0.4986941991146147,0.6218952893836375
0.32294830268899966,0.4564291555440923,0.5590058114737048
0.327727882507575,0.4942394061059134,0.5789040960197621
0.3259453502891468,0.4801768837549058,0.522832070336806
0.3298488724304287,0.5049205611338733,0.530055844238565
0.31956195368439944,0.4688876013617416,0.6329093667935737
0.3311523214680975,0.4994023966994209,0.6393160217737385
0.3369387907243398,0.5318050709336518,0.5485417915942022
0.32548337615650086,0.4908291144116103,0.6640203538941214
0.3321669103832025,0.5105651021993701,0.5161160586677926
0.3334729720218364,0.5078460403241946,0.6579483446314258
0.32337668837233446,0.487823291130409,0.5700498681429911
0.33336854512009795,0.491906340032729,0.5483049471562316
0.33036565255468053,0.4999757424422673,0.5174962957582536
0.3188073620797661,0.4622673050712274,0.545914294157867
0.3243308443970295,0.4942309328456467,0.5599665809076729
0.32755144066179576,0.4821624212896278,0.57335325874037
0.32452274202381026,0.4791881594548168,0.4788674538993852
0.3264129415416751,0.4774659561790278,0.5658239084471496
0.3273575201849562,0.4770032427488807,0.5498710212740895
0.3332045008611258,0.5283999350141958,0.5570253935455463
0.32172126367405374,0.4660007570529803,0.6288647191035878
0.33228180893983217,0.4841258272706394,0.5428632311582114
0.34567687195649,0.5068475939473776,0.6081474433845249
0.3294509955044894,0.4912940922490002,0.5355778014357224
0.3399302761654578,0.4894430607174055,0.5685319508195572
0.3355259680429304,0.4933366974339292,0.6082073142272114
0.3375752144307637,0.5414808229448105,0.5502088861806073
0.34497611908880815,0.4923320400132685,0.5779247368270928
0.3336723372741994,0.49359948798590203,0.5567448686737487
0.34262279691721703,0.4908446309762786,0.6230604236375761
0.3287558919664705,0.4824010095421896,0.5417313320037856
0.3302476828813656,0.506302543976717,0.5384388466140155
0.3451925061897711,0.5079338175440175,0.617857687186833
0.3369358693662198,0.4934140923628378,0.5616940702991902
0.3443555964462023,0.4980944492828863,0.5782028036960731
0.3307145358262694,0.47312370525613895,0.6006865162800259
0.3337663510541479,0.5044471333437767,0.6658012163451569
0.3272660232218424,0.5085550138460972,0.5949767648177154
0.3416160882314508,0.4975927026566777,0.5751410169351969
0.33494146423381155,0.5015082412208757,0.5311812563469974
0.33460364964387646,0.5117781122361406,0.5342328896140254
0.3448884708283131,0.5059286802719709,0.5592425361959876
0.3443476878927708,0.5038812851453067,0.6568132896886644
0.33915977025120464,0.5075674981160819,0.5765183807248963
0.3239105520593473,0.4776130245542128,0.6083271077983332
0.32235050934414294,0.4797506944524286,0.5394365177467368
0.3352181246598265,0.4784102645224173,0.6876251024812363
0.34261007050781983,0.5024959964052548,0.6997254851952406
0.3393524233294016,0.4966138344087795,0.6294378498069636
0.3450204680236764,0.479968361890331,0.6220221683836666
0.3329280255607145,0.4856532127846312,0.5933817519219184
0.33176389378581744,0.4892247602256983,0.653179886213523
0.35366195924867433,0.5139540055555866,0.6899356308992175
0.3475642234243251,0.5094676051442436,0.5750334505059103
0.351395637451121,0.5112800881450936,0.6216274562458622
0.3428735196205258,0.4691894756506232,0.5851577600810356
0.33647795721535556,0.4806604894686558,0.5864963267267909
0.33907624661754965,0.4776960730955021,0.5845673919393001
0.34208426438061623,0.4946809303770346,0.6028399829750485
0.3621705152254377,0.5150895565164533,0.6161479587728598
0.35239540674161723,0.5284875777237978,0.5563258435756702
0.34081738774612047,0.497721105683161,0.5695741823591828
0.35438694597528053,0.4978813657622869,0.6255782095310627
0.33926717164801284,0.4931324780331463,0.5808488840557472
0.3544800704335059,0.5293163109859164,0.6151597719551457
0.34032777777979617,0.5119381110994543,0.6358681646380554
0.35364635811162015,0.5288775781489126,0.702077382636036
0.345393201755223,0.5125233098339959,0.6315709618681451
0.3333364272038471,0.5081574389770303,0.6171159695536835
0.33907804317630086,0.5153577030695203,0.5664701898454063
0.33096766411892836,0.4969197366220806,0.6266995670668645
0.33652902681441027,0.4902656570458317,0.5803620765937858
0.3576305596528892,0.5013127725733175,0.5624819487577309
0.34096014944751984,0.482079688783236,0.5804617380617564
0.3435501862193938,0.5197588170725617,0.5765259162852188
0.3459686604083489,0.4941588806151953,0.5547480906824306
0.3529158651517366,0.5089479996250685,0.7496313619284733
0.34203620250746813,0.5143059647289777,0.5665171179476737
0.3372409363028467,0.4754253337754068,0.5830454110893717
0.34787785819980566,0.4892276621576038,0.5650383814075708
0.33477280591089226,0.4926253031516403,0.5520015063975632
0.33722008276917337,0.5027234326554786,0.5907858633992963
0.36333533472327145,0.5201136694130218,0.6366027358452386
0.333263278476862,0.483196148690469,0.5571797841736894
0.3432495425841726,0.5021796894759412,0.5431614133811195
0.3468327933539054,0.5029090991593406,0.6009481265297935
0.3465261304723033,0.4876323931224014,0.6171536271331156
0.3455567632338932,0.4970091104086304,0.545131785610216
0.33350370027644977,0.4790408129319024,0.6402407366331931
0.3504933112106112,0.4924100923584037,0.6833372274505236
0.34342915447274963,0.4748798668415066,0.5587033485391693
0.342928351728153,0.5071252513534774,0.5872574685435744
0.34069134054224703,0.5082969904686652,0.6028237058035787
0.3465963009481409,0.5054161506322015,0.6875932955813946
0.3430448383271758,0.5304090078220475,0.6848878465179026
0.339799267070228,0.5038700433309561,0.5880501228079466
0.336259709181725,0.4957403168092604,0.7075098714884973
0.34748153748814326,0.5282159248865512,0.6606105106843423
0.3256383469919807,0.5082658947131212,0.5819002474527721
0.3253747975482218,0.5071570537086127,0.5663444393962541
0.32547630199079264,0.4778890997765946,0.5308141813023632
0.3230494300225499,0.4796009185709182,0.6009622868025052
0.3349523048162106,0.4945947912581085,0.6102993010780486
0.3273533572899668,0.4820129677594601,0.5963252498891414
0.33151092606053534,0.5150589871621825,0.5417284403113741
0.3422397031071254,0.508846966497365,0.5985979721247724
0.3242792712628068,0.4908923147182617,0.61717030685022
0.33998345220620535,0.5151397055448171,0.5418522888134752
0.33997680465937985,0.5098575631739489,0.7840345392318099
0.35297264127120553,0.4966681102360508,0.7398913152560536
0.3517871564408773,0.5040709299999728,0.6865708327305329
0.33861810494001987,0.4689805333626492,0.5994619576610075
0.33725335070406887,0.4780477936030762,0.6129523156154515
0.3413821076436264,0.4844065628651933,0.574139649877281
0.3431670294679281,0.5062128738856777,0.7267693748545321
0.33959069563692323,0.5005075698071288,0.6252990797135074
0.34375284718100557,0.5090888512890048,0.5878192699895626
0.35198041975313316,0.5032221131463903,0.5884051977666529
0.35506041074257944,0.5217232023724049,0.5986157239430364
0.3387877618858635,0.4808710792567106,0.672068334464156
0.3498367207500052,0.4912883140374255,0.6208547195720798
0.3641272076367683,0.5089151578940146,0.7552697880098894
0.3525760967217678,0.4975565694362377,0.6478700029014646
0.3513304781273229,0.4902140213272741,0.5743846941760709
0.32608918914917484,0.4812589022270738,0.5627061608406766
0.3506588345399819,0.4906746747981681,0.5651224784675244
0.3470214449431907,0.4967182575362923,0.6734214385355735
0.34124189360438045,0.4903131334646945,0.611520764808157
0.3469933371242257,0.492945701076288,0.6430535627130647
0.3656579983725847,0.5016448456378109,0.6977421030778381
0.34472654549977333,0.5030894633559085,0.6191521830907328
0.3365284706061857,0.4846689430983768,0.6256637936325068
0.33650180571401395,0.4839684816874492,0.5990272430994211
0.340205170797295,0.4795761645516392,0.596075533207405
0.34589552052965794,0.4636101551154397,0.6310566869329098
0.37467186814412506,0.5222087108463603,0.7495022758577399
0.35682220828650785,0.5071903403205757,0.6540371633481216
0.33604175986579504,0.4692804603082067,0.6174065692902367
0.34192368058465933,0.4868833879682725,0.6286467779338559
0.34610656801177186,0.48914222291632303,0.5881557438042446
0.35857132960035754,0.4849275005489484,0.7912965305298079
0.35009728946420565,0.4872634903184164,0.6786768621089747
0.3535570431021563,0.4878204492273184,0.5907000352262646
0.34683332856658666,0.5036111221382772,0.6496740772538083
0.3479795678902654,0.48638764295371706,0.6164395388703582
0.3443775157104308,0.5250557488724219,0.551743120712448
0.34307010187410486,0.4681644610702931,0.6055849623198217
0.34663307601218546,0.5090939753987727,0.5961180311361172
0.34995636101855304,0.5044571881800768,0.6630778736366834
0.3555004300856771,0.5102154867621064,0.5815414293537221
0.34602596235002253,0.4650136804002319,0.6619808763510115
0.35750888929832725,0.4997875886433193,0.6417245289236839
0.3494944693648645,0.4680895640133616,0.6082679669526905
0.3581586835958012,0.5002698264320236,0.5782097354149823
0.35196356716139154,0.5020779064320573,0.6146934138717199
0.3606663202471793,0.4858043613591247,0.6161831333065949
0.36196742777195035,0.5020015479683856,0.5856262083166746
0.3506073245161781,0.4700704242289702,0.6098874866834413
0.35019917989333776,0.4891193098588853,0.6235003444730348
0.34633152494096314,0.5113092442398146,0.6307499789540882
0.359777349684984,0.5104363226148461,0.603300100919125
0.35075201861131206,0.4635351958756012,0.7577871351723436
0.37184381090760465,0.5208425871188471,0.7449311770189736
0.35664885709832234,0.4856917784142914,0.6072764381597673
0.3556434243553425,0.5007843554409936,0.6622628431690285
0.3600794520641365,0.49661172579906204,0.7452853332288886
0.3559175195737365,0.5118270029646743,0.6252977792212602
0.36198865199028546,0.4715292118777278,0.6313375049504891
0.354193826690599,0.4857032562872661,0.6495005742453838
0.3686024200289771,0.4908180316543242,0.6530477151576751
0.35714165156980227,0.4937120841741285,0.6273907388123221
0.37031960999737634,0.499458133514483,0.6337153319436898
0.36832640423374363,0.5065498995416965,0.6577566254492713
0.36049306426385813,0.4937483372792382,0.6390465935652275
0.380401669349776,0.4911706304672012,0.7752984300228901
0.3477603076513966,0.4858809054104163,0.6277607447686545
0.35977159998094543,0.5005876587665516,0.6676525305128581
0.34769512911250794,0.4963902109905287,0.6555370055572359
0.35899231111221314,0.4896429710493722,0.6297826073006121
0.35606474836152463,0.4922553719952856,0.5764925460672932
0.3570338884893124,0.5286225849831955,0.5872306647253513
0.3610230062930506,0.5119094162117641,0.7208162249771103
0.36931711949325097,0.516994485044818,0.7440601409446659
0.33958051635727793,0.4869005314560214,0.6705768933803528
0.3450514789142069,0.4636475586286417,0.564963193861766
0.36395682470954027,0.476317239337465,0.6228846147993341
0.35083147524597047,0.4947893280244884,0.5938436655203292
0.35897704183924845,0.5230944333054542,0.6907015829229364
0.35769875149953423,0.5090744827944276,0.5879964812053697
0.34803838501400314,0.4637433440404161,0.7779974132234685
0.3574208086594931,0.5237147408980084,0.7575896478364492
0.3458763231868157,0.4706917406438141,0.6566972209260264
0.357275318219706,0.4924018110992936,0.6907253503243871
0.3590154318720028,0.5055834376540429,0.7048290051297633
0.3454196223297112,0.4909150460867784,0.6509642056638976
0.3513888515271143,0.5065312565611482,0.6650257318804763
0.3475781705082994,0.4796234432070493,0.6345157352717363
0.34673970922202474,0.4828702389040426,0.6354566833712182
0.3445776524080372,0.4731303652874626,0.6625860296317236
0.33599466059801325,0.4694289782375691,0.6181601214455523
0.3603132169212708,0.4925042622476277,0.7604386401427097
0.35019485298644887,0.5019571058072685,0.6775752379618041
0.34859370976046367,0.4973159829522591,0.8859796737399201
0.350137427888412,0.4829442182230238,0.7739149524887402
0.35051301770925447,0.482318863301385,0.6797637877418188
0.3636178769077169,0.4830641859939893,0.6944387036247069
0.3584328962190517,0.4951543820450921,0.7048131404395739
0.35735848981255386,0.4984944154190664,0.6883306392757369
0.3493910410706355,0.4986413109232675,0.6220475380232773
0.36254031278944565,0.4914035091102094,0.7007420455448874
0.3581493837332648,0.4815356593791146,0.748002448485146
0.34987608020320293,0.4975943713429734,0.7271454981236927
0.3556725812434563,0.5199461662343811,0.6703460310817139
0.36586984287932595,0.4910142181385577,0.7655762055945388
0.3593586684292994,0.49426417108604104,0.6414216999352249
0.34643655374753046,0.4769532982649151,0.7478031614050766
0.35821104561119915,0.4970691381584771,0.6773146576445137
0.35377245397828533,0.4885535827241844,0.681874963143047
0.35902121469838105,0.4885939704604861,0.6564362700116132
0.36045566124186684,0.5159712976498267,0.6633311338144398
0.36584402515013337,0.5117468032516657,0.7234309086975163
0.3417650773395755,0.4708388149180158,0.6552725334157343
0.3513687934943863,0.5070547947745955,0.6305003955212355
0.34852079139432357,0.4966185967472589,0.8537936902060883
0.3487374992925903,0.4824574126266944,0.7104446779201438
0.3555694285446005,0.5300845942415822,0.7852677148134097
0.3554474607050004,0.4967493393650128,0.6628774523453705
0.37054071105163233,0.5145209322190193,0.6908812444591114
0.3600614244246199,0.4964966758391838,0.631235112384201
0.35431388845867495,0.4977964793680483,0.7379275848447961
0.3774011746739449,0.4978468694731035,0.9073351265476359
0.3612273017196128,0.4960925477229742,0.7544114486950013
0.35367506370467583,0.5079037069938458,0.6507785054609486
0.3609803384967767,0.5166054371991643,0.7130073280019815
0.3853011251658531,0.5251373551474592,0.6636447786608737
0.378738193298739,0.5302206969987829,0.6931866340526728
0.36052492402463654,0.4983900118905896,0.7603240103169071
0.38647638728606126,0.4907179797620306,0.7271662399395489
0.36698729992194756,0.5015536734910608,0.6378400213572338
0.3876951879195071,0.5131206726424371,0.674094041857948
0.37246803599821254,0.5079519605615557,0.806697150695292
0.3790737205307381,0.5124374897496197,0.6905078056168249
0.3806297593484367,0.4957313364077492,0.7164380996429474
0.3844602814623786,0.4914592920569396,0.74806900419082
0.39102342595206835,0.5131161168550886,0.6478511711771999
0.3884563341292065,0.5125486509056008,0.7041680915364124
0.3964145881721535,0.5390201730934179,0.7868897238931298
0.38418976696851936,0.5153516692161851,0.7992616364455695
0.3729397164880352,0.5011381908648554,0.7035857358671674
0.390834339860281,0.5045963346672181,0.8550618158334838
0.3838869129921516,0.5264735792822031,0.7672256358821048
0.3826209719554694,0.5196645969552119,0.6952469626545866
0.3825330575916565,0.4877525726814721,0.8553329757782565
0.37818432751289116,0.4982502564363842,0.6998219501540749
0.3894724047376475,0.5340995044808673,0.7873295378337101
0.3885306798074819,0.4911788493184224,0.7522444105967765
0.39706958313070034,0.5029603372126281,0.6885568646681981
0.38020372439959943,0.4860359950246876,0.6590962480381927
0.3778508899403005,0.5125859548906138,0.7106288218006712
0.3903887539063793,0.5196161598259512,0.7510715568026367
0.39233698244075155,0.4968353438559399,0.684572392639161
0.39471661763399774,0.5275039866870762,0.7174362053156158
0.4022512287483323,0.5233099324177389,0.7905161755916809
0.39418029624794415,0.5094779097679081,0.7733420361881403
0.3925093877463138,0.5029923575960712,0.7822963898019972
0.4093281239738312,0.5342314121632442,0.7874141742020067
0.39755629690136873,0.5221466008211347,0.7651864238354813
0.40125396454522294,0.5826477638010412,0.7905065850448186
0.3879690720517506,0.5236369872125234,0.6935469048948225
0.3778057464970362,0.5148166274848895,0.7401397257936277
0.4011481823850412,0.5175160263890914,0.8450377237092315
0.4043107761024508,0.5092297022517343,0.8185496933137546
0.3941502768522743,0.5229497275916125,0.6778116808931409
0.38939027938328846,0.5195086390644351,0.7091481235291175
0.39819850520942124,0.5528145795576148,0.7592312142526619
0.39144984428752116,0.5179595930813465,0.7745337081500927
0.4212846416285434,0.5678302155026812,0.7839796104090201
0.39198128789089254,0.503187096833689,0.7867859595664646
0.3919238356347799,0.5274848932240325,0.7574517348911636
0.4069127550886614,0.5399406112495759,0.8047727812340529
0.38935350878266645,0.5474036048136701,0.8031620767734838
0.4103147069056861,0.5580010557616302,0.834247636827041
0.4264936730534044,0.5431690038047399,0.8474196981548611
0.40516494399630515,0.5401683934853618,0.7131527530724833
0.416687906398196,0.5224070880637175,0.8855699844377527
0.41701942394263286,0.5344691870829003,0.7086962764703997
0.42631760164371096,0.5712317527029628,0.7979605947678757
0.4135751153534658,0.5637900843541064,0.8005639215029018
0.4200705178815683,0.5415300857988288,0.7754169877364752
0.4290373109433361,0.5694353948551142,0.8108698346955387
0.4155293230705711,0.5501189698355095,0.7636567292760356
0.4222093240578419,0.5363978184079137,0.7282459779342115
0.41928136516635156,0.5599844943367316,0.8607672584252093
0.40880192946197785,0.5298753527438117,0.7748217619573246
0.4150244002450588,0.5358239378827225,0.7758355003408178
0.40980288803396403,0.5307641011227608,0.8763114896616291
0.4160041323570185,0.5472563220734223,0.7777794746831713
0.4110352191360069,0.5563556810629469,0.7647077837477607
0.4076110603450512,0.5557692988341048,0.7342496999232307
0.4230541019886364,0.5856563337075125,0.8822131350426892
0.43173973311520686,0.5727191894557998,0.8341932424067738
0.4365473763042307,0.5458529404499327,0.8505434093871679
0.42812956689254206,0.5652828397379891,0.8148223517766433
0.4329118127313704,0.5401732830876383,0.7521008984299139
0.43181444235480265,0.5497629767357537,0.8211537286258769
0.4316730505448641,0.5657327786495289,0.7804817851348753
0.44325100054304023,0.5705381714095362,0.8447650787921581
0.449455167963974,0.6162484027915454,0.8596207941157248
0.4412893616396337,0.5916147528725013,0.7604633339537789
0.42737463702403444,0.5733892620173593,0.7972670316980305
0.4347823465993182,0.5722017761053223,0.8003164405192684
0.46501659368996057,0.6293057514866615,0.8273923792030808
0.44786269098949744,0.5922289320189968,0.8021336586879318
0.45798131142774035,0.5960351791517815,0.749518111952788
0.4553933171238239,0.6228125722675973,0.8248978607920147
0.44666890794655695,0.5885105427983771,0.8162000337283045
0.4588836001107876,0.6057899848591601,0.8794503740463593
0.47126410590013834,0.5969422500559957,0.8203878643364311
0.44746745208598765,0.5688610890290324,0.8790918197058586
0.4827122830305422,0.6128264654424879,1.0083795188694262
0.4605411419360497,0.5944136874596702,1.1574308588603406
0.45316556446181644,0.5955642598915265,0.8395968650981662
0.4516563136082125,0.6009396632432263,0.8148334965777653
0.44283721813675003,0.6162501491514015,0.8306782781710615
0.46179166337558814,0.6253858669498382,0.8281023880024384
0.4676726339606695,0.6218897872741889,0.9376790626551906
0.4805590334295242,0.6399048372003463,0.8930698894018683
0.4530987801679939,0.6035105530323589,1.011788487108192
0.44587244496404305,0.6263931203820701,0.8095272990331926
0.4739274495287686,0.6661268240609732,0.8292692159133965
0.4938439241637686,0.6353134357716469,0.7782198693792359
0.4960448221036478,0.6356041595087282,0.8547448535237738
0.4843641150694647,0.6704864488038156,0.9015361994030952
0.4849513297820379,0.6475240581524682,0.92224856554614
0.49317182395512177,0.6766534663982755,0.8954114750747109
0.5019155815196212,0.6611472903621042,0.992383297255808
0.4841767738915807,0.6797022282983158,0.7937195996082704
0.4982367778990007,0.6599157192285909,0.8697623394616986
0.5377533419034493,0.6601145266046017,0.9703721346492854
0.5422223452167012,0.6772218134713165,0.919376279366446
0.5704469687736907,0.6886044304177248,0.975456028270968
0.6125826190092193,0.7266492146885137,0.9746219071043016
0.5854903653828946,0.7213763082117335,0.9404742845739692
0.6002659585910788,0.7159827690663575,0.8968374802062153
0.6168101267186776,0.7376508609296795,0.8765448180776342
0.5969571967154992,0.7369531958170942,0.9952297510834621
0.629710539285302,0.7770324414523562,1.113972413886783
0.6160048812652655,0.7931473370065814,0.9839843872547006
0.6034866704729369,0.7772493263924458,0.9450649268800936
0.6530475937406454,0.7843393079672937,1.3428275209336824
0.6487660542438662,0.8086647095252468,0.9685639869172
0.6189337622789026,0.8166260173467909,1.0253305329718645
0.620267734307388,0.8205040901227855,0.9900722601129311
0.6025846830966348,0.7967042541970243,1.0270059675667174
0.615615068568548,0.8310760283099522,0.9017771209594814
0.6106252606888732,0.7937876548656935,0.9851905656069694
0.6348949844948929,0.7897885737941067,0.9767478833244688
0.6136074108611481,0.7783839124125828,0.9828575800218896
0.6326965576723189,0.7743709101751115,1.09818351665878
0.6429535805786011,0.8131642560959399,1.2787944753942118
0.6248018700890718,0.8282455618460682,1.083706794854322
0.6243923332276031,0.7897716945338451,1.1468526499884475
0.6212377997919042,0.8048251135440359,0.9488516567519392
0.6459037683106083,0.8463502138078546,1.1243973687357995
0.6075321181992632,0.7830780226879186,0.9312894739891052
0.6032819318761875,0.8234138538931086,1.0604111987352902
0.56931657861733,0.8556164216099694,1.0376701685212923
0.5576351996292062,0.8135863404080239,1.273447235848532
0.6618551534704555,0.8790260084013215,1.0169933085932434
0.8480649777930057,0.9839917294209212,1.110753029976066
0.9247640526372257,0.9801355817242421,1.3838984251601008
1.1923123095362735,1.2059337728283048,1.533183356040268
1.2284678035048273,1.2697162979691776,1.459788227598044
1.239450004235592,1.2566982321247822,1.5350705410734289
1.2517857741858982,1.2827333951165487,1.5316262379090246
1.2349969335883768,1.2617926916526665,1.468477866291365
1.2124173219598047,1.2336758846722633,1.4735126528477545
1.2412228391005293,1.2845702780502668,1.490560213216752
1.2125359306237118,1.248982080192134,1.4470608373506804
1.2698493771411037,1.2946247053380389,1.4857905858716782
1.1967155760724242,1.2301285529355552,1.5886345731598992
1.2132777050121017,1.2701393255713571,1.3843522848809442
1.1317994567454708,1.214193248014288,1.4229854908836497
1.2040129347582151,1.247583042674406,1.3513668398732241
1.207505315520855,1.1754622252739901,1.6729415534441656
1.1965112936675035,1.1868059414388692,1.5360303599238905
1.1795781440626072,1.21903362400575,1.5320552916992451
1.1957929414726323,1.2672918866122391,1.4943947248244998
1.217004318230506,1.189870602374171,1.5426292712473093
1.1906877513973462,1.1845255298831996,1.4071936891615917
1.2041484435100862,1.2325769543441396,1.4556312288857836
1.2034507914728485,1.2817237981211016,1.5532915732155193
1.2476847337627885,1.2983489635422925,1.6780752451990066
1.201855330778868,1.2043875270070088,1.6735510162481684
1.2108162802842153,1.2109783886598835,1.4407028137543043
1.218543475382998,1.2461447370222627,1.5100252627867983
1.2704652005019037,1.2543075313092242,1.6271702563299832
1.210612513940882,1.258322667104523,1.4685769489989893
1.2346493333627524,1.2126384503022418,1.798874624535001
1.2082549144597845,1.2676727358276905,1.4390190414860036
1.2593992757647066,1.2643190930041126,1.5518118321778231
1.239951501795146,1.2993622410976284,1.4092298447411156
1.2085664830406346,1.2512530064658125,1.4529717240519389
1.2171542896316756,1.2690639050416592,1.6121005454653303
1.2212976753224702,1.2397782969260946,1.5572482603323166
1.214290770563604,1.2605622351519867,1.4770153955893282
1.2051093053013266,1.2503231473720318,1.5459152003756629
1.2441845259443398,1.2784260618342436,1.4580708021553648
1.245083757876383,1.2592770261969288,1.4790219039617991
1.174846371213101,1.2918944729514876,1.613181657303976
1.1639054278014194,1.2105140135576071,1.4976451103636577
1.2380075304104516,1.3075943599973678,1.3876053675670537
1.2461790851388483,1.3032416676965366,1.492264642876752
1.2518897791362829,1.2446144881343038,1.5116743811574918
1.2590387142422086,1.2317085866626032,1.5121630583931762
1.2389146986814046,1.2401900001316315,1.4759462297983827
1.2240562825719925,1.2253066024001225,1.5081337490225355
1.2495110817106314,1.265763047401616,1.5731142765645283
1.2134011237057396,1.2628549579730228,1.5308367922408361
1.2338854108089372,1.256982182289217,1.4846825004401665
1.2510909004737878,1.2363765883454652,1.5527317544440962
1.212129380259924,1.3203495800128064,1.3695367186916028
1.2547686500948791,1.3040091946452057,1.4498689242745677
1.255648912134467,1.274074772145399,1.5209653662578149
1.230431739503312,1.2877321264533084,1.5080821876323287
1.1851552082019348,1.2618523702473263,1.6075095660617214
1.2162876632676056,1.2384179883972068,1.4316589351718836
1.241266895245489,1.3045684783764977,1.5384460459959743
1.1973703208334774,1.2343067720276997,1.380581870139136
1.1810990210004453,1.2456329829032775,1.4574375076087152
1.149011846168585,1.1874947853561426,1.4612866195958776
1.1497774223718757,1.214303691619474,1.4091925673016326
1.1877199926762378,1.2115739807588717,1.3719033138158379
1.186234703719327,1.2183334552966638,1.804327881052757
1.17695912097076,1.1910605755486552,1.3569750343951208
1.2233047937230557,1.2305861419076296,1.5891384437844087
1.1744099024377812,1.2056554228985676,1.4058640513477356
1.168838037882596,1.1950070198945486,1.357643071725049
1.169354806669216,1.2095747671427426,1.4639019601961536
1.1851048725325724,1.2149625578265266,1.3598220636184348
1.1924764638586973,1.2438759369710235,1.3473950393359002
1.1747858041648926,1.1863397615746327,1.408109535706426
1.1502416441805203,1.1581455231423758,1.4015490567672535
1.1738979999730825,1.2075015941753129,1.3564596590985116
1.162423751073905,1.1927683983421025,1.3546760160372011
1.18338098406971,1.1973198848760318,1.6763497726628611
1.1504042478294279,1.2207373799785015,1.4074446502101268
1.154218623948893,1.181329678975198,1.4503359338527002
1.159254941804395,1.1926283150556118,1.3609729109501645
1.1632732013145464,1.168564588550269,1.3391591243942742
1.1338626767728448,1.1842816242615322,1.3786343566273382
1.198757742901356,1.1956341171123368,1.794328791005212
1.1289744996607447,1.1860039123208344,1.3003072611890087
1.1741154967417124,1.1842997298452738,1.536737635822612
1.1469384556874964,1.198962614055666,1.319264224767518
1.118223597527201,1.1825552722761592,1.3471492164576353
1.1426348382621239,1.1846178401440692,1.3419294216495334
1.1145799333291435,1.1374388938557167,1.4127422057205086
1.0757924535771874,1.1216940926784622,1.4511773438386313
1.1166560842668567,1.1633212464670957,1.4285206121919385
1.1044796826450105,1.1112441135817763,1.3645798891413927
1.0675096325536158,1.1516978344245197,1.2627315316621317
1.0935587420609243,1.1282691304591748,1.334269474434985
1.1251264180243439,1.1447485837741485,1.4534508721356398
1.1019007105219174,1.1552406971944889,1.3435619212654464
1.0961316006327793,1.1528007514126832,1.3352448909682608
1.0803314182650228,1.0823772736094373,1.3476679709520152
1.02165785588183,1.1191781935159175,1.6138689345619324
1.089828587404564,1.1508597981046191,1.2543837943115164
1.0850153633273352,1.102000124632352,1.26730217245117
1.1118658361123506,1.098760765238523,1.5291831316371325
1.1113702060043695,1.168421642314918,1.2918454383024258
1.083590846437941,1.127576318732255,1.33621578571837
1.0979460485593235,1.1587690166695421,1.282045799959929
1.0834624743880463,1.1328299753417028,1.3298403286900768
1.1083514315074725,1.1220466313363653,1.4240570259613758
1.0466556864163292,1.1750581254516936,1.4608073087040132
1.0854214756993497,1.1406224472405917,1.341314239864905
1.0636002582454034,1.1007889187018447,1.2143717830885767
1.0836926348261258,1.1241273306656066,1.2557976669514168
1.1020797936649678,1.124946368708833,1.3432175742485557
1.0931211663968188,1.1068803389225603,1.365340653651368
1.1247255013547484,1.1277596583503315,1.4231718511773694
1.0232109958291693,1.1073420978679742,1.666764427888631
1.0717997108174804,1.1171443315386251,1.3063692384731616
1.0936297649495488,1.127850336078832,1.2577713837848248
1.123969184132116,1.1354735074007658,1.351139672400422
1.0678688442980475,1.1008669107407898,1.3880907551039667
1.1083259765913653,1.1442086467126067,1.2903518188427026
1.1021699250083534,1.0991152346448605,1.4581978667838291
1.110783658665325,1.1546587198632563,1.3155509692902232
1.076954544525142,1.1228060410566818,1.3419805691065445
1.123608925629328,1.1508314182850468,1.3175278625471103
1.0878563267455093,1.1135837734250231,1.3010348536674288
1.0642466132376305,1.1652546675971762,1.367671937083934
1.0472966261279706,1.0863170480221789,1.4452845959063632
1.120666210144748,1.1365838785998144,1.3816870222055715
1.0867963165087682,1.0970833677993084,1.2592796765470688
1.0648089173420652,1.0718671775707558,1.2412042945999708
1.0823349393419783,1.1297047979465034,1.2625403626116871
1.1094833436428706,1.1584377097936391,1.266655888835829
1.098121382874431,1.153866327951368,1.2672832500244229
1.0798723627207045,1.1332643263949644,1.33742450223092
1.0652524343491987,1.1534662012218255,1.5112308986453422
1.0688013378864434,1.124848557245154,1.2423864910488351
1.1006464803745324,1.0914856527351082,1.4200406316741745
1.0507215221877875,1.1139998579593573,1.3197490533763383
1.0852644063017882,1.134192152729738,1.2762671808932384
1.063920492041551,1.1021610134823032,1.2327314375849796
1.0809056645767685,1.116800017097769,1.2257894008109265
1.042738405084439,1.066850554201272,1.221607901965883
1.0164688830241542,1.0519974869112323,1.447641980650494
1.01553042373437,1.0565250389350518,1.2332347350946442
1.019382439379338,1.0708492993648675,1.2723807566763297
1.0098512536912276,1.0509475903308516,1.255933533153646
1.0198001866944844,1.0509222222646066,1.2729765338794643
1.0204587534842424,1.0349728785956942,1.2567854935672145
0.9943791397237318,1.0510864044289159,1.281759711315662
0.9987517637294749,1.0458702000308546,1.4670911151496568
0.9928593015746408,1.038031733215849,1.2469177034803354
1.009919546770362,1.0720329373436932,1.4264305141084688
1.008074161801111,1.0704762019881595,1.327370237690352
1.0032071226696169,1.0418319977164674,1.2088940059296405
1.015533299296949,1.039536277183852,1.307042735498814
0.9996644638008918,1.0400519184531196,1.1541726050580148
1.0094117173014217,1.0616382448222421,1.2930834483854958
0.9956410917821833,1.0499307344019828,1.1788508531571535
0.9851129312170187,1.0110996425187857,1.4293073711960234
0.9858548222191164,1.0095140256498458,1.2340213753186604
0.9831360116800404,1.021067526008671,1.1846565321723093
0.9787095379350998,1.0155461714398348,1.1667113280326598
0.9733034932791839,1.0286926943220585,1.3164918274919497
0.9829959430764146,1.0505909769848458,1.1598740436007355
0.9835045214410085,1.0328826267412756,1.2240847390720375
0.9718662548239135,1.0347798604263465,1.202541683793004
0.9532623806718084,0.9889170521200192,1.4102217683272442
0.9739505970414679,1.0372882594268658,1.1735757437626562
0.9527066868303935,1.0015125459792795,1.1214417388669415
0.9628982491379073,1.0017538554455503,1.327180555079054
0.9314759145715896,0.9993952576598158,1.6058433180025184
0.9299062840055491,0.9742706622864374,1.1710908404351148
0.9168736103412728,1.0093346216337309,1.1575853576851454
0.9218647071614879,0.9820061024257086,1.1802614145424852
0.9377378014798139,0.9843298275109555,1.2639999851182817
0.9336440404443944,0.9788504161028476,1.1373045534773112
0.9417151838801857,0.9921770681913312,1.2380244681005304
0.9572487917988747,0.9998382224468584,1.2170803702020627
0.9107970020241638,0.9752347157136704,1.4382559465471705
0.9621099716971461,1.0227311310598084,1.1792815396595648
0.9467153319527192,0.9878869949118148,1.1201174915633942
0.9413963538221651,0.9966667256021082,1.3726145097312386
0.9625592529569356,1.0187588200201398,1.3451996449703072
0.9402808803641699,0.9980352682793422,1.1798707863754765
0.9413248056286365,0.9748476840136716,1.1886046174280538
0.9261497614491196,0.982090106503768,1.37603053781894
0.9708632468330813,0.9948548842937336,1.351070451190192
0.9381982042275436,0.9865498376902496,1.1580558453186325
0.9619969569933428,1.0334499982538303,1.1575163924899097
0.9337366530222709,0.9624432137621179,1.1231497654762548
0.9608556456024635,0.9932175970195872,1.3456983368874176
0.938755990754303,0.9793163869987244,1.2463478400400645
0.9349810318722773,0.9711096657746924,1.1701033562596768
0.9401311122666632,0.9876034283290472,1.2310560895417142
0.921417647114549,0.9532116010630608,1.1432724873089146
0.9066240966820146,0.961752986468615,1.1121806722593406
0.9079587625984601,0.9533114412283707,1.1602959850413566
0.9208455148605225,0.9623552787428008,1.3059889853056066
0.917968153239897,0.9611550371658424,1.1653064754272542
0.9275836957577722,0.9818225400706868,1.1323270396927223
0.9245510310163731,0.9581234171332044,1.1525027452842396
0.9132630077649876,0.9401041260150989,1.1111047198876691
0.9224016955225991,0.958133366129195,1.0896178869092603
0.921952121756849,0.96546686740824,1.1620283674487308
0.9278598652355583,0.9746207923537986,1.1368009592660229
0.9339445879832254,0.9651331896644392,1.150937042464501
0.9281277417661602,0.9730047467919845,1.1726994447819843
0.9459637413131123,0.9966509209265544,1.1850395961806797
0.9155802349794058,1.020691244456857,1.1181283628380327
0.924111599934337,1.0058211140670774,1.1917396155416204
0.9220515295756911,0.962028825552712,1.1657692257134658
0.9369968995478736,0.965112646583049,1.1163797184796365
0.927233136531841,0.9759848271099694,1.0983681336213886
0.9277645858501503,0.9672947451302182,1.1176415403837503
0.9107089363179994,0.9800803773507496,1.202749149985464
0.9252018817574456,1.0002804787296202,1.0993418354224722
0.9323762715231432,0.9763340838304799,1.1833644718089842
0.9239240296712237,0.9791091397326016,1.1141028967279878
0.919609141495225,0.9919002909018596,1.1655649003663096
0.9134657526362691,0.9888434246413969,1.4521548826589452
0.9100955208806772,0.9562687639065656,1.0553558214056646
0.925146865837843,0.9980997416806742,1.0875468600676652
0.9113402625363665,0.9877316665519508,1.1056285718561103
0.9346719840130063,1.0071503255013121,1.1981209151401626
0.9170226164312539,1.0015415201755102,1.1830431013800775
0.9114161171777618,0.9808957940758276,1.194479665562647
0.922382886056327,0.9912572790167338,1.243558851297579
0.905707340944946,0.964114530636204,1.0679453435011483
0.9042337390289924,0.9921075201953331,1.1094580387031667
0.8906170651565052,0.942236965811906,1.0965655935685354
0.8959765569635022,0.9425645184379284,1.1366324398885514
0.909999833033636,0.9859458852844842,1.0915562577616542
0.88686671551454,0.9532949608196156,1.0522234039967366
0.8893937838511624,0.9674645045825894,1.0456966105911976
0.8879774456708305,0.9555856919252966,1.0938026047014888
0.8933220530629655,0.9590411695006444,1.0943650214701692
0.8984993748711435,0.948257030378072,1.1358326739298759
0.8891559125633265,0.963091034296615,1.0597362653995328
0.8828242773266963,0.9429261238972256,1.25774432385833
0.9035809486934783,0.9595169465821832,1.2684336872384234
0.8742644451818132,0.9349765630803116,1.0736429770806089
0.8755440478746114,0.9209927661481144,1.1840720045625381
0.868240741890539,0.9192945487786892,1.1332381477512794
0.871499632830351,0.9355846502013366,1.1276064253659963
0.8539750766321589,0.9115224459126828,1.2102015761147575
0.835298257459443,0.9045738178111036,1.041993333259682
0.821955921933657,0.883209359512506,1.0177799715192544
0.8139616842452387,0.8680672389423375,1.0304348923280071
0.8167895132165264,0.8646539354462327,1.2319738395069273
0.804594255050933,0.8672894868362975,1.15503054864308
0.8011518422062955,0.8718305142023179,1.094073189199348
0.8034321818836841,0.8698206742209615,1.0435421030435543
0.8057453544456998,0.8837038058059562,1.0276537015858234
0.8075115993368448,0.8663998738222978,1.0815043280493275
0.809998334333661,0.8764030341407539,1.0868784195077703
0.7993894794022753,0.8613028877598812,1.194692842959525
0.8021209544830967,0.8591206797237902,1.0050096514189941
0.8041160102325448,0.8823327317175805,1.014837683415924
0.8000860293697365,0.8649153081540248,0.9907452173411516
0.8076184778463005,0.8855227213768424,1.040828065937576
0.8018081761019146,0.8613158963816392,0.968862877636554
0.8044236971487011,0.8543706935019842,1.02548499690726
0.8003858352590096,0.86203329841833,1.0187591812235126
0.806571728531151,0.8630633837235859,1.0336098728116034
0.8087421474526283,0.8700881327568866,1.0579662449481966
0.7994676520164606,0.8650275883120803,0.9385708263001804
0.80599776631783,0.8705092517531839,0.9945989194320556
0.8052318033277552,0.8933244181806035,1.034358547245308
0.812356027876497,0.8721063902528741,1.20928571775724
0.8137523212345021,0.8747777732261852,1.129583231331704
0.8086602438100107,0.8749109347169276,0.9730821087014628
0.8114927708669949,0.9060505316335966,1.0030144676963073
0.8093691250004866,0.8627713432610814,1.1615033917648994
0.8149642218270391,0.8862080599804691,1.2527752015703202
0.8040420657217673,0.8692671219639055,1.0087658089466125
0.8005468418863043,0.8700817777286066,0.9784871267322184
0.7900996376867969,0.8576593524762259,1.080629925710304
0.7928594587548352,0.8599816674904933,1.0792898376277933
0.78352460559721,0.8708470486419044,1.0389542121052775
0.773845117700884,0.8415552674900997,0.9840762603892292
0.7764497661719679,0.8383292731195179,0.9232416151876676
0.7694485612779792,0.8601586779988775,0.9708053886698771
0.7848161743163234,0.8464430602937175,1.0828053714569488
0.778743475722711,0.8673032900127999,1.1024238738861454
0.7766666978719227,0.8346684092262647,0.9768170657094256
