window_size_1_MASE,Exp_wAll,Linear_wAll
0.20017009171599479,0.4323173311112857,0.27290976931570704
0.20695483529680003,0.4350164935737056,0.2823156574057244
0.2081853140420243,0.40594346785670304,0.2973138983006826
0.2121942050821286,0.4379087150319173,0.3039730707547818
0.2135158058226525,0.4581425832737827,0.2892140414944455
0.20530982986589877,0.444015245596456,0.27558271702362336
0.20286030032589747,0.4711074082300801,0.2734822934494193
0.2100210641303486,0.43989130972437857,0.2731809557881997
0.2081449711519484,0.4852109589848376,0.2908508463756311
0.2053527765230512,0.44017600576538,0.26967320445640103
0.20955233863516987,0.4271459199492358,0.28245450622439994
0.20038403313534228,0.3972015508328879,0.2683546082592197
0.2103097992482512,0.4280375851901419,0.2906178307484665
0.20400263955089024,0.4417597350550153,0.2823699952778056
0.2090239347481587,0.4415635349708376,0.31479073676078473
0.20702397883570597,0.42466073333814497,0.2949862775091636
0.21012071672783844,0.45376574877016296,0.30518106917550397
0.21300823994210233,0.4661146377839278,0.27696722964087434
0.20866467679974182,0.4199463790676387,0.2927992100214642
0.20634574213271037,0.469047878918197,0.26005210408775825
0.20543967752408754,0.381352267784785,0.28946160815901506
0.21614716003873846,0.4527791810109318,0.2858131990226303
0.21260348288312314,0.4610232819417485,0.2970601465520253
0.20691469227137582,0.4298121808556079,0.2781370902720709
0.21499500942463484,0.45992361084587396,0.2903969596929917
0.21131913709946437,0.4546143599337873,0.2793207487799332
0.22202648581003345,0.4985540845336725,0.3004308489904273
0.20422034254035007,0.4085796938893125,0.2676470179710828
0.20504036428593453,0.4334323087726936,0.270599419349918
0.21267579136197695,0.4342962162227073,0.2833474704680548
0.21434468452421768,0.4305136165955645,0.28355879152085
0.20654483578040086,0.42356214142487614,0.2948957588761821
0.20799885259588058,0.4264728897021744,0.2744575313668335
0.20307907057511007,0.3874693693541799,0.2990347828633664
0.21081294065839754,0.4651126931029619,0.28057070151396546
0.20423818771551866,0.40988249556857975,0.29722574627328546
0.20439076660039127,0.4211467527468621,0.2630327237901764
0.2239954536028096,0.4650985776108534,0.35602240170549443
0.20808063456952985,0.4510244882649628,0.2928008249504829
0.21116344821775107,0.4484939464173697,0.2831163513995779
0.20728525476503748,0.4430476179211228,0.2825042748567399
0.2133926702952572,0.4516456649572973,0.30894307866894083
0.20480576272276305,0.4347115884869794,0.2722110055077661
0.2094167772013103,0.4212658237555839,0.2856393827703787
0.20943348655646865,0.4002154954009904,0.2864355661018799
0.20058723345957497,0.4337014507583569,0.2705753572489759
0.21406727084988858,0.4367333204559025,0.3260857513657257
0.20673760210682787,0.42841826204067207,0.2818653223238569
0.21068277953284775,0.4418554474378973,0.28083702241209696
0.20802557718814213,0.4529186644137321,0.2765747421882317
0.2105404089360185,0.4667907008635673,0.27602905148014706
0.2157177959979132,0.4389449140027744,0.3009900901391627
0.21253996464399927,0.4427942276609734,0.3142141833042298
0.20816383616503026,0.4353857568996419,0.2862775919386251
0.20636209268199693,0.4062064021163546,0.28066226240632913
0.2118485435402026,0.4435094798974217,0.28625836737344545
0.20277144477734232,0.3998526766103005,0.2634874469256765
0.21516078732253355,0.4461357615756997,0.2885167549479448
0.2116533257725644,0.4379841782673804,0.29123723231893445
0.20551231625498492,0.4472842758057603,0.2717717169532369
0.21703522844145107,0.4771541415822746,0.2975193299313781
0.21107592424437352,0.4136337207331575,0.30247603029055875
0.2113036047841708,0.4451857494551819,0.29563368170410864
0.2118128995236262,0.4272621587576528,0.2758385455870258
0.21109394934684114,0.4376528228545803,0.2980502969731366
0.20879500432798642,0.4249247314275402,0.2933241810668648
0.21736630573206095,0.44549754411441467,0.27408937895413066
0.20579889967876944,0.4556735113406804,0.2801124125016665
0.20872821369655142,0.4255654899056357,0.2941946363501359
0.20857902531167435,0.44778709241293796,0.2782757691600507
0.211508151430614,0.4296720930989221,0.30526975700169223
0.2036259643947526,0.41354040014478977,0.2704864894582724
0.2064332771943426,0.44536722851516536,0.2908871762318445
0.2129421091710654,0.4358424426572687,0.2854410777648302
0.21202777994750083,0.4738827649467121,0.3109388215361332
0.21720589996918832,0.4342898441285677,0.2916059649945159
0.20510940103096978,0.3808841950167951,0.30489506265961713
0.20944931486052978,0.4604067259162438,0.2920946830888224
0.20680038118351227,0.4221234714368503,0.26171754055581753
0.21543904177739265,0.4508627168437888,0.3007624447032896
0.21478670192630456,0.4297129130160647,0.30916877570527224
0.20978123112948538,0.4363180858947435,0.28023442167439205
0.21493801221169184,0.43069402414058905,0.3051569749664687
0.21429657532249774,0.4208745737868051,0.317239646262202
0.2212872424118116,0.4737395168133798,0.2959558432102776
0.2087388251253062,0.40148305317366817,0.3026140466405309
0.20842846974680232,0.4288759591872849,0.2859861267867426
0.21905793321771505,0.4399201353645572,0.2970473786634768
0.21293330822226575,0.4550773012128845,0.3012670836038348
0.21381947535731158,0.4581600634482091,0.2900339652271339
0.21304854689488892,0.4452193734606576,0.29587973126075395
0.21471461894401778,0.4284122231240937,0.3090545956486765
0.2133005950707895,0.4071467059021928,0.29357099193686514
0.21584110334319573,0.4600175619412691,0.3034336829993005
0.2173060427767025,0.4532981365014813,0.2925780871546231
0.20999611924989486,0.3892939471252623,0.2833628260550136
0.20849193020450152,0.4379628952885168,0.2683649667414326
0.20543471216363873,0.3994976030102708,0.2857952604363922
0.21645301990240234,0.40717374504170784,0.2962755938913697
0.20510766391578095,0.3839301123042035,0.3144559336617117
0.21384260670690267,0.4152839038719479,0.3423985908341773
0.20847432822584241,0.3856657093273688,0.30871730556539906
0.22074980808836933,0.4653374640330538,0.3140693093128252
0.20245584811954168,0.3984895418432049,0.2781381238698861
0.21011386678748764,0.4102938629243724,0.31908986664444394
0.2183671174235301,0.4563978473190054,0.2845910121897158
0.2144962985184879,0.4443830882018467,0.2993842064915242
0.20813677382805917,0.3951062867288211,0.29597239643956136
0.22162854214972733,0.41621401110112827,0.3235562168692572
0.21666835264669324,0.4333489580220597,0.28731156442690226
0.2154367144765154,0.4603554679744616,0.2920564292060309
0.21956937427719403,0.4508570301747217,0.2957959119737102
0.21553690553469587,0.4562351488917952,0.2760037383872099
0.21178532775525852,0.4402281983556661,0.3209336779611787
0.2125106896919506,0.4308592648440723,0.2818869343385305
0.2107090530429723,0.4106243812248263,0.33245686777946404
0.2171988811282881,0.4451285500527492,0.3184712824338718
0.2192107859693821,0.4659711865039857,0.3073643674639581
0.20874428557510288,0.4175247737358937,0.2886260141962913
0.21382100642984844,0.4309232302955936,0.3291677865726291
0.21859870541582122,0.4450035740681265,0.30002588745313313
0.22072848336019568,0.4390346206701883,0.2873870740962833
0.2257302922126294,0.4736068403345062,0.3129574189361209
0.21705038473917845,0.3992460791575829,0.3173619134009484
0.2170663638121844,0.4941191202445603,0.2843038836191887
0.22285491730752965,0.4443301462188917,0.2985510020329134
0.20840459132120795,0.3818074197333942,0.2822992765353968
0.2086342807265485,0.4393746858020161,0.2825693907985449
0.20947664980621034,0.4377638186154904,0.29586893513972073
0.21340743842104837,0.4089541260826443,0.30242982067159885
0.21857046246745682,0.442964610895068,0.2999282427316311
0.20958864706968025,0.4320921355924388,0.3029349392158112
0.21052193271332023,0.3765444434211586,0.28728776294206104
0.21829683631447414,0.4411514022827723,0.2993854611516642
0.21443795547147976,0.4228602265378779,0.2918648242401096
0.2228143020385524,0.4332580034374612,0.2980739226777944
0.21987692561106764,0.4372416395710916,0.3082100274098437
0.22854765532027077,0.4705738204065663,0.2960670883671929
0.2228241563779936,0.4473273319531139,0.2957671061736622
0.22702041120334712,0.4333927798742113,0.3085969847017709
0.22388770520110168,0.4222291070088121,0.33700984212147744
0.21757844331325668,0.4184442092386439,0.3251193315920225
0.21568124346913678,0.4194265932724848,0.2916556266872891
0.21979299849543518,0.4237608307196284,0.3103229188348217
0.22475295351773947,0.4473390170358264,0.3536682842613764
0.21669655177997932,0.4439996690393183,0.2842869929221253
0.22309550011904222,0.4500581301498633,0.2875903626307654
0.22431322487799576,0.415420087427154,0.3240031746715736
0.22145796751761104,0.4510079694617224,0.30431502180681835
0.21975182786910913,0.4128602989708546,0.3460360874388251
0.21825685658881852,0.4131556540737487,0.2962330735893464
0.23517043723661193,0.4529349503044578,0.3405306379947634
0.22404232351712505,0.4376882148553126,0.3170303248856884
0.22608167027616027,0.4293864729815257,0.32392374432992865
0.22233166931543544,0.4434015939876804,0.2908551389385044
0.22223648626693232,0.417099851318561,0.30418644135784645
0.22776329378186688,0.4362436157569842,0.3383524669731656
0.2330126742180266,0.4763559634634893,0.3228134990640595
0.21959919939494715,0.4103016370754408,0.30659005544062834
0.2280854192297403,0.447031271663886,0.3409376586600212
0.2165702696834608,0.4107969547038132,0.3115761392957769
0.2276206383204169,0.42139166472822537,0.32821448289209193
0.2230505660269609,0.4135376343122079,0.3196504365017047
0.2272948979243571,0.43687132824653613,0.30244836418383797
0.22451596735586685,0.44426884325822624,0.30791817019415296
0.22029799593462268,0.4442877219946724,0.29768924619007153
0.22502861448415373,0.4343803248744332,0.3282803938207957
0.22351682404239676,0.4319807805753826,0.31757106102121324
0.22571689369390477,0.4588120871500505,0.31736998899700425
0.22590708025584738,0.4313694694880235,0.3280898265234844
0.22039443333406963,0.4147430603626847,0.3369034381126675
0.21823586400684092,0.4415194514054621,0.3073373214170694
0.22886659362417028,0.4509312533525667,0.3215182149238065
0.2199433533727482,0.4363005193848036,0.2871727503042857
0.22535818891959092,0.4509238743204815,0.3004711560364923
0.21813203952716262,0.42051660268524826,0.319139577056317
0.22334019899887558,0.4373050404497101,0.3020897796543839
0.2216124192785333,0.4570222303683592,0.2831712774557964
0.21990450338596104,0.4507676732725651,0.3824359785102359
0.2236891224392926,0.48247726134236296,0.3296368366689711
0.22259246171424402,0.4456952613912689,0.30948435601357804
0.22286034519044456,0.4547525220974016,0.3068293875478426
0.21842769068911333,0.4081347627447041,0.340824763758908
0.2245063065555266,0.44157063610099256,0.3539898705876935
0.22607701518546627,0.4069943626062975,0.3450430546925285
0.22157668724370946,0.451795015209636,0.3214340749607809
0.22095190728275454,0.439882611101473,0.2977963688714635
0.2195421445980839,0.4296037916585563,0.29554792988771816
0.22096883017455343,0.4400255259164487,0.3097838839059683
0.22637705111791662,0.4435109840664804,0.3043525716876696
0.2298911275376007,0.4805997546242018,0.32932446528087866
0.22622214542949792,0.4375241648751584,0.3054085668678846
0.2217097263146824,0.41980097051292026,0.3012999541438837
0.22182527279776817,0.42642733671917343,0.3260045390743733
0.22655936011361866,0.4189527766500156,0.3097975809159166
0.2220805748853663,0.4426338073771893,0.3085276002459026
0.22746083939421197,0.4480370978467009,0.32386194694889026
0.2265475238720011,0.4505468781925834,0.3049773681148264
0.23313361665650653,0.4686688117037859,0.30991622024823323
0.2265247734845283,0.4155719148842827,0.3142517565996961
0.2258993021595971,0.4216221151296233,0.3359432971927181
0.2285600413108587,0.4776901329126256,0.3371176280470787
0.22466318948370811,0.404528949539899,0.3024789089703867
0.2279043667642694,0.4769649885486512,0.3162324557976157
0.23066500762301104,0.4988278170108703,0.3104313064368811
0.22781162110653563,0.4171534225723725,0.3517394377860304
0.229860221512985,0.4556351107579949,0.3234421805667708
0.2291762552388721,0.4373061058012756,0.32174444206162084
0.23190537557482863,0.4636038494398671,0.3030013888472681
0.2293690412600003,0.4541102897236488,0.3160073148339435
0.22087610340560984,0.4404011227149249,0.3079057919617132
0.2309664668071764,0.4637984074444156,0.3084071557741621
0.22489143289241992,0.4556342777464734,0.3649211945282941
0.23105868714197456,0.4644396443369784,0.3107658618746124
0.2321643243326442,0.4414634950925179,0.3571067517702066
0.23283817204089666,0.4258438801968802,0.4139703372533128
0.2231176044070397,0.4289572125123892,0.2994484061650404
0.21836934459668883,0.42084214420033467,0.3501239225308786
0.22387225202458613,0.42394047110601796,0.3371451535235566
0.23167420834411104,0.4715812825759407,0.3109824462119569
0.2214209777800939,0.41193648362602026,0.352165937918002
0.22036408712348227,0.4518586006150638,0.3150783113800462
0.23480314833922036,0.4606367068745776,0.31776655477937
0.23509799040849524,0.4693916221987775,0.3700526591193761
0.23531817651575054,0.43559190091773536,0.3314335780356015
0.23173777714323918,0.4213002455905599,0.4062382135942659
0.22290246521677418,0.4267942252927219,0.3132932603454804
0.23172182909062727,0.4446803821987204,0.3423601538802475
0.226334419729925,0.4222765212554905,0.31448083135263866
0.2260094524476637,0.4548288137054192,0.35471286841226796
0.2304326335727005,0.4273319590104638,0.3318393754925949
0.22559985470381058,0.43457719188296506,0.3419675860376544
0.22976850761458478,0.4412954834284703,0.3507507421398573
0.22271152306952133,0.4094709828665649,0.3220327571534794
0.23598515848702512,0.4387845537751969,0.3567617153557099
0.2228370724383786,0.4230334217058296,0.34913544230434285
0.22100642886286606,0.4226877827197728,0.2929933976781359
0.23829595890789193,0.4535045691357986,0.3658240323332079
0.23010693573031163,0.3985266349843247,0.3607878120315831
0.24377567732105718,0.4717890264349421,0.3684577496128171
0.22983944192400563,0.4574947348916096,0.2868051663136413
0.23593083791006764,0.4402674406796995,0.3450670641072292
0.23514421127267432,0.4490243699895224,0.3343550630848134
0.22733673003503604,0.4445644595539694,0.3150482605717105
0.22971176821906145,0.4472889546563239,0.3361406212755364
0.22350955814011086,0.4071117924361104,0.33717357177556145
0.24797746306221374,0.4768179397563358,0.38846027855025106
0.24179420597136747,0.5037921514269523,0.3572708804718923
0.2195218426725242,0.37707397901085776,0.3761415088948472
0.2263686314676886,0.4049243784961003,0.2999000816827461
0.22762892959677594,0.42703197015967503,0.3374456026822849
0.24459377977699742,0.4671700045559452,0.3945066860965657
0.2358140792990963,0.456518500526631,0.3553714829527035
0.23008332849735624,0.4647043013187737,0.3098490492579926
0.2282242326453322,0.4147539085696916,0.3365864594365594
0.23017743651584296,0.4316492540926854,0.318245090958074
0.22182082690919677,0.4240771260507678,0.32925610568878466
0.22717169908975307,0.4267330674109679,0.3291867212862841
0.229663747192946,0.4567687205344346,0.37982694209198825
0.22465855815622868,0.4020739358913005,0.3133249252411623
0.2364464540137968,0.4785933484326872,0.3807258639288434
0.23017964781770886,0.4359790854283765,0.34835816662600705
0.2316067718843594,0.450329339429578,0.33786594873085546
0.23839906014667406,0.5081373700894093,0.328608913355375
0.23926894001034185,0.4576226744372587,0.3624502114267614
0.23028955547075486,0.4601044705928725,0.3330657466970007
0.2463505034966085,0.5097140769535984,0.338933072033432
0.23488344286801477,0.4619811199726213,0.3337554424946005
0.23747549455269812,0.4310115770029592,0.3380613990629022
0.23378565295514875,0.4448496911065303,0.34181220489719183
0.22978183054260476,0.4592326700214989,0.31308772230648285
0.22517122743119927,0.4216927628486856,0.3286406596627273
0.23878571534364287,0.4387538911376711,0.4310362303285345
0.2360151397836178,0.4884271153155308,0.33038809740982195
0.2370423736753301,0.4320154170074396,0.3734419345776113
0.23039536121987994,0.4559550016628453,0.3426629352642045
0.24043215454613948,0.4961075667268474,0.3407569773797375
0.24560863210888417,0.4511535682434655,0.42559698768167
0.23628322787803568,0.4757536094867605,0.3632177033632286
0.2311057739107185,0.4314080269098589,0.3723554525201167
0.23467010310974656,0.4573009568746715,0.34214775101108025
0.2303886806959443,0.4371366033189221,0.32975729422619393
0.22879300276787132,0.3919096489886645,0.36107001592917903
0.2367038318233913,0.4777069537957921,0.3270186809977497
0.23570416156483567,0.4276676626512023,0.33958955913216804
0.24887112311984474,0.4614293399598454,0.3646963781424541
0.2351449723571769,0.4428922684207518,0.3383752639510107
0.2296097490120786,0.4344285322234019,0.3294790459492917
0.23672561776954745,0.4804793536169568,0.3432148877502821
0.23023648050216433,0.4244810905834809,0.33524968810864786
0.2271389332628805,0.4107075263026681,0.3531616795139748
0.24073794130576387,0.4592404030591788,0.34546565784123845
0.2409188023619742,0.4494538354233776,0.355655208690197
0.22504776463215428,0.4096269391871034,0.3077591233695963
0.22358732515462795,0.4143340269666895,0.3359198885129237
0.23522966482878196,0.4736233748083454,0.3363742810863388
0.23849949395801276,0.4484438105753161,0.3412998987484961
0.23847509852159895,0.4662749008549541,0.35521523024060725
0.253016252332759,0.445319864483708,0.3987439031083324
0.23156321463637283,0.4155353934524567,0.34837965474638616
0.23159707598013063,0.4546724029328458,0.3565283581098958
0.2273448320064625,0.4050035721352019,0.38278720468809335
0.23013686940068692,0.44586457362337584,0.37101546221079995
0.2273784088672194,0.4116255766790599,0.3454800116394157
0.23745739230314547,0.46498230247566497,0.3245545330682925
0.2423134649239932,0.4650699915443012,0.3474472481988001
0.24443012661611005,0.4317345790631986,0.3766322540783933
0.22874459562058091,0.4085032878585835,0.3527215307363969
0.23523105552126444,0.4143120593749423,0.3909106037159065
0.23542796338624686,0.4486942536115499,0.3394983283501505
0.23230175247837498,0.4380634759592686,0.35983462757413576
0.23181438468866522,0.4782265163787732,0.3682457018906865
0.23813218707025535,0.4491840232076251,0.3473303795489344
0.24230575146147737,0.4346517988889269,0.3620161349155807
0.2403760122629009,0.4210313758907799,0.3837308059858846
0.23605327581761906,0.4708837393290157,0.3783628128213181
0.23781326371498984,0.4540480975380836,0.39751633211487103
0.23045063682180128,0.4215795132014179,0.3610207827110101
0.22968417822050405,0.3865975061787414,0.34599955587080444
0.24905776433475385,0.4866451157487742,0.3615698185545531
0.23230326378528113,0.4400200984423707,0.3621797449989879
0.22717495985427966,0.3990642193149189,0.36302667682051576
0.23946130051117392,0.4593293747884922,0.3614641050010213
0.24141719367572848,0.4432469738280922,0.3841775565497864
0.2471279843227524,0.4822807434029099,0.3528272582348525
0.2439120974451007,0.4516645693044126,0.3640994086697983
0.23046136200990638,0.43257038363203376,0.32119446249265865
0.23595877006833255,0.4132521798659963,0.34492286587380105
0.2373039370142,0.4655594520722681,0.32911192024341723
0.23696982421514284,0.4012232239694851,0.42941874952867787
0.23157823449145418,0.42558902056257497,0.35922529703037354
0.24256020226649574,0.4448946892344911,0.35302663067101203
0.24234545952613604,0.4553538733187858,0.36289786552755793
0.2406699743470125,0.4150267602320785,0.3925224463106729
0.23447277534666772,0.4261977043887233,0.3486884145333979
0.24330267818105217,0.441337818423505,0.3556000570732294
0.23450297333526054,0.4274316918188631,0.3667461411679708
0.24399355635499947,0.4635629194168217,0.35935801923545513
0.23288805338333826,0.4130235006098167,0.34377796033336977
0.23097613727043936,0.4407064102450553,0.33313337789194963
0.2426768017579985,0.467760844859177,0.34003318874890576
0.23555540766443087,0.4217258032449569,0.3662745595138521
0.23682798244455391,0.4600273400847116,0.34763410074428536
0.2468287024836985,0.4488519120394017,0.35460973184980665
0.24426640717207695,0.4328447633362721,0.3668851058916164
0.24109704152980185,0.44536325428834295,0.3541978559851497
0.24136876408679772,0.421190524771302,0.35447713751086235
0.24131531845127263,0.4319886356676261,0.3494239925762125
0.24196295202767273,0.44409317453834063,0.3388587209125178
0.25134093325446694,0.5017171727124803,0.4070259871442413
0.24052667587057477,0.436617314776256,0.4452025242372225
0.23610816925688133,0.401032666759492,0.3922498213870208
0.2446923599318115,0.4347038697508345,0.38206928402692414
0.24324325309534206,0.4304353366719911,0.3605902504568225
0.25292896868879694,0.4802248502595552,0.3801733731136875
0.25299549690421375,0.4695280688956537,0.4111595212135198
0.241729453377354,0.4758744016980074,0.35699869729394385
0.23310387380977726,0.4171758066780985,0.3521298388979824
0.2482245613634413,0.4433846511062237,0.399096284073562
0.24614725278622282,0.4602560207882916,0.4204953754046107
0.24087989884217365,0.42136998189289016,0.3823978057053976
0.2445059629002967,0.4295948929838827,0.38314754394559947
0.24526530887324077,0.4447009988659343,0.3641184250198359
0.23705115011219788,0.4401137393239079,0.3822812298312894
0.2331607079982814,0.4098399683744859,0.3658163677637868
0.23213406754854973,0.4206150192857301,0.35017440702257857
0.24445430622964398,0.4533195714301793,0.3573990651792419
0.24846581463369874,0.4299089215337738,0.3585574078032661
0.23851362271597842,0.4118834007845008,0.3723554610282268
0.24028689872520748,0.4166004245808411,0.3686886644359389
0.2546702653203525,0.4683497191931441,0.3666699102555783
0.2462533573329993,0.4018376795614093,0.3735308432455262
0.23871425352438216,0.4038151246080839,0.3505315970684197
0.24606743633081407,0.40935951721847796,0.369513049386226
0.25533379934171807,0.4641291202255334,0.42038175880341655
0.2409912195327849,0.44606301686215305,0.3252325525141365
0.2501077351080934,0.468745573697657,0.3931428438343448
0.2404219986450871,0.43091118175626064,0.4209041074645285
0.24570020850336124,0.4296176626539085,0.3784884635014667
0.24316866362499379,0.4432488982628257,0.3644087882909781
0.23785262111871092,0.4300372061844713,0.3546035474181944
0.2495291456740077,0.450700421034154,0.380181734665992
0.23964990268174355,0.4215946186895227,0.3814318502583955
0.24274362656227383,0.4541427487650668,0.3444747461226323
0.23982149650273435,0.3900780678337827,0.3892180775128435
0.2531423686187921,0.4658873491710239,0.36524184095322737
0.2482562492166201,0.4574992243036869,0.4085075070800187
0.24495294836000675,0.4341306837201227,0.4091282535751379
0.24721268827280268,0.4500471900387679,0.3877553357778808
0.240400428311511,0.4152701872419417,0.4240398856712682
0.24518680191797074,0.4141805739735808,0.43860013601090747
0.23317800050332715,0.4000444107973997,0.4060787827943211
0.23933200894030285,0.4423738176513845,0.33489450658604986
0.24545983584768544,0.4465960211486399,0.3919834838266357
0.2476719002118987,0.4478078319763286,0.382555085169904
0.2419883777665388,0.4328121724979617,0.3788043988950808
0.24902313957407482,0.4344790205214613,0.3686650282518091
0.2354251049604399,0.43001474932728456,0.3669962613114029
0.23767184070997577,0.440736217894304,0.3975349846828041
0.24169783223827196,0.4204940378439985,0.3799752010572018
0.2565236873180145,0.5069367392680585,0.37239313233157595
0.242113235741602,0.420323189961192,0.3847368978945059
0.24023928853193638,0.4102902088971438,0.34635116560845985
0.2468648728102383,0.43692752068054813,0.394006692953524
0.236975436909956,0.4034235474308983,0.3428550456603497
0.24605831182212057,0.4413888682002208,0.3666233855202182
0.2452738503364441,0.4193809313770773,0.3712972933455511
0.24415251254855672,0.4538653731059408,0.3841334848438365
0.25038258059266927,0.42126407055367865,0.4226658638321283
0.23939170779735985,0.44226381857458624,0.35799447646680577
0.24116273312269093,0.4694802490681396,0.3494021176811104
0.2323230217661832,0.378970137102846,0.39714636700676936
0.2531122489012154,0.4617554362997364,0.4470958590466374
0.24321977854839347,0.4188603859863981,0.4532775193806972
0.24748041126352008,0.4653562536958347,0.3469161856968385
0.24307482600523364,0.4518151520086689,0.3971624205461145
0.24411032672847796,0.4403535336614847,0.3985517757444361
0.24384617859407398,0.4512393568929249,0.3485199081956665
0.239238754015168,0.4003148121871942,0.36070898952405
0.24341548044480413,0.40386291730972795,0.4604931293538083
0.2378616773896371,0.4120217446232928,0.3660971378072913
0.2506909663679028,0.44810551079615424,0.4309758050703505
0.24132474872802842,0.4122944616670312,0.3856480003935571
0.24747942257973732,0.4368688845899543,0.3708527822753467
0.24683547314296764,0.4575015962547446,0.3845531847450296
0.2396427743547855,0.41035753120378665,0.4736794038657772
0.2415473674815118,0.4427171792915099,0.3822385516951462
0.2467355675491183,0.44692780357074297,0.39160681900812017
0.23748745473891186,0.4164634272083812,0.3528158225071387
0.24065035085778,0.4201370702926121,0.3568683086237203
0.25087029182815046,0.4593036571753508,0.4105586801360874
0.2419196840472856,0.4002501335119109,0.4405224073020033
0.24715513775582035,0.4698690463765026,0.3732853016946355
0.24158382642207749,0.4095881661708261,0.4355885399361352
0.2414119184070236,0.4167065566708444,0.3536612392098515
0.24451197374594524,0.4539604810767484,0.3969683235853741
0.23979044169223876,0.4252393243141915,0.3731849089817168
0.2405763982884311,0.41886166817490456,0.4264624783727362
0.2398779916748671,0.4155726658939278,0.4369089391995329
0.2555586768253714,0.4561183351309538,0.4267352073376452
0.24695271576060251,0.4621733013231151,0.37291916544586573
0.24541307462637435,0.4313672348894426,0.3960216765425426
0.24471595793361728,0.42538389532335535,0.4376622269241829
0.24339457611597315,0.4250630597639216,0.3880932719107909
0.24462713472591982,0.4275696655891885,0.3800303287849484
0.24933705685051855,0.4506989055899229,0.4424468466451056
0.2516942894564474,0.4207057072627532,0.4012171396421163
0.24658448424366905,0.4604177024597781,0.3744753546525447
0.24534929288879703,0.453522708187873,0.3854657548119294
0.25304106211351535,0.44356730594371024,0.471959521627948
0.25485607659665765,0.4663419483896423,0.36122523388371997
0.24503215721902394,0.41638570386530377,0.3987878962975785
0.2485015564966028,0.4241332032018982,0.4371762204691314
0.23842257773454187,0.4016251433551077,0.3714715091880829
0.2523907422136803,0.4628516033246505,0.3893472528923131
0.24872279902503183,0.42298791764808974,0.4025228628907784
0.259755381115909,0.4416349450886629,0.4280476291519987
0.2385184143456285,0.4012607309992081,0.3795328897715527
0.24204972901505115,0.4131215379447242,0.39479656466738383
0.24882258438398558,0.41971835521307854,0.35901826998268355
0.2548003966868133,0.44287613222239003,0.399823782031411
0.2505110306054098,0.4399647406132643,0.36097646039258136
0.23962868382552607,0.3685388774419731,0.4155354500301545
0.23955535249212734,0.3867709275547884,0.3868617026152024
0.2516174652124986,0.442403688277412,0.37465359670451975
0.24751024813417707,0.4265375690291143,0.4075237469810667
0.24160404648938485,0.3946032294778348,0.4333794493622241
0.2547960418461253,0.4534829084908363,0.3935731111658584
0.2507531777062473,0.4475579110727069,0.4457050095486691
0.2485070699008651,0.4467762514291047,0.3920240155514202
0.24789802126479682,0.3869496722314863,0.43649645428567213
0.2495375720614551,0.4347932840728802,0.3934154709827114
0.25065422586128394,0.4445439406435349,0.3855455568895713
0.24280591421422937,0.4430229643454111,0.405599614614609
0.2529814952589865,0.4137039784678085,0.3950009769927065
0.24828978243646577,0.4268432700368428,0.40210474893287945
0.25603543684602875,0.4676373932959211,0.3857824671435424
0.24214089375780445,0.38829559318186896,0.3895517939557396
0.25132262959486773,0.420300393740395,0.4244513875828186
0.2522863904789612,0.4268797454857707,0.4371118812409128
0.24498050777291516,0.4013144667545289,0.40142140443138014
0.249928138078846,0.4405546372006555,0.4075510476403224
0.24292935724726938,0.39942621714745774,0.3987509137011993
0.2524117689371686,0.4353534437224888,0.3935717161636022
0.24632928848013813,0.4073867178758245,0.3768605244589341
0.24551907887449217,0.4267453758990839,0.4364941464774599
0.2480817977426859,0.3874297868040234,0.4241478202670133
0.24831928402630868,0.43958588381211255,0.4179996704596543
0.25451855589809297,0.4579818744918012,0.40472170920551065
0.25837443220753703,0.4310054819789947,0.3707945855349588
0.23645239351403763,0.3720465336389085,0.3941429635558105
0.26604879308276486,0.45017763338674427,0.3807140318566812
0.24524402674293383,0.4036639664550447,0.3780613011048222
0.2530645922237179,0.4446094362817833,0.3975905937591844
0.25904233566967827,0.4565766047095577,0.4234218795058788
0.2566419969271264,0.4141690534358212,0.44214630493873536
0.24508986832236032,0.4310549928476394,0.3815239825595528
0.25555125569696147,0.4525872088742649,0.43493482749731294
0.2505368684649988,0.44318018794416,0.39950285444651695
0.26619952094731003,0.4576176356074624,0.5089002303426334
0.2604178282758219,0.4641080190052044,0.4375939891305742
0.2531307224657107,0.4420713494101593,0.3931366221457889
0.244980839304357,0.3962576197762273,0.4418017075052028
0.24797231528737335,0.4265532906067888,0.4101386024877038
0.2528267806604263,0.4285281915922885,0.3891212248447439
0.2518346999654702,0.4110710361471878,0.4113792581740015
0.2527503974687329,0.4140322736424401,0.4549763028400282
0.2462505061383824,0.40235313914390747,0.41499217134888894
0.24755768927037625,0.4104435881788522,0.41950817367340576
0.2581997609067963,0.4369473045764875,0.4082290233626136
0.27992739726454713,0.4849329444286848,0.5401302047802696
0.2612142192659172,0.4413522312027053,0.4416072651082136
0.2531614936044208,0.4146469594712601,0.46302288479153403
0.24763804836553707,0.4120597046854563,0.4467782947838848
0.25613671928320714,0.4373272047846202,0.4493110385384255
0.25248149374210477,0.4252595038843523,0.3875680117780617
0.2544477880106596,0.4431058413303233,0.42646667687891865
0.252290426652727,0.4408819459044572,0.3974080171267989
0.26079599981582535,0.4334701473680573,0.434642472797698
0.25543734363951764,0.4506679860999613,0.4120805611031635
0.26174876932982083,0.4458264961751055,0.39042841379005
0.26239656420486646,0.4551702966876794,0.4367555379276293
0.2646165298666571,0.4335065706286992,0.4134374258292908
0.25640386247320285,0.4302059469000431,0.4368385331006891
0.2569157401250267,0.4247485728546815,0.4615910723773918
0.260515615148711,0.4573009501445415,0.3684497999061898
0.25749914558249115,0.44096022412203867,0.3564513526431499
0.2538468705742106,0.4127816875997234,0.4355519772166479
0.2620167820676901,0.3954200370719739,0.4829396917990214
0.25610411805888855,0.41735787872766905,0.4314469419280691
0.25284193755954476,0.4213480880281617,0.40646197435690185
0.25686437889913044,0.417220048373096,0.4068750642721907
0.26631363740519864,0.4530159629895888,0.4011014448676294
0.2643931922061255,0.4445006435217412,0.3726103518615579
0.26838602678304163,0.4688938324073363,0.4219611127921825
0.26151560759310377,0.4102723543393718,0.4706246688787056
0.24820744753700197,0.3871337440980708,0.3908510920599039
0.26115779992044297,0.4343710549961457,0.42027277555598697
0.25244885727158684,0.4073954455424497,0.4174808855956919
0.2581918610963572,0.4228402634079271,0.43316174241857147
0.25986857281611103,0.432660522801161,0.4284067664397287
0.2532617959203204,0.40891610281807506,0.39984787678159456
0.2528294723349429,0.4337697109118788,0.4252876370021484
0.2557986549784288,0.4168455433003096,0.41299047580841
0.2612128698556897,0.44002385805119615,0.4589843433775956
0.2666275890458444,0.437061184797784,0.4020388032419703
0.2618973498578997,0.3980664476113679,0.4317411224858659
0.26403158006641214,0.4423915039121597,0.4727664117671167
0.24859254149313592,0.3951649884564034,0.40397521978105216
0.2592175628412478,0.4371043130315818,0.5200610666210391
0.26456507875519636,0.4295031522610709,0.3894224531070228
0.26320324756471,0.4089636471117241,0.5066217882451354
0.2599213364938205,0.4576203433798102,0.4096956748678336
0.26732167792199274,0.4504356249826113,0.4011679345450249
0.26913390790223596,0.5005933204843005,0.43284478313576463
0.2572404422239149,0.4621221622395353,0.4168291610490485
0.24473531969773632,0.3788924213367371,0.4266535900649657
0.27317984637346315,0.4499090624127022,0.5623409074299697
0.2634409550163742,0.4430268149733035,0.4697559272661329
0.2580258726298908,0.4515785823228573,0.4286514858955034
0.2580497468888051,0.453273313077141,0.3817145668420354
0.2713649724432965,0.4531785878863957,0.4582127061938096
0.25314513152858764,0.4241941599355462,0.4207296767339567
0.2479494854705775,0.4020475688734359,0.3977264236279581
0.24097553444351014,0.4056814900044139,0.409357004956062
0.2518847604867664,0.425089301331897,0.4062799084969772
0.24484973566598334,0.3840941323442239,0.4023700270266632
0.2662932187121234,0.4814389958484462,0.4266971057095923
0.2741031463449736,0.4540019417335157,0.5061614565049795
0.2633370397982722,0.41708562602647214,0.484940655035444
0.2541787772434381,0.4172599089138713,0.4458885673450782
0.2524783622284304,0.40018293934654736,0.43780070088057343
0.27717689498105186,0.44027025693704,0.5533632621685425
0.2572610961336865,0.4359562018554807,0.4103154967012482
0.2544483880055554,0.4559836478258237,0.4801561122946302
0.25212315231233173,0.42238364006785895,0.44622308034100105
0.25885579957811927,0.4159650270402384,0.472183191678379
0.261356001883238,0.44855325354997533,0.5234780278225437
0.25600441178726613,0.4398940589264949,0.41186046729925296
0.25944247394752684,0.4032557277645624,0.41734836935298597
0.2685531217277168,0.4449513450633695,0.434999811066208
0.27426524140547337,0.45290802701998906,0.4385825902572192
0.26172661632724775,0.4081196818503278,0.43499498604984904
0.2794543644206464,0.4237612569589424,0.5912071546008582
0.25208387982398667,0.397806435128745,0.4504680801083011
0.2573472516354138,0.4233039624154856,0.4221284092069759
0.26256922818849476,0.4146977988080357,0.412596597204312
0.2703892078550649,0.4587773678434405,0.4269863175592038
0.2514690378601929,0.3900303532703638,0.3895472412194339
0.25884279038731206,0.4131734308073728,0.4016650331981448
0.2665160315703227,0.4734679653796373,0.42286367702217853
0.2626404771525139,0.44044375638122574,0.4437875408354751
0.2504530853090225,0.4098016391414053,0.4214260139148177
0.26101782900482723,0.4242970393970084,0.4125175517024413
0.2610638978685623,0.4351027473123414,0.4503023320336489
0.25133966849757594,0.4087791065026168,0.4444114291141659
0.2564659581835656,0.4047356605934984,0.4471397494130165
0.26424372058036744,0.4563978966275084,0.4933180779252342
0.2611665315943111,0.4261591199478106,0.4169419847164218
0.2515822371663594,0.3989076468621419,0.49968849204314797
0.26259511890783527,0.4424761075558088,0.502592629667915
0.26606082193837444,0.4951070715160257,0.42938455239943707
0.27012659593646815,0.4764208910463178,0.4676614486575528
0.2689341619890595,0.4611532244287762,0.4563124859010997
0.2537139386583644,0.41922356404952793,0.39909995262368503
0.2657149630601874,0.4056897628373046,0.5171677557180334
0.2590984171218133,0.4316870738339793,0.4389150239607816
0.2612035652829288,0.4374032918597828,0.4186110664006869
0.26235531231422726,0.4128897299411515,0.4596201348519108
0.26443279775861217,0.4380480955495013,0.4206049521807874
0.2566730816732552,0.4283122559248453,0.4394740930453803
0.26542427935309443,0.4412297643837904,0.4562911009763188
0.2619514185379985,0.4553053464232517,0.41668434775728747
0.2415475792852681,0.3722474078695116,0.3922583784469116
0.26759244838198193,0.4472732070068545,0.4485005358774243
0.2801437688425987,0.4884321171872226,0.4753888751393323
0.2731126083166005,0.4577092050876127,0.4547630674024742
0.2755895590124117,0.4190301711642247,0.4797956148102762
0.2674418283931934,0.4196612383752882,0.4573279506655426
0.27103992454738274,0.4394803739100099,0.4118438724697927
0.2672903090540769,0.4064288211209913,0.4631452602118109
0.25702639851197806,0.4244744032081841,0.4577219888375792
0.2749959512591315,0.4461367598630045,0.4313275031705857
0.25713133389986337,0.4131376852529899,0.4407635691789323
0.2630353621747178,0.4419060633333976,0.4606292352306944
0.25987168342190964,0.4014953761365235,0.5339305860593835
0.27321399652683753,0.43219726366444855,0.4535945792064988
0.26930825132866887,0.4562562543063062,0.519147773773354
0.2641362829632124,0.4474726288451847,0.424750542526587
0.2600727078106995,0.4370795983364008,0.4371339321645105
0.2624745716919582,0.3982707358458111,0.46816102577168894
0.2742932324513304,0.4412279362430852,0.4332483416169611
0.27467644135676494,0.43434896202595297,0.4375722833219349
0.27437850551462184,0.448194326259428,0.481258566530789
0.2684613528393396,0.4213191469596762,0.5141698852430114
0.27352128839554285,0.4797226186480828,0.4344770345986565
0.265026442543453,0.4207831691822196,0.4203187664401632
0.27051476970852834,0.4525228906286933,0.4142554464901253
0.2690226629892061,0.44692836837676303,0.462252763474264
0.2719002199296473,0.4308594108309852,0.5295957598669879
0.25424023460676365,0.43152086131357736,0.4078393845109369
0.26163185190199306,0.4267938042451647,0.4026125993628827
0.27057699520744855,0.44541622797095576,0.42796975678201
0.27103240410457546,0.4511801041417205,0.4596741329706064
0.27760712336674215,0.4471524548162815,0.5481056692363528
0.2767238090433887,0.43924217643047,0.4268586223560507
0.27107669007209995,0.439527759060307,0.4826204894515205
0.27250598480742844,0.4587796056211338,0.465854717006523
0.2670754570041427,0.4735960675177792,0.4404321609039916
0.26265129314880115,0.4043820352191592,0.4218996083259928
0.2613711051072956,0.4314853022684696,0.4337582851560369
0.2542319831767215,0.4117828601237647,0.4540390746766162
0.2593944426352863,0.39597490051785295,0.4381536183309018
0.26578665693805703,0.4349654399041358,0.5077103289143771
0.2651976293889302,0.4256029253565192,0.4248529212304633
0.2612851371732517,0.4305890759571571,0.4658547997533554
0.24948325931712848,0.38718409380169133,0.448320592870493
0.2732904573385231,0.4396804288814604,0.4444039142341065
0.2742580731540264,0.4352236652185473,0.4539203656432636
0.26760408402317426,0.4308223466567225,0.4164746849995773
0.2679986701200015,0.4248195300053022,0.4523712570602763
0.27353300182221885,0.43918695110504297,0.4644534376799282
0.25993917934341687,0.3761961238095157,0.5195823803315239
0.2784013393596057,0.4411792163252586,0.4437337371227754
0.2715069693233108,0.4399068487931174,0.4311265262500194
0.2793820195889864,0.4583350152466134,0.4725873563876428
0.2756478022343898,0.4677613096905692,0.4942357437271291
0.26792842181050175,0.4049880460748595,0.5551557311716433
0.2705731269751787,0.4787534912900039,0.4198060533503382
0.27988246218259516,0.463447789185331,0.4892121278554214
0.25691207099104113,0.3845141904452597,0.4457499530993986
0.2635614357362104,0.4096955365146671,0.4930648004857186
0.25383562539090865,0.4088237714152285,0.4631212555954554
0.27391644366560763,0.43690454877154855,0.4399779380355032
0.2784141069777183,0.4623492821524394,0.4330965941878317
0.2688725967024601,0.4349353423095143,0.4138121861903871
0.2665767165181898,0.4178028906103484,0.4439042042270195
0.2748482110754961,0.4290797464891407,0.4749750654401973
0.2892653261612583,0.5004151827957629,0.4673637376550076
0.27161288724644966,0.41735207873927793,0.45000766263623293
0.2595603517060959,0.40985955728427614,0.5569769711168002
0.2830475662607735,0.4693496660829608,0.4895644429887197
0.2676377227764546,0.3998512480203197,0.5160385539511344
0.2740560749326803,0.4416145130355813,0.5119984014454707
0.2718010925086273,0.4445893956578758,0.4806063400251258
0.2775632945672237,0.4777963280313268,0.4778868083431819
0.2753488107824882,0.4424098969377612,0.5634011691527602
0.2875717046309203,0.4864274944168156,0.4747393638234182
0.27397289904816974,0.4452191214861913,0.519490508284441
0.27090376685587314,0.4395969592264978,0.4928064677791243
0.26728060561244826,0.4352224738649712,0.4540210593803238
0.27530923810526653,0.4617796984890084,0.4397021643108701
0.27914614295677126,0.4519765008954247,0.44956017063503706
0.2618130778339633,0.4328660745341791,0.4813471310958095
0.2818306667855069,0.4486764531191932,0.4623064346178306
0.2505457688657327,0.3909950490972433,0.425205410924648
0.266364810205891,0.4451558316342325,0.45573547895751393
0.2725175288886453,0.4451978810138141,0.4527203340345395
0.26548357112208243,0.4306170873988085,0.4897396181705616
0.26514795178479,0.4359064508645038,0.4336643697607761
0.2688419807413735,0.39932185121051533,0.560149496480923
0.2628323210841593,0.4083428404435889,0.4402862983256817
0.262506736412888,0.42802803190689104,0.4584114513335222
0.2718305418362541,0.4414556049140983,0.4575645601995554
0.26430791170723805,0.4036892381702915,0.4893649033701977
0.2781965868683755,0.4525964929363054,0.4573137385042302
0.27093562171118907,0.4437327370783594,0.502302099295957
0.26556438800509363,0.4200495658988776,0.4468058173652121
0.26584004248865584,0.4153501940131325,0.4516221756243025
0.2739794904484644,0.4793482965253187,0.5215177140561711
0.26809837314392726,0.4416131364885462,0.4958609474856458
0.27692006197951846,0.4596502691324344,0.5003077335888729
0.2832255790506338,0.4509985116802808,0.5532597779427497
0.26108660264803213,0.4071683977339937,0.4673632639665199
0.2613868223304736,0.4085636066274262,0.4751184535157115
0.2838847836250638,0.4746684125412275,0.4709452317167087
0.2674795588628804,0.4046595771866451,0.5703328821745756
0.2891475380786256,0.5051770887600091,0.4485912293402392
0.2697190742211554,0.4342821982111109,0.4704666043603442
0.2753133834403612,0.4700135255191201,0.4666712905727142
0.2646643160902011,0.4160926744564801,0.4161419849891616
0.28086537169281667,0.4631697035673426,0.5323065306185859
0.26637345742621965,0.4331128348172734,0.4584763400844173
0.2674973452312322,0.4332155991549454,0.4583241626940482
0.2817305820468699,0.4563493781746917,0.5558621994673267
0.26177525509328425,0.3880175355955665,0.4980116910747477
0.27049799832725957,0.4426839812079672,0.4746518111785895
0.2741129038044857,0.4389670731516708,0.4653168417853806
0.2813032930551855,0.463052640490864,0.4886873797548849
0.27432047374816965,0.4538370291203364,0.4978017232925705
0.2764022762000854,0.4446704356292005,0.4631381379393805
0.2629832113113111,0.4087103144487628,0.5081588273959673
0.27203234279021216,0.4129110497320267,0.5306307616892999
0.2779163198817681,0.4080206879487686,0.5337593141043389
0.27998219933334956,0.486062756565001,0.4908457307072654
0.27544811735198876,0.4494300019280726,0.4561410065304614
0.28042581478107675,0.4236346806708594,0.5394220559518375
0.26467674151000986,0.4062460882571836,0.4550105250220543
0.2916678429373992,0.4707443835986236,0.5158606036804094
0.28977376671091526,0.4227215898214034,0.5279030888396509
0.28140184227403947,0.4772213453793439,0.4826082577851725
0.28706152175453437,0.4266811452011247,0.5351090157179279
0.2797692491110294,0.3977481615306715,0.544464013424942
0.27097917656015585,0.4069865872445685,0.5017049462777381
0.2901436907214766,0.4662197434685527,0.5019198566445187
0.2916048079771583,0.4504579504784666,0.6234444189793208
0.29307796573507156,0.4532083483611072,0.5267949814204961
0.2760573364230007,0.4151887749342436,0.5175873870486342
0.27147877029749423,0.4201948258307735,0.5405528318832711
0.28491222310565556,0.4596294650965597,0.4532282222873733
0.28801441439874415,0.452217436989603,0.5273116440801965
0.27265532061488573,0.4015071627178404,0.4698594891570558
0.2832412543720942,0.4196722228910015,0.4888063300274602
0.2782483175709574,0.4346028206864424,0.4501497940850517
0.2838115452750555,0.4466265482525128,0.4998476557630759
0.29056966480316243,0.4400079629035351,0.6324327231664074
0.2880327718453836,0.4394098083183994,0.6013122425586551
0.2948327982091465,0.4582993475396873,0.6626112500099229
0.2758678292664179,0.4019450003551479,0.5333698429779367
0.2888307807942808,0.4337178846348129,0.5455401106255061
0.2803121690177751,0.4543810435053741,0.4739421144598805
0.28115990580013933,0.4294262393385522,0.5088707841456708
0.27801272962321655,0.4478770816722845,0.4503981449079241
0.2643544879427042,0.4050182198012777,0.4701903456543362
0.2873768703988355,0.4613919184233734,0.5307422009107549
0.2793997412321122,0.4565252602097435,0.4894171406672033
0.2874878095265552,0.4390882037470507,0.5270759941824454
0.27505193889422974,0.4140191530469626,0.4576032168029725
0.27815813828056263,0.4331569435985773,0.4833128146587506
0.28085340103535733,0.4476715591009658,0.5432341011531682
0.28280590953128787,0.45110272820853203,0.4806056115016149
0.2933765551272522,0.4348031707345037,0.5818081504563427
0.2725273191870176,0.3977225028565205,0.5227175634280989
0.287595148564029,0.4570491658831578,0.5230470479480044
0.30641693597959585,0.4648187132832344,0.569573011177394
0.27585697252836267,0.4268389164682144,0.5700883577932203
0.2783667527376621,0.4410941486896451,0.4619815405661937
0.29479893613272273,0.4925782883076337,0.5083376825032075
0.2775392986667439,0.4416888485977501,0.5220227040314538
0.27434853086088373,0.410449644386501,0.5602420516686311
0.2709493574315756,0.4123325401317471,0.5083818383060318
0.28290578350597817,0.4205618276303305,0.5143233717649358
0.27850308653205297,0.41843509692463005,0.5021341068171771
0.28515830384455887,0.43723142506799134,0.5024524798972149
0.2893753066143372,0.4671312166528612,0.5135859036015485
0.29746223979853276,0.4529586202347449,0.5517192700740768
0.28179225555510323,0.4220552728528521,0.5228454413934712
0.26920561507370117,0.38260646145074256,0.492678748523716
0.3066914897044937,0.4035198663798301,0.6071396744064544
0.2819945435402273,0.4118599688357073,0.5845738616309344
0.28887003345689555,0.4258149558068332,0.5290700252885944
0.2778838706824625,0.4163775464634157,0.4772083704362765
0.27482019938796215,0.4140384795208336,0.5272940111151221
0.2887910064647411,0.4351780775896625,0.5395779879338909
0.28361197852731296,0.4306796206321814,0.4993043263722051
0.28636873025018117,0.4107589030961744,0.5617571308663006
0.29387244697974707,0.4395458277353611,0.5146379079908676
0.27679434184338064,0.41049827240937214,0.5000165916132653
0.2763063517091691,0.4151048453012666,0.5201849913328682
0.2813334493877167,0.4233029334789608,0.4750931120485653
0.2887473962297055,0.4109434729256989,0.5291645763009556
0.27115467189797277,0.4180670018468514,0.5024795335532327
0.27860988056533786,0.4078509832562917,0.5181859353234863
0.2806745447833369,0.4237652565440995,0.4948105534485819
0.30480825886191876,0.4228819552008721,0.6412384504908156
0.276062995508083,0.4016986919804033,0.492051711623806
0.288533613383104,0.4468475750191412,0.5286620358945756
0.2702703273930044,0.3905676255256245,0.5260936543148221
0.27488028197208547,0.41117993135776615,0.4820036612942759
0.27650255350110786,0.4157550208931801,0.483560742640847
0.28159419430423993,0.4345178422889519,0.4984666215004545
0.27774828865463214,0.4202460042482685,0.6219191854372773
0.2665354689464342,0.3865322859086494,0.5157250950967007
0.28144384866301025,0.4126905828426889,0.5157921332068774
0.29470769245024586,0.4777063516029017,0.4864212061159459
0.28516831589858593,0.4384480482966665,0.4903515328031816
0.3029213565473979,0.484531965216824,0.5140989391323612
0.2907655856544135,0.4568203916705792,0.5217014858392277
0.27462167351660755,0.4229816613600028,0.5436919661355456
0.28887972055514977,0.4557295386756606,0.5592921917152209
0.2793514535438833,0.4178089374668281,0.4821616092735834
0.28986868243940905,0.4635223387827637,0.4948238959163046
0.28102779462449645,0.3836234664286843,0.6115370965880957
0.28088407630059253,0.420908371208791,0.5566465229716118
0.2887112146403674,0.4211568831526965,0.5456435820843725
0.29407280272512404,0.4610733619834368,0.5571020613544921
0.2903126164523495,0.4480236876445214,0.4893116697344475
0.2847595295908915,0.4153742690542016,0.5113018866429675
0.29241151530226733,0.4732312167702627,0.5911880919204362
0.28571391144066793,0.4251323537857003,0.5072726302555605
0.30065738996223124,0.4691901909200933,0.4935208053457195
0.27742146597180395,0.4249571096581882,0.5333253387180628
0.2979385123544997,0.4655284611980888,0.5084778752048578
0.28778165863780564,0.3925262025669485,0.5606093191544295
0.29290867204751364,0.4293768704649512,0.5062882987437455
0.29895448017717113,0.45136773350919795,0.4994509176815621
0.28045024648191913,0.4071506187283928,0.4617566159864821
0.28536376447188583,0.4634347189395822,0.5089986747246915
0.29261393741201136,0.44317303581265466,0.5855402001161948
0.29799991417459976,0.4492929055623249,0.5591023567919656
0.3073183449927049,0.4497913397658835,0.6640975376891387
0.3036081221834228,0.4527729204128212,0.5227401033127599
0.3097842788371273,0.43043011925165264,0.5808517077196581
0.2901888978264865,0.4430927687927707,0.6165454427075734
0.29091472173083005,0.4351213614135915,0.5199954060844028
0.2748871428194134,0.4087475301702279,0.503511147181674
0.2916145129662839,0.4499437833610657,0.4685306620815765
0.2957955966646135,0.445966629695323,0.4988996136531907
0.2997273238930648,0.4542534982708346,0.5023259336117339
0.2895012881673347,0.4235802446636092,0.47518285272131505
0.2873264590119073,0.4335296659326875,0.5662628146396567
0.30514122223750567,0.433411280470645,0.5949659640945487
0.29653443970054716,0.4137261620793183,0.7317602571994167
0.28669476117337106,0.4297715071109868,0.5195330744335016
0.2892818412957538,0.4210567352543924,0.4915163311698274
0.29342556415078164,0.4329194240770323,0.5422062785959192
0.27756210086198957,0.3970059990700744,0.5633525710600191
0.2867978551135916,0.43232643888171984,0.5303519583957589
0.28650454073684956,0.4055046861120043,0.5813129474265153
0.28425801339411977,0.4060559094941153,0.5189013414401307
0.299077560185266,0.4402893736678085,0.5013750251417461
0.30419686174114674,0.4458346704112045,0.5658693703089879
0.31898256287279453,0.4851132891263367,0.5348286866729974
0.29755368918536734,0.4346381465694804,0.5751033237181649
0.30662472651178857,0.4495933938838253,0.5364975110588728
0.30036599772865447,0.4194807269847679,0.5860661448623614
0.29483462113066944,0.43059093119353054,0.5270241663445577
0.3033021969866804,0.4437729861390112,0.5471627941143667
0.2963001509981876,0.4388413108294118,0.5415213208228908
0.28765024603676287,0.3967495242919011,0.6218952893836375
0.2939480699591398,0.4094336162595582,0.5590058114737048
0.29968045435696117,0.4436078544448685,0.5789040960197621
0.3102077330083668,0.4663077130301251,0.522832070336806
0.299210310390473,0.4382049238939825,0.530055844238565
0.2999921216532958,0.4332374126835312,0.6329093667935737
0.30172152005004427,0.4309908153199111,0.6393160217737385
0.29360641984208546,0.4137701135383032,0.5485417915942022
0.29401006150462944,0.4513929446125813,0.6640203538941214
0.2974150421140754,0.4245065269153365,0.5161160586677926
0.29334802526293563,0.4333289389157332,0.6579483446314258
0.29156891763050186,0.4067912764063564,0.5700498681429911
0.29708254784960153,0.4205449139220864,0.5483049471562316
0.304532741671999,0.4322230349964949,0.5174962957582536
0.3042888114288782,0.4438725641808005,0.545914294157867
0.3089797643976167,0.4646660276208076,0.5599665809076729
0.3164186289670601,0.4717570282678982,0.57335325874037
0.3005857845085276,0.44628868232053337,0.4788674538993852
0.2937831728413987,0.3997026446226536,0.5658239084471496
0.3017561642279055,0.4305613608413168,0.5498710212740895
0.2930491808807733,0.4345761603168908,0.5570253935455463
0.30251503547944786,0.44984070087392425,0.6288647191035878
0.3065732452005369,0.4372033726332151,0.5428632311582114
0.33315257981125035,0.4934328935216415,0.6081474433845249
0.30488239355954555,0.4340625890468828,0.5355778014357224
0.292383701834381,0.4020949214855621,0.5685319508195572
0.29786431018928083,0.4122200828170775,0.6082073142272114
0.3064826682412575,0.4484207865226363,0.5502088861806073
0.3130449955185236,0.4473322277914271,0.5779247368270928
0.31301083888348324,0.4509975660465415,0.5567448686737487
0.31184632936169493,0.4287588753656859,0.6230604236375761
0.2857660926662479,0.3851139924243433,0.5417313320037856
0.290680212957778,0.4202421916951819,0.5384388466140155
0.318488074632746,0.4431101182807937,0.617857687186833
0.3075018366382739,0.427478721094176,0.5616940702991902
0.3178403395571805,0.4626550776043985,0.5782028036960731
0.31497448670048384,0.4609319301640027,0.6006865162800259
0.31283166616035357,0.4655037762798544,0.6658012163451569
0.2938299288520157,0.4117932345293863,0.5949767648177154
0.29983376211252055,0.4183904780124464,0.5751410169351969
0.30992829109702663,0.4519849340117729,0.5311812563469974
0.2974114092419572,0.4204034197106578,0.5342328896140254
0.3052605227941932,0.4154197952596713,0.5592425361959876
0.3181872114084054,0.4523047852050066,0.6568132896886644
0.3066862517438708,0.4329531729372289,0.5765183807248963
0.3118281799799676,0.4544692205487523,0.6083271077983332
0.28948224616543605,0.3849272620631723,0.5394365177467368
0.3108883765064398,0.4431419448114197,0.6876251024812363
0.29392107147983515,0.390973776546981,0.6997254851952406
0.30114577140338933,0.4295303701509557,0.6294378498069636
0.3159745203141633,0.42852803024620856,0.6220221683836666
0.31251488493806134,0.4354402804353556,0.5933817519219184
0.2949999118296507,0.3945035377306156,0.653179886213523
0.31756378764716237,0.44073640571538825,0.6899356308992175
0.31435514446888535,0.43742830328154975,0.5750334505059103
0.3096029203659456,0.4304386685972881,0.6216274562458622
0.3294725133057018,0.454031798869327,0.5851577600810356
0.3188408611271801,0.4576736035436266,0.5864963267267909
0.31093503744262274,0.4205036603462524,0.5845673919393001
0.3237385048241262,0.4774246560858314,0.6028399829750485
0.32296160325808154,0.4376607241294617,0.6161479587728598
0.31094631437968906,0.42687411637375056,0.5563258435756702
0.3005668912251287,0.38822503133391817,0.5695741823591828
0.3366378092600681,0.4748785164988469,0.6255782095310627
0.31760968790684685,0.4448356724574383,0.5808488840557472
0.30832381618016136,0.405332647914275,0.6151597719551457
0.31472669907016587,0.436684824009431,0.6358681646380554
0.3160997841545184,0.4217275276416684,0.702077382636036
0.3338060202819479,0.482060810363037,0.6315709618681451
0.31261339073997313,0.4415895641841948,0.6171159695536835
0.3088558902513685,0.4297946137158999,0.5664701898454063
0.30334271868383006,0.4138372132969236,0.6266995670668645
0.3188164958390123,0.4572600800695157,0.5803620765937858
0.338990468253194,0.483894063758084,0.5624819487577309
0.32397298006484065,0.4564116036764449,0.5804617380617564
0.31981908816983734,0.4459463814454615,0.5765259162852188
0.33257610149952527,0.4942329277241183,0.5547480906824306
0.32664695663965415,0.44260198960862857,0.7496313619284733
0.3246957926782043,0.4641625367131199,0.5665171179476737
0.3261767847799279,0.4356108738650321,0.5830454110893717
0.3142811735843405,0.410720440305546,0.5650383814075708
0.31264653566454004,0.4299284126750792,0.5520015063975632
0.2994147651906657,0.42234227739700825,0.5907858633992963
0.3230781529597438,0.4250997645108157,0.6366027358452386
0.2998531733632575,0.4148818279749956,0.5571797841736894
0.3090239702780778,0.4352623947294753,0.5431614133811195
0.31718560487660985,0.4284513102384189,0.6009481265297935
0.31954766568273807,0.44128793313909903,0.6171536271331156
0.31510984978343987,0.4240532204701827,0.545131785610216
0.32087542462173935,0.4510944599081603,0.6402407366331931
0.3305039000287019,0.455809427711828,0.6833372274505236
0.32878294102831956,0.4594229498841042,0.5587033485391693
0.3155998931525458,0.4379371513735956,0.5872574685435744
0.3162977290322558,0.4318057527397013,0.6028237058035787
0.32120902998127737,0.42972796791245504,0.6875932955813946
0.30355016309930816,0.3998107841996203,0.6848878465179026
0.3228657371305175,0.4369623485745947,0.5880501228079466
0.3219381799423048,0.4429549331997581,0.7075098714884973
0.3064519715952325,0.4257794830487529,0.6606105106843423
0.3221596894688082,0.4641098244481411,0.5819002474527721
0.2886365509522381,0.3942659675018773,0.5663444393962541
0.30423451036366234,0.4261620108941647,0.5308141813023632
0.31897590856208013,0.4641881893436956,0.6009622868025052
0.3249490333299366,0.4583367354266914,0.6102993010780486
0.3107834411305894,0.4307695525982133,0.5963252498891414
0.2986171309434979,0.4105640118705513,0.5417284403113741
0.29862755626126253,0.4157923171843467,0.5985979721247724
0.30076816805737333,0.430399170506875,0.61717030685022
0.313162797517077,0.4456958040094658,0.5418522888134752
0.3192052914032459,0.4463961503778617,0.7840345392318099
0.3077035505430623,0.3976348124303054,0.7398913152560536
0.33957827230022225,0.46623543419904606,0.6865708327305329
0.3014156572849466,0.4091160539086824,0.5994619576610075
0.3186883002454665,0.4393089457622479,0.6129523156154515
0.30710604459219515,0.4199581465812889,0.574139649877281
0.3248689543505622,0.4849813044411938,0.7267693748545321
0.33581473761051694,0.4754052384472643,0.6252990797135074
0.3128159780317024,0.424526420848556,0.5878192699895626
0.3202147455995585,0.44412973980665105,0.5884051977666529
0.3236413615943715,0.4571811196711929,0.5986157239430364
0.30921802178319135,0.4505316859221924,0.672068334464156
0.32800728458266193,0.4675528073180996,0.6208547195720798
0.32390432521824136,0.4363934408487917,0.7552697880098894
0.30543746592924015,0.402309297135294,0.6478700029014646
0.30149024917536976,0.3945313975248703,0.5743846941760709
0.2911426102431304,0.4028499329929266,0.5627061608406766
0.31956538415512303,0.4465201493182887,0.5651224784675244
0.301160643405343,0.4013815481450721,0.6734214385355735
0.30748612951463045,0.4213781195596579,0.611520764808157
0.2941714621673646,0.38342812423198347,0.6430535627130647
0.31432425622251164,0.4229370916825468,0.6977421030778381
0.30965739130349557,0.43118529921644944,0.6191521830907328
0.30919327827263593,0.4314485510792948,0.6256637936325068
0.30870072252019937,0.4139878406957492,0.5990272430994211
0.2984044348565248,0.3969243787288535,0.596075533207405
0.3143012407051304,0.4254312689473158,0.6310566869329098
0.3101746186974546,0.4096292233585692,0.7495022758577399
0.30708915510691265,0.4171660352533733,0.6540371633481216
0.3219989808105143,0.4690687842654144,0.6174065692902367
0.32583808133038017,0.4666444373795464,0.6286467779338559
0.3308178152079724,0.4738951346783011,0.5881557438042446
0.31405263397792005,0.404821914343728,0.7912965305298079
0.33685693695385666,0.4842381533878266,0.6786768621089747
0.3344078728293746,0.4727306903562561,0.5907000352262646
0.311605245182331,0.4353771115946724,0.6496740772538083
0.3199310857581703,0.43801238659081176,0.6164395388703582
0.3143880967159784,0.4420769037410637,0.551743120712448
0.3064701213694685,0.4161180166008413,0.6055849623198217
0.2981470386954596,0.4032525281380179,0.5961180311361172
0.3107316731955003,0.4162009059140525,0.6630778736366834
0.30931884691082295,0.4119999179418326,0.5815414293537221
0.3180546044304801,0.4391336912369523,0.6619808763510115
0.30735649670486664,0.4059964758778104,0.6417245289236839
0.31509302026938735,0.4158645817141626,0.6082679669526905
0.3331418102723644,0.4744442814360828,0.5782097354149823
0.33200717467441376,0.4528355181653431,0.6146934138717199
0.31527571517692293,0.4369885706672095,0.6161831333065949
0.3324679812706622,0.4786989728949521,0.5856262083166746
0.3312105558220857,0.447077284452816,0.6098874866834413
0.3221689009297571,0.4435149168078146,0.6235003444730348
0.3009659864277378,0.4131516493971752,0.6307499789540882
0.31800538528932265,0.41980611401374057,0.603300100919125
0.32723826562689906,0.4439268780154949,0.7577871351723436
0.3301699415733934,0.4334035212157971,0.7449311770189736
0.32805973848647485,0.4508346282462016,0.6072764381597673
0.313659550895706,0.4196624009737961,0.6622628431690285
0.30829625925869136,0.4117224361056971,0.7452853332288886
0.3091504565099498,0.4143094538258944,0.6252977792212602
0.3394200460542367,0.4636873197106053,0.6313375049504891
0.31734789786074374,0.4151114381473084,0.6495005742453838
0.30342531803001255,0.3997769136989151,0.6530477151576751
0.320677922050779,0.4298780801087638,0.6273907388123221
0.30760619705577846,0.40585536027892055,0.6337153319436898
0.3162377316583511,0.4041262932738339,0.6577566254492713
0.3203633214925536,0.4463206469260282,0.6390465935652275
0.3503284292288638,0.4524205102566842,0.7752984300228901
0.32690268382698257,0.4596201279242885,0.6277607447686545
0.31545210417204134,0.4087419722713934,0.6676525305128581
0.3253083113997207,0.4567659816298978,0.6555370055572359
0.34259649741787335,0.481767453937026,0.6297826073006121
0.31687727613858485,0.42884281323395096,0.5764925460672932
0.33563201227838446,0.4584684513619661,0.5872306647253513
0.31946659020908447,0.4140400867585346,0.7208162249771103
0.33240020057572245,0.4494802625925508,0.7440601409446659
0.3063619309635155,0.42413308910657066,0.6705768933803528
0.3191536504801027,0.42994818371964144,0.564963193861766
0.3134986189754467,0.39907008660639703,0.6228846147993341
0.3316779068880781,0.4628154451757023,0.5938436655203292
0.31392137181656066,0.4096181632349573,0.6907015829229364
0.30249675972309437,0.3948997155441541,0.5879964812053697
0.32458554845895266,0.44867775897626705,0.7779974132234685
0.32670908976785534,0.4650012179237819,0.7575896478364492
0.31948177518602916,0.4491446484920631,0.6566972209260264
0.324123966137339,0.4506543544827597,0.6907253503243871
0.32177728817949686,0.4247273335617943,0.7048290051297633
0.308186819372707,0.4018406125539248,0.6509642056638976
0.32232999930640416,0.4238700094853866,0.6650257318804763
0.3144459916569127,0.4274982882088102,0.6345157352717363
0.31885458805117894,0.4429507261465437,0.6354566833712182
0.32294793912196157,0.44277137635342617,0.6625860296317236
0.30970350043467354,0.4261242229376513,0.6181601214455523
0.32151620059806063,0.4339161550609449,0.7604386401427097
0.32571208895530757,0.4604667200982952,0.6775752379618041
0.32924216303647036,0.4694229794466043,0.8859796737399201
0.3161237832878021,0.42284112945528507,0.7739149524887402
0.33121012885848694,0.4570717788143797,0.6797637877418188
0.32112338256713946,0.4228206133451885,0.6944387036247069
0.3269737738187908,0.41238875777568496,0.7048131404395739
0.33269762181605134,0.4484069020067775,0.6883306392757369
0.3258201155118091,0.4391067008320267,0.6220475380232773
0.3101279294495616,0.38379726085101146,0.7007420455448874
0.3401463733626046,0.4617479622715821,0.748002448485146
0.3462424188502217,0.4772897321294193,0.7271454981236927
0.3175341233680349,0.4281303939024629,0.6703460310817139
0.3396668305060323,0.445213121797843,0.7655762055945388
0.3289433158409993,0.44868436026652997,0.6414216999352249
0.31834125294947696,0.4130318662746632,0.7478031614050766
0.32128642953608433,0.425241766144309,0.6773146576445137
0.31661442318172495,0.4284665376134292,0.681874963143047
0.33588799542600156,0.4530430096738901,0.6564362700116132
0.32498768643849374,0.44589163968163376,0.6633311338144398
0.3198106825503519,0.4069361389282528,0.7234309086975163
0.3247762675118452,0.4341213898614877,0.6552725334157343
0.3214100581021957,0.4394745681139501,0.6305003955212355
0.33145461341979643,0.4638143433196503,0.8537936902060883
0.3337988899612972,0.4399715556666809,0.7104446779201438
0.3140557452276466,0.4167134984562909,0.7852677148134097
0.3312753291752446,0.45018819344260896,0.6628774523453705
0.3256969282763069,0.4440578548791983,0.6908812444591114
0.32303529856646745,0.4299338497572722,0.631235112384201
0.3354122550626238,0.4556308053470676,0.7379275848447961
0.33356733940347566,0.40950156448223735,0.9073351265476359
0.32079330417071167,0.4239301886854717,0.7544114486950013
0.3239120229232805,0.4153322788205789,0.6507785054609486
0.3249179283909633,0.4616249225750274,0.7130073280019815
0.3109195792166337,0.3774865882569272,0.6636447786608737
0.3596435292950699,0.4977339915202383,0.6931866340526728
0.3254030425207584,0.4289361548260924,0.7603240103169071
0.34016450915440394,0.4352376444236401,0.7271662399395489
0.31767084760120917,0.4110596773261992,0.6378400213572338
0.3318795523484019,0.4295397339432859,0.674094041857948
0.30872526048988413,0.40489242414326426,0.806697150695292
0.3241400625013894,0.4209384292797824,0.6905078056168249
0.3362804359496105,0.4459745776739416,0.7164380996429474
0.35613804378059755,0.4737868115402153,0.74806900419082
0.3606765048166804,0.4871280567258132,0.6478511711771999
0.3276889138136656,0.4224920413875526,0.7041680915364124
0.34962670161472803,0.4493264310127279,0.7868897238931298
0.3340797426540111,0.44130340163628096,0.7992616364455695
0.3509104473365376,0.4798614523024301,0.7035857358671674
0.33472384620251233,0.4249675414294851,0.8550618158334838
0.3294501812778418,0.4135396993262266,0.7672256358821048
0.33679874241526164,0.4285409032869046,0.6952469626545866
0.30779942545310895,0.3735071852821312,0.8553329757782565
0.30835914203268283,0.37926572402331815,0.6998219501540749
0.31734253221636854,0.3849259217339322,0.7873295378337101
0.35930641357684384,0.4690565317445695,0.7522444105967765
0.3558521945771804,0.4556898037307816,0.6885568646681981
0.3438017448704382,0.4368414665834909,0.6590962480381927
0.32699526522888617,0.4136164153729521,0.7106288218006712
0.328471076433068,0.4196017477312637,0.7510715568026367
0.3291364848761398,0.4190014796031716,0.684572392639161
0.34558007541342123,0.4314296483587489,0.7174362053156158
0.3473782257364399,0.4463045331861447,0.7905161755916809
0.3489383960586923,0.4651982773821951,0.7733420361881403
0.35423168624055196,0.45914912399202,0.7822963898019972
0.33184788683339056,0.4133302114902419,0.7874141742020067
0.3557424763295209,0.45893019295680204,0.7651864238354813
0.34509018985946527,0.4551654458884422,0.7905065850448186
0.34737238864593395,0.4485784779719173,0.6935469048948225
0.3377870776935791,0.4370839234504935,0.7401397257936277
0.33406530963708136,0.413129873033696,0.8450377237092315
0.3329742628834545,0.4123533941686771,0.8185496933137546
0.3268380563060824,0.41508850627089294,0.6778116808931409
0.33331677359835,0.4405139634764382,0.7091481235291175
0.34541682296474824,0.4622543385022632,0.7592312142526619
0.3206333941917751,0.4016940266492186,0.7745337081500927
0.33570249235915056,0.4310467673414051,0.7839796104090201
0.33795224607615704,0.4457080039874414,0.7867859595664646
0.32518377403894067,0.4060050239175205,0.7574517348911636
0.32894007017381427,0.4090070779032985,0.8047727812340529
0.3417958045636403,0.4359434205020541,0.8031620767734838
0.3262572214002983,0.4409929475071538,0.834247636827041
0.33664011272062266,0.4116046073388249,0.8474196981548611
0.3352888136710317,0.4372339231342439,0.7131527530724833
0.35212877204000015,0.448381286419524,0.8855699844377527
0.33764790314123405,0.43915185279692615,0.7086962764703997
0.3659978051291121,0.4636648428694386,0.7979605947678757
0.3426571969676462,0.4392852588475808,0.8005639215029018
0.3472130916251872,0.4434487158411269,0.7754169877364752
0.3469381360659986,0.4519087136029082,0.8108698346955387
0.3328271581114249,0.42309558048241735,0.7636567292760356
0.3364057417597391,0.4319744449086758,0.7282459779342115
0.3470929659392302,0.4479882806133525,0.8607672584252093
0.33729713363943575,0.4379619821318673,0.7748217619573246
0.34969090194741653,0.4475551056841184,0.7758355003408178
0.3414323656318927,0.437630601988533,0.8763114896616291
0.32283817328448605,0.4238493008193865,0.7777794746831713
0.31948647706657907,0.4127631129600994,0.7647077837477607
0.3574108198804552,0.4815789755533464,0.7342496999232307
0.3508295138610045,0.4674485676095194,0.8822131350426892
0.3468466391853383,0.44957823550133225,0.8341932424067738
0.35172829055217486,0.4462928107311669,0.8505434093871679
0.3409591232328296,0.4255448894157279,0.8148223517766433
0.3424746539469132,0.43711455041916736,0.7521008984299139
0.35415407614695615,0.4713718736575812,0.8211537286258769
0.35400038453251653,0.4417309602947123,0.7804817851348753
0.35646859664395114,0.4525439991700696,0.8447650787921581
0.37004905771933466,0.4938023606335885,0.8596207941157248
0.34655312651921477,0.4333425310035414,0.7604633339537789
0.3610829234790819,0.4686116245266282,0.7972670316980305
0.36518989475905206,0.4806297934712663,0.8003164405192684
0.3901955676601838,0.4981268622966498,0.8273923792030808
0.37231568865862286,0.4867121468434078,0.8021336586879318
0.3679641624526516,0.4623682442269559,0.749518111952788
0.35478756755932317,0.4533931595202034,0.8248978607920147
0.3995467047495556,0.514463459583542,0.8162000337283045
0.3935936509902706,0.500088597678511,0.8794503740463593
0.3877302564063051,0.474147489751932,0.8203878643364311
0.42990644146063045,0.5690501688119769,0.8790918197058586
0.395024467497775,0.5243352684724729,1.0083795188694262
0.38821424694524714,0.5315477022507549,1.1574308588603406
0.4138714938441582,0.5324094389610482,0.8395968650981662
0.4119725522998911,0.557479305832103,0.8148334965777653
0.4136623662472534,0.5351083450077393,0.8306782781710615
0.4325260476684267,0.5766519400032208,0.8281023880024384
0.42169620718684553,0.5757072663507161,0.9376790626551906
0.42477573269988994,0.5518264640830961,0.8930698894018683
0.3939847309200493,0.525599980715099,1.011788487108192
0.4087697838424004,0.5856763023109246,0.8095272990331926
0.4192803403921815,0.5878295766585268,0.8292692159133965
0.42014634633193226,0.5901443247814812,0.7782198693792359
0.404973801037152,0.5788638465338644,0.8547448535237738
0.39717906006762616,0.5608092729931771,0.9015361994030952
0.4031039902490917,0.5792311555187798,0.92224856554614
0.4177741668755225,0.6137693991740649,0.8954114750747109
0.37211828430388944,0.5884270903523803,0.992383297255808
0.3758842550529402,0.5726612449795739,0.7937195996082704
0.4555957706987456,0.6100023047795579,0.8697623394616986
0.4365734961731289,0.5950658028738836,0.9703721346492854
0.46396564754500264,0.6023601806380507,0.919376279366446
0.46933742783051285,0.6272544968026527,0.975456028270968
0.47115745833908507,0.6213902038576881,0.9746219071043016
0.42823901226501504,0.5617490376812211,0.9404742845739692
0.49451755712112927,0.637675297050265,0.8968374802062153
0.4847832892292935,0.6721277138847079,0.8765448180776342
0.4483395445575613,0.6216861971970331,0.9952297510834621
0.45651746351510647,0.6618656214392448,1.113972413886783
0.4945423781104087,0.7190358266863558,0.9839843872547006
0.4849060528269778,0.6703659909128795,0.9450649268800936
0.5331911102534286,0.7251009515469042,1.3428275209336824
0.4655391865179307,0.6779433056877683,0.9685639869172
0.46040726163660706,0.700956936705028,1.0253305329718645
0.4423781026142278,0.6422989100935442,0.9900722601129311
0.49795329461495336,0.7144904500397926,1.0270059675667174
0.47449583948556007,0.6664378993525156,0.9017771209594814
0.5030040092089051,0.7168143680816179,0.9851905656069694
0.4841900304182489,0.6922469984886771,0.9767478833244688
0.4752200075660095,0.6925729629200947,0.9828575800218896
0.49626559285061256,0.7329109518281273,1.09818351665878
0.5073974314703817,0.6645415241220318,1.2787944753942118
0.5001011558770778,0.703771709200518,1.083706794854322
0.474101318297254,0.6665609127985147,1.1468526499884475
0.5135531617096339,0.7181765997805938,0.9488516567519392
0.5058484432647559,0.6547435974688928,1.1243973687357995
0.4820324097003844,0.6629587460938977,0.9312894739891052
0.4809205844047518,0.6994832863487517,1.0604111987352902
0.4927604653836336,0.7183535762460305,1.0376701685212923
0.5021130473026261,0.6765614980009609,1.273447235848532
0.6211090623226454,0.8974663874228966,1.0169933085932434
0.853763331276069,1.2186796846535979,1.110753029976066
0.736586500810607,0.9094870637495776,1.3838984251601008
1.1515324220658445,1.2866093967516137,1.533183356040268
1.3360340221748483,1.6361716874040446,1.459788227598044
1.359356909406489,1.5579906471600882,1.5350705410734289
1.3238681775871484,1.554419247835891,1.5316262379090246
1.2897593643022478,1.5427608654872542,1.468477866291365
1.2796277175081832,1.5300840532504705,1.4735126528477545
1.29993942119567,1.4969657519388375,1.490560213216752
1.2850504060145704,1.4957744826869956,1.4470608373506804
1.3251248949877381,1.5221077627448112,1.4857905858716782
1.28113296224272,1.4849152770866554,1.5886345731598992
1.2543236451739928,1.5032287948799736,1.3843522848809442
1.1760614833900565,1.4978876586819274,1.4229854908836497
1.247437143004431,1.4902245142762933,1.3513668398732241
1.2899016556964997,1.4641162151266798,1.6729415534441656
1.3024221397875615,1.490243257897456,1.5360303599238905
1.2492572911057345,1.4745249377912844,1.5320552916992451
1.2341447429838215,1.4785677579138643,1.4943947248244998
1.3384548334316049,1.496498265888328,1.5426292712473093
1.2820906899062061,1.4753014576889705,1.4071936891615917
1.2787757443869592,1.4778250571247051,1.4556312288857836
1.2509650833829928,1.4997275262616427,1.5532915732155193
1.2976090905784106,1.507422289047519,1.6780752451990066
1.3128171429426612,1.5370197775040737,1.6735510162481684
1.299400531865059,1.5021095619240932,1.4407028137543043
1.2981298071815681,1.509470701447838,1.5100252627867983
1.3425230837442632,1.4607393447459849,1.6271702563299832
1.2696488585929462,1.5133302692867894,1.4685769489989893
1.3813016228309445,1.532948705375666,1.798874624535001
1.2837355039140772,1.5161967880274936,1.4390190414860036
1.3299644113277702,1.5158639523387094,1.5518118321778231
1.2944113197047693,1.5016634267472322,1.4092298447411156
1.2705991770398064,1.502423431272403,1.4529717240519389
1.3102040742821395,1.4885943026439674,1.6121005454653303
1.2841382155945091,1.5080679314442895,1.5572482603323166
1.2894703277395805,1.5316583506671229,1.4770153955893282
1.2848224505073154,1.5101208983108887,1.5459152003756629
1.2941069797503923,1.5141370461719077,1.4580708021553648
1.3093466659377486,1.509151258593788,1.4790219039617991
1.2309181812066103,1.4910025874499897,1.613181657303976
1.2498502745678612,1.5400858890465141,1.4976451103636577
1.2739295401073354,1.4850476275333326,1.3876053675670537
1.2958352334212109,1.5176483260144644,1.492264642876752
1.325749168373527,1.5219750349279446,1.5116743811574918
1.3663443398526536,1.5311705787204288,1.5121630583931762
1.3198794113342749,1.5381450817315132,1.4759462297983827
1.3206035143842154,1.5295504258186101,1.5081337490225355
1.307435932122466,1.4977239641015845,1.5731142765645283
1.2842368568838847,1.5087241585388051,1.5308367922408361
1.3045238584446335,1.4999491848849411,1.4846825004401665
1.3262837301710277,1.5075790135861822,1.5527317544440962
1.2965121534679505,1.5269398343681704,1.3695367186916028
1.3143013795825598,1.5405120585236074,1.4498689242745677
1.3310932873014547,1.5347907079200769,1.5209653662578149
1.2922448517867988,1.52384160145852,1.5080821876323287
1.2391589352088765,1.502918412797046,1.6075095660617214
1.2737592269305729,1.4789065918180575,1.4316589351718836
1.2662861359751965,1.4948353996206143,1.5384460459959743
1.243866338799563,1.4802691389419966,1.380581870139136
1.2327938504225566,1.5183974801004014,1.4574375076087152
1.210794415302433,1.431236738208061,1.4612866195958776
1.2195994837817656,1.5040669705879692,1.4091925673016326
1.2520585132059352,1.4529640096876673,1.3719033138158379
1.2380135353808313,1.4268239684336308,1.804327881052757
1.2412400655807572,1.4545812871847985,1.3569750343951208
1.28140672036647,1.479509424175461,1.5891384437844087
1.2187672654886963,1.428817991458193,1.4058640513477356
1.2288336518444958,1.4468309928343177,1.357643071725049
1.1976337348616541,1.3968211145579297,1.4639019601961536
1.2256305644817798,1.4104930106576037,1.3598220636184348
1.2223188785583403,1.4147555782821557,1.3473950393359002
1.2225739517705387,1.4114861219691957,1.408109535706426
1.2071308778174172,1.3855848906098194,1.4015490567672535
1.2226559202509169,1.412435823285238,1.3564596590985116
1.2214172349207626,1.407792421178565,1.3546760160372011
1.2396786631489454,1.4291512557420274,1.6763497726628611
1.175661895888918,1.400481655440496,1.4074446502101268
1.2203616215259943,1.4170282228644364,1.4503359338527002
1.2099119970442596,1.4301289328854891,1.3609729109501645
1.2365741387897262,1.4342382506123794,1.3391591243942742
1.1808128431477758,1.3971206601685249,1.3786343566273382
1.2711907878431599,1.3976882132562525,1.794328791005212
1.1676417596123212,1.3949600946144154,1.3003072611890087
1.2376434956537548,1.4143656888035017,1.536737635822612
1.1853710648139844,1.399355663779966,1.319264224767518
1.1500478770890514,1.37689387146611,1.3471492164576353
1.1845282560773776,1.3590682038420114,1.3419294216495334
1.173944511903435,1.3650381197122392,1.4127422057205086
1.120207915408932,1.351779347678611,1.4511773438386313
1.1629083405381333,1.3448482770009205,1.4285206121919385
1.1545175766862619,1.3148699481444392,1.3645798891413927
1.0805570456533178,1.3235914395473674,1.2627315316621317
1.1376453756416172,1.3739362136678404,1.334269474434985
1.1348760643524196,1.303197582438593,1.4534508721356398
1.1143549169093097,1.301139789430001,1.3435619212654464
1.1161523586953621,1.3366935662122577,1.3352448909682608
1.1490630287971104,1.33583710610248,1.3476679709520152
1.0211567327331492,1.3136926578841388,1.6138689345619324
1.11030427981447,1.2951411777284418,1.2543837943115164
1.1431342858342202,1.3260803125770697,1.26730217245117
1.1531064008728569,1.2722162292145969,1.5291831316371325
1.1126344666108783,1.274625137228427,1.2918454383024258
1.1103971739601868,1.3044134804903564,1.33621578571837
1.120970381842445,1.2791632035635727,1.282045799959929
1.1188664327781541,1.287898150148015,1.3298403286900768
1.1132842942179189,1.2720378775222227,1.4240570259613758
1.083045322750329,1.3188910335256423,1.4608073087040132
1.0917911635874946,1.281173690839968,1.341314239864905
1.1138009443873633,1.3039820679525658,1.2143717830885767
1.122006636978822,1.3052198978097875,1.2557976669514168
1.1433349722110595,1.31580359593543,1.3432175742485557
1.1385258251659598,1.3187954700255835,1.365340653651368
1.171665764399409,1.3092623999252992,1.4231718511773694
1.0857040604124333,1.3094792682548524,1.666764427888631
1.1107837249725896,1.2977108514091495,1.3063692384731616
1.1339098298697843,1.2954191508685688,1.2577713837848248
1.1660358405072488,1.3256977985516305,1.351139672400422
1.1247043387255766,1.3375589051628385,1.3880907551039667
1.1364999381100669,1.3082709455325596,1.2903518188427026
1.1455926287786453,1.2928558004054893,1.4581978667838291
1.1467852439166502,1.2954024154404222,1.3155509692902232
1.109255046357812,1.298475496971753,1.3419805691065445
1.1475451547392423,1.2977091102751392,1.3175278625471103
1.1293752449273564,1.2921360954713583,1.3010348536674288
1.090410596313637,1.3091606089975687,1.367671937083934
1.089535552605789,1.3247648401997123,1.4452845959063632
1.1681517787084696,1.3224512330047036,1.3816870222055715
1.1341581418351994,1.3143085981891138,1.2592796765470688
1.1217201449560594,1.3207691333574183,1.2412042945999708
1.123090884126592,1.292970460779319,1.2625403626116871
1.120050247043663,1.271949754075162,1.266655888835829
1.1242959322326416,1.3099480871643008,1.2672832500244229
1.121082672453648,1.2998264263177008,1.33742450223092
1.0893561909673948,1.29963583490777,1.5112308986453422
1.0978957874465998,1.2802140271399247,1.2423864910488351
1.1632751692930263,1.2950086528163394,1.4200406316741745
1.0766673600195191,1.2925746470219606,1.3197490533763383
1.106999873233409,1.2765036448231837,1.2762671808932384
1.097118127545912,1.2641911949727371,1.2327314375849796
1.0986758836081187,1.290480966786029,1.2257894008109265
1.0721249102721537,1.2448925771198174,1.221607901965883
1.0456422570073363,1.257510934069124,1.447641980650494
1.039434822869908,1.2108963214797033,1.2332347350946442
1.0476221376510455,1.2250010876085224,1.2723807566763297
1.04810105628244,1.2340861041424078,1.255933533153646
1.0514023625735962,1.2160987048539484,1.2729765338794643
1.0507935942922868,1.1981509518142233,1.2567854935672145
1.0228289956258405,1.199177835762821,1.281759711315662
1.0219084234619158,1.2086555467936768,1.4670911151496568
1.0197993943573973,1.198854708682896,1.2469177034803354
1.0182926385375983,1.1874203910428087,1.4264305141084688
1.0266925753542844,1.1949557996677715,1.327370237690352
1.045007573702907,1.1995717478569643,1.2088940059296405
1.0539479832564969,1.1982981678616498,1.307042735498814
1.0159418359722776,1.1617975753708345,1.1541726050580148
1.0361260089901498,1.1768209533237919,1.2930834483854958
1.0209896372986977,1.1877614917243895,1.1788508531571535
1.0175048952508512,1.1756238575578088,1.4293073711960234
1.0252566041981808,1.186447317111858,1.2340213753186604
1.0149542303683683,1.1806347960843415,1.1846565321723093
1.0020728236670768,1.1697869909935907,1.1667113280326598
0.9987700150507315,1.1771875651844317,1.3164918274919497
0.9971387749641173,1.1713593149524857,1.1598740436007355
1.0209540797506023,1.1959157632517516,1.2240847390720375
0.9890661090701854,1.166559036887268,1.202541683793004
0.9943307537670526,1.1961277695382375,1.4102217683272442
0.9922898834678915,1.1609757349814875,1.1735757437626562
1.004965514868503,1.179826041164305,1.1214417388669415
0.9910790059072789,1.1690101775410129,1.327180555079054
0.9578630563619348,1.1678180224515815,1.6058433180025184
0.9645377863433606,1.163538248247023,1.1710908404351148
0.9603576008335309,1.1442904457804346,1.1575853576851454
0.9480080156617078,1.1299915293966694,1.1802614145424852
0.971220735104448,1.1459583291239952,1.2639999851182817
0.9610219304220691,1.1433621267083545,1.1373045534773112
0.9624765364172224,1.126632422846837,1.2380244681005304
0.9818366624680179,1.1465971824943957,1.2170803702020627
0.9395705239534888,1.1434924270693931,1.4382559465471705
0.9633594603336186,1.1116442169433316,1.1792815396595648
0.9612759717634893,1.1266927102117412,1.1201174915633942
0.9477516449938502,1.1360894430546469,1.3726145097312386
0.9779845523127885,1.1327425618299949,1.3451996449703072
0.9609804741449921,1.1371295135943718,1.1798707863754765
0.9741375386761646,1.1463271655884966,1.1886046174280538
0.9519787999721473,1.1376033030845776,1.37603053781894
0.9936630012196842,1.1523131329860987,1.351070451190192
0.9636075554722122,1.1376208079373809,1.1580558453186325
0.9657805398782426,1.1412397443278308,1.1575163924899097
0.9596992745692929,1.1294061276632938,1.1231497654762548
1.0008051510756064,1.1378193372397805,1.3456983368874176
0.9605059958611366,1.1005527917360638,1.2463478400400645
0.9609120951190455,1.1149798884337023,1.1701033562596768
0.9478186205972234,1.1123252685942604,1.2310560895417142
0.9335175361789445,1.0887232918894816,1.1432724873089146
0.9121162568695084,1.0915327145511602,1.1121806722593406
0.9319507153770948,1.0866746896363044,1.1602959850413566
0.9368898557370862,1.0922192744078196,1.3059889853056066
0.938381717434485,1.0829402258046894,1.1653064754272542
0.9389230450846661,1.1106199248395854,1.1323270396927223
0.9385963428848213,1.0777813127409632,1.1525027452842396
0.9446884300320751,1.1049063302509956,1.1111047198876691
0.9420220817868031,1.0932419396948736,1.0896178869092603
0.937477494172483,1.0788773200348438,1.1620283674487308
0.9425038370298082,1.1052177614388172,1.1368009592660229
0.9520637045120943,1.090633678144138,1.150937042464501
0.9502501359969222,1.0944807080329813,1.1726994447819843
0.9646789422420686,1.1130591130336898,1.1850395961806797
0.9346155924308625,1.1173535054854082,1.1181283628380327
0.9506720646185832,1.1294193315891778,1.1917396155416204
0.9344133931337112,1.1170767478707124,1.1657692257134658
0.9447113803337497,1.099882013381798,1.1163797184796365
0.9365758194904009,1.1177806700287185,1.0983681336213886
0.9507879562089409,1.1208734813153731,1.1176415403837503
0.9280205039493807,1.0906333816901028,1.202749149985464
0.9299875778470315,1.0998917755116324,1.0993418354224722
0.9576202247971721,1.0944995196757097,1.1833644718089842
0.9426537991647925,1.11247410418708,1.1141028967279878
0.9393876908126169,1.1006498509273526,1.1655649003663096
0.9317354119339372,1.1061445102359764,1.4521548826589452
0.9342244160267954,1.1000258898913418,1.0553558214056646
0.9357686912782738,1.09442620951717,1.0875468600676652
0.9407497123817211,1.1262108031856508,1.1056285718561103
0.9588159764621076,1.1160350340443443,1.1981209151401626
0.9471078756309583,1.1136236731918396,1.1830431013800775
0.9276133733417058,1.0955547456168055,1.194479665562647
0.9442423703845898,1.1253423153196267,1.243558851297579
0.9339093012887736,1.105662432319523,1.0679453435011483
0.9195655549395175,1.086239768004465,1.1094580387031667
0.9197444949020007,1.0895102319076926,1.0965655935685354
0.9317955230869017,1.074864897335343,1.1366324398885514
0.9311676031240258,1.0895070419393234,1.0915562577616542
0.9125305495658327,1.0889845726153071,1.0522234039967366
0.9149790862290732,1.0666917842621528,1.0456966105911976
0.9024460036845963,1.0825606284729528,1.0938026047014888
0.9176851250062,1.0876096091922094,1.0943650214701692
0.9232264886616568,1.0755405445069144,1.1358326739298759
0.9113752134243341,1.0748428994855828,1.0597362653995328
0.910910068973462,1.0886995343261794,1.25774432385833
0.92848475327611,1.0617877016362929,1.2684336872384234
0.904661895849791,1.0816644178047212,1.0736429770806089
0.9034244929321206,1.052207047156967,1.1840720045625381
0.8988963264090704,1.067175496051547,1.1332381477512794
0.8961383684370517,1.0569610475818385,1.1276064253659963
0.8729693349816803,1.027250505007164,1.2102015761147575
0.859287798916755,1.0296320974285564,1.041993333259682
0.8434252186406717,1.01266207176255,1.0177799715192544
0.8288185419346975,0.9903443317056876,1.0304348923280071
0.8313136274943858,0.9784562154846204,1.2319738395069273
0.8233194187027439,0.977010987443492,1.15503054864308
0.8200776620625164,0.972759681699282,1.094073189199348
0.8222864799007471,0.9817243122296804,1.0435421030435543
0.8262919110035191,0.989068879256999,1.0276537015858234
0.8249355610271656,0.9861690958296212,1.0815043280493275
0.8325015199670728,0.9820640884184876,1.0868784195077703
0.8125693095900468,0.967954562005382,1.194692842959525
0.820528604176904,0.9684221859972321,1.0050096514189941
0.8148424237950493,0.9759051719310464,1.014837683415924
0.8151778626053932,0.975214431389278,0.9907452173411516
0.8361941871088371,0.9715482548561084,1.040828065937576
0.8114212419801754,0.9774965138632368,0.968862877636554
0.8166161689797227,0.964248295724326,1.02548499690726
0.8130396159759375,0.9691680798031004,1.0187591812235126
0.8217355600687284,0.9797322076730882,1.0336098728116034
0.8284980797736468,0.9679409873010376,1.0579662449481966
0.8196438487746065,0.955816481827085,0.9385708263001804
0.826927452292053,0.9895533702533448,0.9945989194320556
0.8250366193299103,0.9830666128188952,1.034358547245308
0.8350917206917878,0.977791791676064,1.20928571775724
0.8347462303627847,0.9838647303706484,1.129583231331704
0.8292553857574577,0.9761652023911592,0.9730821087014628
0.8286470013452507,0.9777703742031832,1.0030144676963073
0.8288149114499993,0.975131046779761,1.1615033917648994
0.8368214282319956,0.9807819563435908,1.2527752015703202
0.830867699109998,0.9782559639970018,1.0087658089466125
0.8322890375090037,0.9916826350601304,0.9784871267322184
0.8130039476468718,0.9648431686339058,1.080629925710304
0.8064462093255167,0.946575944310304,1.0792898376277933
0.7971254922187867,0.9397258217033824,1.0389542121052775
0.7915328042880581,0.9335978685271012,0.9840762603892292
0.7918206627671682,0.9394820858478244,0.9232416151876676
0.7820305434185935,0.938679625524543,0.9708053886698771
0.7939419590733638,0.9312931556532028,1.0828053714569488
0.7950408332640199,0.9419475828483276,1.1024238738861454
0.7873458749986969,0.9290783326517792,0.9768170657094256
