window_size_1_MASE,Plain_w200,Plain_wAll
0.21356128918083672,0.4876435401735815,0.27040924430040475
0.21244105010986844,0.4712536893593996,0.2913964603672175
0.20887557533836812,0.5037865674623973,0.2758463622027686
0.21015410319454605,0.5076743815542275,0.2795339027856497
0.20778278668065056,0.5027818597624112,0.28001441374968955
0.2059785361071352,0.5272601204358994,0.28621170707214216
0.20615765918391374,0.5258262350182256,0.2756709851785163
0.2179046984717329,0.4914967513125502,0.2972063260005388
0.2115082611066734,0.4945625953448314,0.2754862571794423
0.2071852285188494,0.4948915694474478,0.27176556431122256
0.20311076726800562,0.5076934838593684,0.2738509943503193
0.20936877923059963,0.491455878653255,0.301476930630645
0.20152984959183734,0.5376941542012859,0.287731217788796
0.21063910896265134,0.5131236752337308,0.2839691079579583
0.20752509531464586,0.4738881407585782,0.26426384726884083
0.21502967529818715,0.5188371711800808,0.2771081719611909
0.20322372302227668,0.5206654275799056,0.3036835417932125
0.2006239492270419,0.5040296673496578,0.2820331644777031
0.2123549616977899,0.4964498863994102,0.33045815999724937
0.2173807069249904,0.5126486645636249,0.312770857802053
0.21495739668333805,0.4994103614863142,0.3144782859668669
0.21287260623548795,0.5010911500762538,0.28232700230806185
0.21879360335700795,0.4899022639588521,0.3427894188380436
0.22290074645013816,0.5086475941548897,0.3037442385040624
0.21816447516955584,0.4918591867013373,0.3069271425706463
0.22984091788808902,0.4861620302205138,0.3166320962465501
0.22014598650624279,0.5246601068524204,0.29542014756675355
0.2177155467936465,0.4956083743773473,0.2860329805069277
0.21320648124368788,0.479177905759484,0.3073587099339091
0.21319394721127233,0.5236708506106578,0.2693565398113782
0.21569407690598333,0.4868290383659011,0.30380478849973663
0.2168924059788641,0.4898468340018454,0.3123964370656174
0.21690134384452386,0.5021213818475279,0.29496765822765225
0.2181040693135688,0.5146955653689385,0.2927816358912299
0.21359165074231387,0.4739970451755848,0.2997740559501155
0.205781071168683,0.5061825009849007,0.3207665481009461
0.21836400708677098,0.5210200384365308,0.2908717039198148
0.21723162819412942,0.5040031083922079,0.2930937555088217
0.22287375230370285,0.4914134296824551,0.3195852458054882
0.21801819353879942,0.4992285286201127,0.3017416801937749
0.22401351652983015,0.5224096441231967,0.34327366338049464
0.21554147395670634,0.5123016269551731,0.2880771634430705
0.21074206659581474,0.5131311299141461,0.28249288124780103
0.21134683612298807,0.4937558725604188,0.3031904256469488
0.21673270118888388,0.4950236411480702,0.30619159837023224
0.21456367536065094,0.5426291869112132,0.3091764730460332
0.22203613287566626,0.5187964492770638,0.3197663760916709
0.20899307389594923,0.4977380981821218,0.3106337112895694
0.21883190982091372,0.493255449120085,0.2989521679268265
0.22045723183761162,0.4774823429669239,0.3137352599634425
0.21755796160600224,0.4824379296515962,0.32143446807622184
0.22119481486264625,0.49465034672883795,0.321760966025682
0.22404624616017904,0.5164313957014189,0.321316590968743
0.22309256569670477,0.5118837181917394,0.316396724255736
0.2242285521196658,0.4967648714637972,0.3097567800212765
0.21768756990420957,0.4857273286212914,0.3307706300884326
0.2252864333681344,0.5381877788631111,0.3868307168180706
0.2175360329607905,0.5148809529412209,0.2982579023968108
0.21176653467939577,0.5238827270267435,0.32318889209630425
0.2194856535164894,0.4891987486469925,0.3175727522846608
0.2197646472049582,0.5179588092963437,0.31904325407730105
0.21441411012375325,0.4932890629715597,0.3076178153932308
0.20597223460919112,0.5071656006249152,0.3176638639598461
0.21211275122549378,0.5028983373211525,0.3488823542675757
0.2250305800062621,0.508716275843414,0.3084690428555543
0.2137957038989878,0.4764036064159883,0.3419018378704844
0.2245697598995275,0.4986630216341135,0.3141187677183685
0.2233092117009474,0.4972730305423772,0.2959106150853587
0.21376418267055664,0.5105565790414703,0.3183146041467457
0.2231509261330652,0.5209097270797077,0.3063369327199018
0.22992378738219515,0.5047223453081557,0.34386365515537665
0.2286734807174188,0.5123034421383106,0.3194933629787641
0.2188793411514289,0.5111793265983452,0.29994319304803296
0.22287639615747512,0.5250038015310914,0.3213827814228287
0.22750153804883808,0.5080910012880421,0.3292107946575555
0.2225443829543963,0.5021033873785998,0.31609159571660184
0.22126295706067964,0.5007406326447851,0.3953545645852571
0.22498153117207964,0.5041839923457154,0.30593654020254546
0.21627652444582812,0.5179364483373814,0.30019491206250665
0.2179385530517736,0.4986368705085321,0.3156802492900596
0.2252070058480299,0.513093391638356,0.3809559584282705
0.22644301791861243,0.5032979109814658,0.3181508066905829
0.22146261586914928,0.5125749443312694,0.3032031538735958
0.22073708855292967,0.534608150921156,0.3192271572991977
0.21635155185698376,0.4859031401593208,0.3138739208146677
0.2288689100284303,0.5003213182777749,0.3377086646853011
0.22280814076306535,0.5022243900925475,0.3431452957911877
0.2205337459095277,0.5155889367712119,0.31055096377833324
0.22954751398629183,0.4817507309439217,0.3191723946501166
0.22423712866690168,0.5205795173501933,0.31286145239757635
0.2315805950013385,0.4956592008289562,0.37284996297691736
0.21703111217162324,0.4793328660231088,0.3215589288389517
0.2273800711857787,0.5135882076624679,0.31352206122279475
0.22217859972766976,0.5086581239423595,0.341944344933426
0.22860484575510095,0.5207517740918409,0.31080610092282496
0.22678640182501958,0.4936729898476929,0.3106741302371738
0.21820423460003055,0.5410715895527795,0.29546538405347084
0.2242488820714685,0.5097092499011894,0.314408068031878
0.22501202010699203,0.5112703296128164,0.3195950347432115
0.23140655621856765,0.4967021010069637,0.3230314535068892
0.23064410918240935,0.5164429896653219,0.3461422284047549
0.22341533380651174,0.4940310369191501,0.31021921010848946
0.2276708125253322,0.5163838219095792,0.3377740418003575
0.22256724364863156,0.4830469304314585,0.34431213390726434
0.22800052089418477,0.4881172148346043,0.3155811564790259
0.22713974886100188,0.4942606754183205,0.3528373964005638
0.2305631191412418,0.5329682043637676,0.3372943034590239
0.2302500107040845,0.4821886368026608,0.3488477892351965
0.23136507168070858,0.4989874613011897,0.32853580111575875
0.22609773207791775,0.4948658185645528,0.33130872092301866
0.23176397924874778,0.48232182743317,0.3356038158698818
0.22065498848111958,0.5267485049763659,0.2903029046509938
0.22351334993670557,0.5211201830527115,0.3657292612192112
0.2256065228086192,0.4862431755860285,0.34322004263424616
0.22975236356897533,0.5486067721592953,0.3378632537313947
0.23549622446260798,0.5185930128283708,0.3683660129683048
0.2268330028613886,0.4766206445079159,0.3024605851379953
0.22778588403993844,0.5319784229850477,0.32561857756142226
0.22891308631015936,0.5262375963132703,0.3445156507798716
0.2234313792984146,0.5045401400405141,0.3288759149116144
0.23737029485059857,0.5067997721063775,0.3443082212477904
0.23598376984953937,0.5416878845641705,0.345789055201435
0.23066858172804228,0.5128858320196029,0.34451207179637
0.22847215307370014,0.4893715649847376,0.3646784227959806
0.23870269905875563,0.5036816243535568,0.3190188146370732
0.22689775428200387,0.5092129851404626,0.4018731888200622
0.2262751419656174,0.4787815166092699,0.3470110018626184
0.22787484749050332,0.4863876822195057,0.3341072965914523
0.2384431219995681,0.5135088108388749,0.3797111782115956
0.22478432344308344,0.5080491584294463,0.32163992128158697
0.2308311739859002,0.5023755357363503,0.3164939303278869
0.23002556581629136,0.4988725072840778,0.3391287800064831
0.22680296141276318,0.5086876300120321,0.3341475767786313
0.2326633461660036,0.4821105214832627,0.35323045371492
0.23398122286209844,0.5364491435945264,0.4242067063323784
0.2331035102640743,0.5032968501478879,0.33573070975836444
0.2437412805013465,0.5103242609179136,0.3872835363276744
0.23742355756266734,0.5215481133390848,0.36825192356157305
0.2360107810101905,0.5040219116852677,0.3572841340566397
0.24801303315764664,0.4970749675883392,0.40531929364930586
0.2417638433766836,0.4708161215960611,0.3700993934946601
0.22639082934257068,0.4750883995932009,0.33456332351004364
0.23243577581665284,0.4686343711629091,0.3550503206886062
0.2281117385567719,0.47917372306771,0.3599246996453945
0.2353812193113356,0.5020444288968113,0.3838014552228475
0.2352698664471145,0.5084793350074179,0.3763191056273735
0.22830793451560183,0.4622057562091871,0.3339603832262339
0.2325916216488011,0.5077835101338968,0.33499657574843344
0.23977971217764307,0.5222776106786969,0.3865596964150621
0.23647890028840549,0.5046972093360838,0.3260846516205768
0.23964789838296938,0.4973732737850392,0.38589364510301416
0.2396251887969835,0.5293255194304078,0.3275753071904782
0.23967031977833883,0.4989134735526243,0.3771828051988518
0.23159596664861554,0.4973732642565538,0.3651787007002544
0.23364529165415482,0.4982095451540428,0.38187294211119577
0.23336593882984288,0.4933872911983832,0.33880579127927496
0.24823783068833422,0.535053518008501,0.3528052393625252
0.23513862612333938,0.4870294900591577,0.34260614994053834
0.23138789147988814,0.503342637324263,0.3248116170301679
0.2466125673963974,0.4880794706795436,0.3671244147297708
0.23384527124918808,0.5110316697093823,0.3837853939625667
0.24195833523794805,0.5203936991880678,0.3742835189854745
0.23383785618296848,0.5055694061541302,0.3313458795974117
0.23772555447546367,0.5125643637458644,0.3371034581735598
0.24133104223402832,0.5088634768416942,0.3312389034342006
0.2384443537583799,0.5254140485074712,0.4143841089983553
0.23835711268522936,0.4902116556578751,0.3595713292805099
0.23548171360380793,0.5204962730777926,0.3646953223198505
0.23771970329162978,0.485043422055775,0.38209542420954107
0.2465174007393648,0.5161153732201677,0.4573679329787234
0.23163177673082194,0.5255957471747699,0.3504184516012364
0.23592479825805068,0.5205656690445313,0.360180220956325
0.23629133566500632,0.506990584964139,0.3534925647965324
0.23913338305842222,0.5100963678428394,0.3659499310459931
0.24972799484948052,0.4619305439245759,0.3674047195135231
0.2467527613508727,0.4911255616796488,0.396632606422564
0.23941979652405754,0.5022833567144942,0.3557106008858129
0.23365119039964857,0.5048696326875738,0.36823823536772
0.23723799871278145,0.4763780320926281,0.3460755206511044
0.24138660550210098,0.5064966829511818,0.375722674783595
0.2310171749795498,0.5054308480158436,0.3306754329910116
0.24861116355593788,0.4941050115045914,0.4028778538100184
0.23852865682551475,0.4885388134665968,0.35286978242858064
0.23966828460854933,0.469165944023862,0.3476500217231174
0.24858994739198337,0.5108100014993944,0.42364231236034205
0.24286186774776275,0.5162733978445869,0.3488414036268929
0.2391531551433162,0.499021874511099,0.3646354764701024
0.23395499177030793,0.4938563101293447,0.3659124446269792
0.2511309774877644,0.5247420178747925,0.3772082460035831
0.24468847560875417,0.525842478314789,0.35450778591112303
0.2406706253203481,0.4967265209751154,0.34983783813793606
0.2368687724151014,0.5045290244994941,0.34678219209612393
0.23153263407781677,0.512992480702335,0.3997389015216526
0.24506068469124853,0.5134656450256349,0.4052265463654575
0.2382095678480863,0.49740803525798405,0.3805228726335349
0.2429204882680229,0.5083226458447956,0.3641537983754199
0.25102852039143775,0.505017387639296,0.4276916616814247
0.23869845530425096,0.5101544965848465,0.3813467054009829
0.23963873157658588,0.465265028534896,0.3635372012221548
0.24314365078074218,0.5314925244810431,0.3835103866028568
0.23449921838460067,0.4938481045476628,0.3341160955449952
0.23537309004705237,0.4729423067780844,0.3402882847735523
0.23840893859909648,0.503286446282055,0.3500592607189443
0.24174295959556397,0.5120115843091234,0.3879614913383485
0.24886994327713577,0.4773173135760174,0.34704572390014543
0.2498296449088648,0.5022517530200125,0.3724354435202048
0.24634225478408914,0.5173767107296439,0.3743924898199996
0.2428121441096907,0.5002892090976825,0.37441636094457
0.24728315269737636,0.5203664688570119,0.3767653302768467
0.24655799936650816,0.4999040830844448,0.3824766641373996
0.2558834536580959,0.5109677108609134,0.4898630978891583
0.2469632358897154,0.5060353585811479,0.3720013180548398
0.24548667863230555,0.5089225949302587,0.3678230057294451
0.24789483718796412,0.5120477824927954,0.3683665470339298
0.24122458548513387,0.5183647323131777,0.4084225962353408
0.24966293263340122,0.5060545254570156,0.3730677390319437
0.24282868480308473,0.5118317710334542,0.3655097098264746
0.23885418392776028,0.4810732554054925,0.41135666893646494
0.2388609128531707,0.4824337937433919,0.3921132898802439
0.23669015100080182,0.5127224274018398,0.37162798712559614
0.23388792090625127,0.4799981191216621,0.3632813853723391
0.24675717658543422,0.5153438599647551,0.3954163952951973
0.24190448594915057,0.4808983880128818,0.3567478904780147
0.25221446647832707,0.5307311632691295,0.4338037962645979
0.2429728405206653,0.4884705832063089,0.3598473313177864
0.2391327239610372,0.4990884844951367,0.3732919693054864
0.2454178218219022,0.4663386070963568,0.3614250673190891
0.2478076668553768,0.5054168547969813,0.3673636540681202
0.24096005025470998,0.493716151991352,0.35315908962940434
0.23453252408304856,0.483679754960307,0.3939212503477146
0.24597696319572723,0.493535185278669,0.33539673928645064
0.24102746500531821,0.5028155132830406,0.3871464315675885
0.25462935970992384,0.5053206464495873,0.40605840078113536
0.248369473735996,0.4941380215170912,0.37600477091568413
0.2445412100369109,0.4594597224407627,0.36033412059967
0.25389265223871255,0.4984940197584675,0.3726898921302199
0.24024517055435818,0.4956885517409553,0.3933485288828792
0.24262417665835767,0.4978496507642586,0.38099147953751256
0.23860598784224216,0.4922812989599542,0.3420008173610408
0.24775528624655338,0.4829609192969044,0.3946003207779505
0.2387830481010501,0.5052006674508701,0.3492735367695605
0.24305118974767048,0.4681744127197258,0.3612669056888732
0.2427299509697498,0.5025702433391285,0.34400766503450586
0.24200316405228464,0.4862678885503202,0.3817509885788112
0.24502548390334475,0.4979323439691661,0.3774688145602528
0.24668763639709362,0.4898278695288525,0.4001593956773999
0.2494166895040312,0.5081436764150901,0.36267651614667373
0.25955787414212284,0.5183729240701173,0.4553767193841266
0.2503515903360608,0.5049424956689349,0.3661953164443512
0.23949484764924647,0.4972186962064285,0.4026186700100744
0.24451897955118632,0.5175097906205522,0.4145082185277759
0.24199614889298837,0.5124156081818476,0.3819977026094557
0.24699181147913496,0.4738925946779088,0.44941275064289227
0.24050367610797108,0.5110161258126705,0.38285504315521857
0.23886118156409203,0.4928184242172928,0.3959398168369917
0.2464731804184826,0.5180820869761704,0.3899603390217043
0.23669443879300864,0.4965188347384629,0.3679562698065272
0.2370212114122974,0.5357115841928654,0.3856232005987515
0.2538420196990528,0.5259580414122336,0.4004617531696898
0.24842133722605106,0.5203695241818334,0.3826350891316848
0.2596804977091687,0.5204298297755974,0.44126760800430576
0.24840445348499227,0.5096526552693237,0.35436693127031405
0.240704722777424,0.4982467405345264,0.3680834475283693
0.2417234286283696,0.5156714270911791,0.3775259992457651
0.24376119237114707,0.4874821880760799,0.36621511314069866
0.2441807153125633,0.5108694771915094,0.3870461064803672
0.2500300402616948,0.4986568134150471,0.3979889688772311
0.24251178980610874,0.5061189288325516,0.3473713046511435
0.24304546007494143,0.4985903640897133,0.42455826669908736
0.23399131357203565,0.4757892011921304,0.3684143515371232
0.23607258642733847,0.4871313404665604,0.3871548223216565
0.24983092883670507,0.5062673329912998,0.3731658593018494
0.24608118948193025,0.5196552267901837,0.4196459563401422
0.2549560719118553,0.5359781865021561,0.39745544346693307
0.2608962175082245,0.5053804045769705,0.5513063070972657
0.2359024987809891,0.5063723661281694,0.3560299042708919
0.25816473336237455,0.4949162804061643,0.4023832391006106
0.25232735650350724,0.5198167345022643,0.4842541290403328
0.24302501046691674,0.479615579462339,0.4030922819508039
0.2483096621753883,0.5027637425045639,0.37720865944398896
0.23989801627069327,0.5165321851830434,0.4143081210605937
0.24416351671826797,0.4745097739039999,0.3887437670957036
0.24949040401544711,0.4981581850506685,0.3824022850933949
0.2684301719321674,0.5055815659436661,0.489083465341744
0.24412532924962246,0.5102583647331101,0.3853402796111321
0.2475149023371438,0.4923907461094541,0.3869693710228443
0.24370670443115627,0.5334765578489334,0.3972998259188452
0.24799440556979482,0.539487876133969,0.3924080564996413
0.2525806813085802,0.5107239554837958,0.3936138291181143
0.2415921065834339,0.4940291442302416,0.3801122323139157
0.2669519742633186,0.4924427418817472,0.485190911863866
0.25531895084263473,0.4944718900237442,0.4529654154538232
0.2534330331645384,0.5316220413858332,0.4215538099395049
0.2534398760645715,0.4886717159898935,0.4330688835649209
0.2400378921505866,0.4851379992405941,0.4010964105768949
0.24680588443553753,0.4992724080545903,0.4116577213552698
0.26485648394395506,0.4917256920972203,0.4990790851560933
0.26302360625752635,0.5214182265816466,0.4915049743980512
0.24638026787703737,0.5062320955027847,0.3823762777032349
0.25097940852303063,0.5028251825291459,0.4004482268187569
0.2432914110174767,0.4851009420613766,0.3910956013520312
0.24160594826604165,0.5131752921344702,0.39618966401493017
0.2546511933064178,0.5092497163185831,0.41140638825223136
0.25324107573690213,0.5102271512017433,0.4472518798727044
0.2572324253243166,0.5208126388413085,0.4294869235484735
0.2519856053645388,0.5287880196979378,0.3979143589549923
0.25030630666269277,0.4952082772689688,0.42485850782939655
0.24943500305167368,0.47865705898836897,0.4021284628763538
0.25435423674656166,0.5316177301390465,0.4536656262904085
0.2371429167642851,0.5212670661085155,0.4572306520021731
0.2537718007853962,0.5118478073135172,0.3944244780701735
0.26000808486956717,0.512169442619128,0.4837208224517518
0.2538348335710141,0.4988115317094142,0.4252010761956439
0.2421182392556328,0.5021694644484552,0.4004450048778305
0.25376645142506293,0.5017299980111519,0.3842164473669929
0.2510965550579434,0.5174733740637099,0.3999457560642937
0.24730492608559154,0.4903182242895126,0.4760244536739037
0.2560379751974805,0.4920868153328666,0.5016149326786471
0.25445782637096376,0.5061099835574633,0.4118000548685978
0.24338352094322852,0.4825855274246548,0.3948192575910077
0.2502139818089232,0.5211748516810932,0.4171761347012334
0.2529742509120604,0.5153811960639789,0.3978558312328784
0.2520467178659867,0.5190273476260345,0.4664347836129353
0.2531552945649665,0.5257489571756984,0.42219118096833136
0.23666070497858463,0.5108426824717441,0.35234497444556273
0.2595181326763344,0.540816416603814,0.4202258335817253
0.26416585135352627,0.4965260172261026,0.4763677687516909
0.2449385012442562,0.5051507311198158,0.3838312257442139
0.2544930305431003,0.5269351914897565,0.41002918402169297
0.26275464019791395,0.5077759408650784,0.5296010823828299
0.2475506058679388,0.5147001752608665,0.4496290597864208
0.2505799841468562,0.4932286553143432,0.38705730689314827
0.2495769717210854,0.4850344045535202,0.38508071429906604
0.2552935219153778,0.5259861108073584,0.4400571293399602
0.2418104282917963,0.4995515885404385,0.38799599573021104
0.2558649267709459,0.4893045762693552,0.5019054574461502
0.24237383353219896,0.5041488994492618,0.3853366772651413
0.26848229544416413,0.4954104703858668,0.5055536198260121
0.25002923056514087,0.4704557905021009,0.4351576831961089
0.25572083197198475,0.5102982164610492,0.42401416471035935
0.2561438516947274,0.496865433758773,0.4807612695750058
0.2514505996686963,0.4952179167952194,0.4593419582126305
0.2369554658821901,0.4919876602611719,0.3686889971814205
0.26058009905157853,0.5097440411396803,0.38360273760516334
0.2495178751166639,0.490284561943578,0.42165744199116056
0.2551484975444511,0.4821901675755428,0.3841204687410253
0.25756476138528417,0.5042417925541246,0.4254389069717979
0.2567405868482102,0.4943512900320941,0.4301598088160288
0.24662983032520394,0.4896119037147133,0.4304367800767471
0.2491608666625813,0.5195021774864805,0.4756475854493623
0.25718658234061675,0.5268178809098746,0.4303956010056066
0.2552235863515475,0.4647927616691364,0.4306328685923841
0.25203169634446526,0.4916644884001089,0.4221432965725326
0.253788916217609,0.5004289012626609,0.4314950663887756
0.26462379902449085,0.5196901872639461,0.4388109448862956
0.260218224441678,0.4942722962053512,0.4610484546924982
0.2509501847228417,0.5105933565451091,0.4349786297554491
0.25678101180896357,0.4949563255845242,0.40181340313736535
0.2504660101669656,0.4964868156732718,0.4226039648258976
0.25579264434396726,0.4831204153463276,0.4707071604600906
0.25282903395710965,0.4950503796808806,0.4159311899305228
0.25401029107674367,0.4955230275220432,0.4874565831962674
0.25775564640827126,0.5113748355775051,0.435978793132844
0.26564103636765396,0.4932786377065866,0.5058785892136332
0.25627927594119115,0.5046296028407803,0.4685191096425161
0.26482499720214336,0.509538164798598,0.4145205089978294
0.25978401066496964,0.4889219609694823,0.4309030178769157
0.27249015437923824,0.5149352204715982,0.451771730221272
0.2649200285639758,0.4997634730954783,0.4302027401631319
0.2603775912366009,0.5223218400873397,0.40030598892978897
0.27130378531041965,0.5055731194269715,0.4440316481760295
0.25591662929242687,0.4756957308156886,0.4030277408709636
0.260938960502176,0.509694278063608,0.4089468131781852
0.26512438216655904,0.5145852638800321,0.4234418522724772
0.26875997259683304,0.519264885530363,0.42262554595803903
0.2659436721409598,0.5005768118886251,0.4476021949479742
0.26515506808761474,0.48424457560885,0.41574663086212543
0.2575787339650937,0.4951882335421566,0.4154135879750492
0.2592905202261462,0.5160983597163022,0.40060487240948817
0.2548741084907869,0.473620385260888,0.4263897756046653
0.2625228738002019,0.5068666692557984,0.4215107037773197
0.26386299267786745,0.5289551862473149,0.4068540617981893
0.2817389466870463,0.5186620597138796,0.5280043688854699
0.2575089596752078,0.5045959599368264,0.4201270532165759
0.266540403305358,0.5225253212375384,0.4251974420923571
0.26089264255730027,0.5071458733848284,0.4359767223450449
0.27234907906890204,0.5041896708052037,0.5589463069961375
0.25595455240528864,0.4736186846636461,0.4700099006267717
0.25808864153583866,0.4848859777609751,0.4219080890584185
0.2651642150214792,0.4913983283818944,0.4445597703610725
0.2619015075828121,0.4785493719741574,0.4011676294604936
0.2646476646547895,0.4924760990858551,0.4886474039102602
0.26530551071503117,0.489155919230017,0.4490133812890273
0.2653200341893043,0.5179140264683597,0.4240708576049412
0.25741834359700344,0.4982573873974207,0.4547250945792458
0.2582917167686013,0.5168638841619775,0.442204861885738
0.25331260163090596,0.5027769690975968,0.4367652386423292
0.25650241179941985,0.5216915443506316,0.4052199656219024
0.25868473231473715,0.5191076949415976,0.4194588149217367
0.2562270544959705,0.5098789706932688,0.4748569380206731
0.26139360969425146,0.5196225938307915,0.4814044637357896
0.2668744048711533,0.4892561081732909,0.4563828966121548
0.25128584373115964,0.4923046180009982,0.3905560147536221
0.26058996332100454,0.4926867892202785,0.4781063954382788
0.2616275687982822,0.5138465486354569,0.4344298512130937
0.26782534739376485,0.5237793679983023,0.4213706733283628
0.2702641266323974,0.5076646230513638,0.4467427913997983
0.2559282110041041,0.5001175623276379,0.4064624804223591
0.26957114449252123,0.5149651110439785,0.4628299027647103
0.2645914300045071,0.4976747588722518,0.4461574739570415
0.2735145447352439,0.5068516379827436,0.5262765317780425
0.26835976734423433,0.5206988938367282,0.4438818409709782
0.25620412426881506,0.5161609969438962,0.4579459750283221
0.27517450850898995,0.4965567187583638,0.4507585447997892
0.2621302655056746,0.503348314772406,0.4602221821375991
0.2681646870278893,0.5028924124043612,0.4860655607763444
0.27292377051480315,0.4877131284406194,0.5035533454709659
0.2659409605658455,0.4921737397907336,0.4133958140479087
0.2549950600422362,0.5377690795510186,0.41346491059837226
0.26826508486223993,0.4904719421000323,0.5389123304919579
0.2725172919195631,0.5089068657939861,0.4975979320996864
0.26470875725331683,0.4848012712703273,0.515091792474831
0.27613183840388766,0.5042125501320548,0.4504555198833752
0.2703638657112998,0.5026567129606115,0.4354160719342064
0.272982616360178,0.4974709495180467,0.4059877052322806
0.2555608651608111,0.5203358202923872,0.4311078810256751
0.25147209185512687,0.5060558993346257,0.47643073542478204
0.27165546128269946,0.5171718630833716,0.44930079608512696
0.2822975112397757,0.4843520991591227,0.6144427474749495
0.28367791859536423,0.510551809822012,0.471935375255665
0.2738061263079284,0.5254223763387585,0.4510945430619485
0.27492247439921774,0.4835136059134637,0.4603855724670741
0.26552826964998355,0.5044895359997371,0.4909517443203085
0.27172869925412163,0.5141172897438576,0.43468356526743857
0.2747085467943501,0.5166677176493409,0.43332905411907374
0.27700410655043534,0.48577562401686897,0.5120917313023666
0.26104655852883935,0.49599118442802603,0.4774493149519284
0.2641320130522473,0.5096795674814506,0.4341289342791623
0.2641183682868393,0.4959376892206926,0.4644676488987488
0.2771886603423141,0.5142023119214197,0.5068659061578901
0.26735930628165316,0.4929790226884832,0.5086178856771082
0.26832757432300647,0.4955200393853959,0.4520346418094969
0.2747672543303324,0.5077924736774009,0.4483892060090032
0.27792291678577186,0.4930775511289368,0.4941069424324472
0.26359434734054693,0.4910043411415703,0.4429203318845276
0.2663641457182453,0.4744827040356202,0.4615002321030744
0.2637644711870057,0.4891901312382405,0.4621674330234018
0.2638526041618555,0.5301405988802992,0.4633359831887699
0.26118512014546147,0.4782116247810558,0.4436006991843473
0.27641566705778065,0.5121914131138133,0.4832790646488275
0.27113165677717427,0.4639205945172064,0.4832483388447685
0.2819847401732812,0.5125471284873596,0.5078045705815065
0.2701188400793428,0.5007955147242126,0.4437310023431705
0.27444713731088166,0.4848199747379606,0.5806814965064602
0.2719637076526807,0.5017130965069664,0.4868594803851718
0.28877214566694964,0.5098719123855181,0.4680396920986498
0.25731083483463935,0.4785477309475724,0.47867201478843896
0.27259850110356487,0.48779113711090005,0.5087587748062485
0.2871598452136021,0.5406342139478161,0.4693681132940182
0.2828940254664281,0.4921749817587773,0.5225501722049756
0.2693652988616128,0.4652092307759138,0.4601760603737909
0.2713638566357367,0.4905051143919688,0.5657735683189465
0.277597599351623,0.5157662521573582,0.4849163269319389
0.26626553216349763,0.4928953313975589,0.5479743718982831
0.27048991758775176,0.5081928222071752,0.4712458429897506
0.27098346653984673,0.5184828795225327,0.4980896457102712
0.28375159623433754,0.4947879331370089,0.5511363896430914
0.2751811887360202,0.531835193579996,0.4458532158233645
0.2754199973194868,0.4919443167262086,0.486214624462916
0.27895017839103664,0.479623604022721,0.5048440145903456
0.2763121378479012,0.5010151489641431,0.4158281122733472
0.27262660661062854,0.4963951895157449,0.4656293429722478
0.2800719543061425,0.4913375018981733,0.5283392251648604
0.2664033163535269,0.5003475516784455,0.5458207897637821
0.2740712237707024,0.4823344427502328,0.5316774653188633
0.2711359293777673,0.5237294403622116,0.4597708002684342
0.27694446056450395,0.5074700057708512,0.4546845026617778
0.2918962784263855,0.4958466399660106,0.6653935115735767
0.2836879689294193,0.4887563070125623,0.4884863013712996
0.27374177843651226,0.4850885427834248,0.4391392771119476
0.27465264021280283,0.5204219095553649,0.4260834700390076
0.2765450453727016,0.5036703316318009,0.4758910079222015
0.27391947451364507,0.5151371626371637,0.4641906681364034
0.2832952288098665,0.5167068521464182,0.4595451901215054
0.27378860710282166,0.5058112865072938,0.4348330600796736
0.2718900756774362,0.4815012727197205,0.4748562089948493
0.28996336300591125,0.4666784845392286,0.54699859643895
0.2755037820975239,0.4670097963668818,0.47206543656063
0.28053018537254437,0.5095918998938367,0.493458236700726
0.28070085429240954,0.5472250454511286,0.4878399073010942
0.2780864731626815,0.5063130249717697,0.4956287446440538
0.28084113529721244,0.504124447780966,0.4270728459142484
0.284443932241445,0.5051772543169224,0.4623436888768133
0.2805435944141388,0.4713578610522612,0.6601406050249606
0.28908518770880826,0.5188606807546366,0.4523965499111208
0.2872586947376487,0.505724116082764,0.6005212301480332
0.2832543075693908,0.51457003168548,0.4583037378430999
0.2800018815817609,0.5020527518060398,0.4771855608558622
0.26501662687732436,0.4884292147865142,0.4804279439704082
0.2864192867013174,0.4761037052313744,0.5293039232507545
0.27911742081964536,0.4962502720643596,0.5056734084248319
0.29034076762578337,0.4959112358544318,0.5183615771345358
0.2811914090632834,0.4998292954565146,0.4753775525101343
0.2796132852351662,0.4887484693554219,0.5230898686974539
0.2724535672290865,0.4896288161094674,0.5075871201335146
0.28310532731565413,0.5186125414150912,0.5153349431205786
0.2752926131419485,0.5037087153500243,0.507431904983306
0.286379644605508,0.5121477019637249,0.4784338517897101
0.2904743323546926,0.4968700819643976,0.5559751096575015
0.28252256395343334,0.4985970737183479,0.4764139596588042
0.2852096164966033,0.5066694828065337,0.4718327759301152
0.283166467914088,0.4930389188081341,0.494327636760267
0.27502025807006214,0.5223818729348699,0.4694192738798434
0.27518263912849616,0.508825462470045,0.5054579718358763
0.2900572839778533,0.5118508815757482,0.5321994367834149
0.28059934997328634,0.4987158672286167,0.5473345151507046
0.267108939265774,0.5073481275203882,0.4956053447965049
0.2781737994555547,0.5062119017134793,0.4965535485125536
0.27600073157151295,0.4935711887409472,0.4552302015748045
0.2855543040866865,0.5019996424071808,0.4619321788480527
0.27938197563137945,0.5163006419616428,0.47061728992228596
0.2866774890173341,0.5260941162827908,0.463224095899668
0.28420260873104913,0.5059842129575816,0.5298599796728414
0.28265585698931517,0.5171264778090174,0.4797336090305245
0.28246154736820756,0.5129597441738863,0.4599896733948538
0.28750136508877283,0.4866739187785367,0.6617414987709596
0.28865157741109376,0.5098564095335552,0.5048116473973893
0.2872803946287845,0.5217318322536834,0.4763806603782082
0.2849706035901884,0.5073318339004163,0.5161217358893557
0.28075285901655006,0.4809392167962948,0.6173158316796813
0.2807699884361026,0.4761804612845311,0.5426619378047455
0.28101171968602456,0.5151886473389864,0.5572967669692865
0.2801416005483068,0.5227894847500788,0.5323619917528949
0.28310998325934555,0.5004766513456718,0.5020785334442531
0.29115350251240657,0.5056557827915511,0.5517811640375164
0.27707512771509873,0.4989992285815888,0.4674378366921406
0.2923967226543505,0.5021056701702574,0.5207049583249029
0.2883358324360544,0.5094729947158873,0.4978400530502299
0.2830284323975404,0.5160747497907948,0.5067747897842748
0.2899292635210719,0.5196807736925502,0.5956336141939975
0.28095482560237456,0.5079813186452415,0.4709461806954622
0.2826875820215525,0.4768453521401928,0.500270009308308
0.29973028730004636,0.5262627095247175,0.625919896222566
0.2851922057986857,0.5064971679524933,0.5171298952898995
0.27914530092449547,0.5138567347563803,0.508049503211959
0.28724449101420335,0.4780192426799729,0.4783331112102278
0.2880139065631825,0.5040701932190308,0.5612160796545403
0.29021306613538,0.5222174484232552,0.490700663525564
0.28140771149150906,0.5050352010627293,0.5300692102508556
0.28676147580635497,0.4903082608373004,0.5285206773863884
0.27966923778493263,0.5055373098155339,0.4753914169026338
0.2901482081294987,0.5078131049597628,0.6603570752967431
0.2781576969940142,0.5509231798842602,0.5101235599165403
0.27924000322073667,0.5047396013163431,0.5410856806102716
0.276704429055833,0.4971151526385029,0.5917206087169695
0.29374335626279946,0.5351358708578378,0.4731114436563898
0.27998201263566136,0.5038624563588315,0.4747989413125102
0.28261325987336033,0.4892690755434536,0.4750699772926935
0.29401435328595527,0.5152168947114437,0.6370430970670887
0.291704519098357,0.5134505759863854,0.6037357580676292
0.2854057574882157,0.507657696707062,0.5506292830965404
0.2716871492805648,0.495609864686959,0.4833082830908252
0.2876039997889943,0.4955889801573929,0.4756208418194047
0.2833602484560564,0.5136058294920435,0.5818416996212474
0.28468418385537736,0.4898623156993741,0.5384682264480427
0.2879828178771459,0.5001043130765556,0.563947676761557
0.29693699876143,0.5151555512920571,0.5442299901578908
0.2891300892584119,0.5120751078500155,0.5698960646864264
0.298791729374307,0.5095099664496494,0.5272525967051306
0.2880033335528004,0.50136812075946,0.5348180800406562
0.2823365156779826,0.5244350508083029,0.4975702547504208
0.28759631405981123,0.4783100894801937,0.5589534119801852
0.299039179587118,0.5011245132245775,0.5020089477599585
0.2794104136479581,0.5264579162111298,0.4572547398711068
0.29249770784543644,0.5121385168541963,0.5040303304402814
0.28269046247077917,0.5060866951533292,0.536994193178966
0.2846077008565745,0.4987715100814837,0.542849251114582
0.2946162741663223,0.504675364315052,0.5523804934160477
0.2921882654017301,0.5181773353529511,0.5886023449075051
0.30061293270910733,0.5290426135884079,0.5229514782418461
0.2821092756051213,0.4827822774715134,0.5003573340258985
0.294653423211673,0.4959833519511242,0.6043543248797889
0.27957483382144155,0.4935441856603656,0.4669882016095201
0.28802832445194787,0.5008771159720308,0.4986868333179351
0.2957248759736861,0.4760428736035548,0.550102429203177
0.29791101712267576,0.4898749231472961,0.6906210351264532
0.26895713722223813,0.4745500703217682,0.4728392012072194
0.28544671573343455,0.4873546178996091,0.4884270981560148
0.3093015136122183,0.5117207280404787,0.6612338035304739
0.2881220869255892,0.5016591170084034,0.5535110597358364
0.2939583012984263,0.5092382087919851,0.5684336848109126
0.3147575675612131,0.5300398315766851,0.6147706311787031
0.28411765121602023,0.4922983120008325,0.5196965705071911
0.2774755466354452,0.5010961100300055,0.4904471506043049
0.2778542529838699,0.4861263269685786,0.4705753643073994
0.2896539583916558,0.5168482787154176,0.5935430229558512
0.28764823900088055,0.5125728255655865,0.5453810802871726
0.2837201995359278,0.4912406963005525,0.4969138019647019
0.3130778665364415,0.5106390924042218,0.6447525957028805
0.29816524348035517,0.5246041560296997,0.5615455608669407
0.29584888950392574,0.4741125033722082,0.6137885660352153
0.29637359467365826,0.5188013135634579,0.493194755651552
0.2837965307091222,0.4850736013370915,0.5569197906974097
0.28954067876822726,0.4920516579161518,0.5825609841152353
0.3043092821694297,0.5243364523450993,0.6588080902073572
0.2718467351270891,0.4866224081861302,0.4669358635209763
0.2869464318179557,0.500302187076383,0.5472508720509787
0.29356727886393486,0.5156889315829812,0.4782569805230042
0.290730113645501,0.5117383512581672,0.512366940700524
0.2780592667285694,0.5077689836846586,0.4850743706400661
0.2916924835518678,0.4950931398107894,0.6162669981604685
0.27900889750907526,0.4930015224963218,0.4885275044161023
0.294947236495207,0.4826267339945257,0.613060910922748
0.2922650660300069,0.5086303478791785,0.5006164822587935
0.2861579349223662,0.5222497093984907,0.5032578269071264
0.2956647299765076,0.4938901666216064,0.6324114523017061
0.28386234569634344,0.4790200563942682,0.5801990601628111
0.306435406911564,0.5043013982905851,0.5058789930398413
0.2779472964401854,0.491945359939832,0.5263655620571955
0.2815178773377638,0.4860018603969957,0.5227220791597166
0.29996791279490587,0.5125681348890943,0.5320334468129629
0.2889071290472145,0.5231214603979306,0.5444122726158686
0.296782633506387,0.515111780953326,0.5239037210904595
0.29729623989976245,0.4954603289476696,0.4834380655973228
0.30435350566364455,0.5166274319136129,0.4900870448710694
0.28457958711691156,0.4684093089888784,0.7331016594803831
0.2833440293754357,0.4843162442921109,0.5277388356545935
0.31328238084427174,0.4927132495245076,0.7290065961368092
0.2918673964274681,0.5030979273184221,0.6430748135268185
0.29108537605123613,0.5287738607274143,0.5631828735366117
0.28741839841437916,0.5067022278778215,0.5738929928031566
0.2953326343854226,0.5055746515073906,0.5553413262205007
0.3114815893826766,0.5179009502071024,0.6144955879103545
0.29683202761638566,0.5293927644037132,0.5121052142244356
0.2800427866969256,0.4817539697671336,0.4637094063756286
0.2872812047812426,0.4787225503180432,0.5170251205274178
0.2979328375313631,0.5142687830536802,0.4741557370364474
0.294321219978664,0.5119545439878674,0.5225972767699516
0.2920599619512833,0.5239689366120468,0.5622854148294225
0.306451129071772,0.5020278648649761,0.5412180294402205
0.2889527713991042,0.4924021403037815,0.5266611027295613
0.27901191893906413,0.5061921516137253,0.5362438370932727
0.29350974354840886,0.509248929421435,0.5249385318921965
0.31152795495621943,0.489381127771354,0.6553616548085087
0.2783168501364379,0.5052804893132805,0.5560280593384788
0.2827772905362487,0.5019984912704125,0.5129106979742493
0.29023106656923015,0.4960336258457419,0.5706412936789692
0.306154901713996,0.5054970717652341,0.6179758140232972
0.29980336204411795,0.5295774454503756,0.4990783800512954
0.2997589249006892,0.5274670954511985,0.5176735243707025
0.3078941999257341,0.5096373572318108,0.5318767479879741
0.2930645861391346,0.5028431133764175,0.5391277626340751
0.28975293590521434,0.5129640675537105,0.5347448698586438
0.2925798654940417,0.5029092907725645,0.6227001563344289
0.29158655293291286,0.5121087564478581,0.535513638880779
0.3007435406324774,0.4980458062388332,0.5607364154369272
0.2833539225251249,0.4739266361170019,0.5534690199934692
0.28641561328060144,0.4821838428040872,0.5045442464197103
0.3024740068743459,0.5174173763902903,0.5950254860700899
0.29489894160112123,0.4988085555416255,0.5632587281660699
0.2905948103837695,0.5005617834452489,0.5608605973963731
0.2894539118554751,0.5131214106645712,0.5602020510802174
0.3066652129303637,0.5174715778875332,0.5411512252808716
0.29205409266897997,0.4948507566795198,0.580083755566043
0.31837122770947174,0.5222142897409736,0.6500109352472111
0.3078273941787526,0.5311376502484777,0.6494362192228916
0.2977918554855234,0.5070008260487068,0.5464058417008685
0.3163547976565496,0.4891501777835105,0.6278797285787328
0.3039908142518657,0.5342100828884553,0.5037397442788981
0.29264986373277146,0.5051641428653325,0.5836281016109445
0.28042687524321397,0.4905808260783772,0.5240148122702655
0.2970874956915393,0.4976762343802552,0.5226374668665641
0.2931124779418899,0.5095312335932856,0.5014233283409009
0.2910155522196252,0.5136033035510735,0.6535214875735206
0.31082132523285616,0.4769254478286246,0.653515123848388
0.3081841828748941,0.5104486152875846,0.5288698559095103
0.3154890468126343,0.4955314842866382,0.6732426218410029
0.3069347370033833,0.4827317288179445,0.5586073926589434
0.29703301213060734,0.5279456003218517,0.515874178922378
0.2959561394144463,0.4973372416487664,0.5578593931717875
0.30439451656031946,0.5085531374664027,0.5344170085148346
0.32178986893458456,0.5491421455452956,0.6894209501354044
0.2930961729294864,0.4882069702998297,0.5013760492154451
0.3056321669488035,0.498645750755063,0.6431067330914415
0.3044177300517419,0.5109005559897608,0.5623118873585293
0.3080613955061095,0.502971336110691,0.6967319057381506
0.3003923393264962,0.509395619480834,0.5240920672454026
0.30052563644667457,0.5171533544785075,0.5477041453507517
0.3299120693083154,0.5170579217708439,0.8014215041106497
0.298729561233468,0.4971069079842666,0.5924809543740029
0.3072682739855402,0.4974828842099995,0.6400657426725851
0.3091633264614008,0.5239462194005438,0.6686321772914257
0.2968400955180104,0.5002447673589157,0.5233928222091816
0.29223222364508084,0.4805205407695727,0.5792439509703697
0.3069098719253594,0.5015597775243769,0.5837488337217903
0.29889309369915157,0.494432462600489,0.5541611581518022
0.3013641068835151,0.5285967095642845,0.5445346310152416
0.29912444464761495,0.5327699688975163,0.5712901583370182
0.2944761469116325,0.5106554939520737,0.5451965382999099
0.3257524900452599,0.5055222736676914,0.7105154966396232
0.3002642164415497,0.5013155912384873,0.6167665934937605
0.29147136242609073,0.5054592417098174,0.5135295799896361
0.30238513473532086,0.5412819426601281,0.5676700879398492
0.3022031538245327,0.4813088397632903,0.6149337425561985
0.30626691251105453,0.5060729867136303,0.6069862572398723
0.2930230314038957,0.4834322861923791,0.5168046014116008
0.3015942318036647,0.4984879404604616,0.4872047361166788
0.31471888755627064,0.5342195522441506,0.6292859388275068
0.31720953168875643,0.5056201786834799,0.6558670334373431
0.30427180197447734,0.4835365361086633,0.6330978756680719
0.32309675594275916,0.5023019598051643,0.6990869865546823
0.29145051328649146,0.5201167310464373,0.5419382069569055
0.2965377290304055,0.5290868491134721,0.528937220480036
0.30869703856250447,0.5109121796802274,0.5489167843395414
0.2933259455128774,0.4767047693573197,0.5651013918003126
0.30069089074436295,0.5008329614909758,0.5755362888847607
0.3021308048589751,0.4902720769858273,0.6033414397371453
0.2909814959989921,0.5053032558105129,0.5505847501712825
0.3004774179837403,0.5109733919782816,0.5931961096450306
0.3241468564208375,0.5138476239133545,0.7248035047300011
0.30249491959500235,0.4692822590960132,0.5975493077177072
0.3029250973768409,0.5195093857064683,0.6001993611322414
0.3024405671606225,0.5129267904983638,0.5311202499807428
0.3196629749771969,0.5321550057447131,0.6389655308612496
0.29598487367528076,0.512461828744088,0.5752479078026146
0.30512667076622135,0.5449696445110817,0.5195604384072925
0.3051367512754122,0.5205970292462387,0.6217047548211065
0.3023759272719568,0.4885209103213308,0.5593016328974915
0.31398844238849405,0.5053524713387717,0.6024018574294295
0.30171644397324504,0.4921892582173806,0.5485694261390092
0.3014026201961543,0.4916529321081169,0.5718476836882848
0.30946620453366364,0.4850010282353587,0.7181944110651121
0.29449435197908475,0.5060927039953717,0.5300627178293289
0.2970845036435745,0.4696874177013839,0.516680723717569
0.35397860710318196,0.5107841528941384,0.8911219571886452
0.31011819423016307,0.4968946491320533,0.7014876743922072
0.31052320752680396,0.5104045227641977,0.5255854982347896
0.30633104571505243,0.4963709027743144,0.520187598481669
0.3130640465420619,0.4849706519643759,0.6386497685691427
0.3074681833330329,0.4892164380521665,0.6479890208948847
0.3089071205777471,0.497230198718303,0.5879377679950946
0.2932722719264138,0.4998751652576874,0.5976351997102876
0.30117660697098814,0.4951238219349569,0.5033227340232953
0.3115124795712732,0.5025225055179713,0.5524393873059874
0.29909545634319856,0.5025398220275998,0.5635799023880262
0.3048322189547838,0.4984056196878193,0.6279146924948404
0.2990904452877479,0.4919030701881348,0.6109799160426004
0.3090924168284756,0.5199583679000772,0.5635370143231031
0.3068802597383931,0.5041368398453161,0.7216583374433853
0.32009330901979643,0.5070462957451752,0.670573303339376
0.31580362941002754,0.4608635858036837,0.7281360378477649
0.30755244989636005,0.4944234001994867,0.6000361779676807
0.30741600855905155,0.5156631326144218,0.5696591437993163
0.31287130520394313,0.4890497181609917,0.6846312795933257
0.32084743347625583,0.5031470874639979,0.6791303619124218
0.31675198568472146,0.5100402231879687,0.6025417237856846
0.3064423681213753,0.494131929277412,0.7349640367754793
0.3436226109505786,0.5131737421546512,0.7864047247765114
0.30733823096612367,0.4959701029401314,0.5719780744497394
0.35400966010690615,0.5023814159147267,0.7441333025586536
0.32463234970353205,0.5127785473021693,0.5924628807910783
0.3048860894345091,0.4796198144744639,0.5769118042790563
0.31271306869147186,0.510148713909089,0.6001764914742662
0.31172007920605355,0.5437228369625848,0.519348587702678
0.3071025592922536,0.5109466619130248,0.5715935927448403
0.306351357392955,0.5125336545320229,0.5463492168204294
0.30801426300522194,0.5026597547590902,0.555735545209266
0.3190752059919087,0.5064615217941743,0.6265948127477573
0.3018702450553571,0.5110704688001532,0.6437611625802988
0.31707840248579083,0.4925887930547073,0.7565791603503758
0.3064070719354881,0.5083149098685267,0.5847212165325997
0.3125256367830134,0.513964369531503,0.5833843735584089
0.3167839974860251,0.5116453094018921,0.584390545923838
0.3219050476947986,0.5112417899093785,0.6450324811802507
0.31641688384513666,0.5274308180742643,0.6247274643954941
0.32304675395546034,0.5072432993652712,0.6253121865405401
0.31601843567982385,0.4880026386029301,0.7183920606419774
0.30290639597537594,0.4907588773914995,0.5895059229613885
0.30972097645726504,0.4888727558106222,0.6030686488561487
0.3200139578364818,0.5205104613210986,0.5833099451391084
0.3143279616108228,0.4844452006335721,0.5818681135623995
0.3394902410824917,0.4953649491760216,0.7907376031870266
0.3330970349844386,0.5020796492762174,0.8496190744277908
0.30408845218833586,0.5003515615611919,0.5306268190584087
0.31843282869591344,0.5221575102691296,0.6394844270617137
0.3176303562886328,0.50985010003335,0.6509062370880325
0.3332701423219753,0.5165430188242581,0.8678250326433873
0.3132401107942578,0.5304852940021574,0.5781094533666543
0.3128078078423298,0.5187802752318265,0.5963922466372941
0.319968906216016,0.4955851738689407,0.6203700519952905
0.32773362425939995,0.5071274011082822,0.7671817228525211
0.33180646793175284,0.4933622965036394,0.6799287402584993
0.31579207444356705,0.4949040089457506,0.6200307872260187
0.3210188296996027,0.4848140721871356,0.6175741771067564
0.3173705205974361,0.500936711536706,0.6639676665659267
0.3176741746936369,0.5151019043467283,0.5716250061710171
0.31451361264158023,0.4919725120420296,0.7101660301289958
0.314730720735439,0.4841526602077909,0.5579481181564853
0.32063136510187207,0.5206476384932793,0.5995413223099859
0.31887267151072063,0.5114904480577461,0.5525461208571761
0.33913372319841834,0.5266121684625559,0.7412491981478463
0.3070905924041778,0.5046256001072915,0.6483974370216365
0.3227441792519381,0.5172255042073685,0.6659452730528946
0.32790111466707605,0.5218343426344294,0.6185221062318164
0.3074400748449748,0.4899624306556058,0.5416110036982758
0.320176850464801,0.5257318187787656,0.5552759700394857
0.3085383865833506,0.5048848576583829,0.5776357553457209
0.319684692726602,0.5008091134578043,0.6008146832718655
0.3048821927812824,0.4795331223207187,0.6769690820910317
0.32777715292418286,0.513237809934517,0.6478173953498658
0.33196522289567487,0.4861402621026788,0.7501196724683254
0.3117314436956895,0.5173730419811096,0.6058542792520754
0.30108600568776894,0.4984298144632968,0.5445797998156583
0.3241084541010336,0.5103997006845051,0.6407308012658504
0.3197734246359085,0.4815009837654376,0.5521288241432429
0.3054332367321386,0.492818737939836,0.6065541434970647
0.3131598725521124,0.5171308406907624,0.5853250920140911
0.33888359506638865,0.49505110494351595,0.7720292282066087
0.3126177508100306,0.4694283609091824,0.6007483703867961
0.32120737534848587,0.502913896771351,0.5978372684963322
0.30270141674010054,0.4586564363168778,0.5493199395575303
0.3194117408397974,0.4851612183847553,0.7252203694396759
0.3196610914761851,0.5082003171094869,0.6113845984334665
0.3250055612216386,0.5102556559565312,0.6125031128707988
0.32002880459141536,0.5085549226790651,0.6343997191303876
0.35169552467994,0.4776244211936891,0.8872106177809349
0.3209717135758985,0.5081807310700306,0.6617976141722269
0.32552370614793524,0.4857032858427599,0.6821002453434207
0.3487412725422638,0.5235469668947449,0.906476311195504
0.31992751515665696,0.4896112118357097,0.6481393083707111
0.31388086675209703,0.4855524895038698,0.5879958996649784
0.32864403399807945,0.4843752487151866,0.6182422924728129
0.3492865797169848,0.5184836952105296,0.7400759242654196
0.32178222097158254,0.5040648753429671,0.5669895887075215
0.3298008581571291,0.4983946238628272,0.5677913245061057
0.3647111993400033,0.5627050179526198,0.8280364319823812
0.3360455216373641,0.5020256533826283,0.6428535371740406
0.3378076564391671,0.5153156028906902,0.7338315113156171
0.325356893425689,0.4901503778591986,0.6433738414472558
0.36074022526575844,0.498073385327202,0.8478773346968069
0.3261397843188293,0.5141039701282074,0.5571501587928626
0.3364623854779474,0.4982797136930159,0.7715224624298876
0.3285180810029105,0.4948771316465786,0.5967099224614251
0.3447635716759286,0.5193542859132944,0.5597616729159463
0.3431662157972592,0.5140907856676806,0.706474604906968
0.32743366396091644,0.489838050646386,0.6176843246206617
0.32942572333183767,0.5163798330379727,0.5851323992299361
0.32250355820054266,0.5006070932725258,0.6190687836376303
0.3343110883933926,0.4999282773733204,0.5834936525410911
0.3296415874882038,0.5129456149446745,0.5745488823422403
0.3256179412715028,0.5181180778882145,0.6078952276356394
0.33090875341859344,0.4999371159501901,0.5818266595690824
0.32568415140667056,0.5137859851600218,0.5638669189365665
0.33176569849946846,0.4995456338459954,0.6113057726012542
0.34105272551689125,0.5215167806189581,0.6407775544032114
0.3318209282905065,0.48578975180925,0.602167463253201
0.3323640780588129,0.4849063028646644,0.5647131822949765
0.3444437336696457,0.4987326022150856,0.6724717323462712
0.3290609283289634,0.5139060841025183,0.7019298341277376
0.3287590908916833,0.4744474909722914,0.5803643586655101
0.35000469109754545,0.5201515136093637,0.6134877475372058
0.3313968617203001,0.495734659318691,0.7055183448965698
0.3365356388498681,0.4974609522462717,0.6566762831692023
0.32811596175455277,0.504442217033639,0.5783145937380504
0.3242227659078631,0.4936642675017397,0.6427545617060839
0.33434575711691294,0.4978670190953012,0.6197325490725989
0.3406911569924428,0.5159120698283801,0.6350694965301517
0.3407422674704356,0.4980782310238353,0.6378482524619036
0.3489996256871675,0.4961796239430945,0.62346381782077
0.3598508401804647,0.5166131188545553,0.6429809357835238
0.343456254310854,0.4986515780021533,0.6340820397904633
0.35028142337560025,0.5176515448837903,0.7584206372996678
0.36057582622263645,0.5069889796373912,0.7941651187941428
0.34955803782331274,0.5014282009324105,0.8222809925076523
0.3398591892199229,0.508730271160108,0.6026766790617253
0.33420103744625207,0.5024699278377674,0.5939531319882329
0.3404229916253505,0.4856350577132398,0.7063255069812339
0.33981334905487176,0.528522925007302,0.6105141138826625
0.3348261123467091,0.487719238502857,0.6279785411747194
0.3383786075835654,0.5115816561904204,0.6219128061855951
0.376114922693483,0.4985843782107095,0.9677831525923618
0.3402277827409349,0.4894590454255801,0.6195294579724695
0.3397216872937956,0.4914207190515982,0.6400244676921488
0.3433651190219067,0.5029198438196478,0.6150205179744114
0.3394022453660723,0.477373424605246,0.7539242506903867
0.3431442961161632,0.5213116794777622,0.687304318914443
0.3375063459549419,0.4906155976004532,0.6164757162893584
0.34966556522798653,0.5091645167318196,0.5982895928505
0.3377761319818501,0.4896925327895858,0.8153493804580644
0.3400028162653218,0.5025450947811929,0.5910160798314632
0.3449293625437752,0.5317745149655381,0.6743211353690753
0.3448364866116676,0.4787731369911818,0.6383956143466945
0.36012396805325353,0.4844973324281303,0.7819837045252293
0.3537006532948718,0.5228933002056059,0.6060294517726192
0.34402839982905375,0.4671683664385789,0.6414440781802156
0.362305105319902,0.5207603088024336,0.7438204898685636
0.3534311749537056,0.5112961549475494,0.6570104896793538
0.355072875374608,0.4998348536111586,0.637933079710599
0.3424652375346249,0.499532730805557,0.6363517756263407
0.3487006571791655,0.4963934386650394,0.7108821226463005
0.3373046893746266,0.4853948754688656,0.6142715651368745
0.34307837979989203,0.4835417697129863,0.5855444792272673
0.3571233573229932,0.5046703618782094,0.6793680920955119
0.3761190017939121,0.5235128389079567,0.8071868977208012
0.358204472847207,0.4967512213590886,0.6259006942369179
0.36507380850043986,0.5272805689254869,0.6931879342736984
0.3441561734328517,0.4916829573005532,0.6586387650257276
0.35810068656363725,0.488476814003045,0.7150685754805912
0.34599891895405205,0.486280702154251,0.6352325387719513
0.38066102924461476,0.5140315645584471,0.8712689540348141
0.3469712851596256,0.502865118493245,0.6946702639735274
0.3421218516967427,0.4808140905106398,0.6872325550553912
0.36448484389914454,0.534454783502686,0.630209677546497
0.34572740645484956,0.5045026860922274,0.5978549271796606
0.3582098465690067,0.5207129287917457,0.6053957500865272
0.34617785639455684,0.4904538688760434,0.6487579931496638
0.35621160962596826,0.5004879729835541,0.6756460723039729
0.34456298495375803,0.5069074286821807,0.7075326537607244
0.3495269099792314,0.511978673846601,0.6826879504305982
0.35271861645175195,0.5122620819060965,0.7468095297733334
0.35500542881317015,0.5147518138619184,0.6046998897672758
0.3440540158019877,0.5104779145989551,0.6676645529265861
0.3589828806613546,0.4874158152729541,0.6433135607139309
0.35331031919579436,0.484112201981097,0.6859619772658495
0.36897171415084434,0.5387771083171429,0.6365885550227183
0.37590593665621386,0.5091740504204247,0.7108140324907185
0.353779787413759,0.4893939929385076,0.6659591142950448
0.3526468754016821,0.4959309751115854,0.6593490423291553
0.36210551604633395,0.5022375076358476,0.7163549970737509
0.3449905733135587,0.4978632911025784,0.7540801890356026
0.3533034823720179,0.4981839793804554,0.6991013579281855
0.36227170258562863,0.5152937529500271,0.6114111678812757
0.3397071275585766,0.4595147108668819,0.6656414735710798
0.35446548551993873,0.5262750836233419,0.7430664079461322
0.36506849986562123,0.5376255421541951,0.6406905680702876
0.35032733578354347,0.4755556714215138,0.6930121695823189
0.34013376430451275,0.4929580533396065,0.6784144416583944
0.34009956793146456,0.488875604439205,0.6327145431137255
0.34925498414305467,0.5154461429722276,0.6068580549030752
0.3504647351199054,0.497018194851275,0.6326436668725425
0.35964892523096137,0.5272363179598245,0.6664500570068076
0.35294338795978014,0.504240877480687,0.8555457944847586
0.3535181014090078,0.4983249886131019,0.7212681791088421
0.3563862982428468,0.4957264881894876,0.8634327964219561
0.3606443715712706,0.5042478627253143,0.7265232790703944
0.35911065966951283,0.5049452957240801,0.627083052245831
0.36550094007682277,0.5000247464315547,0.6549505675692283
0.3543128076845492,0.5240436568752627,0.672453673286276
0.35544740538451536,0.4794995892427563,0.7656704603861999
0.35671277054367884,0.4819699787694472,0.7060103027578433
0.35010440813283095,0.5142206026165416,0.6682608128107798
0.347869518859691,0.4870522185758106,0.6413300585441088
0.34354402672039863,0.5197733521093082,0.738430203954123
0.4121766540350513,0.5037958902013003,1.179543522240429
0.353512505040067,0.4912222374775584,0.7779440216641951
0.3551648708471424,0.494168346275852,0.7162437341682316
0.3703007644665901,0.4795039158171776,0.9065498230684422
0.35503938837909005,0.4878797336273175,0.6527334708302734
0.3963737372887068,0.4923903931593155,0.9183569569109004
0.38678645158135905,0.4946104990631848,0.8713262324586788
0.3583169716325395,0.5066141211131711,0.733861271258202
0.36979473613003094,0.5302151664016599,0.7901624515507406
0.37455806993183566,0.5083770003770799,0.9467088297021304
0.34587562783303427,0.4809327651779299,0.6301727820478545
0.36038397417489804,0.52819334070261,0.6561588894240141
0.3567432872396708,0.5144386486704989,0.6736810950328085
0.35322322040103715,0.4844590014898599,0.6416866005440179
0.34536231740562984,0.5030655993845081,0.8302948670375997
0.35052808883884706,0.5009330342773581,0.6417281726994036
0.3499329671426015,0.5296436335449903,0.6515417203949977
0.3435247979879339,0.4877644792750447,0.628843803057198
0.34338150530019135,0.5079686281303776,0.6805228127066104
0.3390583653265682,0.4875019399395468,0.7061486374394051
0.3448083028510829,0.5124205370550421,0.7572321758679412
0.3577223673363071,0.5237158586238032,0.9192597205324574
0.37966013821067807,0.5265552701137302,0.7415752686606756
0.3511382248235352,0.5157619874958219,0.6465396859626655
0.3616567404250313,0.5334190202152151,0.6037196907641379
0.3532845216813321,0.4928907834650713,0.6770708244937542
0.35750263327386395,0.4939990405461873,0.6189120569499991
0.36368562751503675,0.5286310507656145,0.7399869725687505
0.3457577789972924,0.5010610764937978,0.6242777426647526
0.3921405966776101,0.50241641843128,0.904061413314143
0.37502583167339965,0.5345744722821518,0.7222897255506546
0.35272049540891787,0.4904533258529876,0.7389622662966686
0.35504727660001756,0.4915111455294804,0.6332604538548628
0.4037585028888245,0.4943273858267703,0.8726887696149612
0.35323015569295635,0.5030436337511238,0.6329435746240379
0.3785053248754165,0.5388564440080855,0.9522472414952364
0.34511828124046867,0.4836220500642817,0.7151153046902544
0.38661728370905996,0.499170278562202,0.8307094838063956
0.37076568623919587,0.5008228207418857,0.7763448912456209
0.35445949782926367,0.4921157447023773,0.6445437124766074
0.36657705713952,0.5114801400813633,0.8160199713480474
0.3631750615810138,0.5100119815143174,0.7623902625314575
0.3379342334251584,0.4979694129707173,0.7986916187539902
0.38473814418721264,0.5326911863730146,0.9627012755737278
0.37200958551085533,0.495485573470489,0.9149473315855884
0.35857563868958786,0.5050384831157286,0.6484527170504043
0.3897286641392997,0.4806711744012465,0.9177006521355452
0.3524795599050962,0.4899522595589342,0.620325310479478
0.3679312536604044,0.4959991701132248,0.7509185176680176
0.38421602477638184,0.5070469711178083,0.9737653050512292
0.3634047322210771,0.5116277879504224,0.6730052064568893
0.3490532912487644,0.5191818817454057,0.6582502341627453
0.34798065780132886,0.4802776100240252,0.675616696129666
0.35112175199556284,0.4924559858299747,0.6633250954998701
0.3546110155877391,0.5070701089201838,0.8198366193047613
0.37123849576570367,0.5144081264511428,0.6573191018970053
0.36350320846278594,0.4975775293598568,0.7194608238331875
0.3585478164160865,0.5031709301596075,0.6790219115571915
0.3668285187299698,0.5193158923152048,0.6429931362644872
0.3638280114948235,0.5351688684320427,0.7133226645632876
0.35170399185287704,0.4802346822067588,0.6638224492778384
0.3914024336370279,0.5207985425149844,0.850850609475488
0.34677169191789886,0.4978390686033585,0.6410667568492755
0.360508461163542,0.4870859313916234,0.7800044362030691
0.3826518711397644,0.5038201978727787,0.8745979707004259
0.3639341699056432,0.4969737970958074,0.7134651776118095
0.3544129218646412,0.4766312083514949,0.7421102307026246
0.3780408100763762,0.5055644968201447,0.7186706028653619
0.36537709348853725,0.4926653939740103,0.7023292017022772
0.3877723354790429,0.5040707124847877,0.7538406629352886
0.3719422227843093,0.4972616280809157,0.778426818481787
0.37921238830321785,0.4623130210530563,1.0562027390689042
0.3672545323052415,0.4917286326560478,0.8385988881171212
0.38698933593164353,0.5302114488298165,0.6521383597145184
0.36930613381146526,0.4734068868113629,0.7240455899115976
0.38199273756826,0.4999229370013784,0.6309808421351971
0.36540077615551264,0.4926017423637593,0.8707973549082554
0.369960850239638,0.4819381701248565,0.7533803344566274
0.3460952082559643,0.4960758005690257,0.8384368413390232
0.39498204838651096,0.4814473554965782,1.1235699928837637
0.3781663209244869,0.5040800656306963,0.8648200158383845
0.3579754544079728,0.4996478983391784,0.8244799209975708
0.3850253683548273,0.4896449901000807,0.8204550026405003
0.360936188998583,0.4708492155407227,0.6878129871268509
0.40008644628276463,0.5373677112552583,0.6873050345421775
0.38225959218370437,0.5121602799567929,0.8178528209110927
0.38005990039215304,0.5060803272668941,0.7037549236924646
0.3964921917939612,0.5143208186570324,0.7746137310710446
0.38206308829123997,0.4946878776862434,0.7898137540908314
0.3745966033083344,0.5094746091238934,0.6433126025274878
0.3652985115162307,0.4880608274685455,0.7040350998646496
0.3808210573304659,0.5040117524862611,0.741045156977545
0.38938304079244707,0.5024403102369567,0.8769656923352439
0.391348522835937,0.5356883394841006,0.7031033105232606
0.3732031546126977,0.4950451183986733,0.7260264578659356
0.3710790678654928,0.5146520186338784,0.7447240853694974
0.37448356553459333,0.5106804065640024,0.6778698405198021
0.43776457823821474,0.5055505870320857,0.9735543302497692
0.36981493807868,0.5151398033456461,0.7334489167638604
0.3714215122750705,0.5063266830057149,0.7431411971982314
0.3578554417978709,0.4821982866526782,0.7588806889916954
0.3822005951784101,0.5177648805722637,0.7223399347811862
0.396254642916201,0.4802310337791554,1.2231713497205041
0.3667953400693271,0.4818206713921404,0.7499013158285887
0.37086775960616436,0.4985165933105484,0.6829050745252079
0.3651569583051964,0.4884485707104765,0.7531611440198066
0.4303833388924278,0.5084866173658991,1.1563249741890933
0.3682439666837385,0.5065433954632302,0.8237912881650048
0.3938791079456811,0.511538570138974,0.7597043655010023
0.3700658489406085,0.4821473743177969,0.7547575535526994
0.3901430797663636,0.502595907182391,0.7805137659171977
0.3766323127312309,0.505475295631055,0.6763510485576328
0.38128525945210595,0.4859005915622118,0.8384218578971582
0.3777222963526367,0.477191984614376,0.793703238612414
0.36260855618819365,0.5057582627774295,0.8255827242276461
0.3705307371924285,0.4964465643953432,0.7117822463374895
0.3867544177018264,0.5086387796789591,0.7929208691395289
0.3474252176318138,0.4977188560803061,0.8998686854010987
0.375023688932874,0.5030692572896686,0.6982545685310022
0.3707265952034286,0.514435516733345,0.7241046755196969
0.3636070027274086,0.4827417148192704,0.7518448905277026
0.3722849065507575,0.5164094851907007,0.8123267544902252
0.35926604107600824,0.5039400149970796,0.7369465228461272
0.37889016701267025,0.5219968211529593,0.706182973361517
0.3981573010842145,0.5240572418704995,1.0016308836620482
0.38214810272474936,0.5056979227478151,0.8481002249493197
0.3844587555592662,0.4938449803247916,1.012021372679674
0.3763398697810634,0.5022687977885546,1.0378043352285768
0.3683287986906332,0.4973103080319883,0.7503919285723173
0.3581201238177272,0.5044080316252829,0.7493487355989653
0.37011822616948875,0.5043564443207771,0.8213922090931497
0.38493961447714353,0.5080965247657027,0.7558236117326733
0.38363578488958283,0.5204364107987288,0.6855900716136862
0.3809146323304361,0.502109991240874,0.7870899970484041
0.37921567580614857,0.5159592111602961,0.9043016895022103
0.3753103221205999,0.5095930459522495,0.8721576227380339
0.38306342023291207,0.4966726193227111,0.8099665519719956
0.3965882684069609,0.5177833402997928,0.9435200377138572
0.3758697904094834,0.4714376851521856,0.7427323381854147
0.37925623346782167,0.5017662247085881,0.6799504506274845
0.37418462909374417,0.5379020830431158,0.7342862099428866
0.3661674086451789,0.5102207501042401,0.7562662434308857
0.3778245668416245,0.5154305680526883,0.8570174304825068
0.37620108233128774,0.4916367351493783,1.036539706056795
0.38078953148096006,0.5229765498646334,0.80492930123843
0.3776962282170488,0.5001783683776394,0.829473338004865
0.3973628471448217,0.5203443214209932,0.8381624896932169
0.39841780349398065,0.5121611422667517,0.7515798189097683
0.3917677323464048,0.5176690263146471,0.7551486261341617
0.4130827762373627,0.5306519898081635,0.7895861402067316
0.4009776042836269,0.5148485948647394,0.7226002947361798
0.4107001346135835,0.5449980909644895,0.8020824884702002
0.41370292391410074,0.513951267093955,0.7898150179968614
0.41674621318463295,0.5270126592186738,0.8185169321914348
0.41768659203816016,0.5090926532539858,0.7536463741966348
0.4373866381088959,0.5387122071100452,0.8788787937335918
0.4374032237883865,0.5545108643595517,0.7213830832111762
0.4261395273269625,0.5347139619393426,0.7909570624427584
0.431361221339874,0.5296243787393836,0.7340523089153379
0.42134560572777224,0.5322543998648713,0.884459827775798
0.43902623482750214,0.5280159186439553,0.8164683241094894
0.44201712377624824,0.5479055640715033,0.8442325103428978
0.4206419817147819,0.5367086305625671,0.7435153414569495
0.42799421648020514,0.5403658881055662,0.8572506261403064
0.4233544446833967,0.5413181349159211,0.989274383273358
0.4230857360150652,0.5372880384493481,0.7705272271003188
0.4231681582433343,0.5721533722425282,0.7873741120107192
0.426237203303249,0.5240275233177564,0.8441204622252511
0.4341429675220583,0.5426028746930978,0.8996913673667357
0.4341853295382931,0.5096810184852806,0.8668381493920022
0.431982163012439,0.5580221405215373,0.7583596265472599
0.4244647869598749,0.5455279771095559,0.7804610120585486
0.4391241031340749,0.5308267140291063,1.1742441635127978
0.41591068409383597,0.5173991926545327,0.7115000143513744
0.43204292813115147,0.5278745402077692,0.8872122978984965
0.42582473217619493,0.5301571826170244,0.7198563793979359
0.43999083324443455,0.5413946414785179,0.8706431259064809
0.4502905862575106,0.5285614938373535,0.9150830792727562
0.4290615955409752,0.5304875062205088,0.9067991923923244
0.44484364885324856,0.5453610555707045,0.9492230492313882
0.4406572716913637,0.5712338916789579,0.7433367527796132
0.4426070307814396,0.5576352392356418,0.9172978464756328
0.44071633139432853,0.5729278861089345,0.9016361168054264
0.4922775140805211,0.521992742055805,1.1214981177741392
0.4337814949152124,0.5504564786114104,0.7776421714213337
0.4264135381809841,0.5555744577694578,0.7667871456525739
0.4327075901894178,0.5395446561309071,0.8565352592360307
0.44557715346753257,0.5552233243014157,0.7830199963348713
0.43199527794220144,0.5606708595878195,0.8195403245968903
0.41981502537569965,0.5453786681729773,0.9628725384116412
0.4529918028350812,0.5542514503888563,0.8572873464427242
0.44200375610944176,0.5715057960004972,0.7855274703226601
0.4480737433842611,0.551387296346205,0.7634551989326559
0.5054208022910973,0.5534912177987631,1.2688889709654645
0.439233983305188,0.5646215315492781,0.7760625079437083
0.4830804092898158,0.5909291444176522,1.1768798660883093
0.46088056284822626,0.5523253882659822,0.8695776523191621
0.4441900341064221,0.5866408203324509,0.8366016365087492
0.4682595479418093,0.6026616851517109,1.0338966521122293
0.45048195375145594,0.5689708956525583,0.7986944355450304
0.47004950822974145,0.6193046172374147,0.7623104126996842
0.4919774208219465,0.5735854367233086,1.1410296050604092
0.4668387298300318,0.5732968488918327,0.7942523982543219
0.471223159957698,0.5676001550286326,0.9273210178025966
0.4783892505186567,0.5933391394609798,0.7667096714146627
0.47976146272825076,0.6041614351415564,0.7564756140510771
0.4723418186513477,0.6037669200905428,0.8254787449530607
0.47089528432671446,0.5959515927638112,0.8076861770850968
0.4636708414201934,0.5798349088637832,0.8492068779170059
0.47429801378895037,0.6015906548155234,0.8342311791733131
0.4750002714306179,0.5788882323672894,0.8809884463841496
0.4876673293398309,0.6162213361634019,1.0166855840618279
0.4726256277509738,0.6050555036878467,0.8012293890618116
0.4603946412161876,0.5878813904464895,0.9883105328307288
0.4846558160404873,0.5775957106418781,1.0298149950769904
0.4746605811278502,0.6294968843387764,1.0458656337898289
0.4955777436067437,0.6195099868101326,0.876018504189853
0.5060102518541693,0.6138720733331745,1.2003939145337206
0.5010383833607276,0.67028705282856,0.8731018308547799
0.5057013931003383,0.6474771640559134,0.8134704020872099
0.48339872091211616,0.6455984786881074,0.9155731246128892
0.49122119477275233,0.6297475985708505,1.001932215046632
0.4713327187849312,0.6251586667679906,0.8864933810282905
0.5030057120008483,0.6313906042607854,0.947728188111414
0.5136920197891931,0.6394091750713864,0.8772786581861313
0.5052217157754029,0.6617708946047471,0.7604611334852449
0.49123340567476687,0.6332469618216805,0.8615143171669836
0.5300175567911382,0.6485488360478516,1.343540272831314
0.519069673045661,0.7025941592369901,1.161275279888748
0.5036046218218756,0.666098752082705,0.9778376499306156
0.5085293312876363,0.6633562380071634,1.123490135410137
0.5174535447698845,0.6600668945440283,0.9059676565488809
0.522333075874809,0.6551583273586742,0.8472592780612114
0.5083252937063008,0.6604779903408103,1.1942955677837783
0.5249487830784619,0.6522014009656592,0.8960518849026876
0.5385014145698053,0.6695493696953068,0.8395575368631687
0.525080817497466,0.6788248424440725,1.1772886508738631
0.5428765474642151,0.6871045797981327,1.1765107914012534
0.5393763389971851,0.6907951275887612,1.0144411548292378
0.5353868131256914,0.7012062289318456,1.0185045168681126
0.5297160837362199,0.6880975092055621,0.8958083294600289
0.5173562796199666,0.6840258405934148,1.200536904861421
0.5177897139356404,0.7165265421167522,1.0822416962946415
0.5453352339383345,0.6988941912409878,1.1326357609080084
0.5332396639197776,0.7127452399760168,0.8613056293243442
0.5329921870934793,0.6711838042911472,0.9097816864292372
0.5452812743699179,0.7210396559656944,0.9919412037407888
0.5605135004578596,0.7148673771516093,0.9793809583819898
0.5657014280360129,0.7008991011169471,0.8774355344206026
0.5541896591459028,0.7380251958900216,1.0021878493962542
0.5796457520715284,0.7564557085655843,1.0000221987003324
0.6128228859344602,0.7399682416866834,1.4209637264854198
0.563720726110861,0.746736596157747,0.8853501564011981
0.571865739354362,0.7137842465466792,0.9585783335199648
0.5957060893405363,0.7632649859405141,1.0529751257912652
0.5812912630276721,0.7162379281524488,0.9694464052228992
0.6530612745328915,0.7629771621219652,1.0226091003879658
0.6981001882651108,0.7701100601358054,1.1180403607091969
0.7385402681969174,0.8230867430404714,1.522735227683579
0.7199218460551013,0.8390655403486929,1.4237222380514722
0.7856265982396908,0.8307952854167753,1.3234572647445502
0.7633570813000895,0.8724320243235744,1.1821148929671486
0.806735979704539,0.8679979092150921,1.229132163371743
0.8024263241129972,0.8961876948360706,1.3684860120322029
0.7734444863238947,0.8803108318173171,1.185188432338783
0.7845097782112979,0.9104685741693548,1.0599206193024684
0.8060813976345199,0.8612734574511492,1.1457072547313136
0.807030796294665,0.9280726831557692,1.1237813690427443
0.8193919502961989,0.8850718320947926,1.2023612715358676
0.8021118921702289,0.9000181783169061,1.1774307151861632
0.7712896808269722,0.9118090087225066,1.4144774046066524
0.8144399099388397,0.9038671185028168,1.4852756243171492
0.8015709743630824,0.8861255505688423,1.1704858858936753
0.815454477870289,0.9258453153915212,1.1190954552024663
0.816190501871231,0.9010404061702232,1.3407155719807553
0.8029893176767129,0.9048969078245771,1.0903681395505729
0.747345880118828,0.9425748329892482,1.5499122691391332
0.8125286962610963,0.9529168699239507,1.1650419046710996
0.7956740758091577,0.9129677522832428,1.1035977782338326
0.8072019419075106,0.9506214222668236,1.0995594612527948
0.7941858827286106,0.9690295208931016,1.3805996246629797
0.7860961842551896,0.9300834701014006,1.1012340624729358
0.8262880802556036,0.9399953695136364,1.5668363742446003
0.7770865188783935,0.9958675015759868,1.0644933083847508
0.7992874681144911,0.9774748370447042,1.1747499318857848
0.8926652582922135,0.9878659782895084,1.4769482971493242
1.0517070103208472,1.0604531171584852,1.3370015889897169
1.085607415432605,1.0839147825402833,1.4993920938586398
1.2233110733414128,1.2098315253819174,1.5780782868524093
1.3008920250185172,1.2964743029800447,1.5654368523864577
1.31664819811821,1.3897107013815515,1.5816601035667872
1.2755000708601685,1.2465463059108808,1.5486173350826289
1.3145580516647937,1.3283045533418978,1.5645010318277002
1.2874740131000741,1.2834521579025917,1.5423338568028417
1.2448515063106682,1.220881600149809,2.365435915802536
1.2847453831303761,1.3328228588144413,1.5363628047150433
1.2923347291977032,1.295993248242484,1.5308650042097494
1.2243265783580153,1.230660631670384,1.44050309207248
1.2614642289365277,1.2313970324977097,1.6009767366619878
1.2484481987720484,1.2799228221959398,1.6086331531136566
1.2569299187125396,1.3098939445829074,1.4975791286151294
1.253145435274741,1.2660185097747871,1.7237257126383088
1.250278084630989,1.2617526364188212,1.4528605004541049
1.2589088355634537,1.3019572589848452,1.6013087889334157
1.211939820894453,1.2164841288023118,1.44766166321113
1.2078144545098939,1.2213085851758951,1.6381218901037096
1.219229954109819,1.2336145321940828,1.4786928402095834
1.2463713331571,1.2412589029695298,1.4500755367879372
1.1028375738470324,1.2281073747412434,2.1411724796894958
1.2740591759222268,1.3032786351919927,1.534351690198516
1.218438369070708,1.2173807876133336,1.4663034473834238
1.268371752750328,1.280299276744019,1.4866485655328376
1.241796214625749,1.2250132403311154,1.5845456296094764
1.2423049917684483,1.2346415255105976,1.5795198878526164
1.2516317651371884,1.3011705485131912,1.5098093606292118
1.2560495157169242,1.2435498725687022,1.5128470137572294
1.2523612103746922,1.2379272917647872,1.5200589967341267
1.2902557493319122,1.2278580520194189,1.8357939323183323
1.209208946484744,1.2576878683583743,1.6119204365494912
1.239978371823364,1.2736862756780185,1.5635082152254771
1.2757752105773326,1.266130641377725,1.54543605558202
1.2180535890723219,1.2331572573244491,1.6156237402524027
1.2837682227997085,1.2357417456441189,1.8031276046292437
1.2893487051025772,1.2823705936853715,1.6808628718327498
1.2834514710969354,1.3056677106286865,1.6082851500703248
1.2975132659313378,1.3255115207356585,1.5839241888761932
1.2539709791150109,1.2315851667186852,1.575924685939008
1.2510589560384935,1.2739794418771853,1.6199595891173777
1.2728568155922089,1.3046880429892824,1.5318095493239494
1.3110247362152847,1.3599207550469958,1.4739369619244886
1.2449446181728225,1.2399141830935512,1.7356927077911382
1.290564053187083,1.3122194716773803,1.6704848364118796
1.2274627274316356,1.2225428054804983,1.5033315396525109
1.2935498311647575,1.3006115649542804,1.6161977413270991
1.2912299678742805,1.3507475727333982,1.4811650287921938
1.2845249207245961,1.2874038113280313,1.6069472404980096
1.312349820280902,1.285724597973786,1.6901079190889894
1.2867680523375904,1.295420146332626,1.7222123876450213
1.2754304363082383,1.2526900529688674,1.7319550224671003
1.288415571650814,1.3001970394981148,1.5190294081130304
1.3001657982260053,1.29322142626015,1.543948312425535
1.2408878912303054,1.2274203580501206,1.7441611775248682
1.2471648832391362,1.2727665073092609,1.4490000431632677
1.2695226799407402,1.2781912038575265,1.6864320207152392
1.2692018437374106,1.246830355808334,1.5241503225635598
1.222582093833587,1.250121931196308,2.002107822042796
1.2541417703439266,1.262513956423944,1.4588303696814415
1.215461294924718,1.2195865092315905,1.5027789372170433
1.238563694425978,1.2572302223866911,1.4849352101737199
1.2044911967708674,1.2002706874143714,1.3794361875234795
1.2044070920491654,1.2017796572067885,1.5644087052022826
1.2196760002786866,1.2442994111915415,1.4838063610986447
1.1752090499583498,1.1930108131126538,1.8361523842622915
1.1780068644376898,1.216808913943675,1.5937008470219405
1.217731755956866,1.2501041989223107,1.362551218852446
1.155107031190452,1.1573541513626824,1.5380738409504502
1.1977305608383968,1.2248555322212358,1.4945269323586237
1.1740703611596524,1.2090117812181451,1.3934726518417853
1.186580254864723,1.1868853763291631,1.7735372896269022
1.2175737417076313,1.2245494525247391,1.5539751007359115
1.1782517038459503,1.22497905380917,1.495995570644095
1.1518112980914463,1.1941207263524438,1.644745053149965
1.2027163497116844,1.2175053720565243,1.545095829377393
1.2165966351708453,1.2742331709328634,1.4358493070513212
1.2611330109146954,1.3174460824437313,1.5576421486819416
1.074945403165506,1.2154630345484887,2.0775278760711897
1.1661519178509325,1.1997964560273064,1.5650343521356709
1.2117619997645628,1.19515460368689,1.4822990421101727
1.164138762531811,1.2434642888007603,2.0611632363806534
1.2182372533419248,1.2582992423485502,1.4334967859453664
1.1923035477337611,1.2371361912182666,1.5182567987935192
1.2015624126881457,1.221488696547704,1.4099563700811308
1.178824143964875,1.1751833727989152,1.466537194772931
1.1583528973271642,1.1855317045814346,1.5104793986567508
1.1903894087068472,1.1977262247086318,1.754488714617022
1.1297216985355092,1.13627171826852,1.3878224296691173
1.1600217681081264,1.1741443745319269,1.3617565743503153
1.0921470648969784,1.175159610123919,1.4347963374101493
1.0991798655093226,1.1280401373640672,1.3193574230467666
1.1635116422070428,1.1426918385957752,2.2363585974719253
1.1502945242526084,1.1957082616933423,1.4226207159268651
0.9962059917146843,1.1137740183278606,2.297309665251852
1.1483711117484483,1.1653159670501925,1.4864269942105903
1.0759522293218167,1.1064454843766107,1.498458797719359
1.1076498777972053,1.133028488621746,1.4254384833576348
1.1308849206256788,1.1367930406909794,1.5152018448681113
1.0816573538585958,1.1231600881635948,1.5667592032767936
1.0897498580551528,1.1032112413602413,1.4057177432117538
1.1436222189598553,1.1316844457802555,1.7748547621507902
1.1170343259319007,1.1182895416089629,1.6543434194248818
1.0959067563386964,1.1393104294491698,1.3465884928420893
1.0791731719668036,1.171258474659624,1.445692099686257
1.0794804551489867,1.09755598248741,1.6041131519069367
1.110931139064109,1.1793267335568454,1.4134478748446415
1.118585517169843,1.1243865162241855,1.8053995914287548
1.1014182552431846,1.100658408413751,1.5020120239224195
1.127762008726755,1.1456708290477065,1.5886969224730136
1.1318300303992286,1.1796909790179,1.690434023808943
1.1286904808881395,1.13153419256355,1.380441672012651
1.1258002222837482,1.1538572600337198,1.4345572476703274
1.1261033153984863,1.1377875347300592,1.614376981160355
1.0941038262178693,1.137592938366115,1.5060217381495449
1.1260899312975832,1.158900347520364,1.3084675336869038
1.1118086238155374,1.1179186581067728,1.3315338216284354
1.1531863167003575,1.203307789577178,1.3064440859782485
1.0853346175649514,1.1144902229028315,1.4880483708287557
1.0970547306664817,1.152061861794388,1.8870266052255342
1.134254926975177,1.1566384353527766,1.4158057771990544
1.1282299122239032,1.1651348583199337,1.3386455990359545
1.123025224064575,1.1345310162289155,1.3256196329965844
1.1340577041062267,1.150857930197904,1.3850431410118496
1.1096194511306658,1.1275259947678602,1.3433981625865197
1.1313110163859565,1.1267030993881808,1.4493818206589102
1.107499575062539,1.1068784927599298,1.3061132599754652
1.1225613337198725,1.1131884114707444,1.5137293913265517
1.1105681268842968,1.1154812564942935,1.3673166753390398
1.0722159750410134,1.1199582070806675,1.487674161580818
1.0733881470297113,1.1271987878598868,1.4202087730036348
1.1415284598426325,1.1845355973499598,1.3478563020771126
1.1221496892172642,1.1523511543754226,1.3734338279423255
1.1202260267535187,1.144407566494568,1.3005166699768926
1.0959224791149835,1.1525055881219588,1.4310482265235134
1.0980006894531693,1.141783474137888,1.3626670728569328
1.0940723072221692,1.0908413004976625,1.3888004217576153
1.0951537201785846,1.109428717361575,1.4461064799079393
1.094577490507995,1.1556148084181153,1.2311965864282677
1.0909297343760271,1.1139737546933193,2.032466000105255
1.0732651773325705,1.0930903401481191,1.3474917750634283
1.081153373531422,1.097690641877843,1.4973047759202407
1.0513639114725344,1.0823465089498596,1.3360924225242192
1.0230487328974807,1.0333658667172632,1.3180904314677404
1.0588746603206611,1.0801504566730011,1.257581518969842
1.0125409792620619,1.0393823736108585,1.1933424674678421
1.043991711208871,1.0977732745683475,1.502049129739783
1.0189680962717795,1.0342714189912745,1.2915962378978805
1.0040084482221863,1.0653871595071784,1.4230245401776824
1.0737848634176352,1.074611490763495,1.8066921791176036
1.01744159022183,1.0740736250650569,1.2667184836537841
1.0263762468401847,1.0601828977586143,1.2612044653238796
0.9871041898588484,1.0644735637374136,1.450659399678855
1.0096592117537853,1.0244171977165517,1.3071104301896779
1.0331580359802082,1.0706537524123811,1.2143492441156185
1.006102598383819,1.0690054080827602,1.3018437579064226
0.9805599423865187,1.0517635438256074,1.6584041709769641
0.9971584697891764,1.0082351943614372,1.272992095862473
1.0104204866885655,1.0473713590098237,1.3731628737481012
0.9919009941968797,1.0146530657320647,1.2458898229796425
1.0029904903992062,1.0320093532429688,1.2855949278014531
1.0214923602252861,1.0667813461393183,1.4067925851852083
0.981754263010132,1.0187081341136386,1.1939364373614094
0.9895196807678339,1.0345499030814609,1.159611922553321
0.9859778263441936,1.0186557164504817,1.1683403338458982
0.9939262895409072,1.0207149437563827,1.29173134497041
0.9892277416879967,1.0167150672285026,1.4239127043384512
0.9702440012794383,1.0038789609135732,1.4504610516103509
0.9735969631504122,0.9823381944338644,1.5890740501512193
0.9458142671515666,0.9828963861265264,1.1957533552177677
0.942883850941345,0.9989323047564248,1.2815780123681308
0.98315479737385,1.0459869387096434,1.2146544713350131
0.9495468458113663,1.0005986622941279,1.2194453879710725
0.9090612665839666,0.9845398715116204,1.4349303118885817
0.9620737916546581,0.9888050098797252,1.3357025364973232
0.9649636584094836,0.9970036533728692,1.240207445163206
0.9680350508783087,1.006212902460637,1.178927688026894
0.9844963127429293,1.013031600803548,1.3358499460092497
0.9724134280158026,1.020423265191456,1.1598585649407052
0.9754711025406175,1.0196865884433697,1.2414978502135754
0.9824307865880201,1.02570268986966,1.2132007684416122
0.9744623508284087,1.0198111824821638,1.2573565055653029
0.9796094357433112,1.0123047211471865,1.2340181771254728
0.9491092920893364,0.9825866558819364,1.1760417522682665
0.9660214009664071,0.9890835662268892,1.211265223665206
0.9687753701696576,1.0090487869630795,1.1878463940900787
0.977068240863332,1.02556909611932,1.2473033709853676
0.945398134261439,1.0022438217545706,1.376382873639482
0.9549372812362757,0.9758060139462728,1.1869566543208956
0.958163481845682,1.019276516344152,1.1818865497032598
0.9562516865424959,1.0447412556643323,1.2316292868034726
0.9401778043197209,0.9711068661705664,1.1571408945765844
0.941854557629917,0.9785785258704248,1.311778136994134
0.9392283440008922,0.9843001221868488,1.4734495210148773
0.9314171319480358,0.9902097267351776,1.309123482374679
0.9320205409448417,0.9965956903250586,1.1591254926285584
0.9299173824280501,0.9912755823101256,1.2478962954273622
0.930870600034596,0.993677133250546,1.1240942738762474
0.9360870552589621,0.9682419911133155,1.081813751941173
0.9417588473474692,0.9886135580244596,1.1266219480759927
0.9363561141913975,0.9765131210610966,1.2028396753936712
0.9345666304416307,1.0008310643469245,1.1477051112257284
0.9449418381027224,0.9919732222490214,1.3062740426314616
1.0223791613527409,0.9677868162463324,1.911150964930109
0.9398196902414375,0.9978838120532512,1.2076731304370545
0.9407313614863001,0.9899527428340459,1.2269174297178385
0.9260816660915111,1.006590608379236,1.3069695943960045
0.9335155061866689,0.9726821209526862,1.1461638538803112
0.9385188359697281,0.9986042780872856,1.1983369479013668
0.9259368448082109,0.9973108042732446,1.2142795555506596
0.9252236951785977,1.0004855670531971,1.2389012697262356
0.9322316883424887,0.9646351777044454,1.252898331544699
0.9423910558092621,1.0005091731206774,1.1696901322569102
0.9281737170552133,0.9573283055548416,1.2260210327445362
0.931355457734953,0.9760463026707452,1.216948315856381
0.9354153488580732,1.0014940079784704,1.139126815695215
0.9245344941413491,0.987388438841498,1.1548275572672848
0.9372628200238942,0.9616773052647992,1.5269225354999938
0.9311691040485047,0.9859082538324442,1.210414007457468
0.921004919225961,0.9940016104210634,1.0726073586471407
0.93152311090361,0.9737413235117924,1.2609131063719994
0.939593915642539,0.9998909983012022,1.420531147079896
0.9277437795630548,0.9990043045824522,1.3575253119462625
0.9378764052070917,1.0295494258868196,1.2824607376135233
0.9312916211397737,0.9801357452786064,1.4881542144278097
0.9217951402250574,1.0073312472632436,1.2588879995691933
0.9147229176086435,0.9764200748667204,1.4361786171240332
0.9317620652271063,1.00497406255688,1.3825601111989263
0.910828060740962,0.9485957583699534,1.1365369526599831
0.9307419659935624,1.013948629151881,1.3239561840951648
0.9135291266346601,0.9844544495732416,1.1415899031823729
0.9111637159726764,0.9987676823981384,1.1284834112794258
0.8904916134852724,0.9367019987232535,1.0953284522749538
0.8928683039914833,0.9467160091653138,1.1943074378536394
0.8996060449374497,0.9982182054974658,1.2676568348080464
0.9030963221603165,0.9913100243106076,1.060235976629088
0.8855450440503461,0.9554093188241594,1.2893018555523101
0.9133688056074408,0.9705012072423002,1.3382429017181088
0.8940930592956811,0.9529480720876502,1.103419986842747
0.8712670624515911,0.9498171013513396,1.0772068030768895
0.8839376719743044,0.9580632795257408,1.0768471077178101
0.8704527876961579,0.9136626656546016,1.201819132420641
0.8725245846459296,0.9368197243080107,1.181376972685671
0.8364794555368306,0.8976315427345053,1.0485934972114712
0.8243133812427728,0.882663048871682,0.9880028246251708
0.8219924716459758,0.8820040067688382,1.2521049854265314
0.8066399886339528,0.8748271281813704,1.0713117233403822
0.8131664854621389,0.8797160104509311,1.123070651488436
0.8089850060276327,0.8674263716710772,1.1377039773925577
0.804693219387427,0.9215338581799682,0.959932022788432
0.8063733340378221,0.8673461176965289,1.0838380539469628
0.8125464956763605,0.8752489790066948,1.13436302472086
0.8044441059034656,0.8854441698479348,0.9501360191708834
0.8061131880717198,0.8688997538502599,1.0476995497755577
0.8084115949342064,0.8935797300730556,1.0747063130402663
0.8059354742660461,0.8547263176549373,1.2824989301573868
0.7995172972163485,0.8904283729105003,1.0404507465687964
0.799212465980072,0.8691110571615946,1.0278034131543237
0.8063625473759535,0.8539287434909021,1.175966646060492
0.8194987331142423,0.8820778730217669,1.30294810095766
0.8070839580553313,0.8727296340867587,1.0864836600875345
0.8044922697956047,0.8799235560726043,1.0492493867366846
0.805967483975493,0.8655173319415793,1.1901133441109162
0.8038236932274,0.8748140431118694,1.0239434346417864
0.7959250495836853,0.8794221040091016,1.1081145489555342
0.7983806261372667,0.8867136597566158,1.343105880870639
0.8049529171449725,0.8763751317130318,1.1259215128753943
0.8146192328826093,0.8619525660615001,1.268008813176824
0.8176468265108392,0.8990168842161081,1.1190150752200367
0.8080705135552683,0.8620669054480555,1.0720688846091186
0.7959469177942902,0.8883420142020516,1.2189364253199664
0.8032356991337468,0.8750233745237196,1.0578072032146884
0.8097463006967631,0.8985342235456629,1.302299380505127
0.8070575144330121,0.891182089673364,1.1294741506948505
0.825050978682925,0.8816923464209516,1.4248689550666271
0.7933752019075838,0.8482264936385406,1.2693220303358903
0.7881186307549325,0.8573267644463425,1.1031343282408388
0.7839201402828935,0.8467040446439594,1.2074239244292257
0.7709201743642137,0.8698753332069172,1.0864802600175545
0.7741437508713926,0.8498233775415557,1.0114413623900036
0.7653599435909055,0.852261528471774,1.0089568054467934
0.7676281563844367,0.8628586551333968,1.036730487071137
0.7682858833506236,0.8969236070475385,1.2096130167016248
0.7759845798927324,0.8464248035403908,1.3345296463034313
