window_size_1_MASE,Exp_w200,Linear_wAll
0.19822238002019532,0.5485042063286414,0.27290976931570704
0.20646443033359504,0.5215653233898839,0.2823156574057244
0.21114583042982102,0.5655478209976491,0.2973138983006826
0.20531821955699228,0.6137888685652024,0.3039730707547818
0.21187829870721445,0.5841682699919661,0.2892140414944455
0.20224809840210228,0.5907578018886596,0.27558271702362336
0.20018623628547566,0.5508993978995239,0.2734822934494193
0.20814493946800006,0.6122999923538747,0.2731809557881997
0.20008266207346445,0.6037311175475216,0.2908508463756311
0.2009380704659928,0.6083155366218803,0.26967320445640103
0.2116220931539055,0.5803677929795671,0.28245450622439994
0.19749839765149663,0.5973680058082169,0.2683546082592197
0.2087762194773591,0.6121029458773536,0.2906178307484665
0.2064949053041667,0.5911222015290221,0.2823699952778056
0.20301343940556948,0.5443537085159654,0.31479073676078473
0.20309506699709914,0.5633346737318603,0.2949862775091636
0.2079556332215403,0.5584106397332997,0.30518106917550397
0.20821677583535114,0.6124204231398533,0.27696722964087434
0.20881642841988218,0.5453498942734009,0.2927992100214642
0.20019811761489897,0.5827686196721261,0.26005210408775825
0.20687757480961577,0.5591602788105137,0.28946160815901506
0.21354945759611524,0.5573514873572365,0.2858131990226303
0.2103884489428716,0.5505068323015739,0.2970601465520253
0.2059500119308788,0.6367361881494306,0.2781370902720709
0.21369364676869715,0.5833905162623495,0.2903969596929917
0.20808591382429198,0.5802096456940816,0.2793207487799332
0.21567251846838853,0.5538499695761641,0.3004308489904273
0.20529459896005042,0.5592553565145315,0.2676470179710828
0.20817178788894933,0.6394610648506145,0.270599419349918
0.2119173091899173,0.6070408112949546,0.2833474704680548
0.21553815081785707,0.5576073381442709,0.28355879152085
0.20992808345527153,0.5699418500960394,0.2948957588761821
0.2064219896781742,0.5882361746194826,0.2744575313668335
0.20511308559980157,0.5802524008387074,0.2990347828633664
0.209529483095908,0.5649323407913914,0.28057070151396546
0.20441658755258652,0.5739319435239879,0.29722574627328546
0.20248894153526847,0.6250534931175029,0.2630327237901764
0.21931013811215436,0.5929914010561244,0.35602240170549443
0.2028280247904786,0.5844316393133421,0.2928008249504829
0.21091603342601156,0.6066428250142628,0.2831163513995779
0.2052154802733118,0.5665041757607898,0.2825042748567399
0.207742965110136,0.5386051440109407,0.30894307866894083
0.20187840060900164,0.5680520877163837,0.2722110055077661
0.21104070362449087,0.6100322604774409,0.2856393827703787
0.21000389055926794,0.554931434752247,0.2864355661018799
0.20313003381424416,0.5928241825042494,0.2705753572489759
0.21211955236579258,0.5668809360850484,0.3260857513657257
0.20558638425459186,0.5609336074285114,0.2818653223238569
0.207303731955803,0.5748964014485771,0.28083702241209696
0.20651518851644185,0.6031128598718526,0.2765747421882317
0.21022962994438665,0.569489850312793,0.27602905148014706
0.21432138065091183,0.5618135923161273,0.3009900901391627
0.2116199861000386,0.5243253082820882,0.3142141833042298
0.2078680117007692,0.6211491352094997,0.2862775919386251
0.20847955949926686,0.5828803508778959,0.28066226240632913
0.21249260519439836,0.5622031910909591,0.28625836737344545
0.20712287221678957,0.5676645252318104,0.2634874469256765
0.21286534224487802,0.5698189014951116,0.2885167549479448
0.20942068000205105,0.5733541467428956,0.29123723231893445
0.20459557151745364,0.6004726503438313,0.2717717169532369
0.21496745609120332,0.6001028426843721,0.2975193299313781
0.21466258159531887,0.6129856359603787,0.30247603029055875
0.21096205056888145,0.5578065429285877,0.29563368170410864
0.21451252232065307,0.6050298999785783,0.2758385455870258
0.20680458239294666,0.5890221839198228,0.2980502969731366
0.21141814571967077,0.588514572035875,0.2933241810668648
0.21566494851562923,0.5548864971557758,0.27408937895413066
0.20370054155551792,0.5270477493826633,0.2801124125016665
0.20997568836352137,0.5469644597119386,0.2941946363501359
0.20786691635160395,0.558962796221093,0.2782757691600507
0.20978723247120876,0.5918357090905139,0.30526975700169223
0.20531323342690702,0.6019880136339149,0.2704864894582724
0.20262074900654453,0.547113814290781,0.2908871762318445
0.21286828506048835,0.5654641958133722,0.2854410777648302
0.20875814418733074,0.6060784291958897,0.3109388215361332
0.21773438987068577,0.5606206029770242,0.2916059649945159
0.21168123260061036,0.6024582621442501,0.30489506265961713
0.20376287297949916,0.5582979153336989,0.2920946830888224
0.2037053455959555,0.5680993396533663,0.26171754055581753
0.21596944744734045,0.5798100899110409,0.3007624447032896
0.21323157899921455,0.6006776654687415,0.30916877570527224
0.2083183940085636,0.5855922025062401,0.28023442167439205
0.2174533431214135,0.5714679463979673,0.3051569749664687
0.21624847434963532,0.5793294860621312,0.317239646262202
0.2158273900409369,0.5549357790089274,0.2959558432102776
0.21364299259250707,0.5656338067749339,0.3026140466405309
0.2119333684446223,0.5538941191493454,0.2859861267867426
0.22060333214809918,0.5578623943844889,0.2970473786634768
0.2102972072513629,0.5580133975069053,0.3012670836038348
0.20929093507141977,0.6155353025596135,0.2900339652271339
0.202554773415755,0.6719979345080321,0.29587973126075395
0.21191995642288128,0.5629382684273443,0.3090545956486765
0.21116406999186288,0.5435341813258194,0.29357099193686514
0.21130055784415533,0.5580232304927621,0.3034336829993005
0.21268155149824292,0.5791434151951699,0.2925780871546231
0.2141247104059252,0.5856432795496473,0.2833628260550136
0.2077957255093176,0.6286875451828028,0.2683649667414326
0.20793062532664058,0.5474113120342059,0.2857952604363922
0.219970783022711,0.537058724119498,0.2962755938913697
0.2101089029185237,0.5906328401287383,0.3144559336617117
0.21552791997132867,0.5494993132905607,0.3423985908341773
0.21631097272175182,0.5629648884275383,0.30871730556539906
0.20947916214676401,0.6112519350215981,0.3140693093128252
0.20660773327935483,0.614584867660667,0.2781381238698861
0.21489408178462654,0.5716059444951632,0.31908986664444394
0.21060851235311887,0.5538939413983378,0.2845910121897158
0.21348183421188466,0.5900919948979785,0.2993842064915242
0.21138681465489156,0.5829158987622933,0.29597239643956136
0.22266411311139328,0.5748094007482228,0.3235562168692572
0.21408228088024764,0.6060625328084434,0.28731156442690226
0.20706490230443048,0.568610881158432,0.2920564292060309
0.2168009666820233,0.5784904158096293,0.2957959119737102
0.2126824494701583,0.5362965077629408,0.2760037383872099
0.2103103560977532,0.574009003596821,0.3209336779611787
0.21180823578391297,0.5778580080371486,0.2818869343385305
0.21252665454895595,0.5541473605191573,0.33245686777946404
0.21436090963345167,0.5692596101058558,0.3184712824338718
0.21200162538326295,0.5540239294207182,0.3073643674639581
0.20868837654341987,0.6007497262325036,0.2886260141962913
0.2125302018769216,0.5714013121466233,0.3291677865726291
0.21814759140843684,0.5634773675027391,0.30002588745313313
0.2156412598098788,0.5814984227890438,0.2873870740962833
0.22275706069622403,0.5449127528486937,0.3129574189361209
0.22063809386349653,0.5824274364012045,0.3173619134009484
0.21189786667081523,0.5782212995546367,0.2843038836191887
0.21539527192813204,0.6054162613130006,0.2985510020329134
0.21194224768596776,0.5449914841757783,0.2822992765353968
0.20535933588681793,0.5643325172599447,0.2825693907985449
0.21111650888629258,0.6174364307110042,0.29586893513972073
0.21323393816642533,0.563079392909826,0.30242982067159885
0.21792470240505535,0.6046254068485125,0.2999282427316311
0.21051305212332083,0.5795721498326566,0.3029349392158112
0.21582804205537165,0.5748359811861757,0.28728776294206104
0.21518270508703702,0.5721089799333927,0.2993854611516642
0.2116323602538052,0.5730715303376115,0.2918648242401096
0.21637404847932537,0.5775228907684944,0.2980739226777944
0.21430375652340636,0.5923438756979849,0.3082100274098437
0.2202963684749738,0.6133510980644451,0.2960670883671929
0.22122126907930523,0.5637982138165959,0.2957671061736622
0.22128147513641025,0.5811205701401834,0.3085969847017709
0.2216298505129199,0.5938419140039926,0.33700984212147744
0.2165465988384129,0.5656953399915592,0.3251193315920225
0.21813560374693375,0.549296945900101,0.2916556266872891
0.2161927807854083,0.5912574189966056,0.3103229188348217
0.22192620438908853,0.5639507939668237,0.3536682842613764
0.2123711252190276,0.5404593902147707,0.2842869929221253
0.2189330448359768,0.5696096728960605,0.2875903626307654
0.2239197335054994,0.5987336500464631,0.3240031746715736
0.21732544255793765,0.5849928604292695,0.30431502180681835
0.22568025813679746,0.5946103915336954,0.3460360874388251
0.21499540427878108,0.5857925461907242,0.2962330735893464
0.23119967724810508,0.5698211847213576,0.3405306379947634
0.21866030099493536,0.6344036421527018,0.3170303248856884
0.22452005641553874,0.5995943092811686,0.32392374432992865
0.2187652473266931,0.5394768130666779,0.2908551389385044
0.219460209814483,0.5808030679454536,0.30418644135784645
0.2260869619108021,0.5938127125459755,0.3383524669731656
0.23030342719188213,0.5695003674380815,0.3228134990640595
0.22155193136925014,0.5656445952616574,0.30659005544062834
0.22538211717747506,0.5880445886216384,0.3409376586600212
0.21883098491394817,0.5949663053706766,0.3115761392957769
0.22570785535018018,0.5621612283212432,0.32821448289209193
0.2261996488065833,0.5885611965857261,0.3196504365017047
0.22299230657660615,0.6162921266987625,0.30244836418383797
0.2185103103594984,0.5830836119697633,0.30791817019415296
0.2194683809424373,0.5726183149898988,0.29768924619007153
0.21949996764205001,0.5626095650117183,0.3282803938207957
0.21829073117987569,0.5930593169555087,0.31757106102121324
0.2211727434216078,0.5879624749936556,0.31736998899700425
0.22306971441795348,0.5420683447291595,0.3280898265234844
0.21579352760529408,0.584551762650056,0.3369034381126675
0.21285646294480576,0.5647075508893394,0.3073373214170694
0.22195888286607313,0.5923914860589433,0.3215182149238065
0.21807529465270126,0.572756521587097,0.2871727503042857
0.22085199280400425,0.547501830808978,0.3004711560364923
0.21539532421168933,0.5534260306589157,0.319139577056317
0.21945431424425968,0.5508302769955652,0.3020897796543839
0.2181641700224708,0.5604467086958137,0.2831712774557964
0.2183667700133908,0.5210201402536819,0.3824359785102359
0.21599016102958252,0.5715431973455523,0.3296368366689711
0.22169740127695675,0.5533419295403206,0.30948435601357804
0.2191990897830754,0.6086776293059458,0.3068293875478426
0.22006821152932055,0.5607880476731262,0.340824763758908
0.22176143637675735,0.5413023632333795,0.3539898705876935
0.22833309259799087,0.5326282007940477,0.3450430546925285
0.21732053034378623,0.6263597182110225,0.3214340749607809
0.21571685236227417,0.5879185688096644,0.2977963688714635
0.21384115866889672,0.544381872081376,0.29554792988771816
0.21782337402523302,0.5998405689527979,0.3097838839059683
0.22481566829114705,0.5221409082507056,0.3043525716876696
0.2211535583920795,0.5958640172566073,0.32932446528087866
0.21758700348878293,0.558822035024003,0.3054085668678846
0.21816548158640628,0.5966094732846368,0.3012999541438837
0.21893080958296537,0.570782293165187,0.3260045390743733
0.22708126228786793,0.575330679755008,0.3097975809159166
0.21721649257054423,0.6076602429131154,0.3085276002459026
0.22058960067590427,0.5405351670924842,0.32386194694889026
0.21944250317964298,0.5749727232145174,0.3049773681148264
0.2318389759499935,0.5836748279140178,0.30991622024823323
0.22290587796184042,0.5605973508100299,0.3142517565996961
0.22235860428741192,0.5639348537348805,0.3359432971927181
0.22329493122058025,0.5944688529192051,0.3371176280470787
0.22626419463778116,0.5689275588508147,0.3024789089703867
0.22202032702910657,0.5495166736248442,0.3162324557976157
0.22550595376438096,0.6142585040941799,0.3104313064368811
0.23342678051237264,0.5914059217808264,0.3517394377860304
0.22685305314274218,0.5758699131517055,0.3234421805667708
0.22830167348469818,0.5701685380358721,0.32174444206162084
0.22852889148248084,0.569119845231972,0.3030013888472681
0.22616817942682713,0.6142287581153011,0.3160073148339435
0.21530680361601065,0.547516409870493,0.3079057919617132
0.2251790445642707,0.5878893256774057,0.3084071557741621
0.22214248885201995,0.5788098487882055,0.3649211945282941
0.2272851353498809,0.5768099354751758,0.3107658618746124
0.22926296100795213,0.575448779298599,0.3571067517702066
0.23901709074193256,0.577982245487729,0.4139703372533128
0.22345427430604267,0.5823431364342404,0.2994484061650404
0.2173401278016286,0.5737074287770065,0.3501239225308786
0.22297163446709717,0.5415220044851351,0.3371451535235566
0.22725004552379055,0.5800813302780967,0.3109824462119569
0.22587041131932112,0.6153183824830738,0.352165937918002
0.22002299439025058,0.5621308971015777,0.3150783113800462
0.23378811289060095,0.5954917728763897,0.31776655477937
0.23018469014303874,0.5769444782451609,0.3700526591193761
0.23402977469013778,0.5907647909235966,0.3314335780356015
0.2390127028815815,0.5716490678355644,0.4062382135942659
0.22569805911387297,0.5789223076359284,0.3132932603454804
0.22809814000485013,0.5755750802707262,0.3423601538802475
0.2252108850484796,0.5864806329089969,0.31448083135263866
0.2230795179182055,0.5421517469731477,0.35471286841226796
0.22916175828638546,0.5546259514548387,0.3318393754925949
0.2265575908140224,0.5822341049216917,0.3419675860376544
0.22449935745712746,0.5717699407199502,0.3507507421398573
0.22491702910261868,0.5640797693451772,0.3220327571534794
0.2360031470780231,0.5625807595895947,0.3567617153557099
0.22169520464480869,0.5433879768465185,0.34913544230434285
0.22083390775152334,0.597142359473969,0.2929933976781359
0.23318177269677207,0.5664448691121274,0.3658240323332079
0.23455922013545458,0.6022245312893303,0.3607878120315831
0.23313486443103873,0.5463205634121622,0.3684577496128171
0.22134000874811732,0.55380686358686,0.2868051663136413
0.23544593233081518,0.5879858002482405,0.3450670641072292
0.2302353280798082,0.5836355873320396,0.3343550630848134
0.22830698506237582,0.5646876921997983,0.3150482605717105
0.22661512254832608,0.5600942345572635,0.3361406212755364
0.22789960732168502,0.5549481780494212,0.33717357177556145
0.24099121342706462,0.6188653052850044,0.38846027855025106
0.23068290634045602,0.5560733699910797,0.3572708804718923
0.2302444385893699,0.6038900264515593,0.3761415088948472
0.22952438404348427,0.5576004680086362,0.2999000816827461
0.2299457665545144,0.5833803252422434,0.3374456026822849
0.2365319085196566,0.5763903773683454,0.3945066860965657
0.22624878729963044,0.5469417224178555,0.3553714829527035
0.22224073909041625,0.5432016194065176,0.3098490492579926
0.23064087231935296,0.5671890622681262,0.3365864594365594
0.22891165276492706,0.5486495349699119,0.318245090958074
0.2221680903005041,0.5914419847134851,0.32925610568878466
0.22758125025444442,0.5648250096993735,0.3291867212862841
0.2273806659727034,0.6215273062637111,0.37982694209198825
0.230694410268132,0.586525701766653,0.3133249252411623
0.22885541096633621,0.6088214433952346,0.3807258639288434
0.22784210636085156,0.5848924425997866,0.34835816662600705
0.228599092911507,0.5926860845465263,0.33786594873085546
0.22437712284778455,0.5909213783378691,0.328608913355375
0.23560467379661434,0.5866674411734629,0.3624502114267614
0.2301406330113408,0.5887517759894644,0.3330657466970007
0.23327872975781414,0.5454553360266263,0.338933072033432
0.23087269853650466,0.5560168811446892,0.3337554424946005
0.23720338284429218,0.6036063448380397,0.3380613990629022
0.2272582121594119,0.5745528063857602,0.34181220489719183
0.22487522544689534,0.5631871203375333,0.31308772230648285
0.2231244343401898,0.5922195183086586,0.3286406596627273
0.2451759152239517,0.5539078510311402,0.4310362303285345
0.23067772512735807,0.5862879763083567,0.33038809740982195
0.23709041881995602,0.5379769273522014,0.3734419345776113
0.22624388044520735,0.5632659010412534,0.3426629352642045
0.2326795403811542,0.5516372605809223,0.3407569773797375
0.2479215622181884,0.5983817576457467,0.42559698768167
0.23347687678028614,0.5655663007455203,0.3632177033632286
0.2359228612078067,0.5940426363920913,0.3723554525201167
0.23283331446475075,0.5928985242629959,0.34214775101108025
0.22923699248060678,0.566250280439241,0.32975729422619393
0.23033929432947026,0.5654907394341082,0.36107001592917903
0.23022095624994207,0.5702426608387691,0.3270186809977497
0.23548238691875767,0.5813888263346989,0.33958955913216804
0.24260750458137345,0.5725143158184108,0.3646963781424541
0.23089798046704998,0.5684441185652607,0.3383752639510107
0.23010606558984262,0.5886674335167794,0.3294790459492917
0.2317412147134067,0.5473890106930631,0.3432148877502821
0.23124486761539997,0.5896447928546202,0.33524968810864786
0.23065409777730572,0.550215443036623,0.3531616795139748
0.23847057159925586,0.6109388238957425,0.34546565784123845
0.23577348118226865,0.5918788025503581,0.355655208690197
0.22851092066007175,0.5797630965014544,0.3077591233695963
0.2286154628546428,0.5905862216962204,0.3359198885129237
0.22849905293526107,0.5930788460496841,0.3363742810863388
0.23746694938183438,0.5613840396176795,0.3412998987484961
0.23468626842066215,0.6177221516825697,0.35521523024060725
0.25681120669612817,0.6055566918461723,0.3987439031083324
0.2377839275307197,0.5685226080252616,0.34837965474638616
0.23117755073540258,0.5735200909673791,0.3565283581098958
0.23274224414056263,0.5717447406886003,0.38278720468809335
0.2285712657732647,0.571424167061371,0.37101546221079995
0.22936120589805603,0.5706548437736876,0.3454800116394157
0.2319218709376708,0.5635122495350061,0.3245545330682925
0.23872595492492996,0.5812794967345516,0.3474472481988001
0.2500910648468713,0.5665071437741694,0.3766322540783933
0.23360708783934286,0.5902159554365487,0.3527215307363969
0.2436711073039936,0.6151913516131675,0.3909106037159065
0.2356246892401844,0.5703619075716254,0.3394983283501505
0.23211994109262207,0.5716150850375029,0.35983462757413576
0.22682028197324386,0.6064549178006634,0.3682457018906865
0.2353992407692136,0.5706802523382151,0.3473303795489344
0.24672465528432627,0.5611795351481635,0.3620161349155807
0.24048280946739406,0.5791584474047842,0.3837308059858846
0.23094957470987112,0.5475213223230236,0.3783628128213181
0.23206186238503484,0.5150075458805834,0.39751633211487103
0.23217683028688793,0.5444466394914841,0.3610207827110101
0.23464568645825182,0.5793623055246836,0.34599955587080444
0.24109917044809442,0.6278425363764228,0.3615698185545531
0.2351241500170438,0.5912896043823452,0.3621797449989879
0.23969508725939842,0.6238205168611121,0.36302667682051576
0.2369397938105931,0.5784972221257424,0.3614641050010213
0.23675604727521096,0.5310322069288584,0.3841775565497864
0.23871677727106147,0.6082305858995121,0.3528272582348525
0.244725762138509,0.6384526599257003,0.3640994086697983
0.23097969707902294,0.5890782323546213,0.32119446249265865
0.2381554705584666,0.5769739118317411,0.34492286587380105
0.2304108016211343,0.5754874246610843,0.32911192024341723
0.2491993645670918,0.553167867417747,0.42941874952867787
0.2350645970806938,0.6344394977138123,0.35922529703037354
0.23938786369875176,0.6082114742405993,0.35302663067101203
0.23976040670936385,0.5670371247105433,0.36289786552755793
0.24132532112277238,0.5814037974990749,0.3925224463106729
0.23145802156017456,0.5712936050509034,0.3486884145333979
0.24003119852927438,0.5922382265209678,0.3556000570732294
0.23147447967265414,0.5780349576803596,0.3667461411679708
0.23995551180533145,0.5835538754559019,0.35935801923545513
0.23218139327385057,0.5488736914827761,0.34377796033336977
0.22655903399111688,0.6227492156371645,0.33313337789194963
0.23558050029619831,0.5405451353372573,0.34003318874890576
0.2408296063264259,0.5778250999482764,0.3662745595138521
0.23086598610083128,0.6197746386421887,0.34763410074428536
0.24310494878801123,0.5667362134315449,0.35460973184980665
0.2401647932034996,0.5483487361578415,0.3668851058916164
0.23312007575740432,0.5755698916975498,0.3541978559851497
0.24217958506826356,0.5845573638738688,0.35447713751086235
0.24495654150226215,0.5629747549087502,0.3494239925762125
0.24012836368636797,0.5703362206493143,0.3388587209125178
0.24469019292049438,0.5622706365433858,0.4070259871442413
0.24064100210985445,0.5790792753363678,0.4452025242372225
0.24306688826032713,0.5605803977109558,0.3922498213870208
0.24240060807029054,0.5801537038715007,0.38206928402692414
0.25191188902120837,0.6076286974183563,0.3605902504568225
0.247715575758798,0.6002806895072148,0.3801733731136875
0.25308463637735534,0.6180866745160682,0.4111595212135198
0.2370382835605637,0.5671355175991242,0.35699869729394385
0.23419612814436708,0.5497358501051096,0.3521298388979824
0.24037739910201963,0.5880204263311011,0.399096284073562
0.2400598911194315,0.5823610247642633,0.4204953754046107
0.24118893709762443,0.5477168390612861,0.3823978057053976
0.24796784493314106,0.5828002004757096,0.38314754394559947
0.24813047079805414,0.5922848239996565,0.3641184250198359
0.2391196004148301,0.607143202504098,0.3822812298312894
0.23644628565195894,0.5889273980868853,0.3658163677637868
0.22782471594582288,0.5815631926519889,0.35017440702257857
0.2432713903464739,0.5631481983729345,0.3573990651792419
0.24902882033835355,0.5542390207439681,0.3585574078032661
0.24834933781163734,0.5609172547711498,0.3723554610282268
0.24646047950349687,0.5457205683636592,0.3686886644359389
0.24703347872855722,0.5721313056502318,0.3666699102555783
0.2516572833515529,0.5913033406812813,0.3735308432455262
0.24831018743337743,0.6256588524940042,0.3505315970684197
0.2475459562121206,0.5710879060056626,0.369513049386226
0.2572363496029315,0.6206319803235569,0.42038175880341655
0.23961681898924694,0.575343013825396,0.3252325525141365
0.24153720718079053,0.5725079857053029,0.3931428438343448
0.23611363456316659,0.5735938466608721,0.4209041074645285
0.24579621552970413,0.6503745948288906,0.3784884635014667
0.24298607899314476,0.5751717375775454,0.3644087882909781
0.2408820878658058,0.6220447344909146,0.3546035474181944
0.24693789080445747,0.6104863840806666,0.380181734665992
0.23717973342346896,0.5373387616329608,0.3814318502583955
0.23416991175837282,0.5636620390464409,0.3444747461226323
0.2490942856921825,0.6086999147837232,0.3892180775128435
0.24867905969950907,0.5624158908599779,0.36524184095322737
0.2433848212751459,0.5546261422523338,0.4085075070800187
0.24463488921994647,0.5776990764558443,0.4091282535751379
0.2460994112796968,0.576865426655979,0.3877553357778808
0.24222126225781543,0.5634010189786774,0.4240398856712682
0.24898971093742867,0.5733353671648181,0.43860013601090747
0.2364433947811642,0.5511074918897598,0.4060787827943211
0.236905492146455,0.5657685086456031,0.33489450658604986
0.24280854058924728,0.5660772928282657,0.3919834838266357
0.24463446627442942,0.5994787639692035,0.382555085169904
0.2371024978060504,0.5499476160448438,0.3788043988950808
0.24590596394222686,0.6060954362756771,0.3686650282518091
0.2309510880263972,0.5552811275683089,0.3669962613114029
0.23573716913473244,0.5438327454595101,0.3975349846828041
0.24834915890127282,0.5793711627593181,0.3799752010572018
0.24308161830297503,0.5948087793788432,0.37239313233157595
0.24585620215214576,0.556908504817745,0.3847368978945059
0.24279028371095976,0.5783495189430041,0.34635116560845985
0.2511092623243683,0.5805599656852386,0.394006692953524
0.2397447740072581,0.5760343545628309,0.3428550456603497
0.24251990258993886,0.5595884467144284,0.3666233855202182
0.2441318804108829,0.5493085286711807,0.3712972933455511
0.23666052660609385,0.5935482071835713,0.3841334848438365
0.25704804386466407,0.5867841024949358,0.4226658638321283
0.2365444403565781,0.5947281714671946,0.35799447646680577
0.23473287014977356,0.5623876810756251,0.3494021176811104
0.2441651471321962,0.6124209396967862,0.39714636700676936
0.25503031036889473,0.557454246514193,0.4470958590466374
0.24675240128799217,0.5750176716686303,0.4532775193806972
0.2421865298440943,0.5680059144104151,0.3469161856968385
0.24479500276327645,0.591371645486165,0.3971624205461145
0.24060770839357948,0.5936950341772192,0.3985517757444361
0.24797950591406093,0.5971236840127079,0.3485199081956665
0.24690951215693566,0.5758237610809969,0.36070898952405
0.2521752495592419,0.6113801546748512,0.4604931293538083
0.2417175931489441,0.5641380013770488,0.3660971378072913
0.25008860758752005,0.5777265145650793,0.4309758050703505
0.246763413228682,0.5828738218714423,0.3856480003935571
0.24608925492802222,0.6124581489534505,0.3708527822753467
0.2436162551572164,0.62885731987133,0.3845531847450296
0.2444082445994212,0.5504662441784226,0.4736794038657772
0.24161967238246831,0.5665433764176939,0.3822385516951462
0.2510511494308961,0.5583915334603142,0.39160681900812017
0.2399444986851399,0.602299877004334,0.3528158225071387
0.2438886654949224,0.581962931729509,0.3568683086237203
0.24376951333839622,0.6122586026772932,0.4105586801360874
0.2459138230859243,0.548973570595031,0.4405224073020033
0.24375808704695326,0.6231881275315232,0.3732853016946355
0.2440445006808157,0.5720147859277587,0.4355885399361352
0.24511432421033338,0.5950300091636959,0.3536612392098515
0.23804108678140282,0.524836193696159,0.3969683235853741
0.24213891452548417,0.609883691018976,0.3731849089817168
0.2497807836714432,0.5939767730770098,0.4264624783727362
0.24379153341300558,0.5628703177494585,0.4369089391995329
0.25123777911890366,0.548793888445703,0.4267352073376452
0.2456891470936407,0.5529641070285313,0.37291916544586573
0.24790197809000214,0.5574102373216178,0.3960216765425426
0.24849874521924076,0.5785268288949047,0.4376622269241829
0.24320447134291226,0.5327965796993953,0.3880932719107909
0.249491347808314,0.5659856331815493,0.3800303287849484
0.25114797743713635,0.5788980428039323,0.4424468466451056
0.25230524823758715,0.6049954974595089,0.4012171396421163
0.24350480294708618,0.5760440333899483,0.3744753546525447
0.2501573069058079,0.5840782763813855,0.3854657548119294
0.2532696384988932,0.5751049182963791,0.471959521627948
0.2522274119070907,0.5509579992428756,0.36122523388371997
0.24973021134010737,0.6161851036842583,0.3987878962975785
0.25744192217611306,0.6241300268074965,0.4371762204691314
0.2415345376005093,0.5536625074699676,0.3714715091880829
0.251532212801165,0.5654362009965468,0.3893472528923131
0.25170948841987445,0.5976728886151212,0.4025228628907784
0.2710123797792655,0.5642860023125129,0.4280476291519987
0.24569457537817369,0.6271966890898544,0.3795328897715527
0.2520956017689508,0.5769671451335722,0.39479656466738383
0.25312430311469486,0.6123502562932363,0.35901826998268355
0.25839822411108054,0.5706926587000071,0.399823782031411
0.2511976600391307,0.622242110145296,0.36097646039258136
0.25947554677118106,0.6204086082040775,0.4155354500301545
0.2526591738714994,0.5478140822430455,0.3868617026152024
0.25614176249453147,0.5811916883344314,0.37465359670451975
0.2529043593873977,0.5952401955455131,0.4075237469810667
0.2512222356667958,0.5931676426599499,0.4333794493622241
0.2554100414027861,0.5977417280964652,0.3935731111658584
0.252642594041502,0.5794361652678537,0.4457050095486691
0.2529722922273537,0.5772598679392817,0.3920240155514202
0.2555219203905425,0.5292625686201486,0.43649645428567213
0.2515849744053928,0.5759199974675212,0.3934154709827114
0.2524023705178595,0.5390483105301008,0.3855455568895713
0.24939877828470078,0.6258121009941421,0.405599614614609
0.2576383088269009,0.5481478233973409,0.3950009769927065
0.2558675517493313,0.5976188806625936,0.40210474893287945
0.2558480986849808,0.5854109665622639,0.3857824671435424
0.24949711681861758,0.5438482864825671,0.3895517939557396
0.2553530863561737,0.5986792713277751,0.4244513875828186
0.25455382770123514,0.5713963870192205,0.4371118812409128
0.2498573035602002,0.6064037212212137,0.40142140443138014
0.25339401909560566,0.5739598521183157,0.4075510476403224
0.24990155652716603,0.5843613086163348,0.3987509137011993
0.2565030346894413,0.5711656609919415,0.3935717161636022
0.2554800775570793,0.5409812307268146,0.3768605244589341
0.2528169714621077,0.609049859251879,0.4364941464774599
0.262640706942242,0.6208485070740799,0.4241478202670133
0.2501975945908208,0.6216341994194541,0.4179996704596543
0.2563373640376029,0.639094331082472,0.40472170920551065
0.2653978642716841,0.589653710639572,0.3707945855349588
0.25327946622990377,0.6260896269884825,0.3941429635558105
0.26591797723586874,0.5583290335367077,0.3807140318566812
0.25081091939285144,0.5878041620396178,0.3780613011048222
0.2559839993725019,0.5848980284455501,0.3975905937591844
0.2635004217482963,0.6181700217392557,0.4234218795058788
0.2710069158985513,0.6013219671496955,0.44214630493873536
0.24998314726770757,0.5569509776287235,0.3815239825595528
0.25799895082679525,0.5767579847017622,0.43493482749731294
0.24798390052136568,0.5501154936681987,0.39950285444651695
0.26851037149087154,0.6056160359738102,0.5089002303426334
0.2557981662653036,0.576343160249054,0.4375939891305742
0.26113684077972776,0.5361520356770347,0.3931366221457889
0.2566620190802801,0.5688416812852154,0.4418017075052028
0.2547396201245709,0.6167254602521062,0.4101386024877038
0.2542394505262539,0.5496398988107715,0.3891212248447439
0.26275845890539157,0.5820119727765906,0.4113792581740015
0.2621053990711205,0.5821181381146012,0.4549763028400282
0.25659222372364515,0.5889572522990678,0.41499217134888894
0.25220556769921165,0.5559734494300634,0.41950817367340576
0.25999263779109005,0.5974201785423376,0.4082290233626136
0.2687219118115612,0.56961043153768,0.5401302047802696
0.25556402241008586,0.5185646713349413,0.4416072651082136
0.2597523185253008,0.5885257643689438,0.46302288479153403
0.2527186545414601,0.592403886155413,0.4467782947838848
0.2543928286225141,0.5280612165159589,0.4493110385384255
0.2551245063999186,0.5764994529037142,0.3875680117780617
0.2528724868538186,0.5878491154439056,0.42646667687891865
0.25098444631308536,0.5509947962645068,0.3974080171267989
0.26107249013600525,0.5669425742066183,0.434642472797698
0.2587815021190839,0.5809930336440504,0.4120805611031635
0.2661314751768032,0.5664809002347568,0.39042841379005
0.2595264379920013,0.5639943907473477,0.4367555379276293
0.26798481782725353,0.5609112446920799,0.4134374258292908
0.2572615681153379,0.5823595168760778,0.4368385331006891
0.2621650909833268,0.5813242044138498,0.4615910723773918
0.25717094981119604,0.5760350836551335,0.3684497999061898
0.257787094811597,0.5999784184513594,0.3564513526431499
0.25828437078764266,0.5938480110488163,0.4355519772166479
0.2732818666301377,0.6052924156684437,0.4829396917990214
0.259257648690042,0.5703152968172825,0.4314469419280691
0.25406558711684624,0.5706880014545871,0.40646197435690185
0.26066155791758006,0.577011356741639,0.4068750642721907
0.26503065534349707,0.5643044905377471,0.4011014448676294
0.2601901601558365,0.5569305257006968,0.3726103518615579
0.26341343657922345,0.5813333984438848,0.4219611127921825
0.2695681102019428,0.5685669288109723,0.4706246688787056
0.2583212114471693,0.5736889683876295,0.3908510920599039
0.2624652630002626,0.5580950528571256,0.42027277555598697
0.260047708020082,0.5449717762754864,0.4174808855956919
0.26137986775748373,0.6038158163556064,0.43316174241857147
0.26244519877539746,0.5745473425083659,0.4284067664397287
0.2609785131194804,0.5739750937945037,0.39984787678159456
0.25817207771320616,0.5918710542573337,0.4252876370021484
0.26331182261711744,0.5776127451008679,0.41299047580841
0.26176739151289785,0.6029016229612368,0.4589843433775956
0.263289435409769,0.5652344977124275,0.4020388032419703
0.27436894429416614,0.5682251607498989,0.4317411224858659
0.2632771438197315,0.6237689896115929,0.4727664117671167
0.25877068448241913,0.6121423367999391,0.40397521978105216
0.25706401823931196,0.5667577512476241,0.5200610666210391
0.26383719574772185,0.6133187943655893,0.3894224531070228
0.2701368743900291,0.5639301058537391,0.5066217882451354
0.2522500161654671,0.5623516336314732,0.4096956748678336
0.26163367441529156,0.5518372513238695,0.4011679345450249
0.2581485456211247,0.5634850800166301,0.43284478313576463
0.2552480947839217,0.5691124565461326,0.4168291610490485
0.2574098487334409,0.5416523610563962,0.4266535900649657
0.27258861505212517,0.5726404791862226,0.5623409074299697
0.26924019290274687,0.5774133067761011,0.4697559272661329
0.25558956298669805,0.5574706898548893,0.4286514858955034
0.2542876261540817,0.5987984923955708,0.3817145668420354
0.2697634067752507,0.5147487365796497,0.4582127061938096
0.2598439071416956,0.6188120035049652,0.4207296767339567
0.2597234738805113,0.5906236865676842,0.3977264236279581
0.2505945635468646,0.5745509167712417,0.409357004956062
0.26078012399442857,0.608331113513851,0.4062799084969772
0.2589495269526103,0.539382310804834,0.4023700270266632
0.26822341274240086,0.6378233150740884,0.4266971057095923
0.26585302463643073,0.5682518109206667,0.5061614565049795
0.2696219650626599,0.5822255125889534,0.484940655035444
0.2638433643847151,0.5554843915780663,0.4458885673450782
0.2532935137734883,0.5875430989015211,0.43780070088057343
0.28881576279242743,0.6285876849717736,0.5533632621685425
0.2561027821896731,0.584006150530604,0.4103154967012482
0.25215621268391264,0.5741079996224037,0.4801561122946302
0.25688245519067654,0.5520120158938184,0.44622308034100105
0.26860295712252297,0.5803828777438743,0.472183191678379
0.2633681365453486,0.5671770388162666,0.5234780278225437
0.2574603350965029,0.5455507670355291,0.41186046729925296
0.26544937708496463,0.6060384578179956,0.41734836935298597
0.26858620991343474,0.5890331822051255,0.434999811066208
0.2739788102896042,0.5371567636000245,0.4385825902572192
0.26936065114653546,0.5613734618045884,0.43499498604984904
0.28606347666658205,0.5477043126855122,0.5912071546008582
0.2567257559733803,0.5366907952078688,0.4504680801083011
0.2606470476700531,0.5742669154073333,0.4221284092069759
0.2752012044416088,0.6062649728637346,0.412596597204312
0.266898086232366,0.5596941303867748,0.4269863175592038
0.2661179892374548,0.6009758148474968,0.3895472412194339
0.27147464255794185,0.6256979410725095,0.4016650331981448
0.2636608142142429,0.5590730129948305,0.42286367702217853
0.26579050588728315,0.6163394719900447,0.4437875408354751
0.25840304308435547,0.5426845573786602,0.4214260139148177
0.2579697566765048,0.5924761466923725,0.4125175517024413
0.2651035443657832,0.5642745930202544,0.4503023320336489
0.2657708861269301,0.5787938841403006,0.4444114291141659
0.269381221901559,0.5874679971102367,0.4471397494130165
0.2625800513509787,0.5715643862803439,0.4933180779252342
0.26077216819901766,0.5657706907002649,0.4169419847164218
0.26197975684553876,0.5588807076677342,0.49968849204314797
0.2637634199652395,0.5574214426504286,0.502592629667915
0.25687520929053387,0.5596789523499314,0.42938455239943707
0.2663206832722631,0.5758357694473261,0.4676614486575528
0.26541757354034584,0.5811893165416699,0.4563124859010997
0.2645815675362349,0.5928039041521994,0.39909995262368503
0.2836556903691225,0.5364475523570419,0.5171677557180334
0.26996904907915736,0.5682285244042058,0.4389150239607816
0.25696266445654087,0.5681480957100846,0.4186110664006869
0.2735566353871755,0.5843436127828339,0.4596201348519108
0.26143305122624755,0.5673493260111109,0.4206049521807874
0.25541505341860643,0.5235566046688073,0.4394740930453803
0.26695830429292206,0.5946152077291308,0.4562911009763188
0.25743651251392435,0.6261949138770988,0.41668434775728747
0.2604540916699188,0.5982604216038674,0.3922583784469116
0.26947468330595903,0.5731345470168807,0.4485005358774243
0.26925366197665385,0.5470007138115265,0.4753888751393323
0.271025692131265,0.542853668337765,0.4547630674024742
0.2812657963449599,0.5546555733332678,0.4797956148102762
0.27626059796022434,0.6027666045384162,0.4573279506655426
0.26542887166520335,0.5675701295673532,0.4118438724697927
0.27855724559878997,0.5657986912777588,0.4631452602118109
0.2599821844800473,0.5831193282357678,0.4577219888375792
0.2792160429466087,0.6015416242370856,0.4313275031705857
0.26937109935930814,0.5798319080119304,0.4407635691789323
0.2648624441603389,0.5728777127298571,0.4606292352306944
0.27084609280694727,0.6300055779024274,0.5339305860593835
0.2803392041026595,0.5610364565618845,0.4535945792064988
0.269846223298322,0.584082508139357,0.519147773773354
0.2674960999876505,0.5800730278188276,0.424750542526587
0.26440387762357637,0.5930077113894734,0.4371339321645105
0.2776926702103193,0.606095505844569,0.46816102577168894
0.27564083744938,0.5470593417116776,0.4332483416169611
0.27839654955467025,0.5550791685484533,0.4375722833219349
0.27404843356769126,0.5447931085486111,0.481258566530789
0.2842299105529536,0.5851968188222443,0.5141698852430114
0.2675868436149545,0.5647910020547563,0.4344770345986565
0.26764790543264766,0.6016261341870918,0.4203187664401632
0.267801216560608,0.6262463254679905,0.4142554464901253
0.2640155808034983,0.5631395306723941,0.462252763474264
0.2773658775973299,0.5764435073349022,0.5295957598669879
0.25905761428410495,0.576180952509973,0.4078393845109369
0.26831939708436137,0.5441458329691301,0.4026125993628827
0.2714529039252167,0.5490688781029788,0.42796975678201
0.2767988236151205,0.5665707670616076,0.4596741329706064
0.2794982683884513,0.5916375801980128,0.5481056692363528
0.28150672449155933,0.5778754475047752,0.4268586223560507
0.2772580145127709,0.5466345442607546,0.4826204894515205
0.27581657750831207,0.5795709714468091,0.465854717006523
0.26865466307311864,0.5774383195220573,0.4404321609039916
0.2835203591702487,0.5861362120493582,0.4218996083259928
0.26600702476930954,0.5601286320948511,0.4337582851560369
0.26196158819645254,0.5898614632986582,0.4540390746766162
0.27474485057886083,0.5662644952278675,0.4381536183309018
0.27067441179089347,0.5866496959039934,0.5077103289143771
0.27013082953718354,0.5860637006377314,0.4248529212304633
0.2705505338051042,0.5959229074817262,0.4658547997533554
0.26870437922960666,0.5576996770340318,0.448320592870493
0.277798978580601,0.5451016158991931,0.4444039142341065
0.27878968621641254,0.5927520267270534,0.4539203656432636
0.2768518655596257,0.5641636249343194,0.4164746849995773
0.2767377084065439,0.5535744169072623,0.4523712570602763
0.27792903099104677,0.6063127582656719,0.4644534376799282
0.2832366341022468,0.5628867692951393,0.5195823803315239
0.28206444817315757,0.5708078303502002,0.4437337371227754
0.2767599640993473,0.5716552334068685,0.4311265262500194
0.2767531542815165,0.6339215672344086,0.4725873563876428
0.2760059831493396,0.5821477361263395,0.4942357437271291
0.2885105877703626,0.5787695900300343,0.5551557311716433
0.26777854782861554,0.550995410363551,0.4198060533503382
0.28210719242377563,0.5795720221350836,0.4892121278554214
0.2739135065749526,0.5569302643693388,0.4457499530993986
0.2718883938854251,0.5610410546395859,0.4930648004857186
0.2678995213694996,0.5740556324295677,0.4631212555954554
0.2815719597488191,0.5983720444939739,0.4399779380355032
0.2806606078215161,0.5447931970840706,0.4330965941878317
0.27930988942516066,0.563777874765277,0.4138121861903871
0.2859071734167022,0.5979202875694408,0.4439042042270195
0.2883634729282732,0.5814755573589212,0.4749750654401973
0.28353146503955495,0.5785059655505165,0.4673637376550076
0.29177330021431547,0.5620863155046059,0.45000766263623293
0.2850910699334643,0.5830803223453912,0.5569769711168002
0.2867468098871145,0.5862208813266594,0.4895644429887197
0.29054941989736827,0.5690216114469281,0.5160385539511344
0.2835752521015214,0.5681857868449639,0.5119984014454707
0.28645971478641064,0.5824998932825921,0.4806063400251258
0.27855073124457425,0.5702897492943387,0.4778868083431819
0.28742637047584485,0.56181320833869,0.5634011691527602
0.28733632131297243,0.5792899995276136,0.4747393638234182
0.2786371055122226,0.5914627733636995,0.519490508284441
0.27876745038949535,0.5613088501324338,0.4928064677791243
0.27937672004901054,0.5956422634012634,0.4540210593803238
0.28054268955024214,0.6012113638295208,0.4397021643108701
0.2908377682020446,0.561950723352072,0.44956017063503706
0.2724481484455592,0.5728035054865532,0.4813471310958095
0.2932423103351528,0.6104944001618322,0.4623064346178306
0.27256924567225965,0.5902438116187211,0.425205410924648
0.27699064024183234,0.5566692213804982,0.45573547895751393
0.2843727558148562,0.55809925296102,0.4527203340345395
0.2700229255980038,0.5598902738114018,0.4897396181705616
0.2722960823403159,0.578098980770114,0.4336643697607761
0.29411163279287034,0.6251477513042927,0.560149496480923
0.28505103131072024,0.5587583927586147,0.4402862983256817
0.2772624055119042,0.5400490137242682,0.4584114513335222
0.28413948702862507,0.5627335952224063,0.4575645601995554
0.2843579673647927,0.5797370976949268,0.4893649033701977
0.280988304443441,0.5276517486829194,0.4573137385042302
0.2786167097211603,0.5984334613185234,0.502302099295957
0.27732509136961914,0.5776760695247963,0.4468058173652121
0.2815049335239416,0.5511897159658433,0.4516221756243025
0.2697760996673134,0.5485027015928139,0.5215177140561711
0.2786911272803507,0.5653685486967254,0.4958609474856458
0.2899698954859428,0.5762486297602181,0.5003077335888729
0.298714285607367,0.5929286526946302,0.5532597779427497
0.28599001910282756,0.528848435230445,0.4673632639665199
0.28352321413597414,0.5460854359745795,0.4751184535157115
0.2859045266449337,0.5710535206568228,0.4709452317167087
0.290672422171073,0.5756940403106587,0.5703328821745756
0.2873251669772928,0.5725617554749587,0.4485912293402392
0.2813594704365903,0.5719893570619048,0.4704666043603442
0.27841955504875243,0.6158747770756289,0.4666712905727142
0.27672147607830555,0.5747698356169267,0.4161419849891616
0.29082356932235215,0.570894783379606,0.5323065306185859
0.2732742521910439,0.5850211097893526,0.4584763400844173
0.284247720793335,0.5752173998447541,0.4583241626940482
0.2885759198373586,0.5380365522794197,0.5558621994673267
0.2863565430333449,0.6125589598642193,0.4980116910747477
0.2822952741468479,0.5605154888004911,0.4746518111785895
0.2798706933368873,0.611272550961352,0.4653168417853806
0.2852002700632274,0.5743585082080144,0.4886873797548849
0.2824061062793273,0.6031880652101818,0.4978017232925705
0.28674151756453475,0.5827377157871471,0.4631381379393805
0.28727356486929473,0.6048903372191451,0.5081588273959673
0.2938618161157194,0.5887370211289041,0.5306307616892999
0.2972047196493969,0.5807305955645915,0.5337593141043389
0.28121632829870935,0.6064038757465291,0.4908457307072654
0.2835170631871245,0.5625603838939097,0.4561410065304614
0.2941028107482883,0.6304372812064558,0.5394220559518375
0.2853300989152372,0.5406267238418837,0.4550105250220543
0.29913514914444816,0.5979772749543164,0.5158606036804094
0.30428299264992953,0.6061416403770942,0.5279030888396509
0.28521564741561517,0.5699169404889903,0.4826082577851725
0.29142650974068635,0.6125620945692615,0.5351090157179279
0.307875041179801,0.5998027775422697,0.544464013424942
0.29012536635340497,0.5645962881694282,0.5017049462777381
0.29270422302519905,0.5814256763413007,0.5019198566445187
0.31110622747780114,0.6165498985349821,0.6234444189793208
0.29682028553880835,0.5480579875884117,0.5267949814204961
0.29907896087138963,0.631241554043866,0.5175873870486342
0.2904137783666909,0.5365025251161216,0.5405528318832711
0.28645766310471543,0.5606925833751091,0.4532282222873733
0.30133589280799944,0.5971855027930091,0.5273116440801965
0.2999820900229362,0.5531711637003931,0.4698594891570558
0.3001723980195248,0.5954726076199575,0.4888063300274602
0.2938369358729048,0.5977115859645203,0.4501497940850517
0.29117901731483214,0.5672820543239152,0.4998476557630759
0.30105771933138725,0.5751806932574215,0.6324327231664074
0.3016069144769612,0.5827307268665048,0.6013122425586551
0.3043221464518252,0.5586571539412714,0.6626112500099229
0.30300563826113225,0.6205099324512721,0.5333698429779367
0.30340602780974946,0.5752726405034089,0.5455401106255061
0.29527005657991673,0.5862527125087683,0.4739421144598805
0.30538092715630866,0.5899236079324562,0.5088707841456708
0.29038587575926444,0.5751546181154449,0.4503981449079241
0.2879945650116918,0.6008456901141176,0.4701903456543362
0.2979954115301328,0.5927994932328591,0.5307422009107549
0.2810209302772108,0.6123583950750907,0.4894171406672033
0.3064902739899158,0.6184217076392675,0.5270759941824454
0.292803664063092,0.6210712458031987,0.4576032168029725
0.3029806040859857,0.5873150949512639,0.4833128146587506
0.2957754583818688,0.5491998093950671,0.5432341011531682
0.2922177954333896,0.5579645552102376,0.4806056115016149
0.30913559756242265,0.5745024281691411,0.5818081504563427
0.2956271635622024,0.5579207358550411,0.5227175634280989
0.29980632658133016,0.5873467189936205,0.5230470479480044
0.32032567213542334,0.5920994125328256,0.569573011177394
0.29328236692371634,0.5416743475950959,0.5700883577932203
0.2915590695252082,0.5695379558182233,0.4619815405661937
0.2974783198447107,0.6584951395956806,0.5083376825032075
0.2911849621360039,0.5949545697901687,0.5220227040314538
0.2916854667898834,0.5579472027119108,0.5602420516686311
0.2927269910552182,0.5739167322545415,0.5083818383060318
0.30517202799269005,0.5866452609632699,0.5143233717649358
0.29788522953121893,0.5495777389997097,0.5021341068171771
0.3076563628269198,0.5969107849994129,0.5024524798972149
0.29469402622376717,0.5624186336182236,0.5135859036015485
0.3000266978215947,0.562131837709212,0.5517192700740768
0.30005374666615103,0.602617162808851,0.5228454413934712
0.29949856665811403,0.5752591125627865,0.492678748523716
0.3351636040537057,0.5358302121257781,0.6071396744064544
0.30396642999542345,0.5881012876585503,0.5845738616309344
0.30548856286044274,0.5698868820726443,0.5290700252885944
0.30188160848199785,0.5730661166644254,0.4772083704362765
0.2912319292717628,0.6116363739015789,0.5272940111151221
0.3031405078649716,0.5721578018534662,0.5395779879338909
0.3011280302053192,0.5731645311839448,0.4993043263722051
0.3144815273894046,0.5922063972462789,0.5617571308663006
0.30561633538871386,0.5891134235549517,0.5146379079908676
0.29723799436595255,0.6158280814408043,0.5000165916132653
0.30859099349494,0.5973303231672943,0.5201849913328682
0.29840222796362764,0.5691083523605553,0.4750931120485653
0.30691906568595845,0.5461605232123347,0.5291645763009556
0.29094485000966,0.574089239425101,0.5024795335532327
0.3047697815316266,0.5397090543821733,0.5181859353234863
0.30318505519372124,0.6016458445812289,0.4948105534485819
0.3319371299874602,0.6011528202473134,0.6412384504908156
0.30050821060723976,0.5741004127705529,0.492051711623806
0.29399600690974836,0.5386091603632353,0.5286620358945756
0.29791214878842565,0.5674690002579137,0.5260936543148221
0.300876988892127,0.6015150292904715,0.4820036612942759
0.2997045306233148,0.6239653383352278,0.483560742640847
0.30654088800840396,0.5802606208315391,0.4984666215004545
0.3038189741724463,0.5923430028145416,0.6219191854372773
0.2984981437444772,0.5405656027140043,0.5157250950967007
0.2973375828364954,0.5964522634439345,0.5157921332068774
0.3009178685740316,0.6540776840367322,0.4864212061159459
0.29985898576017606,0.5604573777406839,0.4903515328031816
0.30781811795103325,0.6022645233521338,0.5140989391323612
0.30573042886016344,0.5431283546039543,0.5217014858392277
0.30283364158801346,0.5848997236091533,0.5436919661355456
0.2968043450221268,0.5800384162409888,0.5592921917152209
0.30298083119120184,0.5646955560954787,0.4821616092735834
0.29717604273031456,0.6066858995880247,0.4948238959163046
0.31678703525734647,0.5635940564377071,0.6115370965880957
0.2998808685851508,0.5660875231194996,0.5566465229716118
0.3195125904697394,0.5586228535919732,0.5456435820843725
0.3105858004698883,0.5915292017987828,0.5571020613544921
0.3100757377264267,0.6045863861559401,0.4893116697344475
0.3164595257507562,0.6101928171483921,0.5113018866429675
0.29583013666248076,0.558736103321063,0.5911880919204362
0.3068369430001637,0.5733704901540869,0.5072726302555605
0.31261016394729085,0.5714461364400385,0.4935208053457195
0.30315716204169446,0.575866205501703,0.5333253387180628
0.30831176954819806,0.5396015075850402,0.5084778752048578
0.3210988452762342,0.5647366221388121,0.5606093191544295
0.3155735512199426,0.5791066540448707,0.5062882987437455
0.31245791487710217,0.5775579182160264,0.4994509176815621
0.3068496544835472,0.5678315896789503,0.4617566159864821
0.30239602274102273,0.5711760853846798,0.5089986747246915
0.3174944362155789,0.5774144738265199,0.5855402001161948
0.3061353539101871,0.5686195079761306,0.5591023567919656
0.3296302689047604,0.5773644233429123,0.6640975376891387
0.3145997227881611,0.596049838285284,0.5227401033127599
0.3374429885067509,0.6030482399004505,0.5808517077196581
0.30758061247896773,0.6075415730853755,0.6165454427075734
0.31505318806423455,0.5989697025844877,0.5199954060844028
0.3040896754737432,0.5725705351519592,0.503511147181674
0.30762626673689253,0.5908051855255817,0.4685306620815765
0.3196217378922146,0.5840831966321589,0.4988996136531907
0.32023187128037334,0.5625833504211727,0.5023259336117339
0.31980703768348023,0.5966163760240193,0.47518285272131505
0.31726236079526204,0.5825525967292431,0.5662628146396567
0.3322281208736537,0.581693419331753,0.5949659640945487
0.3302217140010225,0.5729767310515017,0.7317602571994167
0.31612793084052326,0.5844406939127886,0.5195330744335016
0.3225947322645179,0.5896735746991193,0.4915163311698274
0.31929884092018473,0.5820613212444343,0.5422062785959192
0.3189228511874148,0.59397022455964,0.5633525710600191
0.31205529649050456,0.6073980431680919,0.5303519583957589
0.32748986865830354,0.5939207224716695,0.5813129474265153
0.3224366445930989,0.5789601368444867,0.5189013414401307
0.3209132043030413,0.5695545302716378,0.5013750251417461
0.32364187478534684,0.5543161812657574,0.5658693703089879
0.33018670374369735,0.5562795756183843,0.5348286866729974
0.32554953971075085,0.5828912239970487,0.5751033237181649
0.3225667250999537,0.5811509270922994,0.5364975110588728
0.33017450575146456,0.5794235469128194,0.5860661448623614
0.3266877409950193,0.546563673639487,0.5270241663445577
0.3206641615484604,0.5424785942131178,0.5471627941143667
0.3178478284385811,0.5469163959037012,0.5415213208228908
0.33142545770617254,0.5905211888251874,0.6218952893836375
0.32827371336352457,0.5653530027947448,0.5590058114737048
0.3294219437325211,0.5625647793019476,0.5789040960197621
0.3255667120299222,0.5796440683437735,0.522832070336806
0.3246960963876731,0.5523465373485444,0.530055844238565
0.33066256447918635,0.6346189562433717,0.6329093667935737
0.3276087978410751,0.5827184353237688,0.6393160217737385
0.32714121763181564,0.5475509061224213,0.5485417915942022
0.31951091207135457,0.5483758961001598,0.6640203538941214
0.3272059176021366,0.6058940571258592,0.5161160586677926
0.32804948614548435,0.5474831742790304,0.6579483446314258
0.3181964527596386,0.5516524681197987,0.5700498681429911
0.33198677026784623,0.5735524948218319,0.5483049471562316
0.3327173629014764,0.5797439299187416,0.5174962957582536
0.32536252147637007,0.5773537755246427,0.545914294157867
0.32681655800543596,0.5631485893775399,0.5599665809076729
0.3290283169169554,0.5752580959821263,0.57335325874037
0.32711708616827245,0.5582805196670759,0.4788674538993852
0.330680334559421,0.5839135381829514,0.5658239084471496
0.3290360402456342,0.5449414828752001,0.5498710212740895
0.329772001818052,0.6010828353755966,0.5570253935455463
0.32793544238568567,0.5752055388346006,0.6288647191035878
0.3370405262973775,0.5750909481110217,0.5428632311582114
0.34265666872094785,0.5920114070373139,0.6081474433845249
0.33441993001164866,0.5909893482069829,0.5355778014357224
0.3389439223829692,0.5820934621840774,0.5685319508195572
0.33941889219520005,0.5899690039175383,0.6082073142272114
0.327154450260567,0.5802729893094962,0.5502088861806073
0.34024235350965887,0.5672121561090292,0.5779247368270928
0.3404737312863987,0.5879154376510488,0.5567448686737487
0.3468281831652041,0.6030285080450505,0.6230604236375761
0.3308482949510059,0.5618578849197029,0.5417313320037856
0.32564444345966137,0.5563408064739724,0.5384388466140155
0.3395410990763304,0.5626383771783225,0.617857687186833
0.3390012976044305,0.5332761184128547,0.5616940702991902
0.3405829479427429,0.5768874253317022,0.5782028036960731
0.3337944132559217,0.5917390838975419,0.6006865162800259
0.3329362986157177,0.5833607998210373,0.6658012163451569
0.3281175988147956,0.5746748717204094,0.5949767648177154
0.33439414205867757,0.5499295270533608,0.5751410169351969
0.33037653670034106,0.5403367899259235,0.5311812563469974
0.33648484374993054,0.5926010533465864,0.5342328896140254
0.34173945893755503,0.5843723243256619,0.5592425361959876
0.34695610396521687,0.6007635700997396,0.6568132896886644
0.3360856361553952,0.601096468236083,0.5765183807248963
0.32742252947530887,0.5552859033347771,0.6083271077983332
0.33149304294685744,0.5877271661528249,0.5394365177467368
0.3490186572035227,0.5660656530529987,0.6876251024812363
0.3454031811769469,0.5651866374774932,0.6997254851952406
0.33964612318618104,0.560951056440636,0.6294378498069636
0.349528488552155,0.5661346251936067,0.6220221683836666
0.34222660687416545,0.5897943616441946,0.5933817519219184
0.33966058960384465,0.5768501528916857,0.653179886213523
0.3525086983919599,0.5730232770699962,0.6899356308992175
0.3403092916175759,0.5848890786033248,0.5750334505059103
0.34720239478610343,0.5832653526268374,0.6216274562458622
0.3483137196240735,0.5583470182886081,0.5851577600810356
0.3434576612056961,0.5568573468448763,0.5864963267267909
0.33231063535659855,0.5190432292836694,0.5845673919393001
0.33897646352730115,0.5760817217370826,0.6028399829750485
0.35516606105611964,0.5663103125054412,0.6161479587728598
0.3421083743283209,0.6087289519381551,0.5563258435756702
0.3457073699872942,0.5825380955713145,0.5695741823591828
0.35559031105711186,0.5942810768273753,0.6255782095310627
0.33717611644246914,0.5632104890815615,0.5808488840557472
0.3449805108069191,0.5818570785144397,0.6151597719551457
0.3364635231593243,0.5436636818170928,0.6358681646380554
0.34552578345369994,0.5674503436967439,0.702077382636036
0.35201381386026,0.5862613684952449,0.6315709618681451
0.3321635500052889,0.5778534142863233,0.6171159695536835
0.34054132328102166,0.5886240890474452,0.5664701898454063
0.3297651563960518,0.5657633972986738,0.6266995670668645
0.33431780288223306,0.5748718878212857,0.5803620765937858
0.3530147269389544,0.5760334490485668,0.5624819487577309
0.35485619223196546,0.5943417569947864,0.5804617380617564
0.3422042901047058,0.5992276420500356,0.5765259162852188
0.33595891807043443,0.5359638313940871,0.5547480906824306
0.34080939667332266,0.5935912998852575,0.7496313619284733
0.33851231195395315,0.5964246657521759,0.5665171179476737
0.34717373943924484,0.5707727682407517,0.5830454110893717
0.34986253258099076,0.6188252545853454,0.5650383814075708
0.3360135046496163,0.569127574423208,0.5520015063975632
0.339674578095117,0.5844332215982763,0.5907858633992963
0.3599859384284654,0.6225923606726534,0.6366027358452386
0.3334263354755408,0.5683207372671046,0.5571797841736894
0.33985206605847756,0.5863904485124682,0.5431614133811195
0.3436126823280269,0.5957236705391318,0.6009481265297935
0.3389432539770275,0.5682164049129835,0.6171536271331156
0.3418493133120144,0.6044290830541152,0.545131785610216
0.3429292382279276,0.5757779265727997,0.6402407366331931
0.35546505415093327,0.6061106447040118,0.6833372274505236
0.3495153731334952,0.5866606757271405,0.5587033485391693
0.3338321673997321,0.563604513456201,0.5872574685435744
0.33116246817612177,0.5399928090156298,0.6028237058035787
0.3458706405585086,0.5470425426931677,0.6875932955813946
0.3474657142831661,0.5833885905924981,0.6848878465179026
0.34195196378729986,0.5794640490818083,0.5880501228079466
0.34297724463269774,0.5692413619415273,0.7075098714884973
0.34126273761899617,0.5720662949175543,0.6606105106843423
0.33193806204577614,0.582683282403396,0.5819002474527721
0.32341401919305407,0.5671418791987519,0.5663444393962541
0.32716608270280323,0.5470761531700234,0.5308141813023632
0.3269302839290063,0.5715100055996793,0.6009622868025052
0.337960468108213,0.5861602001755087,0.6102993010780486
0.32970090600257096,0.5813557656537992,0.5963252498891414
0.3223690704354965,0.5501427010708413,0.5417284403113741
0.33222047189828613,0.5862678122312357,0.5985979721247724
0.3287375799712679,0.6096372368757172,0.61717030685022
0.3381989632936086,0.5642169554828783,0.5418522888134752
0.338201810904188,0.6266051455531717,0.7840345392318099
0.35238456829945236,0.5745939626418116,0.7398913152560536
0.3515568017518338,0.5800579464383749,0.6865708327305329
0.3418485094029727,0.5639132384979321,0.5994619576610075
0.3418368951822772,0.5685910065334511,0.6129523156154515
0.3448256715347494,0.5831568536342613,0.574139649877281
0.3421024650110908,0.5521391787624684,0.7267693748545321
0.3422109794796715,0.5785424425298118,0.6252990797135074
0.34284111394420946,0.5800563669704311,0.5878192699895626
0.3527240545824199,0.6206515085138298,0.5884051977666529
0.3430399945468652,0.560240981037082,0.5986157239430364
0.34699826265077144,0.5820049590832104,0.672068334464156
0.34814946130264784,0.595310419266845,0.6208547195720798
0.36486355364882994,0.5811656399974454,0.7552697880098894
0.3486286484854149,0.5462780149136462,0.6478700029014646
0.35175979592495227,0.6001278649709798,0.5743846941760709
0.3331082316950458,0.5706040015013988,0.5627061608406766
0.34495532881070134,0.5609119293696696,0.5651224784675244
0.3451713948127152,0.5571844281366739,0.6734214385355735
0.34686862971820814,0.5846611642010572,0.611520764808157
0.34817055336276914,0.5817378005604731,0.6430535627130647
0.3511014912808584,0.5612435563430379,0.6977421030778381
0.34672649888979845,0.5910111947692257,0.6191521830907328
0.33935192699827327,0.5936078201091002,0.6256637936325068
0.3415728994474621,0.5885001244196109,0.5990272430994211
0.34676008648844175,0.5728637277736078,0.596075533207405
0.35432477075001373,0.6060764733621109,0.6310566869329098
0.3600019360354259,0.5675067690002848,0.7495022758577399
0.3483276094329031,0.584608217473536,0.6540371633481216
0.3447761507027379,0.58518033565635,0.6174065692902367
0.3468750052484461,0.6089125315628697,0.6286467779338559
0.3501532824836812,0.5600099759786804,0.5881557438042446
0.3664141925651883,0.58197282077393,0.7912965305298079
0.350898507961641,0.5497559734070245,0.6786768621089747
0.35035662122946015,0.5600310340773332,0.5907000352262646
0.3445561561416147,0.5688104901181704,0.6496740772538083
0.34707030069574246,0.5488251230627763,0.6164395388703582
0.3414591275522636,0.5775014741249168,0.551743120712448
0.345387178039507,0.5739415387736042,0.6055849623198217
0.3434395529574157,0.6054939259134177,0.5961180311361172
0.3493655913922135,0.5358322414418099,0.6630778736366834
0.3518380830721574,0.5735969278751135,0.5815414293537221
0.3516537834732035,0.580183501466478,0.6619808763510115
0.350989447742855,0.5471205555835449,0.6417245289236839
0.36192210466100233,0.5849655981831193,0.6082679669526905
0.3568509525063871,0.5835127841391132,0.5782097354149823
0.3499333737033201,0.5327736273242489,0.6146934138717199
0.36365390977954304,0.5788954387423828,0.6161831333065949
0.35244979032819146,0.5874223364704714,0.5856262083166746
0.36045226621615956,0.5746547932291097,0.6098874866834413
0.35627313360564,0.5701767025748329,0.6235003444730348
0.34279568272322597,0.5833425118108349,0.6307499789540882
0.3641431141882481,0.5840757522972105,0.603300100919125
0.35934258780632367,0.5570065551009069,0.7577871351723436
0.361930253167191,0.5413550718609802,0.7449311770189736
0.36032901440442944,0.63461188968902,0.6072764381597673
0.3536349294299619,0.5765505017824397,0.6622628431690285
0.361971607538886,0.5640834135384231,0.7452853332288886
0.3579167838954501,0.5734857645065837,0.6252977792212602
0.3652055327437743,0.5492972530457292,0.6313375049504891
0.37167952334837406,0.5935487444706657,0.6495005742453838
0.37989297481779466,0.6431071577682631,0.6530477151576751
0.36296617718952107,0.5539100336026385,0.6273907388123221
0.36589632352993673,0.591299881930386,0.6337153319436898
0.36403010521166884,0.5419279933919016,0.6577566254492713
0.364064998212306,0.584732049077388,0.6390465935652275
0.3963068546313042,0.6098745059297427,0.7752984300228901
0.35508589518971834,0.5959913967541879,0.6277607447686545
0.3666669377798408,0.5979715762515306,0.6676525305128581
0.3543480481560212,0.5820527074936398,0.6555370055572359
0.3587091267104253,0.5616185020030265,0.6297826073006121
0.36445762365006074,0.5732043493539952,0.5764925460672932
0.3643756321284534,0.5865889678232596,0.5872306647253513
0.3674714554119555,0.5864934032019511,0.7208162249771103
0.3723187597901574,0.5865785267161454,0.7440601409446659
0.3446958925680589,0.5677124751438335,0.6705768933803528
0.3485923029693825,0.5626716757697647,0.564963193861766
0.36793319361898447,0.5594316525970263,0.6228846147993341
0.3459962192453634,0.5289200154785548,0.5938436655203292
0.36146945690892823,0.6183731450004959,0.6907015829229364
0.357993501844607,0.5763927851039179,0.5879964812053697
0.3659284500968596,0.6092231302333344,0.7779974132234685
0.3466824258100201,0.5399613428045879,0.7575896478364492
0.35544169906274675,0.5623631350209309,0.6566972209260264
0.35954390493665855,0.5648740042431077,0.6907253503243871
0.3536639943136501,0.5222340064444507,0.7048290051297633
0.351049070200891,0.532317966431044,0.6509642056638976
0.3573801651093552,0.5667678772835564,0.6650257318804763
0.35369890213101085,0.5363955508666018,0.6345157352717363
0.35970682844384916,0.573650601000808,0.6354566833712182
0.36032162974681226,0.6173408285586381,0.6625860296317236
0.3471525969076714,0.5728021780079383,0.6181601214455523
0.3722031582862887,0.5750749673628739,0.7604386401427097
0.3563606898115641,0.5821639145842525,0.6775752379618041
0.3565870362979865,0.5550369848804209,0.8859796737399201
0.3595640222705947,0.5534293410512556,0.7739149524887402
0.3603235699899855,0.6072010417098742,0.6797637877418188
0.370333594907183,0.5723850335926629,0.6944387036247069
0.3667577897488492,0.5742419187751714,0.7048131404395739
0.3639901615568141,0.631761414349857,0.6883306392757369
0.35442057949059275,0.5680126804195266,0.6220475380232773
0.3628507241742639,0.5442289694034463,0.7007420455448874
0.3715575218518874,0.599029688400452,0.748002448485146
0.36708743462799753,0.5926538954431129,0.7271454981236927
0.35839665061766124,0.5822053256135288,0.6703460310817139
0.3768930667535882,0.554071104151901,0.7655762055945388
0.36507449180027607,0.5764743124861493,0.6414216999352249
0.36305342814403074,0.6197152571961099,0.7478031614050766
0.37164945935375016,0.5887691067493246,0.6773146576445137
0.3532407663577601,0.5607809811082952,0.681874963143047
0.3554100656662845,0.5432628875993903,0.6564362700116132
0.35394206723446514,0.5610178791042262,0.6633311338144398
0.3711806015589296,0.6227563092365349,0.7234309086975163
0.36249203756527265,0.5952893172477819,0.6552725334157343
0.36717754087268817,0.5969475510135694,0.6305003955212355
0.36690386984826984,0.5910168872582581,0.8537936902060883
0.35587977015602673,0.5764989886142808,0.7104446779201438
0.3495023993634153,0.5880472592901884,0.7852677148134097
0.3613155298654746,0.579543825340592,0.6628774523453705
0.3642700376265392,0.5686806391381178,0.6908812444591114
0.356777502037112,0.5742889050527153,0.631235112384201
0.3613544806397255,0.614795833108912,0.7379275848447961
0.3874481228081216,0.6181082409681689,0.9073351265476359
0.3580667778498793,0.5991195793397239,0.7544114486950013
0.3430671027343441,0.5767066260115223,0.6507785054609486
0.35572621022760414,0.5842839117258268,0.7130073280019815
0.38008815138985347,0.6195307998533683,0.6636447786608737
0.3645009398709868,0.5634259418144169,0.6931866340526728
0.3735913326807329,0.621749801964814,0.7603240103169071
0.38546088371245135,0.6026260403289582,0.7271662399395489
0.365167314440688,0.5732925473736445,0.6378400213572338
0.37215051750661166,0.6251700002234913,0.674094041857948
0.3763451067261518,0.6052690272957283,0.806697150695292
0.3847386080013226,0.6208140348112039,0.6905078056168249
0.36745998910305244,0.5489468541592573,0.7164380996429474
0.38709965995689155,0.6071741039230739,0.74806900419082
0.37971460240497534,0.5671402780777646,0.6478511711771999
0.38048333537428725,0.6191328646770942,0.7041680915364124
0.3761429727343695,0.569707149275093,0.7868897238931298
0.3851254856505848,0.6250739680386264,0.7992616364455695
0.37270210522396807,0.5638620599665843,0.7035857358671674
0.38938462264520723,0.5596011040185332,0.8550618158334838
0.38779229571508567,0.5869036879140329,0.7672256358821048
0.38301133731036074,0.6036218612482196,0.6952469626545866
0.3802403184859645,0.567508723436695,0.8553329757782565
0.37965154975946497,0.6094326118226501,0.6998219501540749
0.3863855657511296,0.6224526769412959,0.7873295378337101
0.376075064133621,0.586675117882068,0.7522444105967765
0.3936515770125336,0.6117849270980085,0.6885568646681981
0.3758568111955023,0.5836088706305257,0.6590962480381927
0.38373273720001977,0.5853537747013872,0.7106288218006712
0.3698968149030182,0.6023789642148378,0.7510715568026367
0.3749165279177602,0.5462781279294615,0.684572392639161
0.37226768272050664,0.5511810111033892,0.7174362053156158
0.39347179140515,0.5958877074385253,0.7905161755916809
0.3824137990076912,0.5786064301364483,0.7733420361881403
0.3790882918178829,0.5783841520065398,0.7822963898019972
0.3928030330296397,0.6452157945635161,0.7874141742020067
0.37604697842531976,0.5611149179764019,0.7651864238354813
0.3624936064885207,0.5932294770960074,0.7905065850448186
0.3791516506150765,0.6176733785587186,0.6935469048948225
0.36925461642806284,0.5864211235523462,0.7401397257936277
0.3790629099348554,0.5789574689163728,0.8450377237092315
0.3891721498457017,0.5894865540257149,0.8185496933137546
0.3749809967820104,0.5712837467844821,0.6778116808931409
0.3646487339726982,0.5690247778058216,0.7091481235291175
0.3767906910435944,0.5635951814189872,0.7592312142526619
0.36695573894570216,0.579666049711241,0.7745337081500927
0.37015702462500744,0.5755366972714695,0.7839796104090201
0.36861826455846125,0.5857070308623283,0.7867859595664646
0.36773827183252467,0.5626984370702081,0.7574517348911636
0.3776777261244315,0.5802011942529642,0.8047727812340529
0.3679821963167926,0.6048465900708664,0.8031620767734838
0.37003252071724974,0.6103900408969312,0.834247636827041
0.3793026541354309,0.5965042341116579,0.8474196981548611
0.38406433226705156,0.6179221243026461,0.7131527530724833
0.3784895227041908,0.6038284268820721,0.8855699844377527
0.3648323840747533,0.6255496826652964,0.7086962764703997
0.38220712804048884,0.5737646211381705,0.7979605947678757
0.36672565775833404,0.5699457542381418,0.8005639215029018
0.38541535418612566,0.6015393970484729,0.7754169877364752
0.3785013037576451,0.5863457004427084,0.8108698346955387
0.3756565692889508,0.5882856578721707,0.7636567292760356
0.3828526907101633,0.6130993713231296,0.7282459779342115
0.3733307696835801,0.5606008772315019,0.8607672584252093
0.35965553355159247,0.5868273443437906,0.7748217619573246
0.3672186900869109,0.5653356872813893,0.7758355003408178
0.38452149656127455,0.6351511894824541,0.8763114896616291
0.36920819336504257,0.6046287911580154,0.7777794746831713
0.3725665241936933,0.615905977362697,0.7647077837477607
0.36715383950057395,0.605355004159536,0.7342496999232307
0.3776827421208722,0.5913062044144032,0.8822131350426892
0.38955659071180265,0.5997937628699589,0.8341932424067738
0.3872845553578351,0.6031773550118387,0.8505434093871679
0.39035316199996273,0.6107423337910375,0.8148223517766433
0.38345986972212237,0.5919636043297539,0.7521008984299139
0.3731832695693927,0.6895585221513546,0.8211537286258769
0.3834788483853309,0.6094655839153759,0.7804817851348753
0.38592194576636357,0.5851851901107643,0.8447650787921581
0.391218304080501,0.5821285066230376,0.8596207941157248
0.3787135132312261,0.562644809111595,0.7604633339537789
0.38888066371230046,0.603977296974263,0.7972670316980305
0.38247855846048506,0.5993034243671247,0.8003164405192684
0.37957238642802166,0.6081057138760259,0.8273923792030808
0.3840556256415208,0.6045871876538462,0.8021336586879318
0.4055581271312198,0.6291329292532105,0.749518111952788
0.3794945092979623,0.6049969204798562,0.8248978607920147
0.37823446812507555,0.5648321902258447,0.8162000337283045
0.38775106003428206,0.582062697495851,0.8794503740463593
0.39509299661751596,0.5892269231319255,0.8203878643364311
0.3922022384564908,0.5873243603894172,0.8790918197058586
0.39015439256983114,0.5548555122477143,1.0083795188694262
0.4187491489989516,0.5643586408574383,1.1574308588603406
0.38639724967936245,0.5746305320742284,0.8395968650981662
0.3840688587138672,0.6000366582303619,0.8148334965777653
0.37563894742086645,0.5819373205784424,0.8306782781710615
0.3788643139710691,0.5830413610679598,0.8281023880024384
0.35072580472277326,0.5552666187434652,0.9376790626551906
0.377541528687248,0.6239733786782942,0.8930698894018683
0.3583554559846335,0.5841658562679971,1.011788487108192
0.352936150614141,0.6073128779661693,0.8095272990331926
0.33956495231632344,0.6042879751662562,0.8292692159133965
0.33129914430724033,0.5919062680355046,0.7782198693792359
0.32994780187228145,0.5538400837264686,0.8547448535237738
0.3535527527865152,0.6312173662610849,0.9015361994030952
0.35125002334859773,0.5566383323970865,0.92224856554614
0.3403022586164499,0.5678922819713054,0.8954114750747109
0.3393306563707699,0.605238336460946,0.992383297255808
0.33396327265167686,0.5667125813617401,0.7937195996082704
0.34854170015667063,0.6568732895897259,0.8697623394616986
0.3351393473649483,0.5933090542345459,0.9703721346492854
0.31835577523684166,0.6404035246042552,0.919376279366446
0.3246659879685867,0.5869355610527858,0.975456028270968
0.32515424328122144,0.5664283861457663,0.9746219071043016
0.3290862181753906,0.5742065558181961,0.9404742845739692
0.33118727714940066,0.6030727161019377,0.8968374802062153
0.3419562340002903,0.6279707866405952,0.8765448180776342
0.36284571285380507,0.5811661182848767,0.9952297510834621
0.36747014540234973,0.6323886972061014,1.113972413886783
0.40676618902757716,0.670115173436434,0.9839843872547006
0.4195713171737867,0.6444423543220862,0.9450649268800936
0.5026657818424759,0.7183340376912366,1.3428275209336824
0.3888902066290524,0.6692638584461086,0.9685639869172
0.39435464520616165,0.738351913570787,1.0253305329718645
0.40960088293031705,0.6403635016513012,0.9900722601129311
0.43898164746234314,0.6890172216333584,1.0270059675667174
0.411000575777306,0.6872495630393187,0.9017771209594814
0.44159861567687886,0.7086803636820609,0.9851905656069694
0.4357398092716731,0.728682815981476,0.9767478833244688
0.41245728203658005,0.6996116298544289,0.9828575800218896
0.4170526597573446,0.6828964527670309,1.09818351665878
0.47691044882465117,0.7640288605078871,1.2787944753942118
0.45818713423944124,0.7089618655480251,1.083706794854322
0.43224125624536264,0.699694495106898,1.1468526499884475
0.4632251983549007,0.6873926783053195,0.9488516567519392
0.5060945116201746,0.7008978826808687,1.1243973687357995
0.461501936526988,0.7001864248913898,0.9312894739891052
0.4406931485593759,0.7408177697770582,1.0604111987352902
0.5164643997720256,0.6898176169642126,1.0376701685212923
0.4877129971364913,0.7174303936627786,1.273447235848532
0.45516919240237075,0.7309387104598112,1.0169933085932434
0.6816098475602764,0.9126011584424948,1.110753029976066
0.552528683231722,0.7312804553506651,1.3838984251601008
0.9354355730882478,1.0091017090633854,1.533183356040268
1.2239993259964503,1.3021747330726547,1.459788227598044
1.2359799333428991,1.2831629615040807,1.5350705410734289
1.2398662953738453,1.3091503200834742,1.5316262379090246
1.2237737760063205,1.2951007628412228,1.468477866291365
1.1940861568863415,1.267670969907123,1.4735126528477545
1.2238767395511483,1.3031177587442366,1.490560213216752
1.2112543847537467,1.2870750618515217,1.4470608373506804
1.2673287340842236,1.3716678797116382,1.4857905858716782
1.194431683026186,1.2426152711857514,1.5886345731598992
1.2011061357583204,1.3023002833362014,1.3843522848809442
1.1470293664025122,1.3029967127368132,1.4229854908836497
1.1994154154103156,1.2984935771119512,1.3513668398732241
1.222708854654041,1.2774142348969368,1.6729415534441656
1.2250762298812767,1.2905432128095204,1.5360303599238905
1.1879481077367524,1.2985732299426325,1.5320552916992451
1.1728741259258866,1.295467789985408,1.4943947248244998
1.2443777439517048,1.2947020325488738,1.5426292712473093
1.1936098658574046,1.2656729105687219,1.4071936891615917
1.2177717659318414,1.2951154640452076,1.4556312288857836
1.2009395948993467,1.3098049080397385,1.5532915732155193
1.2043429717913805,1.277902575046375,1.6780752451990066
1.2078833100372852,1.2684464396569652,1.6735510162481684
1.221525946786594,1.3071156047167318,1.4407028137543043
1.2087706730206134,1.2660337501543184,1.5100252627867983
1.2568301263028803,1.293690371942836,1.6271702563299832
1.1862145615899697,1.2740283971249673,1.4685769489989893
1.2695354766766105,1.3244624261059348,1.798874624535001
1.2007264491330527,1.2962836484885951,1.4390190414860036
1.2275144665427584,1.2733345965994305,1.5518118321778231
1.2231896831996971,1.3049203590919414,1.4092298447411156
1.2180194390480146,1.324756681934237,1.4529717240519389
1.242234795639807,1.328297628877226,1.6121005454653303
1.2096848872494124,1.2906346746357524,1.5572482603323166
1.2005950169353161,1.2766717132877476,1.4770153955893282
1.2414466470784018,1.3644171564077563,1.5459152003756629
1.2269754642883932,1.292878708938911,1.4580708021553648
1.2313434324834824,1.3005041722286723,1.4790219039617991
1.1645608231987605,1.2797935722384686,1.613181657303976
1.1900718199452662,1.3029580004957844,1.4976451103636577
1.2030636235219816,1.2898094695394802,1.3876053675670537
1.2387164197877283,1.3118637422436223,1.492264642876752
1.245697621321868,1.3098015270396837,1.5116743811574918
1.26075222363656,1.2851567975531593,1.5121630583931762
1.236256940802559,1.2882021056779125,1.4759462297983827
1.2738767260389023,1.3504354822887599,1.5081337490225355
1.252821696308157,1.3160658599212731,1.5731142765645283
1.2118674091279857,1.3029650710709757,1.5308367922408361
1.2226649163052068,1.287142480523063,1.4846825004401665
1.2374066098789689,1.2849094684137616,1.5527317544440962
1.2247978949601164,1.3193765933843011,1.3695367186916028
1.2436115403001242,1.340180528082893,1.4498689242745677
1.2461881204627396,1.3114970568482287,1.5209653662578149
1.2213401181796497,1.3061413010562972,1.5080821876323287
1.1664331270800699,1.2670669069942186,1.6075095660617214
1.205682240647224,1.2901311724318365,1.4316589351718836
1.2164564225705856,1.305297217343056,1.5384460459959743
1.1950991299999982,1.2845220492707647,1.380581870139136
1.1808943428786274,1.308223331687297,1.4574375076087152
1.1685478796811872,1.2978442986182868,1.4612866195958776
1.1330649153079506,1.24926468096552,1.4091925673016326
1.189431707870181,1.2740158500403358,1.3719033138158379
1.1886602823024757,1.2553424314615256,1.804327881052757
1.185363063751761,1.2869007301740245,1.3569750343951208
1.19909678706274,1.2640256302829334,1.5891384437844087
1.171199098191793,1.2459846176142642,1.4058640513477356
1.1599454234798716,1.2493087959391624,1.357643071725049
1.157734612312619,1.2613883986267371,1.4639019601961536
1.1429688295322455,1.1973982980718962,1.3598220636184348
1.169097617892845,1.2567986501191235,1.3473950393359002
1.1615762818811222,1.2277995436993598,1.408109535706426
1.1569139609068377,1.2309532799413638,1.4015490567672535
1.1517707266992137,1.2237486142194245,1.3564596590985116
1.1721279815347996,1.2408840791191522,1.3546760160372011
1.1803957805280727,1.2365611660934874,1.6763497726628611
1.127516228128987,1.2250062084790838,1.4074446502101268
1.1667664220566059,1.2543256236399756,1.4503359338527002
1.1733010928024052,1.2637839591501474,1.3609729109501645
1.153216766359683,1.2147880941770706,1.3391591243942742
1.1267490339252875,1.2258248921652737,1.3786343566273382
1.219406792549691,1.2787166989169487,1.794328791005212
1.105511776542108,1.191109054260688,1.3003072611890087
1.1503575899496028,1.2144671074933664,1.536737635822612
1.1153896276897852,1.206372526266738,1.319264224767518
1.1121283645465772,1.2066185646113403,1.3471492164576353
1.12764936631688,1.219955432138074,1.3419294216495334
1.104270163497485,1.1615250960391612,1.4127422057205086
1.0623741664259676,1.1796864092155972,1.4511773438386313
1.1000990749446122,1.1964927728294206,1.4285206121919385
1.11554062797876,1.1994164080623029,1.3645798891413927
1.0438129018500577,1.1628954141425825,1.2627315316621317
1.092499363221572,1.1822004897115987,1.334269474434985
1.0943992313686879,1.161363924529238,1.4534508721356398
1.0918329706852548,1.1940447168741413,1.3435619212654464
1.0791322957194558,1.1864511314534103,1.3352448909682608
1.109408921213298,1.2155437958645223,1.3476679709520152
1.012052741663572,1.1860815563450646,1.6138689345619324
1.0719418424102296,1.169706792505318,1.2543837943115164
1.0715878622138306,1.1435610531155136,1.26730217245117
1.1121524562147478,1.1811359629916751,1.5291831316371325
1.0674194744771557,1.1643993642639214,1.2918454383024258
1.0583656589312873,1.1381057957289922,1.33621578571837
1.064095708299047,1.1437547380703743,1.282045799959929
1.0657617289304553,1.185473609220975,1.3298403286900768
1.08602764801877,1.1565069640070178,1.4240570259613758
1.0519995543946419,1.1877913977965515,1.4608073087040132
1.0584000307269819,1.1454138251559578,1.341314239864905
1.0595369115436322,1.1477681896437573,1.2143717830885767
1.0753224456476662,1.1659398246823167,1.2557976669514168
1.0914952020377848,1.1575969968224016,1.3432175742485557
1.0982635533110985,1.176379854941538,1.365340653651368
1.099159093991818,1.1496222101949871,1.4231718511773694
1.037592212356747,1.172326555709972,1.666764427888631
1.0779242740437396,1.1923324188386435,1.3063692384731616
1.0979547133024894,1.1830994063940707,1.2577713837848248
1.1000181735139365,1.1750615429647209,1.351139672400422
1.076444136212396,1.1678668310845115,1.3880907551039667
1.0798722437062875,1.1576748577495375,1.2903518188427026
1.1083284843720145,1.185151175450741,1.4581978667838291
1.094559652578717,1.1650728020840324,1.3155509692902232
1.0686593705425418,1.1873946688680879,1.3419805691065445
1.1002494010967436,1.1714569332255058,1.3175278625471103
1.0925056959943127,1.1789696858877996,1.3010348536674288
1.052263503080586,1.1827568691047037,1.367671937083934
1.072940381105677,1.1999197856225945,1.4452845959063632
1.1186784968940822,1.2176297981364228,1.3816870222055715
1.0859313921798575,1.1737284703838942,1.2592796765470688
1.0712217603598868,1.1778504048901473,1.2412042945999708
1.0789765349717855,1.1652872993805479,1.2625403626116871
1.0880250368354867,1.1746887196530889,1.266655888835829
1.0627503788532928,1.1642124067396296,1.2672832500244229
1.087202929563362,1.1867481628543533,1.33742450223092
1.0297515431771662,1.130974815934393,1.5112308986453422
1.0638062056752222,1.1735275654402018,1.2423864910488351
1.0964948416071771,1.1585570083722638,1.4200406316741745
1.0457854979646597,1.1493821729120968,1.3197490533763383
1.0797715284632126,1.1721158826092872,1.2762671808932384
1.0613072113786888,1.16887946932376,1.2327314375849796
1.0580653824916948,1.1386446866335065,1.2257894008109265
1.0440336875645289,1.1433348582176923,1.221607901965883
1.0215811376653527,1.1390898344916092,1.447641980650494
1.0017712423379714,1.1242057919750101,1.2332347350946442
0.9969885443672644,1.1036953438989123,1.2723807566763297
1.0134635237135092,1.1203712110756088,1.255933533153646
1.0057485328225662,1.0848776796412316,1.2729765338794643
1.018315762317768,1.1006601409451493,1.2567854935672145
1.006147966687775,1.13156623648428,1.281759711315662
1.0051068470820854,1.1305446058934816,1.4670911151496568
0.9970734158802942,1.1031815058684125,1.2469177034803354
0.9957791861477887,1.0920262544858463,1.4264305141084688
0.9833644180589105,1.0919207687225423,1.327370237690352
1.0205873452562306,1.123770150130463,1.2088940059296405
0.9993077121058621,1.0816654034682711,1.307042735498814
1.000110133573714,1.1191355818018511,1.1541726050580148
1.0109660105817424,1.1105025063910474,1.2930834483854958
1.0007704054592768,1.0906524430874347,1.1788508531571535
0.9913104724777934,1.094277395578243,1.4293073711960234
0.9772537916714229,1.0639932650553012,1.2340213753186604
0.9613087455373066,1.057475577348878,1.1846565321723093
0.9851896196886675,1.092498002204757,1.1667113280326598
0.9734252707342597,1.0957746470693843,1.3164918274919497
0.9631898340318937,1.0774115084017195,1.1598740436007355
0.9843401176108102,1.0972704809659908,1.2240847390720375
0.9661050366201974,1.0954646481572077,1.202541683793004
0.9650292748148468,1.0753900413406323,1.4102217683272442
0.9630403626332932,1.0956339659404892,1.1735757437626562
0.9686126405628289,1.0843966360195747,1.1214417388669415
0.9529206512465492,1.0702232394105713,1.327180555079054
0.9339642910204493,1.0646220927607193,1.6058433180025184
0.9354847580231253,1.0624566325861833,1.1710908404351148
0.9292607365183453,1.0517838740996277,1.1575853576851454
0.9359483903084664,1.066677356273427,1.1802614145424852
0.9404461029144057,1.0571221075944266,1.2639999851182817
0.9368235208276507,1.0434849495316507,1.1373045534773112
0.9331163796973638,1.0535248235073538,1.2380244681005304
0.9452909986045023,1.0463344504776038,1.2170803702020627
0.91587244091265,1.0597644891502795,1.4382559465471705
0.9498601920362748,1.0469982562206273,1.1792815396595648
0.9406768509791373,1.0443403456717677,1.1201174915633942
0.9429252012894358,1.0719222978107517,1.3726145097312386
0.9380476326784856,1.0346675687379154,1.3451996449703072
0.9378014045127816,1.0627327832694209,1.1798707863754765
0.9610694413791705,1.0803765772004186,1.1886046174280538
0.9301261759696786,1.048525934268281,1.37603053781894
0.9769584782066738,1.0614573403552359,1.351070451190192
0.9302004714945034,1.0287016584816826,1.1580558453186325
0.943210254693998,1.0478670920180777,1.1575163924899097
0.9288508912055247,1.0411484504095658,1.1231497654762548
0.9531475364665362,1.0344074151921487,1.3456983368874176
0.9531552984508781,1.0525339197139432,1.2463478400400645
0.9366928701020651,1.0431930621637941,1.1701033562596768
0.9286713195260148,1.0355847785617065,1.2310560895417142
0.9085459045406259,1.0259298359745264,1.1432724873089146
0.9008244223994908,1.01525116702786,1.1121806722593406
0.902770627911716,1.0253026738801163,1.1602959850413566
0.9226577132028976,1.0563047801276475,1.3059889853056066
0.9091041090094181,1.023753093220279,1.1653064754272542
0.9164424614447184,1.035966693249044,1.1323270396927223
0.9179222277678876,1.0219960715408671,1.1525027452842396
0.9179185240579989,1.0275832427965974,1.1111047198876691
0.927278590582092,1.0530940399674542,1.0896178869092603
0.926649416507075,1.0556271516140183,1.1620283674487308
0.9214178805468859,1.0276553211781168,1.1368009592660229
0.9270248159324229,1.0322141139022245,1.150937042464501
0.9319923288769348,1.0364893310152743,1.1726994447819843
0.9265172443048769,1.0350054683106595,1.1850395961806797
0.9151820630632463,1.0367208051590378,1.1181283628380327
0.9266445228997611,1.0438158288750243,1.1917396155416204
0.925458575012382,1.0512778052983305,1.1657692257134658
0.9406115906816075,1.0499349967198786,1.1163797184796365
0.9146325241186639,1.0411224462075106,1.0983681336213886
0.9269804981468266,1.0305595374179148,1.1176415403837503
0.9198129680306313,1.0647228858784927,1.202749149985464
0.9197326933748576,1.0334736555502757,1.0993418354224722
0.9327262059398828,1.0498386350239697,1.1833644718089842
0.9231665310711427,1.0510257429960368,1.1141028967279878
0.9038968249758974,1.0306380451781414,1.1655649003663096
0.9093876833654032,1.0394047552223364,1.4521548826589452
0.9126623795456621,1.0597737788801729,1.0553558214056646
0.9172404622740871,1.0441478644526336,1.0875468600676652
0.9101013556649497,1.0404069222171406,1.1056285718561103
0.9354800761552409,1.0496413470034214,1.1981209151401626
0.9159672594014174,1.0445615279011782,1.1830431013800775
0.9066011478624723,1.0473557405217755,1.194479665562647
0.9291700480586212,1.039352514978367,1.243558851297579
0.9149896875027139,1.0425830767559303,1.0679453435011483
0.90792758221127,1.0401564965359338,1.1094580387031667
0.8948374076752583,1.0145230519518598,1.0965655935685354
0.9055442483151032,1.0265647706302097,1.1366324398885514
0.9111858615511491,1.0478699921534538,1.0915562577616542
0.8932147029043881,1.0450362495859429,1.0522234039967366
0.8912070314326556,1.0231108681168075,1.0456966105911976
0.8861725886155591,1.0320192862801187,1.0938026047014888
0.891358566140857,1.0177802864954333,1.0943650214701692
0.9045731417579383,1.0280435984547869,1.1358326739298759
0.8843833680985804,1.040241952955158,1.0597362653995328
0.8831397173864671,1.013173916228991,1.25774432385833
0.906334207598926,1.0282470742821632,1.2684336872384234
0.8815791604960456,1.0124015753301596,1.0736429770806089
0.8780756193402363,1.0015463842097896,1.1840720045625381
0.8756821646566654,0.9977224334011999,1.1332381477512794
0.8678799786787795,1.0012562657396682,1.1276064253659963
0.8569856245026648,0.9656780622710948,1.2102015761147575
0.83482144326238,0.9681664654015408,1.041993333259682
0.8237952318272087,0.9630728054762244,1.0177799715192544
0.813373870475911,0.9684644095021824,1.0304348923280071
0.8174089925363108,0.9554020235158162,1.2319738395069273
0.8079719249711909,0.9655950652350797,1.15503054864308
0.8049765064578668,0.92122450771069,1.094073189199348
0.8082421815958477,0.9388649509235336,1.0435421030435543
0.8078585494473859,0.9441108755739656,1.0276537015858234
0.8076336397764078,0.940184354306134,1.0815043280493275
0.8129312347697162,0.9484491836940464,1.0868784195077703
0.8024667195271756,0.9494839706814228,1.194692842959525
0.8028551204971677,0.9455836670659542,1.0050096514189941
0.805055155893443,0.9303076494757748,1.014837683415924
0.7978013575024977,0.9332399253487534,0.9907452173411516
0.8060753329981918,0.9484142656418508,1.040828065937576
0.8007117080183646,0.9479672510885476,0.968862877636554
0.8012178771521186,0.9160787589536636,1.02548499690726
0.80451633416594,0.93849994358476,1.0187591812235126
0.8092564603913343,0.9534710816909304,1.0336098728116034
0.8205787395846429,0.9482992461266794,1.0579662449481966
0.7981611821537797,0.9544180376479284,0.9385708263001804
0.8031775886963589,0.9301294289758152,0.9945989194320556
0.8027759989993126,0.9331614312847539,1.034358547245308
0.80941457882769,0.9314250614395048,1.20928571775724
0.8099501558345349,0.921216106797016,1.129583231331704
0.8046648645739674,0.9220639943097376,0.9730821087014628
0.8088248269801482,0.931360001433742,1.0030144676963073
0.8101151501625661,0.9284100737574364,1.1615033917648994
0.8167264468893599,0.9337097826699812,1.2527752015703202
0.8086351788558255,0.9335241886935968,1.0087658089466125
0.8000798703530223,0.9186805968486976,0.9784871267322184
0.795334727330206,0.9284832981478008,1.080629925710304
0.7911788738614356,0.9125887647416152,1.0792898376277933
0.7853599856191028,0.9096357474243509,1.0389542121052775
0.771059050797755,0.9166985326401216,0.9840762603892292
0.7719096794596793,0.9118194918108152,0.9232416151876676
0.7659086021850444,0.9255026536677196,0.9708053886698771
0.7834734725649554,0.90440971426871,1.0828053714569488
0.7715004330073161,0.9124139218967342,1.1024238738861454
0.7711490937041084,0.9114304497967216,0.9768170657094256
