window_size_1_MASE,Exp_w200,Linear_w200
0.388293840200888,0.5485042063286414,0.4876326390315889
0.39047435130359787,0.5215653233898839,0.5048816806465471
0.3951772269346966,0.5655478209976491,0.4759185022821642
0.39307213013547765,0.6137888685652024,0.4687949767323952
0.4232200075582726,0.5841682699919661,0.5230709579952925
0.40773406896754993,0.5907578018886596,0.4916913802988219
0.4140425801465712,0.5508993978995239,0.5133372235057975
0.4073608465864197,0.6122999923538747,0.4802265341392716
0.38595460871476933,0.6037311175475216,0.4641978962874208
0.423283866436125,0.6083155366218803,0.5227707971991259
0.40411304443073365,0.5803677929795671,0.4901167896480386
0.39800451950873367,0.5973680058082169,0.4792862600048701
0.41664156391415424,0.6121029458773536,0.5144271358059376
0.4181849900526787,0.5911222015290221,0.5086087498738883
0.3871216968532286,0.5443537085159654,0.4883500239587365
0.3962607910817472,0.5633346737318603,0.4794152497158792
0.4044094144166468,0.5584106397332997,0.4903813251537155
0.41876512126957866,0.6124204231398533,0.4973619598650578
0.39233052471695595,0.5453498942734009,0.482867184866849
0.40197514383532806,0.5827686196721261,0.4921405374120264
0.4083446131976075,0.5591602788105137,0.5042266854984826
0.3937351733196934,0.5573514873572365,0.488001043666595
0.4014860935440844,0.5505068323015739,0.5066115251579203
0.39582378610950725,0.6367361881494306,0.469775176629956
0.3977536319057255,0.5833905162623495,0.47389703583732395
0.4073826859824993,0.5802096456940816,0.482480151398801
0.3972976670715536,0.5538499695761641,0.497679586911428
0.40972135678637045,0.5592553565145315,0.5153525584125159
0.4464786167149051,0.6394610648506145,0.5400032707850332
0.4209876597808497,0.6070408112949546,0.5025827145861271
0.40039339185755934,0.5576073381442709,0.4957867262147119
0.4071925128654168,0.5699418500960394,0.4927881660337294
0.40470946008551295,0.5882361746194826,0.4911438384746735
0.41041377226891645,0.5802524008387074,0.4970024603400108
0.40832361484875257,0.5649323407913914,0.5080837199736984
0.43618793627040403,0.5739319435239879,0.5375805129000562
0.40471078260109544,0.6250534931175029,0.4852819101179454
0.42705671274940626,0.5929914010561244,0.5077911557267456
0.41523815170382533,0.5844316393133421,0.5032088919348038
0.41560543755599416,0.6066428250142628,0.5011367783411328
0.3965852826155993,0.5665041757607898,0.5049979642340502
0.39845890208611473,0.5386051440109407,0.5039714485450633
0.39990864864005843,0.5680520877163837,0.482949782750666
0.4317366122459438,0.6100322604774409,0.5136395948654988
0.39056670943686117,0.554931434752247,0.4770881444602574
0.39258009387822923,0.5928241825042494,0.4710360273765968
0.4037310708398356,0.5668809360850484,0.5047879619943871
0.41675114616626424,0.5609336074285114,0.5154864230099301
0.4117050502629144,0.5748964014485771,0.4975204628652384
0.42564787117178327,0.6031128598718526,0.5059263085899307
0.39816277952389795,0.569489850312793,0.4965366982253525
0.3842524172676745,0.5618135923161273,0.4774237768243823
0.39297885025727824,0.5243253082820882,0.503692766344641
0.4061833271246567,0.6211491352094997,0.4877887329642794
0.3967467074443789,0.5828803508778959,0.4808928899947439
0.3948591162009396,0.5622031910909591,0.4760708388047293
0.4065706354134357,0.5676645252318104,0.4987051903451912
0.4023055851942315,0.5698189014951116,0.4949592041823457
0.4292767425244993,0.5733541467428956,0.5133745107552505
0.43509570401404674,0.6004726503438313,0.5206860936024975
0.41037444473284124,0.6001028426843721,0.5044013916037108
0.43140495222805597,0.6129856359603787,0.5169701523484759
0.3887116956051848,0.5578065429285877,0.4695923423236698
0.4097219642482085,0.6050298999785783,0.4873524499633157
0.39474458419168745,0.5890221839198228,0.4926240676306905
0.40785419105359055,0.588514572035875,0.4783161699753119
0.39681955043019285,0.5548864971557758,0.4957756671106383
0.39476602580887743,0.5270477493826633,0.4993105511681927
0.4006194401267744,0.5469644597119386,0.5049272002152992
0.41090359892091705,0.558962796221093,0.5246861100960039
0.3972656072581374,0.5918357090905139,0.4769506816807289
0.4209699032930738,0.6019880136339149,0.5223665127067927
0.38036387016510675,0.547113814290781,0.4960550156404835
0.4072608046879321,0.5654641958133722,0.5099744907207827
0.42426629512430014,0.6060784291958897,0.5209908822814612
0.4022631939225332,0.5606206029770242,0.5022889296011788
0.4196501618582058,0.6024582621442501,0.5138234701005832
0.4119514871551526,0.5582979153336989,0.5109504426470397
0.40153482250526584,0.5680993396533663,0.5050657223404789
0.4079647527160665,0.5798100899110409,0.490920211110198
0.4214835196610132,0.6006776654687415,0.5043526112612121
0.4081001551171286,0.5855922025062401,0.496235222505444
0.3893103362849747,0.5714679463979673,0.4928301238126427
0.4004219913293201,0.5793294860621312,0.4965650862917166
0.3943904506071686,0.5549357790089274,0.5042102993486471
0.3925224435824617,0.5656338067749339,0.4673637188271706
0.40023736546693045,0.5538941191493454,0.5168833046755821
0.41367775067884244,0.5578623943844889,0.5200928706002736
0.41719203970559354,0.5580133975069053,0.5416693655337719
0.4054667946405517,0.6155353025596135,0.4777764605831887
0.4071474549437856,0.6719979345080321,0.4855595827935428
0.4105340026424528,0.5629382684273443,0.4970100511230322
0.40787851853763046,0.5435341813258194,0.5072748431109652
0.3994686758836589,0.5580232304927621,0.4828244674545533
0.41746034391982934,0.5791434151951699,0.5150435815454874
0.3942678495186825,0.5856432795496473,0.4841911655914652
0.4131350908811482,0.6286875451828028,0.48598858888766205
0.39318581778663675,0.5474113120342059,0.4795569080008569
0.3991214605560502,0.537058724119498,0.5023474334074948
0.43765641408091427,0.5906328401287383,0.5301945458399804
0.4081500176483317,0.5494993132905607,0.5017216233308418
0.41528423637372575,0.5629648884275383,0.5177579638954124
0.42201482551639896,0.6112519350215981,0.5128216815397253
0.41179723958610764,0.614584867660667,0.4740155982536781
0.4054189805985051,0.5716059444951632,0.5166409887754686
0.40056975342341267,0.5538939413983378,0.500485392547895
0.4038736951012284,0.5900919948979785,0.47827868535045
0.42434672656847283,0.5829158987622933,0.5163462147870821
0.4155987376176828,0.5748094007482228,0.5102656257041057
0.41019993932174587,0.6060625328084434,0.4919053617758559
0.40143101243907964,0.568610881158432,0.4862798975040396
0.4027079968014353,0.5784904158096293,0.4867373632901526
0.3982411314773407,0.5362965077629408,0.4941941456229882
0.40547915383404814,0.574009003596821,0.4940996208443804
0.40037192337507044,0.5778580080371486,0.4773116862271617
0.39653229091088993,0.5541473605191573,0.4898092416655485
0.40283861099498536,0.5692596101058558,0.4917592579184379
0.4000509166641287,0.5540239294207182,0.4921826084734332
0.41174470178265293,0.6007497262325036,0.4898086116485105
0.41209033938185463,0.5714013121466233,0.5122764456528597
0.4057346989299328,0.5634773675027391,0.47627436507760396
0.38445980892990905,0.5814984227890438,0.4732655823296233
0.39570484518005844,0.5449127528486937,0.4866014211497218
0.41230036948586657,0.5824274364012045,0.5135119579195923
0.4068986052816481,0.5782212995546367,0.5029249784928137
0.41933456333037994,0.6054162613130006,0.4944923330070372
0.3935573009146406,0.5449914841757783,0.4889714172836376
0.4066955997777816,0.5643325172599447,0.5060442902113572
0.4238569707914078,0.6174364307110042,0.4991633225734654
0.40146527276084876,0.563079392909826,0.5041469104273953
0.40712913465328837,0.6046254068485125,0.4838325791966546
0.4123925614871771,0.5795721498326566,0.5079247339798085
0.40598744474634474,0.5748359811861757,0.4933859474625072
0.38853728196356874,0.5721089799333927,0.4877722718736463
0.4075780660686519,0.5730715303376115,0.4897099062553645
0.3996748451096812,0.5775228907684944,0.4913348872295205
0.40509319437484187,0.5923438756979849,0.4914092152008421
0.40682602620147185,0.6133510980644451,0.5036737590709011
0.3982678376423201,0.5637982138165959,0.4778550216612529
0.4141808486986907,0.5811205701401834,0.5153071563554238
0.4146381204997857,0.5938419140039926,0.4824077077198983
0.39936439055523876,0.5656953399915592,0.5081924408897512
0.3885882194513903,0.549296945900101,0.4798973715126187
0.3997693495886312,0.5912574189966056,0.4819938308122353
0.40640364206834617,0.5639507939668237,0.5005254413187267
0.39726673324963213,0.5404593902147707,0.5076871472992337
0.3927528118425306,0.5696096728960605,0.4938608484945845
0.39720307709459635,0.5987336500464631,0.4667511035537621
0.42232615401101364,0.5849928604292695,0.5110999202275841
0.41160302218182127,0.5946103915336954,0.4910147828827138
0.39506239268476784,0.5857925461907242,0.4697642345729866
0.4123346028622448,0.5698211847213576,0.4999291819786613
0.4179355718204196,0.6344036421527018,0.5053709144697742
0.4185670859267332,0.5995943092811686,0.5096562414282143
0.38688511978563594,0.5394768130666779,0.4781488247428442
0.40803121825361593,0.5808030679454536,0.52223056530764
0.4218933028861471,0.5938127125459755,0.4984579101002283
0.4040858641754164,0.5695003674380815,0.4865148877635815
0.38758537925528846,0.5656445952616574,0.4872006157229721
0.4105159860726876,0.5880445886216384,0.4903631436400058
0.4015177447850342,0.5949663053706766,0.4809612565539946
0.39120715328527916,0.5621612283212432,0.4721370229425036
0.41651863945182904,0.5885611965857261,0.4958008715319629
0.41936392912815373,0.6162921266987625,0.4879548372897217
0.4052329326187795,0.5830836119697633,0.4725538500165014
0.43127987508194776,0.5726183149898988,0.5219433689561783
0.3893302047457843,0.5626095650117183,0.4652570638224349
0.39885052575483565,0.5930593169555087,0.4808082234012056
0.39832798133578984,0.5879624749936556,0.4878562829046861
0.40805021094140737,0.5420683447291595,0.4960280876911733
0.4089559708849743,0.584551762650056,0.5028491581752941
0.41435496458312593,0.5647075508893394,0.521473392205614
0.42320812117893175,0.5923914860589433,0.5136155278807096
0.3990821771507685,0.572756521587097,0.4791430775460304
0.39940951341486636,0.547501830808978,0.492606653115989
0.38809926882710527,0.5534260306589157,0.4798612102769553
0.4001612819200041,0.5508302769955652,0.4865177479303421
0.3956710898102668,0.5604467086958137,0.4800695714354785
0.3806004256978771,0.5210201402536819,0.5103278629008379
0.4080745842821382,0.5715431973455523,0.4958219984429801
0.39781534448424494,0.5533419295403206,0.4823417970556138
0.43180377182604174,0.6086776293059458,0.5093725675240779
0.4051813906697875,0.5607880476731262,0.5168319533897312
0.3949493056234134,0.5413023632333795,0.5093665694762549
0.39670605788742075,0.5326282007940477,0.5040258115872949
0.42718715433715737,0.6263597182110225,0.5040904339133987
0.37997426125710426,0.5879185688096644,0.4578381165927842
0.4076052761311014,0.544381872081376,0.5187725067846748
0.3899368927521698,0.5998405689527979,0.4703465663373928
0.3720564261716943,0.5221409082507056,0.4668308461499908
0.39551305577011375,0.5958640172566073,0.4850513575427683
0.4123193606985271,0.558822035024003,0.5125908172440872
0.4175506935469349,0.5966094732846368,0.5102673480553076
0.39406775789009774,0.570782293165187,0.47321507007920005
0.4149312648512769,0.575330679755008,0.5138732631087213
0.3987878428169767,0.6076602429131154,0.4687012296074594
0.40172517582071315,0.5405351670924842,0.5065728536701458
0.4010151914285322,0.5749727232145174,0.4937300194909796
0.40335708737597287,0.5836748279140178,0.486017974376505
0.3930948835671609,0.5605973508100299,0.4757651389860764
0.4014679792126518,0.5639348537348805,0.5052483966198351
0.4072436605182842,0.5944688529192051,0.5052003900420022
0.39168412732874613,0.5689275588508147,0.4839904212605676
0.3934243096435081,0.5495166736248442,0.4954042520977234
0.40351298559090326,0.6142585040941799,0.4845928454572826
0.39162702690728124,0.5914059217808264,0.468992218246631
0.4168527501619208,0.5758699131517055,0.5002642537305839
0.4073796971575826,0.5701685380358721,0.49413766986819296
0.39815409569670857,0.569119845231972,0.4715523356943278
0.4131367378631559,0.6142287581153011,0.4891836158194484
0.39930308162587325,0.547516409870493,0.5034540237373211
0.4240335995768788,0.5878893256774057,0.5136157235113061
0.4142529231017201,0.5788098487882055,0.5133460875053688
0.40706227197797945,0.5768099354751758,0.5027228191853792
0.4063344685503435,0.575448779298599,0.5016919342319016
0.40390663678709293,0.577982245487729,0.5133139662635312
0.40204078905049867,0.5823431364342404,0.4925669446192643
0.40697815677968124,0.5737074287770065,0.4885971956877917
0.41057314945282736,0.5415220044851351,0.5371523946536797
0.3939995973944617,0.5800813302780967,0.4627948759941162
0.39786714266823325,0.6153183824830738,0.4855762520274836
0.41405956615584616,0.5621308971015777,0.5044938092187421
0.40653224115008113,0.5954917728763897,0.4881279459833488
0.392617519181506,0.5769444782451609,0.4951042006953997
0.41401886912592273,0.5907647909235966,0.5021197893586831
0.40408437982290785,0.5716490678355644,0.4848082008430732
0.4090073472884903,0.5789223076359284,0.5057833230191817
0.4041947251272464,0.5755750802707262,0.4978194335233319
0.39923378934624837,0.5864806329089969,0.4900598410814304
0.39706324750006805,0.5421517469731477,0.4962697364895478
0.40200486763970544,0.5546259514548387,0.5001604148277153
0.4043117892885445,0.5822341049216917,0.4884441215045761
0.39206673951157583,0.5717699407199502,0.4910589870313066
0.40428150704397986,0.5640797693451772,0.4979184353439474
0.40829632440984764,0.5625807595895947,0.5113000882443574
0.40809730828417884,0.5433879768465185,0.5182171573985319
0.4143753570332128,0.597142359473969,0.4980906795249192
0.39816619848636187,0.5664448691121274,0.50547659252364
0.42420170234964344,0.6022245312893303,0.518063630906264
0.40458811439072223,0.5463205634121622,0.5093272040455846
0.40398953072422145,0.55380686358686,0.49685167876971403
0.41081401784982174,0.5879858002482405,0.4847200446638954
0.4006987096588365,0.5836355873320396,0.4776110250639865
0.3932889333322921,0.5646876921997983,0.4889194385990732
0.3905138105661748,0.5600942345572635,0.4679473381382423
0.39003098137140496,0.5549481780494212,0.4890066492312069
0.4277088316549184,0.6188653052850044,0.4996451475628914
0.4180206676328262,0.5560733699910797,0.5288778605370261
0.41406076696214816,0.6038900264515593,0.5101295268677436
0.4012896099382675,0.5576004680086362,0.4883216615374125
0.4152092973012805,0.5833803252422434,0.4985976505551804
0.39472920078370316,0.5763903773683454,0.4890468624510298
0.41138590853830614,0.5469417224178555,0.520490686037373
0.3859815536408493,0.5432016194065176,0.4867851069390376
0.39687915041097144,0.5671890622681262,0.4796840319011523
0.3982783865110143,0.5486495349699119,0.4824030484640036
0.4041711212494694,0.5914419847134851,0.48188991860013397
0.4077874613150972,0.5648250096993735,0.4986474677322164
0.41049463034393674,0.6215273062637111,0.4893744166682176
0.4075573308678962,0.586525701766653,0.4742808952145938
0.3885391222801163,0.6088214433952346,0.4656486641114628
0.40093401260014033,0.5848924425997866,0.4847020739115386
0.4129205845972665,0.5926860845465263,0.4965150838725978
0.39529190311300966,0.5909213783378691,0.4815561547029618
0.4021349625638523,0.5866674411734629,0.4809445964051152
0.4347233181108002,0.5887517759894644,0.5353593117785752
0.3938052143633655,0.5454553360266263,0.4887498243837809
0.3997761437102065,0.5560168811446892,0.4873255773580235
0.40662710437605853,0.6036063448380397,0.4929793677972069
0.39646318379150997,0.5745528063857602,0.4914552102282305
0.39266215634707824,0.5631871203375333,0.4838933003245566
0.41487430284893423,0.5922195183086586,0.5062686263418784
0.39230321014965064,0.5539078510311402,0.4924139299479602
0.4219093370070792,0.5862879763083567,0.5236884856434106
0.39094514069016123,0.5379769273522014,0.4880360155164672
0.40032912853511393,0.5632659010412534,0.4907182232339618
0.39413490380314803,0.5516372605809223,0.4785225301729336
0.4190544003648878,0.5983817576457467,0.504135221230134
0.3997158848400455,0.5655663007455203,0.4823275214754447
0.4188929337706822,0.5940426363920913,0.5021330537800268
0.42444295981983265,0.5928985242629959,0.5059551999235252
0.40497896118489796,0.566250280439241,0.4904289239566929
0.40071780058797235,0.5654907394341082,0.5065306778474651
0.397137864528345,0.5702426608387691,0.4783715675922086
0.4037431323476507,0.5813888263346989,0.4991432950077918
0.4084347570497986,0.5725143158184108,0.4900822817400989
0.40906389392847914,0.5684441185652607,0.4996317382789476
0.40688531699517794,0.5886674335167794,0.4960209304080895
0.38696496139921366,0.5473890106930631,0.4685054297339685
0.4160911314738606,0.5896447928546202,0.5018540631299482
0.3997474067880907,0.550215443036623,0.4950045161791472
0.41329221364038643,0.6109388238957425,0.5024002790692186
0.37427778753156393,0.5918788025503581,0.470982821219593
0.4007825825998244,0.5797630965014544,0.4892004110440084
0.41639696181993513,0.5905862216962204,0.4951741929072645
0.3958752600125793,0.5930788460496841,0.4846519216465808
0.40322824660272566,0.5613840396176795,0.4895225737715579
0.4076437913090885,0.6177221516825697,0.4897869071298001
0.42095490993042195,0.6055566918461723,0.5097080277991102
0.4151832042700023,0.5685226080252616,0.5176071799656128
0.39815049194913216,0.5735200909673791,0.4794889221728066
0.40913634138834565,0.5717447406886003,0.5061317294173993
0.39694399329978963,0.571424167061371,0.4772539312503049
0.4101128996044301,0.5706548437736876,0.5018254180865585
0.38564138971570366,0.5635122495350061,0.4796315978181326
0.4096278973038918,0.5812794967345516,0.4917639369395745
0.39214368125024746,0.5665071437741694,0.4736216546017158
0.4095265380925073,0.5902159554365487,0.4947858926823648
0.4121908988205045,0.6151913516131675,0.4824238772638286
0.4145962664897659,0.5703619075716254,0.5078484159809801
0.4165895388960411,0.5716150850375029,0.516824894451879
0.41177476178354505,0.6064549178006634,0.5008613010187289
0.39696086058681446,0.5706802523382151,0.4767047458920706
0.40843514492498106,0.5611795351481635,0.5017708232959976
0.39195761317254674,0.5791584474047842,0.4834964830462817
0.3939446758842752,0.5475213223230236,0.4764352651855879
0.38772504138750863,0.5150075458805834,0.4845540552169523
0.376341100680743,0.5444466394914841,0.4552684488991518
0.41859975632074153,0.5793623055246836,0.5231910000306186
0.4266896571810909,0.6278425363764228,0.5012042517485605
0.41332805075581774,0.5912896043823452,0.5015872234172878
0.4128477493067566,0.6238205168611121,0.5048830316127814
0.39768615602566926,0.5784972221257424,0.491298056948281
0.38842888132310605,0.5310322069288584,0.4978738977142772
0.4117676483753145,0.6082305858995121,0.4978645827016939
0.42629418412582043,0.6384526599257003,0.5082726920071983
0.3917772491643632,0.5890782323546213,0.4762462700354385
0.4211575839794966,0.5769739118317411,0.518880533385104
0.40835264654115094,0.5754874246610843,0.5000875812207068
0.40882448711396324,0.553167867417747,0.5064507798286673
0.41531725828350935,0.6344394977138123,0.4853622368234654
0.4143686689873814,0.6082114742405993,0.5106973733214375
0.4088998257179544,0.5670371247105433,0.5009881596594589
0.41610872311058705,0.5814037974990749,0.4895241398952582
0.3957198494067509,0.5712936050509034,0.5034242397038295
0.4057099253236743,0.5922382265209678,0.4998628140965779
0.41231194061702625,0.5780349576803596,0.4950576888970344
0.42028792900948575,0.5835538754559019,0.5107087783446477
0.4039377128200644,0.5488736914827761,0.4930740526711018
0.41036158279523527,0.6227492156371645,0.4829039494104274
0.40149875776800337,0.5405451353372573,0.5015104719215383
0.40332600096340004,0.5778250999482764,0.4980378103472175
0.40891702744426467,0.6197746386421887,0.4943130436425982
0.40522323553255984,0.5667362134315449,0.5081388248947257
0.4132729779127811,0.5483487361578415,0.5304220353058662
0.4000460202811024,0.5755698916975498,0.49190176743973096
0.40530064149503403,0.5845573638738688,0.4873847896326381
0.4149145530351695,0.5629747549087502,0.5030730644358132
0.41120256856138027,0.5703362206493143,0.4994966637095209
0.4147885847345914,0.5622706365433858,0.5245041813935639
0.4173184762131757,0.5790792753363678,0.5117188315885831
0.39258029868215194,0.5605803977109558,0.486253010194513
0.4040312961572401,0.5801537038715007,0.5065949133990061
0.4105867310549413,0.6076286974183563,0.5100516424925711
0.4069011375695315,0.6002806895072148,0.5069185445280439
0.4269904069515765,0.6180866745160682,0.5071637721401064
0.3958393953002604,0.5671355175991242,0.4748944467436552
0.3911433257308194,0.5497358501051096,0.4886883998911029
0.392998147809811,0.5880204263311011,0.4743119717828527
0.40803641829286247,0.5823610247642633,0.4924911201482925
0.4001663673364058,0.5477168390612861,0.5205349754723461
0.40784569768138745,0.5828002004757096,0.4900879952345933
0.3994343968416388,0.5922848239996565,0.4781950138156648
0.4094506679904944,0.607143202504098,0.5026737017076794
0.42464115284917503,0.5889273980868853,0.5076947608583685
0.3964449177308155,0.5815631926519889,0.4996869031711562
0.4002705410709376,0.5631481983729345,0.4912857355385513
0.3872858455364142,0.5542390207439681,0.4694403017619663
0.40008738508737596,0.5609172547711498,0.5067720289320675
0.4101069864536193,0.5457205683636592,0.5249124647076927
0.41756549227054096,0.5721313056502318,0.5169295472120448
0.39565710652623537,0.5913033406812813,0.4743011338073513
0.4169979530818903,0.6256588524940042,0.49374515466408603
0.4139257468172707,0.5710879060056626,0.5028327089825931
0.43430321418138645,0.6206319803235569,0.5285734478590599
0.39418421929589925,0.575343013825396,0.4747867676100973
0.4034269303617322,0.5725079857053029,0.4900886811533261
0.3936531460398652,0.5735938466608721,0.4910061956392316
0.42322839808342716,0.6503745948288906,0.4879510291935464
0.4125702145671329,0.5751717375775454,0.498300630360317
0.4038668610415075,0.6220447344909146,0.4677814221374746
0.39354301350819754,0.6104863840806666,0.4709027588336706
0.387266826162378,0.5373387616329608,0.478957379414509
0.41426854444617867,0.5636620390464409,0.514185796440306
0.4198255598745763,0.6086999147837232,0.4959885717028623
0.4066433286025659,0.5624158908599779,0.5078394822232998
0.3785066437275412,0.5546261422523338,0.4644290081804033
0.41292593686900214,0.5776990764558443,0.513060712009342
0.3870333846644328,0.576865426655979,0.4592067456679684
0.40750084009933824,0.5634010189786774,0.5085565153922921
0.4149259854307013,0.5733353671648181,0.5016602404356673
0.40215918908412696,0.5511074918897598,0.4955778670460574
0.40626538968670955,0.5657685086456031,0.5041919127188573
0.3929789747727624,0.5660772928282657,0.4833470745869647
0.4109056002809238,0.5994787639692035,0.5032695506819369
0.4070641052395374,0.5499476160448438,0.5089611815989344
0.4070136519686528,0.6060954362756771,0.4987574703334829
0.41385268446138385,0.5552811275683089,0.5130439976624112
0.3994699212074856,0.5438327454595101,0.5171579821854005
0.42878842643170645,0.5793711627593181,0.5301791386941163
0.4006886012254053,0.5948087793788432,0.4889460429046815
0.39739013602577944,0.556908504817745,0.4852907567500671
0.4133819440400539,0.5783495189430041,0.4910345555184009
0.41074949615282874,0.5805599656852386,0.5020479735387897
0.39716995911467834,0.5760343545628309,0.47747516029426396
0.39324441810714617,0.5595884467144284,0.4855462614038305
0.3942076283164599,0.5493085286711807,0.4939647105224737
0.4237803051233634,0.5935482071835713,0.5340551909135786
0.4088791726655229,0.5867841024949358,0.4917937945767326
0.4200079282027176,0.5947281714671946,0.5000536970303561
0.38902574851027294,0.5623876810756251,0.4696723780392029
0.39926034762282225,0.6124209396967862,0.479708600232458
0.40461622440314643,0.557454246514193,0.5023466955556278
0.4060557500999401,0.5750176716686303,0.50897766150111
0.3757566812951197,0.5680059144104151,0.4632052318996708
0.41246475734194443,0.591371645486165,0.4989134733018742
0.4169277893173257,0.5936950341772192,0.5184389327176124
0.4375813590174243,0.5971236840127079,0.5264741357396788
0.42105284028556383,0.5758237610809969,0.5129888201120778
0.39921955630439443,0.6113801546748512,0.4860683864628137
0.40396627605347873,0.5641380013770488,0.498611331848397
0.403569502069389,0.5777265145650793,0.4871018989217049
0.4164334153018288,0.5828738218714423,0.5128618295716891
0.4148263088791097,0.6124581489534505,0.4978281579409548
0.40992196147628107,0.62885731987133,0.4966541902610486
0.3868214207023918,0.5504662441784226,0.4768825101856979
0.40181271583982536,0.5665433764176939,0.4933517513703887
0.3864008382560476,0.5583915334603142,0.4703294571632785
0.40982634061563006,0.602299877004334,0.4970391717467986
0.41917503347366647,0.581962931729509,0.5025682746925876
0.40889614961172327,0.6122586026772932,0.494178152835201
0.3861795444390566,0.548973570595031,0.4793889985091703
0.41826256447812227,0.6231881275315232,0.5008195417445251
0.4007069271466024,0.5720147859277587,0.5046616203138474
0.41025185229681554,0.5950300091636959,0.485270139029631
0.3846372419181232,0.524836193696159,0.4900694311748255
0.4167070289342373,0.609883691018976,0.5053628744107483
0.424726533391343,0.5939767730770098,0.5173401087924251
0.41008833725566646,0.5628703177494585,0.5091801563636049
0.39747507060059456,0.548793888445703,0.4742749517643627
0.40001637227167053,0.5529641070285313,0.4837300950213552
0.39386301054595096,0.5574102373216178,0.4848816633033685
0.4074144585839868,0.5785268288949047,0.4926509011679713
0.3770814097314215,0.5327965796993953,0.4697965624102492
0.3964600296216358,0.5659856331815493,0.4897003550122606
0.40982190217622133,0.5788980428039323,0.4890468991084502
0.4066979990167496,0.6049954974595089,0.479068780879081
0.4253388690789397,0.5760440333899483,0.5106689358124094
0.39867515036910506,0.5840782763813855,0.5041197201297141
0.4034032068776537,0.5751049182963791,0.4957550610747969
0.40300314107603064,0.5509579992428756,0.505001401371332
0.4085882244139232,0.6161851036842583,0.4838504384543992
0.41781801337347474,0.6241300268074965,0.495662912989358
0.39762900857174627,0.5536625074699676,0.4888450364048521
0.39111242570628674,0.5654362009965468,0.4789920736550621
0.39875654098679725,0.5976728886151212,0.4834103098140226
0.4056137903939244,0.5642860023125129,0.4880993319676078
0.39238704543868397,0.6271966890898544,0.47363766198712
0.4003084003253787,0.5769671451335722,0.4819332308830391
0.3906137906348992,0.6123502562932363,0.4643461890760833
0.41477564272698236,0.5706926587000071,0.4967267290109875
0.4085774979723827,0.622242110145296,0.5063027618557594
0.43212396350347204,0.6204086082040775,0.5090554761900541
0.39727124957302284,0.5478140822430455,0.4978390357772999
0.4008598501070208,0.5811916883344314,0.4798992917710838
0.4108452047204401,0.5952401955455131,0.5074624654208554
0.41653315125026497,0.5931676426599499,0.5036783063541802
0.39406601352518417,0.5977417280964652,0.4689671448743282
0.4075751067635828,0.5794361652678537,0.4977403720651161
0.4095758503397222,0.5772598679392817,0.5072695493712017
0.40061044440106136,0.5292625686201486,0.5323894292515867
0.4195590126855279,0.5759199974675212,0.511107072513846
0.4014009133783651,0.5390483105301008,0.5197433816186444
0.4088897774213119,0.6258121009941421,0.4821499483351874
0.39754060987357603,0.5481478233973409,0.5002622827265429
0.4172598281449673,0.5976188806625936,0.4849088902301581
0.4152787029211331,0.5854109665622639,0.4999572874450089
0.39088681186649205,0.5438482864825671,0.4812961074156804
0.40283155772450385,0.5986792713277751,0.4749563945935466
0.39087852030735265,0.5713963870192205,0.4910209845492179
0.3999849032510824,0.6064037212212137,0.4896265432077347
0.39178245614556606,0.5739598521183157,0.4763570175175099
0.411888438803974,0.5843613086163348,0.4900144741781054
0.41126015707007807,0.5711656609919415,0.5085097696227033
0.39141017934073974,0.5409812307268146,0.4955267019563954
0.43876787320968774,0.609049859251879,0.5187528578979405
0.4105522832248583,0.6208485070740799,0.4877784108045185
0.4178343406161008,0.6216341994194541,0.4884482888674889
0.3856421835796114,0.639094331082472,0.4633208112288954
0.4109759527389408,0.589653710639572,0.4921000339849638
0.4364217195686717,0.6260896269884825,0.5142822881079805
0.39688187111781814,0.5583290335367077,0.4974615907819031
0.4325762462574994,0.5878041620396178,0.5299346194010505
0.39677111170678714,0.5848980284455501,0.4672022399420213
0.4377986400441455,0.6181700217392557,0.5117531406232999
0.39465905043288596,0.6013219671496955,0.4716540781850429
0.40101305262921955,0.5569509776287235,0.5018165223014658
0.41239461305103214,0.5767579847017622,0.5062584741474909
0.3918632747397403,0.5501154936681987,0.4892042962742536
0.41988887999802005,0.6056160359738102,0.5096309188563144
0.3941693097549522,0.576343160249054,0.4760251530974805
0.38253827407327023,0.5361520356770347,0.4905668953155789
0.3955473114697,0.5688416812852154,0.4644483058457419
0.42509552255378524,0.6167254602521062,0.4934568623557205
0.4203894273977584,0.5496398988107715,0.5211766548399182
0.419747741538994,0.5820119727765906,0.5156563184390116
0.4010653837514576,0.5821181381146012,0.4894773838725674
0.41428793832650834,0.5889572522990678,0.5001272498163999
0.3834652426326885,0.5559734494300634,0.4789214539722943
0.4198128066725318,0.5974201785423376,0.4984638992686304
0.41376860633071844,0.56961043153768,0.5020194940726015
0.3820839408184841,0.5185646713349413,0.4972341189025528
0.3807376211579341,0.5885257643689438,0.4726999594822944
0.41585398676439667,0.592403886155413,0.5158139625589662
0.38780788797299975,0.5280612165159589,0.4810948751107623
0.4034801713386753,0.5764994529037142,0.4848203212279126
0.42838612698978307,0.5878491154439056,0.5156485381742675
0.4034774575735479,0.5509947962645068,0.4876056708769434
0.3988923593756374,0.5669425742066183,0.4833611672838109
0.41537307798551026,0.5809930336440504,0.5022345664480439
0.4021761282105461,0.5664809002347568,0.4870734583564033
0.41866648862594064,0.5639943907473477,0.513076009749214
0.38684816619011586,0.5609112446920799,0.4569872455304813
0.41978045228182836,0.5823595168760778,0.5106151711719288
0.3898304885149879,0.5813242044138498,0.4716965494990816
0.4065708572935828,0.5760350836551335,0.5111897733340882
0.41743592571330795,0.5999784184513594,0.5001058440846244
0.4093788783255084,0.5938480110488163,0.5023467111894555
0.4028055782174046,0.6052924156684437,0.4737517494949229
0.3977216335316537,0.5703152968172825,0.4851862852098956
0.3997588535370642,0.5706880014545871,0.4964423377008329
0.3957460954666583,0.577011356741639,0.4781995736463747
0.41628256663812585,0.5643044905377471,0.5181686881983337
0.4147023705314602,0.5569305257006968,0.5202480011971534
0.39975154670948604,0.5813333984438848,0.4771205087183734
0.40389792543016173,0.5685669288109723,0.4826101546499391
0.4136859620888276,0.5736889683876295,0.5135421153412018
0.4088234438715381,0.5580950528571256,0.5077289077489642
0.398256085933331,0.5449717762754864,0.4826250581103521
0.4232354386848523,0.6038158163556064,0.5017176287133643
0.40686325181759336,0.5745473425083659,0.4902956566253756
0.39826441834966547,0.5739750937945037,0.4941945701734259
0.4202252394440836,0.5918710542573337,0.4877635080400467
0.4148960532720991,0.5776127451008679,0.4961041625817795
0.40928049881317313,0.6029016229612368,0.48895471984631206
0.4057174779880014,0.5652344977124275,0.4930275738164326
0.40903549870459655,0.5682251607498989,0.5105347100536132
0.41368999964685627,0.6237689896115929,0.4838385869807766
0.40488385105750924,0.6121423367999391,0.4783643327183227
0.38953727189257237,0.5667577512476241,0.4610447547880922
0.4201502204711305,0.6133187943655893,0.4931472092854664
0.3928917285783095,0.5639301058537391,0.4941412042526409
0.40899150513038185,0.5623516336314732,0.5007508771275502
0.39347963236536115,0.5518372513238695,0.4991799750786765
0.38527347990653044,0.5634850800166301,0.4625419109955444
0.3964879227781225,0.5691124565461326,0.4871711559269128
0.4072180059266736,0.5416523610563962,0.5018796530729748
0.4173600449168572,0.5726404791862226,0.5076611373035577
0.4090593655882195,0.5774133067761011,0.4942189569829399
0.39017543603718374,0.5574706898548893,0.4700362720718256
0.4176137920203811,0.5987984923955708,0.5110715351570767
0.3832559506716452,0.5147487365796497,0.4888082379635105
0.41678744840087545,0.6188120035049652,0.5068674879869728
0.41240964494821,0.5906236865676842,0.4934762370784012
0.4081071928833697,0.5745509167712417,0.5112446620821325
0.40772641449936003,0.608331113513851,0.4896641605279243
0.39175807429716797,0.539382310804834,0.5024559330824946
0.4180339180978991,0.6378233150740884,0.4928833375671611
0.3920578642199884,0.5682518109206667,0.4740571813927047
0.41199081312140806,0.5822255125889534,0.5087369521355516
0.4216685702426689,0.5554843915780663,0.5218922308488787
0.4117374006024154,0.5875430989015211,0.5132341913476475
0.43214616638115755,0.6285876849717736,0.489153310318207
0.40492694011092994,0.584006150530604,0.5193742681749309
0.42088141866429074,0.5741079996224037,0.530724938026058
0.3965724695522523,0.5520120158938184,0.5042581699421546
0.41188068280819345,0.5803828777438743,0.4960109841802226
0.4051860793251685,0.5671770388162666,0.5032178691936937
0.39524806822878955,0.5455507670355291,0.5043454379995292
0.4151617812346066,0.6060384578179956,0.5022073134380449
0.4190147896441866,0.5890331822051255,0.4995378763916109
0.3719032796633877,0.5371567636000245,0.4662952001786324
0.40623547218951245,0.5613734618045884,0.4922467555333338
0.3935304443282265,0.5477043126855122,0.4755408915696934
0.39091175835115244,0.5366907952078688,0.48280826092226903
0.4263534301391269,0.5742669154073333,0.5297153491771821
0.43485298667603395,0.6062649728637346,0.5330118573513115
0.40872278833486264,0.5596941303867748,0.5007972375084282
0.429288500857797,0.6009758148474968,0.5171575654006542
0.413741545051892,0.6256979410725095,0.485335418287096
0.4103957718287032,0.5590730129948305,0.5236302700518798
0.4042947750069766,0.6163394719900447,0.4860878611950213
0.39195140826378505,0.5426845573786602,0.4977876162629072
0.43303980154236316,0.5924761466923725,0.5284852687540332
0.3940626332746147,0.5642745930202544,0.4918629838366771
0.4087018720300496,0.5787938841403006,0.5025054076458215
0.39142715787082366,0.5874679971102367,0.4816600233708039
0.39733331508230224,0.5715643862803439,0.4738064352758001
0.3991547365143735,0.5657706907002649,0.4630528498283246
0.4085522285259762,0.5588807076677342,0.507751678259076
0.4001423127630497,0.5574214426504286,0.4981562590907976
0.4001116725814777,0.5596789523499314,0.4896638138143393
0.40941057186787133,0.5758357694473261,0.49221461584467796
0.4138722922593221,0.5811893165416699,0.4873661605709765
0.43209441984194297,0.5928039041521994,0.5203741728985615
0.3863125275990167,0.5364475523570419,0.4866420487113241
0.4052727564593793,0.5682285244042058,0.509128940354126
0.40020771663001864,0.5681480957100846,0.4746573227926798
0.407483872169361,0.5843436127828339,0.5015930808755305
0.3966567345867014,0.5673493260111109,0.4918105937387718
0.3884229610579348,0.5235566046688073,0.493330468611228
0.3946168503102044,0.5946152077291308,0.4727818515866172
0.4331368779957759,0.6261949138770988,0.5140719490060079
0.39603737912576453,0.5982604216038674,0.4697902483661581
0.41043309134370803,0.5731345470168807,0.503511223866699
0.396779628522814,0.5470007138115265,0.4920261865474897
0.40743523723541597,0.542853668337765,0.5057035119326677
0.3799020969961201,0.5546555733332678,0.4698128574782263
0.41513059607774166,0.6027666045384162,0.4924944546963162
0.37892187002305144,0.5675701295673532,0.4580549036777854
0.4026294401076398,0.5657986912777588,0.4944695033171296
0.37855714161691995,0.5831193282357678,0.4518534517324961
0.4114759506561112,0.6015416242370856,0.4933201536601677
0.4113439986789029,0.5798319080119304,0.4957846368504096
0.4038547678003856,0.5728777127298571,0.4873296415610529
0.41137897203350193,0.6300055779024274,0.4878745134904356
0.3978998002476048,0.5610364565618845,0.4780324669918362
0.4262235816984862,0.584082508139357,0.509204421324279
0.3987182676570604,0.5800730278188276,0.4845398287325813
0.4229473862222619,0.5930077113894734,0.5158323438054153
0.40020855881054884,0.606095505844569,0.4660764530428516
0.3927935562930851,0.5470593417116776,0.4906148483268552
0.40027819748177845,0.5550791685484533,0.5004791121956815
0.3896145729362408,0.5447931085486111,0.4780066309060665
0.4197302936900914,0.5851968188222443,0.5038760509840171
0.4028585725368825,0.5647910020547563,0.4868472950469262
0.41211263297915507,0.6016261341870918,0.4985694815486873
0.40414592195151966,0.6262463254679905,0.4845351524320178
0.386151577049433,0.5631395306723941,0.4718024270463805
0.41112846912995293,0.5764435073349022,0.5072531732887515
0.40593638215474803,0.576180952509973,0.4979808861727169
0.3984725564243986,0.5441458329691301,0.501184215209771
0.39863020869257854,0.5490688781029788,0.4814841229727952
0.40164376905963833,0.5665707670616076,0.479587095240608
0.4152445142306641,0.5916375801980128,0.49295377686293
0.41421628541398847,0.5778754475047752,0.5051772818275472
0.3948750264540461,0.5466345442607546,0.4972013137099899
0.40599169189886836,0.5795709714468091,0.4895278997104341
0.3978296394444938,0.5774383195220573,0.4951880280668744
0.4108541793997109,0.5861362120493582,0.5029638936244748
0.385962844171674,0.5601286320948511,0.45712672401634
0.4230476028752075,0.5898614632986582,0.5185519748937599
0.4081493313236909,0.5662644952278675,0.4919395406916081
0.40882709117748584,0.5866496959039934,0.4847625970408957
0.39977527492446,0.5860637006377314,0.4846790479169747
0.4021502891055488,0.5959229074817262,0.479286676989976
0.3948152775143332,0.5576996770340318,0.4943002504780668
0.3964793448546064,0.5451016158991931,0.4950232475451034
0.4307560379591415,0.5927520267270534,0.5143019171732037
0.3959279889070396,0.5641636249343194,0.4808918499116839
0.4051212544539035,0.5535744169072623,0.5210619655278799
0.428206225180737,0.6063127582656719,0.5162838761274541
0.39547015382013,0.5628867692951393,0.4837361857843188
0.4044213986301149,0.5708078303502002,0.4918291395400709
0.41401814489832717,0.5716552334068685,0.500105517442098
0.4142814029775506,0.6339215672344086,0.508614068143278
0.4060665454727608,0.5821477361263395,0.5002182978247004
0.4082152004502669,0.5787695900300343,0.4927020516279662
0.4015193957910027,0.550995410363551,0.4951458405384239
0.4125614801909986,0.5795720221350836,0.5055025259549716
0.3995553823059818,0.5569302643693388,0.5097318650389658
0.40381982212438006,0.5610410546395859,0.4971892618394323
0.4116539486494851,0.5740556324295677,0.4953247732522186
0.41362757824951785,0.5983720444939739,0.4842076743266616
0.39055200879448365,0.5447931970840706,0.4869926110851071
0.4083287547435427,0.563777874765277,0.4942483781847881
0.4019027682475039,0.5979202875694408,0.4766022238041304
0.4256780039199059,0.5814755573589212,0.5114110145626465
0.41986973383743786,0.5785059655505165,0.5010023738527203
0.3968687166084979,0.5620863155046059,0.4860804202025835
0.40626042325100464,0.5830803223453912,0.4930353059906871
0.4002274822379117,0.5862208813266594,0.4722353711424555
0.41826631418943205,0.5690216114469281,0.5201718080831809
0.40722169381943085,0.5681857868449639,0.4954391173713762
0.40710736671161035,0.5824998932825921,0.4999097189132208
0.4091714025830014,0.5702897492943387,0.5053900085726124
0.4089545792251912,0.56181320833869,0.5008354212129852
0.4026572329293242,0.5792899995276136,0.4730735051630823
0.4021724521135508,0.5914627733636995,0.4857323915867356
0.41032957176880996,0.5613088501324338,0.5023277172430606
0.42971642653874736,0.5956422634012634,0.5108472431250886
0.406748767783263,0.6012113638295208,0.5027609212639014
0.4015264975156003,0.561950723352072,0.4899546146805857
0.3914816728707477,0.5728035054865532,0.492493988058253
0.4255788904096859,0.6104944001618322,0.5082650177766765
0.38540169923211964,0.5902438116187211,0.459563557783036
0.4024557753806501,0.5566692213804982,0.5167640781404181
0.40304916975402705,0.55809925296102,0.4942944631764645
0.4115805375871156,0.5598902738114018,0.5159097218006914
0.4116818788032948,0.578098980770114,0.5023205011169604
0.3978663800939952,0.6251477513042927,0.4824860942213063
0.3982574519797201,0.5587583927586147,0.4959234334395549
0.39325657995787905,0.5400490137242682,0.4863224512444024
0.40682280124925163,0.5627335952224063,0.4781146580436189
0.4147159716912416,0.5797370976949268,0.5083942494695181
0.39009585903006594,0.5276517486829194,0.5081336610688729
0.4022527831919613,0.5984334613185234,0.4855548286760113
0.4172273035570231,0.5776760695247963,0.4992116284504735
0.39291683231422936,0.5511897159658433,0.4815250596929561
0.3852185058591148,0.5485027015928139,0.4869531405454433
0.40612456499236027,0.5653685486967254,0.5079038896941539
0.4195536374318899,0.5762486297602181,0.5068247583109248
0.41931807489944234,0.5929286526946302,0.5197859736571663
0.39169384467829205,0.528848435230445,0.507166137252595
0.39756028556312556,0.5460854359745795,0.49237195259637495
0.4037699803203069,0.5710535206568228,0.5085892062414089
0.4096649321944173,0.5756940403106587,0.5099496219438526
0.3912660230602556,0.5725617554749587,0.4792514395996734
0.4137652327876024,0.5719893570619048,0.5154713937693193
0.40820552568068125,0.6158747770756289,0.4857542324995488
0.431039946753573,0.5747698356169267,0.5356373197909743
0.40887850525130603,0.570894783379606,0.4993968572803663
0.4021288071922173,0.5850211097893526,0.4847266010786306
0.4024818412705508,0.5752173998447541,0.4926853267031258
0.37493460820341795,0.5380365522794197,0.4845169334093159
0.42676524995634396,0.6125589598642193,0.5291478383940625
0.39794363713690445,0.5605154888004911,0.4871458464444753
0.4027008003784517,0.611272550961352,0.4927363914742164
0.402917777466488,0.5743585082080144,0.4907856670098557
0.4216865896469436,0.6031880652101818,0.5109313060942712
0.4184088299675436,0.5827377157871471,0.5012819812806704
0.4301274260645211,0.6048903372191451,0.5132296026294316
0.4138110825409706,0.5887370211289041,0.5106171269701493
0.41041317419090534,0.5807305955645915,0.5067786529704468
0.41974712777154766,0.6064038757465291,0.5143000978258024
0.40826123358080346,0.5625603838939097,0.5018191304283942
0.41706136038318464,0.6304372812064558,0.4975620217734658
0.3979195078207548,0.5406267238418837,0.4885206681433076
0.425311414072212,0.5979772749543164,0.5269900151020268
0.41914193810119743,0.6061416403770942,0.5008091875141685
0.4107891714200392,0.5699169404889903,0.5061143639691079
0.4118809191291376,0.6125620945692615,0.4987658721102954
0.41386947724510575,0.5998027775422697,0.4906015853703108
0.39387289607142584,0.5645962881694282,0.4702297448504526
0.40721693247268914,0.5814256763413007,0.4896630025564399
0.40643208793210833,0.6165498985349821,0.4700058496190804
0.4024498217649855,0.5480579875884117,0.4869996906939211
0.4090736901342034,0.631241554043866,0.4854523847814687
0.38349877399920834,0.5365025251161216,0.4825684453896474
0.40365522292124467,0.5606925833751091,0.5005214647177947
0.4199156690297562,0.5971855027930091,0.5105107795173639
0.39492241344946705,0.5531711637003931,0.4965648150044036
0.3975187891471464,0.5954726076199575,0.4783378932632813
0.41808312662900166,0.5977115859645203,0.5116582043072277
0.3876464902508278,0.5672820543239152,0.483818305928031
0.4156991707806275,0.5751806932574215,0.5020544986742546
0.42954406276728185,0.5827307268665048,0.5189661887773027
0.3943202994960808,0.5586571539412714,0.4657404458644019
0.4036740794081268,0.6205099324512721,0.478463567654536
0.41210763997951305,0.5752726405034089,0.5077867025083445
0.4204100166599201,0.5862527125087683,0.5077852954452079
0.4180987415278854,0.5899236079324562,0.4892084068371246
0.4176314670142346,0.5751546181154449,0.5115797180237989
0.4188938841710237,0.6008456901141176,0.521662378694816
0.3893688384390053,0.5927994932328591,0.4630985487714088
0.39999674899294874,0.6123583950750907,0.4985483921967338
0.40923381424957056,0.6184217076392675,0.4880836552973742
0.42735616144150257,0.6210712458031987,0.50240057140135
0.4223472487177204,0.5873150949512639,0.5212577073657614
0.39467963197904427,0.5491998093950671,0.4941446215209016
0.394703395982436,0.5579645552102376,0.4936376377572546
0.4089155850830794,0.5745024281691411,0.5082403368243551
0.4156068472436197,0.5579207358550411,0.5264004312973447
0.4172643044554664,0.5873467189936205,0.5224062873832402
0.42233415654396533,0.5920994125328256,0.5088158031277313
0.4048685890387293,0.5416743475950959,0.5058815163829355
0.41079772900557293,0.5695379558182233,0.5283630174468701
0.42075333348393984,0.6584951395956806,0.4929232613366992
0.40769012118011116,0.5949545697901687,0.4828590613684562
0.4033022537329958,0.5579472027119108,0.504482108864233
0.40652626864778296,0.5739167322545415,0.4846894997803383
0.4007987480524875,0.5866452609632699,0.4883468233944629
0.36844087358438493,0.5495777389997097,0.44419767073099015
0.4150317939145694,0.5969107849994129,0.4877715643656168
0.3903278961869241,0.5624186336182236,0.4729103028277198
0.416523660083817,0.562131837709212,0.5211630207340856
0.42235689480613614,0.602617162808851,0.502216856426141
0.422411724958107,0.5752591125627865,0.5172940981651819
0.4149593186874084,0.5358302121257781,0.5114664833590754
0.41036444270570466,0.5881012876585503,0.5027772661069775
0.4309215526759461,0.5698868820726443,0.5382766820259246
0.4087906143333278,0.5730661166644254,0.4890607741125532
0.4244235846787351,0.6116363739015789,0.5208759131619944
0.3962333530180533,0.5721578018534662,0.4733891229162285
0.42242192222002084,0.5731645311839448,0.513203731865844
0.4083609322854241,0.5922063972462789,0.4930497732306713
0.412504449172358,0.5891134235549517,0.5001189323940762
0.4012034236719616,0.6158280814408043,0.4928954520716195
0.4277400935200747,0.5973303231672943,0.5182551050192261
0.3955258502237221,0.5691083523605553,0.469672452898354
0.39648219279104985,0.5461605232123347,0.4989401139369434
0.4117454859744949,0.574089239425101,0.4977718170926137
0.3776761684221011,0.5397090543821733,0.4603772006145653
0.4072506685721107,0.6016458445812289,0.4767909297643784
0.4185087818297454,0.6011528202473134,0.4867585995895668
0.412956753581906,0.5741004127705529,0.5088823333943071
0.3908881486974664,0.5386091603632353,0.4900043152368028
0.3957863066475541,0.5674690002579137,0.4809324417847548
0.42321580450472107,0.6015150292904715,0.4945839599275347
0.3986507917807645,0.6239653383352278,0.4846336112739327
0.4120803433194471,0.5802606208315391,0.5048468783709728
0.3983402349781913,0.5923430028145416,0.4787984089217776
0.41122558869789017,0.5405656027140043,0.5200839030663816
0.39377021448710586,0.5964522634439345,0.491318315706072
0.4070761747967601,0.6540776840367322,0.4822030959647658
0.3917029591331428,0.5604573777406839,0.4859780564022022
0.41651673150910085,0.6022645233521338,0.4957907655226976
0.3804773844088889,0.5431283546039543,0.4745487780076506
0.4062802950039084,0.5848997236091533,0.48761756193128497
0.41151086540350035,0.5800384162409888,0.5024777848494302
0.4114205536854071,0.5646955560954787,0.5149660586516229
0.40624575335060165,0.6066858995880247,0.4983626625620149
0.40765012681825297,0.5635940564377071,0.5034086208518782
0.3817139346356144,0.5660875231194996,0.4609855504758895
0.3890842096867378,0.5586228535919732,0.4703497325421238
0.4087224714336559,0.5915292017987828,0.4758611097920253
0.3920433380522948,0.6045863861559401,0.4667608498554444
0.4220327234965025,0.6101928171483921,0.4972217662907703
0.40123800088792955,0.558736103321063,0.5173996864817154
0.3997717224121793,0.5733704901540869,0.4776137979699044
0.4101752802727332,0.5714461364400385,0.5133950910110036
0.4034066659636931,0.575866205501703,0.5064321404514922
0.41089191917134343,0.5396015075850402,0.515713616385995
0.40350083569509576,0.5647366221388121,0.4981139378036469
0.42230376401881936,0.5791066540448707,0.5115109458463802
0.41590641565641706,0.5775579182160264,0.4962752214646775
0.38578281163250094,0.5678315896789503,0.4746369133603733
0.4104982846273961,0.5711760853846798,0.4913709400034436
0.4068905473968297,0.5774144738265199,0.48726444179634104
0.39916434711747206,0.5686195079761306,0.4872561357889102
0.3936275571767227,0.5773644233429123,0.4864466772642938
0.4212473784576188,0.596049838285284,0.5122935204868319
0.4071156044571933,0.6030482399004505,0.4908943532169314
0.4270308657714353,0.6075415730853755,0.5258330857456791
0.40676010135872886,0.5989697025844877,0.4987606430745888
0.40391112056318224,0.5725705351519592,0.4866745291661022
0.39643853690154046,0.5908051855255817,0.479375882420801
0.39457462307905594,0.5840831966321589,0.469989292266964
0.41198483104968886,0.5625833504211727,0.5031883613265765
0.4127292457207373,0.5966163760240193,0.4861817551483068
0.4033069371566455,0.5825525967292431,0.4963827925824929
0.4046673261334124,0.581693419331753,0.5028441162398241
0.42163360854493886,0.5729767310515017,0.5235891783233759
0.3870270767230026,0.5844406939127886,0.4590677826701046
0.4120016511069447,0.5896735746991193,0.4994862978953383
0.39809037110877143,0.5820613212444343,0.4800059385661717
0.4163852972271128,0.59397022455964,0.4967589908952024
0.4237862779344715,0.6073980431680919,0.5116052264001819
0.426806404182995,0.5939207224716695,0.5176443345862003
0.4092464948468579,0.5789601368444867,0.5102354397222711
0.4116307622617736,0.5695545302716378,0.5171927452920199
0.3985903258361916,0.5543161812657574,0.4971442822570945
0.41401314673052847,0.5562795756183843,0.5096881064986354
0.41151500268277147,0.5828912239970487,0.4993904213280748
0.3921624819238707,0.5811509270922994,0.5015411550178801
0.40556778839437824,0.5794235469128194,0.5088938275441979
0.4095159441485755,0.546563673639487,0.4964816765967052
0.3977312362852906,0.5424785942131178,0.4821065887729236
0.4046705084265529,0.5469163959037012,0.5127891915704743
0.40369442231886027,0.5905211888251874,0.4986941991146147
0.38779091821021927,0.5653530027947448,0.4564291555440923
0.4066870249836539,0.5625647793019476,0.4942394061059134
0.3945896294612152,0.5796440683437735,0.4801768837549058
0.39635959675863164,0.5523465373485444,0.5049205611338733
0.38565087415697796,0.6346189562433717,0.4688876013617416
0.401756787501846,0.5827184353237688,0.4994023966994209
0.4161567013614869,0.5475509061224213,0.5318050709336518
0.3979446826364522,0.5483758961001598,0.4908291144116103
0.4201542810007325,0.6058940571258592,0.5105651021993701
0.4033385964639129,0.5474831742790304,0.5078460403241946
0.3890224455375318,0.5516524681197987,0.487823291130409
0.4053984149836333,0.5735524948218319,0.491906340032729
0.4019281573849479,0.5797439299187416,0.4999757424422673
0.39607894572274915,0.5773537755246427,0.4622673050712274
0.4051686262199415,0.5631485893775399,0.4942309328456467
0.4019522564449046,0.5752580959821263,0.4821624212896278
0.38772357717076716,0.5582805196670759,0.4791881594548168
0.39558368968614077,0.5839135381829514,0.4774659561790278
0.3947597325548037,0.5449414828752001,0.4770032427488807
0.42761764953507864,0.6010828353755966,0.5283999350141958
0.39174605917776506,0.5752055388346006,0.4660007570529803
0.4046199618690433,0.5750909481110217,0.4841258272706394
0.4161730735587345,0.5920114070373139,0.5068475939473776
0.4043929962680244,0.5909893482069829,0.4912940922490002
0.3965363663554027,0.5820934621840774,0.4894430607174055
0.4139567011733958,0.5899690039175383,0.4933366974339292
0.41614646470759026,0.5802729893094962,0.5414808229448105
0.40241917765262863,0.5672121561090292,0.4923320400132685
0.41005513586217973,0.5879154376510488,0.49359948798590203
0.40972370733837216,0.6030285080450505,0.4908446309762786
0.3985668311390129,0.5618578849197029,0.4824010095421896
0.40630956319185246,0.5563408064739724,0.506302543976717
0.4086963767628072,0.5626383771783225,0.5079338175440175
0.3852239120618032,0.5332761184128547,0.4934140923628378
0.4154983315742558,0.5768874253317022,0.4980944492828863
0.4006039835796713,0.5917390838975419,0.47312370525613895
0.4133001952408343,0.5833607998210373,0.5044471333437767
0.40907141032474004,0.5746748717204094,0.5085550138460972
0.3932245297496765,0.5499295270533608,0.4975927026566777
0.40333260888816114,0.5403367899259235,0.5015082412208757
0.41882822860481556,0.5926010533465864,0.5117781122361406
0.4210234771756458,0.5843723243256619,0.5059286802719709
0.4088384784472098,0.6007635700997396,0.5038812851453067
0.41506193176582656,0.601096468236083,0.5075674981160819
0.39501910087573633,0.5552859033347771,0.4776130245542128
0.3941586584156568,0.5877271661528249,0.4797506944524286
0.39829795245704525,0.5660656530529987,0.4784102645224173
0.4067785759673241,0.5651866374774932,0.5024959964052548
0.4147072062672891,0.560951056440636,0.4966138344087795
0.3948851455467151,0.5661346251936067,0.479968361890331
0.40252905333315026,0.5897943616441946,0.4856532127846312
0.40434781935716513,0.5768501528916857,0.4892247602256983
0.4078052282516871,0.5730232770699962,0.5139540055555866
0.4129210221002484,0.5848890786033248,0.5094676051442436
0.41460296437406713,0.5832653526268374,0.5112800881450936
0.38597560229063,0.5583470182886081,0.4691894756506232
0.3943840761492335,0.5568573468448763,0.4806604894686558
0.37512609273056036,0.5190432292836694,0.4776960730955021
0.3871105680499229,0.5760817217370826,0.4946809303770346
0.4145296901924523,0.5663103125054412,0.5150895565164533
0.43952822409583553,0.6087289519381551,0.5284875777237978
0.40478499554623,0.5825380955713145,0.497721105683161
0.40739924176740755,0.5942810768273753,0.4978813657622869
0.4041228738967147,0.5632104890815615,0.4931324780331463
0.4274219821220598,0.5818570785144397,0.5293163109859164
0.3993784260967398,0.5436636818170928,0.5119381110994543
0.40679535735086625,0.5674503436967439,0.5288775781489126
0.40958460335510066,0.5862613684952449,0.5125233098339959
0.41820500779930625,0.5778534142863233,0.5081574389770303
0.4182060859800329,0.5886240890474452,0.5153577030695203
0.4156116236035086,0.5657633972986738,0.4969197366220806
0.4022381202724653,0.5748718878212857,0.4902656570458317
0.40531065521590504,0.5760334490485668,0.5013127725733175
0.4018132168405499,0.5943417569947864,0.482079688783236
0.4119124710982889,0.5992276420500356,0.5197588170725617
0.39175717095993834,0.5359638313940871,0.4941588806151953
0.4191229887456332,0.5935912998852575,0.5089479996250685
0.4171141164144618,0.5964246657521759,0.5143059647289777
0.3930630699511747,0.5707727682407517,0.4754253337754068
0.4168102853342728,0.6188252545853454,0.4892276621576038
0.40412731891808507,0.569127574423208,0.4926253031516403
0.40853360293501195,0.5844332215982763,0.5027234326554786
0.42652159636881115,0.6225923606726534,0.5201136694130218
0.39870663261792344,0.5683207372671046,0.483196148690469
0.41316513086917445,0.5863904485124682,0.5021796894759412
0.4167588348569536,0.5957236705391318,0.5029090991593406
0.3950413885279341,0.5682164049129835,0.4876323931224014
0.40212351940429447,0.6044290830541152,0.4970091104086304
0.40690084866760046,0.5757779265727997,0.4790408129319024
0.4023905063331582,0.6061106447040118,0.4924100923584037
0.39484297196894835,0.5866606757271405,0.4748798668415066
0.4045639085207056,0.563604513456201,0.5071252513534774
0.39880331124259283,0.5399928090156298,0.5082969904686652
0.4105459045979789,0.5470425426931677,0.5054161506322015
0.4186442825369089,0.5833885905924981,0.5304090078220475
0.41160540301088966,0.5794640490818083,0.5038700433309561
0.4007991837821846,0.5692413619415273,0.4957403168092604
0.4319983051631645,0.5720662949175543,0.5282159248865512
0.41770631445027634,0.582683282403396,0.5082658947131212
0.4117699498513947,0.5671418791987519,0.5071570537086127
0.38138736534433787,0.5470761531700234,0.4778890997765946
0.39860432665426143,0.5715100055996793,0.4796009185709182
0.4116275098057847,0.5861602001755087,0.4945947912581085
0.3913553588572226,0.5813557656537992,0.4820129677594601
0.4073361380981093,0.5501427010708413,0.5150589871621825
0.42410670232980135,0.5862678122312357,0.508846966497365
0.4172616227335253,0.6096372368757172,0.4908923147182617
0.40703623440510256,0.5642169554828783,0.5151397055448171
0.41951744082094494,0.6266051455531717,0.5098575631739489
0.4103458552311642,0.5745939626418116,0.4966681102360508
0.40381537516668975,0.5800579464383749,0.5040709299999728
0.38802202455520435,0.5639132384979321,0.4689805333626492
0.3863168048639764,0.5685910065334511,0.4780477936030762
0.408528619209292,0.5831568536342613,0.4844065628651933
0.4053967312581511,0.5521391787624684,0.5062128738856777
0.4009660366793223,0.5785424425298118,0.5005075698071288
0.4006898338093462,0.5800563669704311,0.5090888512890048
0.4290486125036901,0.6206515085138298,0.5032221131463903
0.4209903577581568,0.560240981037082,0.5217232023724049
0.4030710820551168,0.5820049590832104,0.4808710792567106
0.4078029940015054,0.595310419266845,0.4912883140374255
0.4057887499757193,0.5811656399974454,0.5089151578940146
0.404025453390418,0.5462780149136462,0.4975565694362377
0.39670950574816866,0.6001278649709798,0.4902140213272741
0.3944922954855734,0.5706040015013988,0.4812589022270738
0.39642025223375144,0.5609119293696696,0.4906746747981681
0.40090775249381716,0.5571844281366739,0.4967182575362923
0.40218050835801966,0.5846611642010572,0.4903131334646945
0.40561842490259103,0.5817378005604731,0.492945701076288
0.4046248682121785,0.5612435563430379,0.5016448456378109
0.41609050032537725,0.5910111947692257,0.5030894633559085
0.40836674918350835,0.5936078201091002,0.4846689430983768
0.4048818605165684,0.5885001244196109,0.4839684816874492
0.3990709925766281,0.5728637277736078,0.4795761645516392
0.3924717651735653,0.6060764733621109,0.4636101551154397
0.4199638125978854,0.5675067690002848,0.5222087108463603
0.4108840202812546,0.584608217473536,0.5071903403205757
0.39274967809443084,0.58518033565635,0.4692804603082067
0.4097735825409399,0.6089125315628697,0.4868833879682725
0.39403744608041746,0.5600099759786804,0.48914222291632303
0.40638159420624276,0.58197282077393,0.4849275005489484
0.3962367746854782,0.5497559734070245,0.4872634903184164
0.3957561727025665,0.5600310340773332,0.4878204492273184
0.4049215301448936,0.5688104901181704,0.5036111221382772
0.39993078448565994,0.5488251230627763,0.48638764295371706
0.4229027165509149,0.5775014741249168,0.5250557488724219
0.3900995278836956,0.5739415387736042,0.4681644610702931
0.415492005260919,0.6054939259134177,0.5090939753987727
0.3912935398897251,0.5358322414418099,0.5044571881800768
0.4152487731162313,0.5735969278751135,0.5102154867621064
0.4018801679354458,0.580183501466478,0.4650136804002319
0.397709590034287,0.5471205555835449,0.4997875886433193
0.3848272481933905,0.5849655981831193,0.4680895640133616
0.41354696831437715,0.5835127841391132,0.5002698264320236
0.39297399878479056,0.5327736273242489,0.5020779064320573
0.41380705322406636,0.5788954387423828,0.4858043613591247
0.4064843601861604,0.5874223364704714,0.5020015479683856
0.3734624943286777,0.5746547932291097,0.4700704242289702
0.4059370050314017,0.5701767025748329,0.4891193098588853
0.41104312814791044,0.5833425118108349,0.5113092442398146
0.4156777836686906,0.5840757522972105,0.5104363226148461
0.38132289158863,0.5570065551009069,0.4635351958756012
0.41189523363295594,0.5413550718609802,0.5208425871188471
0.3970908321778542,0.63461188968902,0.4856917784142914
0.4140660006276108,0.5765505017824397,0.5007843554409936
0.40503156986091665,0.5640834135384231,0.49661172579906204
0.4133851510734511,0.5734857645065837,0.5118270029646743
0.38983223694674635,0.5492972530457292,0.4715292118777278
0.40285839977620236,0.5935487444706657,0.4857032562872661
0.42000363309144506,0.6431071577682631,0.4908180316543242
0.4036753076192076,0.5539100336026385,0.4937120841741285
0.41601122881309377,0.591299881930386,0.499458133514483
0.4068036533978179,0.5419279933919016,0.5065498995416965
0.40831285763710795,0.584732049077388,0.4937483372792382
0.4131620642241006,0.6098745059297427,0.4911706304672012
0.39638139690958435,0.5959913967541879,0.4858809054104163
0.40259024999323584,0.5979715762515306,0.5005876587665516
0.41136462074005264,0.5820527074936398,0.4963902109905287
0.3945713987215491,0.5616185020030265,0.4896429710493722
0.4079732243135035,0.5732043493539952,0.4922553719952856
0.42214798941064463,0.5865889678232596,0.5286225849831955
0.4236800920744666,0.5864934032019511,0.5119094162117641
0.42327748919039065,0.5865785267161454,0.516994485044818
0.3927802095629147,0.5677124751438335,0.4869005314560214
0.3865421576899194,0.5626716757697647,0.4636475586286417
0.3996189935960394,0.5594316525970263,0.476317239337465
0.3896995164694367,0.5289200154785548,0.4947893280244884
0.4084551222800632,0.6183731450004959,0.5230944333054542
0.41157755249318134,0.5763927851039179,0.5090744827944276
0.3823802081199865,0.6092231302333344,0.4637433440404161
0.40576845050344346,0.5399613428045879,0.5237147408980084
0.389172572510869,0.5623631350209309,0.4706917406438141
0.3954997056484604,0.5648740042431077,0.4924018110992936
0.38926376013710345,0.5222340064444507,0.5055834376540429
0.38953143136929425,0.532317966431044,0.4909150460867784
0.40284578279731664,0.5667678772835564,0.5065312565611482
0.37984154850331975,0.5363955508666018,0.4796234432070493
0.3932077126001158,0.573650601000808,0.4828702389040426
0.40897115686346736,0.6173408285586381,0.4731303652874626
0.38825538842397866,0.5728021780079383,0.4694289782375691
0.4088181066880643,0.5750749673628739,0.4925042622476277
0.4106796561678956,0.5821639145842525,0.5019571058072685
0.40574047777710104,0.5550369848804209,0.4973159829522591
0.39831754695844707,0.5534293410512556,0.4829442182230238
0.40347782563114637,0.6072010417098742,0.482318863301385
0.4011401069137779,0.5723850335926629,0.4830641859939893
0.3983882046667111,0.5742419187751714,0.4951543820450921
0.41846084907183334,0.631761414349857,0.4984944154190664
0.4014912045516494,0.5680126804195266,0.4986413109232675
0.3982272308294118,0.5442289694034463,0.4914035091102094
0.40342303394617063,0.599029688400452,0.4815356593791146
0.41749094748512133,0.5926538954431129,0.4975943713429734
0.4308083518534282,0.5822053256135288,0.5199461662343811
0.3941665012412257,0.554071104151901,0.4910142181385577
0.41513647459166747,0.5764743124861493,0.49426417108604104
0.4111534814252653,0.6197152571961099,0.4769532982649151
0.4115978209503372,0.5887691067493246,0.4970691381584771
0.3999019284072679,0.5607809811082952,0.4885535827241844
0.39263137452738717,0.5432628875993903,0.4885939704604861
0.41002305317414556,0.5610178791042262,0.5159712976498267
0.4266364241462021,0.6227563092365349,0.5117468032516657
0.3943360712667446,0.5952893172477819,0.4708388149180158
0.41009500215056066,0.5969475510135694,0.5070547947745955
0.41346428478016,0.5910168872582581,0.4966185967472589
0.4020099740673468,0.5764989886142808,0.4824574126266944
0.41731993000696277,0.5880472592901884,0.5300845942415822
0.39441571640723827,0.579543825340592,0.4967493393650128
0.4159940441469007,0.5686806391381178,0.5145209322190193
0.3981929425709004,0.5742889050527153,0.4964966758391838
0.4159965699677386,0.614795833108912,0.4977964793680483
0.3902650633746349,0.6181082409681689,0.4978468694731035
0.40227902660924175,0.5991195793397239,0.4960925477229742
0.3969629881840793,0.5767066260115223,0.5079037069938458
0.41474984607054294,0.5842839117258268,0.5166054371991643
0.4295617863861626,0.6195307998533683,0.5251373551474592
0.4041775499914118,0.5634259418144169,0.5302206969987829
0.41415451561698924,0.621749801964814,0.4983900118905896
0.3969725567927569,0.6026260403289582,0.4907179797620306
0.3992494489786565,0.5732925473736445,0.5015536734910608
0.40307251231053753,0.6251700002234913,0.5131206726424371
0.4043780838004578,0.6052690272957283,0.5079519605615557
0.4178385457117436,0.6208140348112039,0.5124374897496197
0.38062002281544866,0.5489468541592573,0.4957313364077492
0.3956986106953717,0.6071741039230739,0.4914592920569396
0.4033821028260028,0.5671402780777646,0.5131161168550886
0.40245871412422185,0.6191328646770942,0.5125486509056008
0.4067951203813822,0.569707149275093,0.5390201730934179
0.4026406800038167,0.6250739680386264,0.5153516692161851
0.3759387064435872,0.5638620599665843,0.5011381908648554
0.39175866308812746,0.5596011040185332,0.5045963346672181
0.42009177227177175,0.5869036879140329,0.5264735792822031
0.4113005111984844,0.6036218612482196,0.5196645969552119
0.388980059078077,0.567508723436695,0.4877525726814721
0.39035832298216777,0.6094326118226501,0.4982502564363842
0.4195842011629506,0.6224526769412959,0.5340995044808673
0.3832441008403441,0.586675117882068,0.4911788493184224
0.40759846990142834,0.6117849270980085,0.5029603372126281
0.3841050756224873,0.5836088706305257,0.4860359950246876
0.39444202088821256,0.5853537747013872,0.5125859548906138
0.3962024287997009,0.6023789642148378,0.5196161598259512
0.38798264962884416,0.5462781279294615,0.4968353438559399
0.3895524147783834,0.5511810111033892,0.5275039866870762
0.40342213101316304,0.5958877074385253,0.5233099324177389
0.4025175122142724,0.5786064301364483,0.5094779097679081
0.3800456834187084,0.5783841520065398,0.5029923575960712
0.4245889088705163,0.6452157945635161,0.5342314121632442
0.3869180075590036,0.5611149179764019,0.5221466008211347
0.42151415353961463,0.5932294770960074,0.5826477638010412
0.4065126906692086,0.6176733785587186,0.5236369872125234
0.39566501920572295,0.5864211235523462,0.5148166274848895
0.4083821526539321,0.5789574689163728,0.5175160263890914
0.39351679713568416,0.5894865540257149,0.5092297022517343
0.396225760331927,0.5712837467844821,0.5229497275916125
0.37893330843170886,0.5690247778058216,0.5195086390644351
0.4051658760690451,0.5635951814189872,0.5528145795576148
0.4070360373268544,0.579666049711241,0.5179595930813465
0.4118066680166399,0.5755366972714695,0.5678302155026812
0.39752583888396165,0.5857070308623283,0.503187096833689
0.38887438855845086,0.5626984370702081,0.5274848932240325
0.39117862349299526,0.5802011942529642,0.5399406112495759
0.38372358628057623,0.6048465900708664,0.5474036048136701
0.4247928313189005,0.6103900408969312,0.5580010557616302
0.39141625884252434,0.5965042341116579,0.5431690038047399
0.4213242830077405,0.6179221243026461,0.5401683934853618
0.4013371484015359,0.6038284268820721,0.5224070880637175
0.4001996021729592,0.6255496826652964,0.5344691870829003
0.40788115700965205,0.5737646211381705,0.5712317527029628
0.39028795915648645,0.5699457542381418,0.5637900843541064
0.40930261567150283,0.6015393970484729,0.5415300857988288
0.41333762986059996,0.5863457004427084,0.5694353948551142
0.4003015463145939,0.5882856578721707,0.5501189698355095
0.41173889490483334,0.6130993713231296,0.5363978184079137
0.3846281297196353,0.5606008772315019,0.5599844943367316
0.3759675621315662,0.5868273443437906,0.5298753527438117
0.37352849401622634,0.5653356872813893,0.5358239378827225
0.3940236568615434,0.6351511894824541,0.5307641011227608
0.3911861914208107,0.6046287911580154,0.5472563220734223
0.3938087664048516,0.615905977362697,0.5563556810629469
0.3806128899479438,0.605355004159536,0.5557692988341048
0.4052246540624356,0.5913062044144032,0.5856563337075125
0.38770380887408584,0.5997937628699589,0.5727191894557998
0.3903412458946997,0.6031773550118387,0.5458529404499327
0.3912247343128733,0.6107423337910375,0.5652828397379891
0.37144280912562133,0.5919636043297539,0.5401732830876383
0.39337943409452136,0.6895585221513546,0.5497629767357537
0.3842170483031634,0.6094655839153759,0.5657327786495289
0.382402492916433,0.5851851901107643,0.5705381714095362
0.4039013369911047,0.5821285066230376,0.6162484027915454
0.38070366038766634,0.562644809111595,0.5916147528725013
0.39007272145247285,0.603977296974263,0.5733892620173593
0.388671829219408,0.5993034243671247,0.5722017761053223
0.3695007908601162,0.6081057138760259,0.6293057514866615
0.39046825110041716,0.6045871876538462,0.5922289320189968
0.40058048355025294,0.6291329292532105,0.5960351791517815
0.368496414445209,0.6049969204798562,0.6228125722675973
0.3575134138639833,0.5648321902258447,0.5885105427983771
0.3812640325621342,0.582062697495851,0.6057899848591601
0.3784927331080831,0.5892269231319255,0.5969422500559957
0.36553718539262503,0.5873243603894172,0.5688610890290324
0.36759931528288675,0.5548555122477143,0.6128264654424879
0.3544732321970742,0.5643586408574383,0.5944136874596702
0.36697026692763957,0.5746305320742284,0.5955642598915265
0.3715407063366697,0.6000366582303619,0.6009396632432263
0.3685820143990288,0.5819373205784424,0.6162501491514015
0.34404903101438544,0.5830413610679598,0.6253858669498382
0.34278095849175805,0.5552666187434652,0.6218897872741889
0.3449716362487008,0.6239733786782942,0.6399048372003463
0.34002922295536075,0.5841658562679971,0.6035105530323589
0.33558299405551295,0.6073128779661693,0.6263931203820701
0.3380305984090714,0.6042879751662562,0.6661268240609732
0.3371751606983693,0.5919062680355046,0.6353134357716469
0.33974003564340954,0.5538400837264686,0.6356041595087282
0.3489987897489884,0.6312173662610849,0.6704864488038156
0.3361253115893653,0.5566383323970865,0.6475240581524682
0.32379043002482616,0.5678922819713054,0.6766534663982755
0.35815596028637925,0.605238336460946,0.6611472903621042
0.3354340080974971,0.5667125813617401,0.6797022282983158
0.3465241796269013,0.6568732895897259,0.6599157192285909
0.34605178608795756,0.5933090542345459,0.6601145266046017
0.33189154379033264,0.6404035246042552,0.6772218134713165
0.32825603253044944,0.5869355610527858,0.6886044304177248
0.32823079658210647,0.5664283861457663,0.7266492146885137
0.3262189580093572,0.5742065558181961,0.7213763082117335
0.3220069236886052,0.6030727161019377,0.7159827690663575
0.33499207269823744,0.6279707866405952,0.7376508609296795
0.3196314618272637,0.5811661182848767,0.7369531958170942
0.3499154362352445,0.6323886972061014,0.7770324414523562
0.3758924957347045,0.670115173436434,0.7931473370065814
0.35496208933485307,0.6444423543220862,0.7772493263924458
0.35830615874055055,0.7183340376912366,0.7843393079672937
0.3683199550575978,0.6692638584461086,0.8086647095252468
0.36982280115994454,0.738351913570787,0.8166260173467909
0.36845497007195604,0.6403635016513012,0.8205040901227855
0.3947824178625959,0.6890172216333584,0.7967042541970243
0.38247095435052053,0.6872495630393187,0.8310760283099522
0.39607129846450434,0.7086803636820609,0.7937876548656935
0.3844901710593865,0.728682815981476,0.7897885737941067
0.3896372261872875,0.6996116298544289,0.7783839124125828
0.3774243623413436,0.6828964527670309,0.7743709101751115
0.43771465671860355,0.7640288605078871,0.8131642560959399
0.42379003484953587,0.7089618655480251,0.8282455618460682
0.42538699017756587,0.699694495106898,0.7897716945338451
0.4289180706632428,0.6873926783053195,0.8048251135440359
0.45496287673577795,0.7008978826808687,0.8463502138078546
0.411565566330536,0.7001864248913898,0.7830780226879186
0.4140966922649935,0.7408177697770582,0.8234138538931086
0.4400011835592641,0.6898176169642126,0.8556164216099694
0.42116222455921887,0.7174303936627786,0.8135863404080239
0.4688109180974996,0.7309387104598112,0.8790260084013215
0.6992082110274487,0.9126011584424948,0.9839917294209212
0.5639669795785003,0.7312804553506651,0.9801355817242421
0.9227653168839832,1.0091017090633854,1.2059337728283048
1.2216050473602633,1.3021747330726547,1.2697162979691776
1.192886757094649,1.2831629615040807,1.2566982321247822
1.2284464861206716,1.3091503200834742,1.2827333951165487
1.2133497239522704,1.2951007628412228,1.2617926916526665
1.1757423359797294,1.267670969907123,1.2336758846722633
1.2160860936709394,1.3031177587442366,1.2845702780502668
1.1955181348236135,1.2870750618515217,1.248982080192134
1.2577817752594669,1.3716678797116382,1.2946247053380389
1.1563486868346682,1.2426152711857514,1.2301285529355552
1.2232447626723966,1.3023002833362014,1.2701393255713571
1.2015099753041325,1.3029967127368132,1.214193248014288
1.2044565997486627,1.2984935771119512,1.247583042674406
1.1601532071627503,1.2774142348969368,1.1754622252739901
1.169957085550802,1.2905432128095204,1.1868059414388692
1.1913489286559158,1.2985732299426325,1.21903362400575
1.1967880774956514,1.295467789985408,1.2672918866122391
1.1760693468050367,1.2947020325488738,1.189870602374171
1.1555737066498013,1.2656729105687219,1.1845255298831996
1.1824471383595414,1.2951154640452076,1.2325769543441396
1.2153540866866555,1.3098049080397385,1.2817237981211016
1.2200432536814383,1.277902575046375,1.2983489635422925
1.172531124336305,1.2684464396569652,1.2043875270070088
1.1952141391145765,1.3071156047167318,1.2109783886598835
1.175576859060782,1.2660337501543184,1.2461447370222627
1.2010288859283367,1.293690371942836,1.2543075313092242
1.1973145808556955,1.2740283971249673,1.258322667104523
1.1879397376918786,1.3244624261059348,1.2126384503022418
1.188313927502604,1.2962836484885951,1.2676727358276905
1.2010296555880615,1.2733345965994305,1.2643190930041126
1.229506145581346,1.3049203590919414,1.2993622410976284
1.2176821115636611,1.324756681934237,1.2512530064658125
1.2145560045107515,1.328297628877226,1.2690639050416592
1.202484995628329,1.2906346746357524,1.2397782969260946
1.2071460749837108,1.2766717132877476,1.2605622351519867
1.2183117051917933,1.3644171564077563,1.2503231473720318
1.2156438233696907,1.292878708938911,1.2784260618342436
1.2125266184707222,1.3005041722286723,1.2592770261969288
1.1966152952541855,1.2797935722384686,1.2918944729514876
1.192113665150192,1.3029580004957844,1.2105140135576071
1.2218543773728792,1.2898094695394802,1.3075943599973678
1.2402694850916225,1.3118637422436223,1.3032416676965366
1.2139758999460084,1.3098015270396837,1.2446144881343038
1.1993365499049282,1.2851567975531593,1.2317085866626032
1.2111064817853754,1.2882021056779125,1.2401900001316315
1.223350667204057,1.3504354822887599,1.2253066024001225
1.2389191295424467,1.3160658599212731,1.265763047401616
1.2142141856852333,1.3029650710709757,1.2628549579730228
1.2072719132703744,1.287142480523063,1.256982182289217
1.2018089532274856,1.2849094684137616,1.2363765883454652
1.2151661110926897,1.3193765933843011,1.3203495800128064
1.2537779209467859,1.340180528082893,1.3040091946452057
1.2353803431800625,1.3114970568482287,1.274074772145399
1.2313319784074952,1.3061413010562972,1.2877321264533084
1.201050479596424,1.2670669069942186,1.2618523702473263
1.2050768649913595,1.2901311724318365,1.2384179883972068
1.2396611041659866,1.305297217343056,1.3045684783764977
1.1972576076393933,1.2845220492707647,1.2343067720276997
1.2102321675895344,1.308223331687297,1.2456329829032775
1.1727453785398907,1.2978442986182868,1.1874947853561426
1.1624339862097854,1.24926468096552,1.214303691619474
1.1750906125380782,1.2740158500403358,1.2115739807588717
1.1767701196707743,1.2553424314615256,1.2183334552966638
1.1769317004061408,1.2869007301740245,1.1910605755486552
1.1728658650964023,1.2640256302829334,1.2305861419076296
1.1518183579682721,1.2459846176142642,1.2056554228985676
1.1525961765017967,1.2493087959391624,1.1950070198945486
1.1756809004756503,1.2613883986267371,1.2095747671427426
1.137099960982032,1.1973982980718962,1.2149625578265266
1.179248087875944,1.2567986501191235,1.2438759369710235
1.1443347663276928,1.2277995436993598,1.1863397615746327
1.1440702865159111,1.2309532799413638,1.1581455231423758
1.1497722993311368,1.2237486142194245,1.2075015941753129
1.1481210095295251,1.2408840791191522,1.1927683983421025
1.1451977829491984,1.2365611660934874,1.1973198848760318
1.1612315307149799,1.2250062084790838,1.2207373799785015
1.1573184302418253,1.2543256236399756,1.181329678975198
1.1540908444900826,1.2637839591501474,1.1926283150556118
1.1362632869669795,1.2147880941770706,1.168564588550269
1.132163380614016,1.2258248921652737,1.1842816242615322
1.1712557509839499,1.2787166989169487,1.1956341171123368
1.1158918758996408,1.191109054260688,1.1860039123208344
1.1282519953847412,1.2144671074933664,1.1842997298452738
1.139384358252995,1.206372526266738,1.198962614055666
1.1220399871799827,1.2066185646113403,1.1825552722761592
1.1227483595691465,1.219955432138074,1.1846178401440692
1.0849920274324953,1.1615250960391612,1.1374388938557167
1.0839335180277712,1.1796864092155972,1.1216940926784622
1.1127639884486629,1.1964927728294206,1.1633212464670957
1.0872860036307028,1.1994164080623029,1.1112441135817763
1.0839969880242635,1.1628954141425825,1.1516978344245197
1.0948039943711456,1.1822004897115987,1.1282691304591748
1.088454021661982,1.161363924529238,1.1447485837741485
1.1057043364902999,1.1940447168741413,1.1552406971944889
1.0995151069696427,1.1864511314534103,1.1528007514126832
1.0777325835233336,1.2155437958645223,1.0823772736094373
1.085583731247448,1.1860815563450646,1.1191781935159175
1.0866439140612985,1.169706792505318,1.1508597981046191
1.057812837313617,1.1435610531155136,1.102000124632352
1.0694441408527877,1.1811359629916751,1.098760765238523
1.080138197720884,1.1643993642639214,1.168421642314918
1.0699133194467707,1.1381057957289922,1.127576318732255
1.0698573489235848,1.1437547380703743,1.1587690166695421
1.0717672565897443,1.185473609220975,1.1328299753417028
1.0674898582115342,1.1565069640070178,1.1220466313363653
1.0845211993448902,1.1877913977965515,1.1750581254516936
1.0782093996962547,1.1454138251559578,1.1406224472405917
1.0552569704818298,1.1477681896437573,1.1007889187018447
1.0784057822492559,1.1659398246823167,1.1241273306656066
1.0787238501466911,1.1575969968224016,1.124946368708833
1.074798710358958,1.176379854941538,1.1068803389225603
1.0744263962665068,1.1496222101949871,1.1277596583503315
1.0789416823586848,1.172326555709972,1.1073420978679742
1.0850790673221153,1.1923324188386435,1.1171443315386251
1.0825680923366245,1.1830994063940707,1.127850336078832
1.0893553944493108,1.1750615429647209,1.1354735074007658
1.0701108534716883,1.1678668310845115,1.1008669107407898
1.0857109965709997,1.1576748577495375,1.1442086467126067
1.072328120367434,1.185151175450741,1.0991152346448605
1.0776105643748872,1.1650728020840324,1.1546587198632563
1.0821719570418298,1.1873946688680879,1.1228060410566818
1.0935494177788458,1.1714569332255058,1.1508314182850468
1.0824412316794407,1.1789696858877996,1.1135837734250231
1.089379068753193,1.1827568691047037,1.1652546675971762
1.0767048160033068,1.1999197856225945,1.0863170480221789
1.0997727746152366,1.2176297981364228,1.1365838785998144
1.0714757969583126,1.1737284703838942,1.0970833677993084
1.0537475031653258,1.1778504048901473,1.0718671775707558
1.0753820105349192,1.1652872993805479,1.1297047979465034
1.0930028266479095,1.1746887196530889,1.1584377097936391
1.0806207336278997,1.1642124067396296,1.153866327951368
1.0866071380910887,1.1867481628543533,1.1332643263949644
1.0489847362783005,1.130974815934393,1.1534662012218255
1.0780296165592054,1.1735275654402018,1.124848557245154
1.0570493195223962,1.1585570083722638,1.0914856527351082
1.0669853448791813,1.1493821729120968,1.1139998579593573
1.0748663469876285,1.1721158826092872,1.134192152729738
1.0617097718575896,1.16887946932376,1.1021610134823032
1.0560982111150596,1.1386446866335065,1.116800017097769
1.0330771384587767,1.1433348582176923,1.066850554201272
1.0322528140901608,1.1390898344916092,1.0519974869112323
1.0086374599620571,1.1242057919750101,1.0565250389350518
1.0127747244693879,1.1036953438989123,1.0708492993648675
1.0132721900784463,1.1203712110756088,1.0509475903308516
0.9912311044831383,1.0848776796412316,1.0509222222646066
0.9965179954279,1.1006601409451493,1.0349728785956942
1.0011031020066705,1.13156623648428,1.0510864044289159
0.9985301391359136,1.1305446058934816,1.0458702000308546
0.9925395818476161,1.1031815058684125,1.038031733215849
1.0056638776481754,1.0920262544858463,1.0720329373436932
0.9986660999156695,1.0919207687225423,1.0704762019881595
1.0029253787856376,1.123770150130463,1.0418319977164674
0.9890379423917948,1.0816654034682711,1.039536277183852
0.9929921007998627,1.1191355818018511,1.0400519184531196
0.9928670602736352,1.1105025063910474,1.0616382448222421
0.9924400051357958,1.0906524430874347,1.0499307344019828
0.9759757284106214,1.094277395578243,1.0110996425187857
0.9669057961339658,1.0639932650553012,1.0095140256498458
0.9538127599804149,1.057475577348878,1.021067526008671
0.9816825864205712,1.092498002204757,1.0155461714398348
0.9881980049298059,1.0957746470693843,1.0286926943220585
0.9706552332347982,1.0774115084017195,1.0505909769848458
0.9790891695084397,1.0972704809659908,1.0328826267412756
0.973292767046905,1.0954646481572077,1.0347798604263465
0.9615530970961346,1.0753900413406323,0.9889170521200192
0.9786462684000228,1.0956339659404892,1.0372882594268658
0.95523286299126,1.0843966360195747,1.0015125459792795
0.9462533769820618,1.0702232394105713,1.0017538554455503
0.9423753018545348,1.0646220927607193,0.9993952576598158
0.9419634164581616,1.0624566325861833,0.9742706622864374
0.9207468821846863,1.0517838740996277,1.0093346216337309
0.9333970947924263,1.066677356273427,0.9820061024257086
0.9370774720981981,1.0571221075944266,0.9843298275109555
0.9359908475478024,1.0434849495316507,0.9788504161028476
0.9269728110085002,1.0535248235073538,0.9921770681913312
0.938100469676138,1.0463344504776038,0.9998382224468584
0.9460819685504379,1.0597644891502795,0.9752347157136704
0.9500604446496266,1.0469982562206273,1.0227311310598084
0.9327544562034897,1.0443403456717677,0.9878869949118148
0.9551120570480485,1.0719222978107517,0.9966667256021082
0.9456255125691782,1.0346675687379154,1.0187588200201398
0.9444953788231955,1.0627327832694209,0.9980352682793422
0.9531825900598447,1.0803765772004186,0.9748476840136716
0.9521432570970686,1.048525934268281,0.982090106503768
0.951224408156258,1.0614573403552359,0.9948548842937336
0.9349533966486373,1.0287016584816826,0.9865498376902496
0.944141327628642,1.0478670920180777,1.0334499982538303
0.9175410785163024,1.0411484504095658,0.9624432137621179
0.9306145637882693,1.0344074151921487,0.9932175970195872
0.9363114740469979,1.0525339197139432,0.9793163869987244
0.92600038922901,1.0431930621637941,0.9711096657746924
0.9215686031014423,1.0355847785617065,0.9876034283290472
0.9093374343180614,1.0259298359745264,0.9532116010630608
0.9174728223989228,1.01525116702786,0.961752986468615
0.9057056643770942,1.0253026738801163,0.9533114412283707
0.9180349287446805,1.0563047801276475,0.9623552787428008
0.9092377302323985,1.023753093220279,0.9611550371658424
0.9226546985163537,1.035966693249044,0.9818225400706868
0.9152084147190019,1.0219960715408671,0.9581234171332044
0.9110825693611986,1.0275832427965974,0.9401041260150989
0.926021568526435,1.0530940399674542,0.958133366129195
0.9230779813378007,1.0556271516140183,0.96546686740824
0.9297275846557437,1.0276553211781168,0.9746207923537986
0.9212861237606361,1.0322141139022245,0.9651331896644392
0.9307324013060656,1.0364893310152743,0.9730047467919845
0.9334816692480357,1.0350054683106595,0.9966509209265544
0.9382819443479181,1.0367208051590378,1.020691244456857
0.9347816490041595,1.0438158288750243,1.0058211140670774
0.933774439842359,1.0512778052983305,0.962028825552712
0.9377914733433443,1.0499349967198786,0.965112646583049
0.9280211142344049,1.0411224462075106,0.9759848271099694
0.922989980204975,1.0305595374179148,0.9672947451302182
0.9288087552610149,1.0647228858784927,0.9800803773507496
0.9322170574683881,1.0334736555502757,1.0002804787296202
0.9366729910781951,1.0498386350239697,0.9763340838304799
0.9292105108771466,1.0510257429960368,0.9791091397326016
0.9189057313735651,1.0306380451781414,0.9919002909018596
0.9212946262733042,1.0394047552223364,0.9888434246413969
0.9260204452218352,1.0597737788801729,0.9562687639065656
0.9366758599697173,1.0441478644526336,0.9980997416806742
0.9349260897610171,1.0404069222171406,0.9877316665519508
0.9394440147061721,1.0496413470034214,1.0071503255013121
0.9193626807062475,1.0445615279011782,1.0015415201755102
0.9299576443384047,1.0473557405217755,0.9808957940758276
0.9350063974095656,1.039352514978367,0.9912572790167338
0.9206070459397226,1.0425830767559303,0.964114530636204
0.9238757633477153,1.0401564965359338,0.9921075201953331
0.9090842787208371,1.0145230519518598,0.942236965811906
0.9059990584199781,1.0265647706302097,0.9425645184379284
0.9200610921431474,1.0478699921534538,0.9859458852844842
0.9050861801769621,1.0450362495859429,0.9532949608196156
0.9027861307144579,1.0231108681168075,0.9674645045825894
0.9136708139786548,1.0320192862801187,0.9555856919252966
0.906370724724685,1.0177802864954333,0.9590411695006444
0.9071809024012721,1.0280435984547869,0.948257030378072
0.9057421678769286,1.040241952955158,0.963091034296615
0.8993342274987167,1.013173916228991,0.9429261238972256
0.9020062676528167,1.0282470742821632,0.9595169465821832
0.88771999927925,1.0124015753301596,0.9349765630803116
0.8837751553006872,1.0015463842097896,0.9209927661481144
0.880818810738029,0.9977224334011999,0.9192945487786892
0.8750009057919962,1.0012562657396682,0.9355846502013366
0.8574433645242072,0.9656780622710948,0.9115224459126828
0.8426004828111853,0.9681664654015408,0.9045738178111036
0.8360834890103959,0.9630728054762244,0.883209359512506
0.8270065868011008,0.9684644095021824,0.8680672389423375
0.8197705418102571,0.9554020235158162,0.8646539354462327
0.8175682315217702,0.9655950652350797,0.8672894868362975
0.8107639830136657,0.92122450771069,0.8718305142023179
0.814659736640093,0.9388649509235336,0.8698206742209615
0.8178316637208684,0.9441108755739656,0.8837038058059562
0.8188168389312078,0.940184354306134,0.8663998738222978
0.8185655049898816,0.9484491836940464,0.8764030341407539
0.8134955299706778,0.9494839706814228,0.8613028877598812
0.8191978463155922,0.9455836670659542,0.8591206797237902
0.8099550761946637,0.9303076494757748,0.8823327317175805
0.8150499465487592,0.9332399253487534,0.8649153081540248
0.8158571421059585,0.9484142656418508,0.8855227213768424
0.8204026163816814,0.9479672510885476,0.8613158963816392
0.8099371574667569,0.9160787589536636,0.8543706935019842
0.8134907674375964,0.93849994358476,0.86203329841833
0.8203109541978573,0.9534710816909304,0.8630633837235859
0.8145379822432414,0.9482992461266794,0.8700881327568866
0.8142107465708733,0.9544180376479284,0.8650275883120803
0.8150353458494568,0.9301294289758152,0.8705092517531839
0.8127757642950842,0.9331614312847539,0.8933244181806035
0.8258723513068973,0.9314250614395048,0.8721063902528741
0.8194929484304287,0.921216106797016,0.8747777732261852
0.8215493326651481,0.9220639943097376,0.8749109347169276
0.822855504180007,0.931360001433742,0.9060505316335966
0.8214051033849651,0.9284100737574364,0.8627713432610814
0.8231408734535555,0.9337097826699812,0.8862080599804691
0.8117556082799453,0.9335241886935968,0.8692671219639055
0.8102088273182727,0.9186805968486976,0.8700817777286066
0.8035449422027193,0.9284832981478008,0.8576593524762259
0.7986734397422113,0.9125887647416152,0.8599816674904933
0.7905106679731111,0.9096357474243509,0.8708470486419044
0.7889591230289862,0.9166985326401216,0.8415552674900997
0.7882038223263547,0.9118194918108152,0.8383292731195179
0.7874837458471958,0.9255026536677196,0.8601586779988775
0.7884435609268433,0.90440971426871,0.8464430602937175
0.7858457702336443,0.9124139218967342,0.8673032900127999
0.7853806951657044,0.9114304497967216,0.8346684092262647
