window_size_1_MASE,Plain_w200,Exp_wAll
0.30142879234016334,0.4876435401735815,0.4323173311112857
0.3030160781213255,0.4712536893593996,0.4350164935737056
0.29263608597300467,0.5037865674623973,0.40594346785670304
0.31275809958687584,0.5076743815542275,0.4379087150319173
0.32351867236226867,0.5027818597624112,0.4581425832737827
0.31457322064985027,0.5272601204358994,0.444015245596456
0.3348130596698225,0.5258262350182256,0.4711074082300801
0.3092272508301861,0.4914967513125502,0.43989130972437857
0.33562239319180615,0.4945625953448314,0.4852109589848376
0.3103640173246317,0.4948915694474478,0.44017600576538
0.3100588553566041,0.5076934838593684,0.4271459199492358
0.2824025067147378,0.491455878653255,0.3972015508328879
0.31367470964586164,0.5376941542012859,0.4280375851901419
0.31758947197948084,0.5131236752337308,0.4417597350550153
0.3008094034734936,0.4738881407585782,0.4415635349708376
0.31160612533239834,0.5188371711800808,0.42466073333814497
0.3231833541253395,0.5206654275799056,0.45376574877016296
0.32303539735449577,0.5040296673496578,0.4661146377839278
0.3009470733228272,0.4964498863994102,0.4199463790676387
0.32645493046812185,0.5126486645636249,0.469047878918197
0.2775114796836316,0.4994103614863142,0.381352267784785
0.31831535296994184,0.5010911500762538,0.4527791810109318
0.3209893905707083,0.4899022639588521,0.4610232819417485
0.30581645800743285,0.5086475941548897,0.4298121808556079
0.3114352161699881,0.4918591867013373,0.45992361084587396
0.3207727848668898,0.4861620302205138,0.4546143599337873
0.3434683390970581,0.5246601068524204,0.4985540845336725
0.2964743580013582,0.4956083743773473,0.4085796938893125
0.3047479890468898,0.479177905759484,0.4334323087726936
0.3223952118795718,0.5236708506106578,0.4342962162227073
0.30773752349753647,0.4868290383659011,0.4305136165955645
0.3021298331654416,0.4898468340018454,0.42356214142487614
0.30647618305937685,0.5021213818475279,0.4264728897021744
0.2884242728696051,0.5146955653689385,0.3874693693541799
0.3208694739524834,0.4739970451755848,0.4651126931029619
0.3010148933794472,0.5061825009849007,0.40988249556857975
0.3074883267731282,0.5210200384365308,0.4211467527468621
0.32170911894942733,0.5040031083922079,0.4650985776108534
0.3121325804021835,0.4914134296824551,0.4510244882649628
0.3156609242287547,0.4992285286201127,0.4484939464173697
0.32040314881977755,0.5224096441231967,0.4430476179211228
0.3181144729018797,0.5123016269551731,0.4516456649572973
0.31250607662235524,0.5131311299141461,0.4347115884869794
0.30020306061326,0.4937558725604188,0.4212658237555839
0.298278020054171,0.4950236411480702,0.4002154954009904
0.3179869036112721,0.5426291869112132,0.4337014507583569
0.31025749253114837,0.5187964492770638,0.4367333204559025
0.30407830339420416,0.4977380981821218,0.42841826204067207
0.3067821545398187,0.493255449120085,0.4418554474378973
0.31350272577827926,0.4774823429669239,0.4529186644137321
0.31934108195897304,0.4824379296515962,0.4667907008635673
0.31103346868968734,0.49465034672883795,0.4389449140027744
0.320993208888437,0.5164313957014189,0.4427942276609734
0.3136126438528624,0.5118837181917394,0.4353857568996419
0.29657850060523155,0.4967648714637972,0.4062064021163546
0.3079340020950645,0.4857273286212914,0.4435094798974217
0.2930421511174577,0.5381877788631111,0.3998526766103005
0.3135870749858207,0.5148809529412209,0.4461357615756997
0.3081203504796603,0.5238827270267435,0.4379841782673804
0.3045721359691159,0.4891987486469925,0.4472842758057603
0.3338758954204223,0.5179588092963437,0.4771541415822746
0.286436456008306,0.4932890629715597,0.4136337207331575
0.3164105286778671,0.5071656006249152,0.4451857494551819
0.3085344318873273,0.5028983373211525,0.4272621587576528
0.31380368236253386,0.508716275843414,0.4376528228545803
0.3005953175255653,0.4764036064159883,0.4249247314275402
0.31304867279227433,0.4986630216341135,0.44549754411441467
0.31805739319596954,0.4972730305423772,0.4556735113406804
0.30777270757376135,0.5105565790414703,0.4255654899056357
0.31904381827548944,0.5209097270797077,0.44778709241293796
0.3056757731171579,0.5047223453081557,0.4296720930989221
0.3007805796275024,0.5123034421383106,0.41354040014478977
0.3132156984657766,0.5111793265983452,0.44536722851516536
0.3168959459068086,0.5250038015310914,0.4358424426572687
0.330517796703977,0.5080910012880421,0.4738827649467121
0.3013843683351501,0.5021033873785998,0.4342898441285677
0.2821652143228648,0.5007406326447851,0.3808841950167951
0.32257112135649846,0.5041839923457154,0.4604067259162438
0.3053244903405092,0.5179364483373814,0.4221234714368503
0.312531133619558,0.4986368705085321,0.4508627168437888
0.3118857212378895,0.513093391638356,0.4297129130160647
0.3063377755544065,0.5032979109814658,0.4363180858947435
0.30643484195112447,0.5125749443312694,0.43069402414058905
0.3067992377552255,0.534608150921156,0.4208745737868051
0.3293297891225056,0.4859031401593208,0.4737395168133798
0.28931520545161954,0.5003213182777749,0.40148305317366817
0.30122535515489623,0.5022243900925475,0.4288759591872849
0.30638374334243723,0.5155889367712119,0.4399201353645572
0.314760321028697,0.4817507309439217,0.4550773012128845
0.31863415691713237,0.5205795173501933,0.4581600634482091
0.3035711053603686,0.4956592008289562,0.4452193734606576
0.2975236345325862,0.4793328660231088,0.4284122231240937
0.29634155741819734,0.5135882076624679,0.4071467059021928
0.31681908479543347,0.5086581239423595,0.4600175619412691
0.3193126717065624,0.5207517740918409,0.4532981365014813
0.28474378685251844,0.4936729898476929,0.3892939471252623
0.3161833273681691,0.5410715895527795,0.4379628952885168
0.2886585928446444,0.5097092499011894,0.3994976030102708
0.2999183189192204,0.5112703296128164,0.40717374504170784
0.27963310986188383,0.4967021010069637,0.3839301123042035
0.30090648956943833,0.5164429896653219,0.4152839038719479
0.2809311342488765,0.4940310369191501,0.3856657093273688
0.3200943288627394,0.5163838219095792,0.4653374640330538
0.28718804618361854,0.4830469304314585,0.3984895418432049
0.2902360967976837,0.4881172148346043,0.4102938629243724
0.3154484119620933,0.4942606754183205,0.4563978473190054
0.31527954746958164,0.5329682043637676,0.4443830882018467
0.29124901534225583,0.4821886368026608,0.3951062867288211
0.2988663850167418,0.4989874613011897,0.41621401110112827
0.30828333763224114,0.4948658185645528,0.4333489580220597
0.31760994347121013,0.48232182743317,0.4603554679744616
0.31429580584748396,0.5267485049763659,0.4508570301747217
0.32296000013188175,0.5211201830527115,0.4562351488917952
0.3098875219234796,0.4862431755860285,0.4402281983556661
0.3155595541595566,0.5486067721592953,0.4308592648440723
0.29922593078587667,0.5185930128283708,0.4106243812248263
0.3091270505410779,0.4766206445079159,0.4451285500527492
0.3358118373625121,0.5319784229850477,0.4659711865039857
0.30071346914084507,0.5262375963132703,0.4175247737358937
0.30375565362602513,0.5045401400405141,0.4309232302955936
0.3101151367525051,0.5067997721063775,0.4450035740681265
0.3144582124398344,0.5416878845641705,0.4390346206701883
0.3245805147246035,0.5128858320196029,0.4736068403345062
0.2851171458608377,0.4893715649847376,0.3992460791575829
0.33437411625565916,0.5036816243535568,0.4941191202445603
0.310159126987798,0.5092129851404626,0.4443301462188917
0.2736489528747528,0.4787815166092699,0.3818074197333942
0.3063178595359169,0.4863876822195057,0.4393746858020161
0.31189356591655293,0.5135088108388749,0.4377638186154904
0.2924961518957748,0.5080491584294463,0.4089541260826443
0.316773695305203,0.5023755357363503,0.442964610895068
0.31167257505499635,0.4988725072840778,0.4320921355924388
0.2767258383490537,0.5086876300120321,0.3765444434211586
0.3037405388448169,0.4821105214832627,0.4411514022827723
0.3094102985852023,0.5364491435945264,0.4228602265378779
0.31139379785739557,0.5032968501478879,0.4332580034374612
0.31275839815563145,0.5103242609179136,0.4372416395710916
0.331663419820395,0.5215481133390848,0.4705738204065663
0.316585133352002,0.5040219116852677,0.4473273319531139
0.31349255811119925,0.4970749675883392,0.4333927798742113
0.3024358415928367,0.4708161215960611,0.4222291070088121
0.2935237747039978,0.4750883995932009,0.4184442092386439
0.2939002230824635,0.4686343711629091,0.4194265932724848
0.3019264732267608,0.47917372306771,0.4237608307196284
0.31388034078655563,0.5020444288968113,0.4473390170358264
0.31849129310957736,0.5084793350074179,0.4439996690393183
0.3078891429801374,0.4622057562091871,0.4500581301498633
0.3007498421059927,0.5077835101338968,0.415420087427154
0.3231827223641971,0.5222776106786969,0.4510079694617224
0.29757207540130304,0.5046972093360838,0.4128602989708546
0.29967236976912726,0.4973732737850392,0.4131556540737487
0.32079199375768497,0.5293255194304078,0.4529349503044578
0.31109811898570444,0.4989134735526243,0.4376882148553126
0.3082346005748968,0.4973732642565538,0.4293864729815257
0.3084595039612415,0.4982095451540428,0.4434015939876804
0.29466945744051215,0.4933872911983832,0.417099851318561
0.31686550581468337,0.535053518008501,0.4362436157569842
0.32432198073146085,0.4870294900591577,0.4763559634634893
0.29759250236331614,0.503342637324263,0.4103016370754408
0.3120915974525565,0.4880794706795436,0.447031271663886
0.2984431021550204,0.5110316697093823,0.4107969547038132
0.30321730202537495,0.5203936991880678,0.42139166472822537
0.30190100668979575,0.5055694061541302,0.4135376343122079
0.3083541999329157,0.5125643637458644,0.43687132824653613
0.31765907075447797,0.5088634768416942,0.44426884325822624
0.31725988176760045,0.5254140485074712,0.4442877219946724
0.3075925850128472,0.4902116556578751,0.4343803248744332
0.3108459284199922,0.5204962730777926,0.4319807805753826
0.31562867187852744,0.485043422055775,0.4588120871500505
0.31098286738305175,0.5161153732201677,0.4313694694880235
0.30385255944181216,0.5255957471747699,0.4147430603626847
0.3152722475097775,0.5205656690445313,0.4415194514054621
0.31563326192132574,0.506990584964139,0.4509312533525667
0.30522972374859236,0.5100963678428394,0.4363005193848036
0.303543810834525,0.4619305439245759,0.4509238743204815
0.2894621285218018,0.4911255616796488,0.42051660268524826
0.30331077678428053,0.5022833567144942,0.4373050404497101
0.3148675415569501,0.5048696326875738,0.4570222303683592
0.2998824367775225,0.4763780320926281,0.4507676732725651
0.3232983524133573,0.5064966829511818,0.48247726134236296
0.3090029910061684,0.5054308480158436,0.4456952613912689
0.3137729920318928,0.4941050115045914,0.4547525220974016
0.28556229979160913,0.4885388134665968,0.4081347627447041
0.3006604884969766,0.469165944023862,0.44157063610099256
0.2921810943872065,0.5108100014993944,0.4069943626062975
0.32011711698862955,0.5162733978445869,0.451795015209636
0.30736904915587465,0.499021874511099,0.439882611101473
0.303344447888004,0.4938563101293447,0.4296037916585563
0.31598653370904983,0.5247420178747925,0.4400255259164487
0.3136227166257365,0.525842478314789,0.4435109840664804
0.3248244004869831,0.4967265209751154,0.4805997546242018
0.3051640717582782,0.5045290244994941,0.4375241648751584
0.29534970398671134,0.512992480702335,0.41980097051292026
0.30275179461109647,0.5134656450256349,0.42642733671917343
0.2957024558426146,0.49740803525798405,0.4189527766500156
0.3083041060607248,0.5083226458447956,0.4426338073771893
0.3106653482837339,0.505017387639296,0.4480370978467009
0.31488123924101585,0.5101544965848465,0.4505468781925834
0.3070332452111596,0.465265028534896,0.4686688117037859
0.3035192344625941,0.5314925244810431,0.4155719148842827
0.29698365811721383,0.4938481045476628,0.4216221151296233
0.31898528470830106,0.4729423067780844,0.4776901329126256
0.2903042268087774,0.503286446282055,0.404528949539899
0.32221796918960893,0.5120115843091234,0.4769649885486512
0.33115909965684365,0.4773173135760174,0.4988278170108703
0.29452837901092654,0.5022517530200125,0.4171534225723725
0.3144944251450401,0.5173767107296439,0.4556351107579949
0.30186578882949816,0.5002892090976825,0.4373061058012756
0.3227697589458618,0.5203664688570119,0.4636038494398671
0.31681426467077256,0.4999040830844448,0.4541102897236488
0.3075625457075481,0.5109677108609134,0.4404011227149249
0.322457918872818,0.5060353585811479,0.4637984074444156
0.3132742451792775,0.5089225949302587,0.4556342777464734
0.32241832791211833,0.5120477824927954,0.4644396443369784
0.3115403855564989,0.5183647323131777,0.4414634950925179
0.3011206861069671,0.5060545254570156,0.4258438801968802
0.3061370833469703,0.5118317710334542,0.4289572125123892
0.28854282367969547,0.4810732554054925,0.42084214420033467
0.2922619209491989,0.4824337937433919,0.42394047110601796
0.322008226347958,0.5127224274018398,0.4715812825759407
0.28485578666052436,0.4799981191216621,0.41193648362602026
0.31382972376369733,0.5153438599647551,0.4518586006150638
0.3134270352989722,0.4808983880128818,0.4606367068745776
0.3299943867707495,0.5307311632691295,0.4693916221987775
0.2960414763605187,0.4884705832063089,0.43559190091773536
0.2961212992942069,0.4990884844951367,0.4213002455905599
0.294062516752131,0.4663386070963568,0.4267942252927219
0.3125160373425204,0.5054168547969813,0.4446803821987204
0.3019985295438892,0.493716151991352,0.4222765212554905
0.3090171749942774,0.483679754960307,0.4548288137054192
0.30102715654197304,0.493535185278669,0.4273319590104638
0.310385675447446,0.5028155132830406,0.43457719188296506
0.3082686941098317,0.5053206464495873,0.4412954834284703
0.2948470064902219,0.4941380215170912,0.4094709828665649
0.2988772417737062,0.4594597224407627,0.4387845537751969
0.29937499321555255,0.4984940197584675,0.4230334217058296
0.30641240097622036,0.4956885517409553,0.4226877827197728
0.31444462019141417,0.4978496507642586,0.4535045691357986
0.282048151614378,0.4922812989599542,0.3985266349843247
0.3189308003327475,0.4829609192969044,0.4717890264349421
0.3132086953711077,0.5052006674508701,0.4574947348916096
0.29984497661425286,0.4681744127197258,0.4402674406796995
0.311495358502205,0.5025702433391285,0.4490243699895224
0.30209098323109385,0.4862678885503202,0.4445644595539694
0.3092258622131152,0.4979323439691661,0.4472889546563239
0.28687930498300196,0.4898278695288525,0.4071117924361104
0.3293918530971688,0.5081436764150901,0.4768179397563358
0.34291002535869536,0.5183729240701173,0.5037921514269523
0.2784711977396275,0.5049424956689349,0.37707397901085776
0.2906895037915968,0.4972186962064285,0.4049243784961003
0.29260454905596384,0.5175097906205522,0.42703197015967503
0.31929699992913674,0.5124156081818476,0.4671700045559452
0.3045861243362122,0.4738925946779088,0.456518500526631
0.31837287644269924,0.5110161258126705,0.4647043013187737
0.29159689733561,0.4928184242172928,0.4147539085696916
0.2981565215087115,0.5180820869761704,0.4316492540926854
0.3000206152714129,0.4965188347384629,0.4240771260507678
0.3011992338504816,0.5357115841928654,0.4267330674109679
0.3223316574285203,0.5259580414122336,0.4567687205344346
0.28975075614379675,0.5203695241818334,0.4020739358913005
0.32905896617207486,0.5204298297755974,0.4785933484326872
0.30200519567961714,0.5096526552693237,0.4359790854283765
0.3069049362224562,0.4982467405345264,0.450329339429578
0.34033622623074505,0.5156714270911791,0.5081373700894093
0.31273955418272986,0.4874821880760799,0.4576226744372587
0.3183808960403605,0.5108694771915094,0.4601044705928725
0.3408551162846761,0.4986568134150471,0.5097140769535984
0.31892651759673085,0.5061189288325516,0.4619811199726213
0.2995995577213984,0.4985903640897133,0.4310115770029592
0.30195761103800556,0.4757892011921304,0.4448496911065303
0.31015530079116327,0.4871313404665604,0.4592326700214989
0.29160304199370424,0.5062673329912998,0.4216927628486856
0.30646064265413003,0.5196552267901837,0.4387538911376711
0.33849337881403874,0.5359781865021561,0.4884271153155308
0.3041042681497615,0.5053804045769705,0.4320154170074396
0.3153980592554025,0.5063723661281694,0.4559550016628453
0.32926241461764405,0.4949162804061643,0.4961075667268474
0.31051162459262943,0.5198167345022643,0.4511535682434655
0.31600209225248643,0.479615579462339,0.4757536094867605
0.299081534331787,0.5027637425045639,0.4314080269098589
0.3139309558035114,0.5165321851830434,0.4573009568746715
0.3040240417779042,0.4745097739039999,0.4371366033189221
0.28135920828085503,0.4981581850506685,0.3919096489886645
0.32674542339994034,0.5055815659436661,0.4777069537957921
0.29986384987997683,0.5102583647331101,0.4276676626512023
0.3078846927171563,0.4923907461094541,0.4614293399598454
0.3106976578781639,0.5334765578489334,0.4428922684207518
0.3067764081271804,0.539487876133969,0.4344285322234019
0.32387249858423905,0.5107239554837958,0.4804793536169568
0.29128431074732997,0.4940291442302416,0.4244810905834809
0.28928919652043045,0.4924427418817472,0.4107075263026681
0.3149146350889119,0.4944718900237442,0.4592404030591788
0.31226224243437695,0.5316220413858332,0.4494538354233776
0.28965487283362606,0.4886717159898935,0.4096269391871034
0.2924718099940262,0.4851379992405941,0.4143340269666895
0.31855277355062755,0.4992724080545903,0.4736233748083454
0.3092662498817697,0.4917256920972203,0.4484438105753161
0.3320041743943209,0.5214182265816466,0.4662749008549541
0.30827783284468047,0.5062320955027847,0.445319864483708
0.291020235679999,0.5028251825291459,0.4155353934524567
0.30976942026712373,0.4851009420613766,0.4546724029328458
0.28648908659583044,0.5131752921344702,0.4050035721352019
0.30672155391399264,0.5092497163185831,0.44586457362337584
0.29007212097196605,0.5102271512017433,0.4116255766790599
0.31922447399538934,0.5208126388413085,0.46498230247566497
0.3169824321154951,0.5287880196979378,0.4650699915443012
0.2986857367939028,0.4952082772689688,0.4317345790631986
0.28822913586582455,0.47865705898836897,0.4085032878585835
0.2899229520345784,0.5316177301390465,0.4143120593749423
0.3046608360745703,0.5212670661085155,0.4486942536115499
0.30300106549890254,0.5118478073135172,0.4380634759592686
0.32117361130687533,0.512169442619128,0.4782265163787732
0.30634504010992475,0.4988115317094142,0.4491840232076251
0.3029113120182289,0.5021694644484552,0.4346517988889269
0.29614536052912654,0.5017299980111519,0.4210313758907799
0.31614234357860677,0.5174733740637099,0.4708837393290157
0.3110929240231477,0.4903182242895126,0.4540480975380836
0.291985395256013,0.4920868153328666,0.4215795132014179
0.27887923946539855,0.5061099835574633,0.3865975061787414
0.32156712537523247,0.4825855274246548,0.4866451157487742
0.3122412352369112,0.5211748516810932,0.4400200984423707
0.2832630278675159,0.5153811960639789,0.3990642193149189
0.31660443927101456,0.5190273476260345,0.4593293747884922
0.31331605169088605,0.5257489571756984,0.4432469738280922
0.3252010811932162,0.5108426824717441,0.4822807434029099
0.3183424740767357,0.540816416603814,0.4516645693044126
0.3055686780086916,0.4965260172261026,0.43257038363203376
0.29367368071237965,0.5051507311198158,0.4132521798659963
0.3202804253540323,0.5269351914897565,0.4655594520722681
0.2859258501910662,0.5077759408650784,0.4012232239694851
0.2901551165754491,0.5147001752608665,0.42558902056257497
0.3098965913156447,0.4932286553143432,0.4448946892344911
0.3085154569759101,0.4850344045535202,0.4553538733187858
0.2940860259518928,0.5259861108073584,0.4150267602320785
0.29535536085302927,0.4995515885404385,0.4261977043887233
0.29964029523657376,0.4893045762693552,0.441337818423505
0.2979071471280538,0.5041488994492618,0.4274316918188631
0.3232232105630871,0.4954104703858668,0.4635629194168217
0.29173873916872367,0.4704557905021009,0.4130235006098167
0.31043919203807024,0.5102982164610492,0.4407064102450553
0.3152578248100244,0.496865433758773,0.467760844859177
0.2953232553024192,0.4952179167952194,0.4217258032449569
0.3113035722562218,0.4919876602611719,0.4600273400847116
0.3090619250471691,0.5097440411396803,0.4488519120394017
0.29775241287943227,0.490284561943578,0.4328447633362721
0.30520922912897125,0.4821901675755428,0.44536325428834295
0.302007370721145,0.5042417925541246,0.421190524771302
0.3032412282238105,0.4943512900320941,0.4319886356676261
0.3001291107038659,0.4896119037147133,0.44409317453834063
0.3335999294730953,0.5195021774864805,0.5017171727124803
0.2991597213575167,0.5268178809098746,0.436617314776256
0.28380391941050376,0.4647927616691364,0.401032666759492
0.29913834656407445,0.4916644884001089,0.4347038697508345
0.30410315185600156,0.5004289012626609,0.4304353366719911
0.3299831403132311,0.5196901872639461,0.4802248502595552
0.31135153228217927,0.4942722962053512,0.4695280688956537
0.32510598056423845,0.5105933565451091,0.4758744016980074
0.29401488735238157,0.4949563255845242,0.4171758066780985
0.29826544903015717,0.4964868156732718,0.4433846511062237
0.3036537278142532,0.4831204153463276,0.4602560207882916
0.2927448883739537,0.4950503796808806,0.42136998189289016
0.2995865808788639,0.4955230275220432,0.4295948929838827
0.31062420113730504,0.5113748355775051,0.4447009988659343
0.3039216150767367,0.4932786377065866,0.4401137393239079
0.2872757752452555,0.5046296028407803,0.4098399683744859
0.29536773564053365,0.509538164798598,0.4206150192857301
0.3057075989563513,0.4889219609694823,0.4533195714301793
0.30166737661737825,0.5149352204715982,0.4299089215337738
0.28881560127797345,0.4997634730954783,0.4118834007845008
0.2969103929484389,0.5223218400873397,0.4166004245808411
0.3186334480147384,0.5055731194269715,0.4683497191931441
0.28469825571292595,0.4756957308156886,0.4018376795614093
0.28926487761653435,0.509694278063608,0.4038151246080839
0.2930267846382655,0.5145852638800321,0.40935951721847796
0.3213259194268556,0.519264885530363,0.4641291202255334
0.3055769161907291,0.5005768118886251,0.44606301686215305
0.31538075222112794,0.48424457560885,0.468745573697657
0.2918296387826142,0.4951882335421566,0.43091118175626064
0.30252773041776815,0.5160983597163022,0.4296176626539085
0.30155494706121944,0.473620385260888,0.4432488982628257
0.30360711669525037,0.5068666692557984,0.4300372061844713
0.3112597428412145,0.5289551862473149,0.450700421034154
0.29193601090380417,0.5186620597138796,0.4215946186895227
0.30756761444758296,0.5045959599368264,0.4541427487650668
0.2778762453480043,0.5225253212375384,0.3900780678337827
0.31717631198636115,0.5071458733848284,0.4658873491710239
0.31421536886083945,0.5041896708052037,0.4574992243036869
0.2992129571500703,0.4736186846636461,0.4341306837201227
0.30576969095578455,0.4848859777609751,0.4500471900387679
0.2918916800124842,0.4913983283818944,0.4152701872419417
0.28899890639402953,0.4785493719741574,0.4141805739735808
0.28859112726898145,0.4924760990858551,0.4000444107973997
0.30165004591439,0.489155919230017,0.4423738176513845
0.30730984140315043,0.5179140264683597,0.4465960211486399
0.30641064684155933,0.4982573873974207,0.4478078319763286
0.3062986352685254,0.5168638841619775,0.4328121724979617
0.3042055655155279,0.5027769690975968,0.4344790205214613
0.30164594234662856,0.5216915443506316,0.43001474932728456
0.310326574967701,0.5191076949415976,0.440736217894304
0.2965418896600769,0.5098789706932688,0.4204940378439985
0.342105511071275,0.5196225938307915,0.5069367392680585
0.29568483708000104,0.4892561081732909,0.420323189961192
0.2838114145142552,0.4923046180009982,0.4102902088971438
0.29911567586485693,0.4926867892202785,0.43692752068054813
0.28087309667215055,0.5138465486354569,0.4034235474308983
0.3156881918257557,0.5237793679983023,0.4413888682002208
0.29332544326641924,0.5076646230513638,0.4193809313770773
0.3117014657040185,0.5001175623276379,0.4538653731059408
0.29974623313448945,0.5149651110439785,0.42126407055367865
0.3039479073697857,0.4976747588722518,0.44226381857458624
0.3175973338056846,0.5068516379827436,0.4694802490681396
0.2730578258204638,0.5206988938367282,0.378970137102846
0.30989187193131496,0.5161609969438962,0.4617554362997364
0.2907342972407324,0.4965567187583638,0.4188603859863981
0.31188352612486986,0.503348314772406,0.4653562536958347
0.30584002415297623,0.5028924124043612,0.4518151520086689
0.3054660512975796,0.4877131284406194,0.4403535336614847
0.3070639993422541,0.4921737397907336,0.4512393568929249
0.29065645941404034,0.5377690795510186,0.4003148121871942
0.2830207169112271,0.4904719421000323,0.40386291730972795
0.2973235296267702,0.5089068657939861,0.4120217446232928
0.3064010113916169,0.4848012712703273,0.44810551079615424
0.2939794737295147,0.5042125501320548,0.4122944616670312
0.298235569483589,0.5026567129606115,0.4368688845899543
0.31029761928731053,0.4974709495180467,0.4575015962547446
0.28831195514282026,0.5203358202923872,0.41035753120378665
0.30039432204209426,0.5060558993346257,0.4427171792915099
0.3113967970349682,0.5171718630833716,0.44692780357074297
0.2945684830470144,0.4843520991591227,0.4164634272083812
0.30368222304530545,0.510551809822012,0.4201370702926121
0.31806937506547905,0.5254223763387585,0.4593036571753508
0.2886962378985075,0.4835136059134637,0.4002501335119109
0.319897398316763,0.5044895359997371,0.4698690463765026
0.29340312217328984,0.5141172897438576,0.4095881661708261
0.29953879975052256,0.5166677176493409,0.4167065566708444
0.3081624220765098,0.48577562401686897,0.4539604810767484
0.29702752905257096,0.49599118442802603,0.4252393243141915
0.30338086592151625,0.5096795674814506,0.41886166817490456
0.29330991624818653,0.4959376892206926,0.4155726658939278
0.31445748099268794,0.5142023119214197,0.4561183351309538
0.31625249003167055,0.4929790226884832,0.4621733013231151
0.2979804783586212,0.4955200393853959,0.4313672348894426
0.29987271873972104,0.5077924736774009,0.42538389532335535
0.3032342882002489,0.4930775511289368,0.4250630597639216
0.29786816499233315,0.4910043411415703,0.4275696655891885
0.31254889644563677,0.4744827040356202,0.4506989055899229
0.29431795253156134,0.4891901312382405,0.4207057072627532
0.3216798953626123,0.5301405988802992,0.4604177024597781
0.3120689902673769,0.4782116247810558,0.453522708187873
0.3143509383248768,0.5121914131138133,0.44356730594371024
0.3073212306273108,0.4639205945172064,0.4663419483896423
0.2952727833390738,0.5125471284873596,0.41638570386530377
0.29992040881301285,0.5007955147242126,0.4241332032018982
0.28647544474132675,0.4848199747379606,0.4016251433551077
0.31902426250061133,0.5017130965069664,0.4628516033246505
0.3026488820753177,0.5098719123855181,0.42298791764808974
0.3083921283952711,0.4785477309475724,0.4416349450886629
0.2829070930513143,0.48779113711090005,0.4012607309992081
0.30021971591988345,0.5406342139478161,0.4131215379447242
0.29253662241862927,0.4921749817587773,0.41971835521307854
0.3009581226996276,0.4652092307759138,0.44287613222239003
0.3013620869351555,0.4905051143919688,0.4399647406132643
0.279760513059327,0.5157662521573582,0.3685388774419731
0.2803671290796898,0.4928953313975589,0.3867709275547884
0.31187905199073807,0.5081928222071752,0.442403688277412
0.30449174049382455,0.5184828795225327,0.4265375690291143
0.2882638806597585,0.4947879331370089,0.3946032294778348
0.3154637687706852,0.531835193579996,0.4534829084908363
0.30577402771243944,0.4919443167262086,0.4475579110727069
0.30718616583553876,0.479623604022721,0.4467762514291047
0.27876315672946533,0.5010151489641431,0.3869496722314863
0.3048371067511445,0.4963951895157449,0.4347932840728802
0.3066645426722054,0.4913375018981733,0.4445439406435349
0.3077799603449796,0.5003475516784455,0.4430229643454111
0.29413303143752634,0.4823344427502328,0.4137039784678085
0.2989182156083697,0.5237294403622116,0.4268432700368428
0.3203738378498726,0.5074700057708512,0.4676373932959211
0.28395567234103164,0.4958466399660106,0.38829559318186896
0.29556627414873937,0.4887563070125623,0.420300393740395
0.3004926003675719,0.4850885427834248,0.4268797454857707
0.2910406942944366,0.5204219095553649,0.4013144667545289
0.3125089958515297,0.5036703316318009,0.4405546372006555
0.29081687273302537,0.5151371626371637,0.39942621714745774
0.3103407561452778,0.5167068521464182,0.4353534437224888
0.29341693782843525,0.5058112865072938,0.4073867178758245
0.292616738086511,0.4815012727197205,0.4267453758990839
0.2772647495369929,0.4666784845392286,0.3874297868040234
0.29839194681392267,0.4670097963668818,0.43958588381211255
0.31802300655691995,0.5095918998938367,0.4579818744918012
0.31085410011033654,0.5472250454511286,0.4310054819789947
0.2748193963968486,0.5063130249717697,0.3720465336389085
0.314412262941084,0.504124447780966,0.45017763338674427
0.2900245724370814,0.5051772543169224,0.4036639664550447
0.30094886041552227,0.4713578610522612,0.4446094362817833
0.32063007894377304,0.5188606807546366,0.4565766047095577
0.2961640159115337,0.505724116082764,0.4141690534358212
0.3065607553279297,0.51457003168548,0.4310549928476394
0.30839859584801826,0.5020527518060398,0.4525872088742649
0.3006996832439479,0.4884292147865142,0.44318018794416
0.303925543337398,0.4761037052313744,0.4576176356074624
0.32035537079157217,0.4962502720643596,0.4641080190052044
0.3099541486574122,0.4959112358544318,0.4420713494101593
0.2945976062844181,0.4998292954565146,0.3962576197762273
0.2955351958420442,0.4887484693554219,0.4265532906067888
0.2995975300966377,0.4896288161094674,0.4285281915922885
0.29051678175214657,0.5186125414150912,0.4110710361471878
0.3035894114714727,0.5037087153500243,0.4140322736424401
0.2902861238180978,0.5121477019637249,0.40235313914390747
0.29391942269466076,0.4968700819643976,0.4104435881788522
0.30190043117466886,0.4985970737183479,0.4369473045764875
0.3280483165031379,0.5066694828065337,0.4849329444286848
0.3026899023003333,0.4930389188081341,0.4413522312027053
0.2991572725949001,0.5223818729348699,0.4146469594712601
0.2933680253638192,0.508825462470045,0.4120597046854563
0.30888164049544764,0.5118508815757482,0.4373272047846202
0.2992409838153498,0.4987158672286167,0.4252595038843523
0.30418439399560754,0.5073481275203882,0.4431058413303233
0.307512068473554,0.5062119017134793,0.4408819459044572
0.2987542230293219,0.4935711887409472,0.4334701473680573
0.30953509842235616,0.5019996424071808,0.4506679860999613
0.31368630523126373,0.5163006419616428,0.4458264961751055
0.31611700832762407,0.5260941162827908,0.4551702966876794
0.2986545514510961,0.5059842129575816,0.4335065706286992
0.30670480900797875,0.5171264778090174,0.4302059469000431
0.3031291055642173,0.5129597441738863,0.4247485728546815
0.3174687990873981,0.4866739187785367,0.4573009501445415
0.3184077477682656,0.5098564095335552,0.44096022412203867
0.29025209740873414,0.5217318322536834,0.4127816875997234
0.2891643472873312,0.5073318339004163,0.3954200370719739
0.29578487023871264,0.4809392167962948,0.41735787872766905
0.295360792329457,0.4761804612845311,0.4213480880281617
0.2946461920984445,0.5151886473389864,0.417220048373096
0.32669724158234104,0.5227894847500788,0.4530159629895888
0.31168179698974213,0.5004766513456718,0.4445006435217412
0.313542461506324,0.5056557827915511,0.4688938324073363
0.29544822368030765,0.4989992285815888,0.4102723543393718
0.2868600048089451,0.5021056701702574,0.3871337440980708
0.2995707678491082,0.5094729947158873,0.4343710549961457
0.28990617466582036,0.5160747497907948,0.4073954455424497
0.29825315328736646,0.5196807736925502,0.4228402634079271
0.29806779721874505,0.5079813186452415,0.432660522801161
0.29246299437440776,0.4768453521401928,0.40891610281807506
0.29694947163235225,0.5262627095247175,0.4337697109118788
0.29667074136447835,0.5064971679524933,0.4168455433003096
0.3021693677887714,0.5138567347563803,0.44002385805119615
0.3007637424201613,0.4780192426799729,0.437061184797784
0.2848447236905552,0.5040701932190308,0.3980664476113679
0.31050514908922194,0.5222174484232552,0.4423915039121597
0.2810062878123744,0.5050352010627293,0.3951649884564034
0.29819644138464424,0.4903082608373004,0.4371043130315818
0.29883833290691997,0.5055373098155339,0.4295031522610709
0.2861358737138678,0.5078131049597628,0.4089636471117241
0.31451907963061915,0.5509231798842602,0.4576203433798102
0.311848682259731,0.5047396013163431,0.4504356249826113
0.32949435912392544,0.4971151526385029,0.5005933204843005
0.3223404095466914,0.5351358708578378,0.4621221622395353
0.27409473117798944,0.5038624563588315,0.3788924213367371
0.2941653843601776,0.4892690755434536,0.4499090624127022
0.3031452517705133,0.5152168947114437,0.4430268149733035
0.2999377344234573,0.5134505759863854,0.4515785823228573
0.30344144630177927,0.507657696707062,0.453273313077141
0.3089249875426271,0.495609864686959,0.4531785878863957
0.2889999321708999,0.4955889801573929,0.4241941599355462
0.2871631474960023,0.5136058294920435,0.4020475688734359
0.2843288980672379,0.4898623156993741,0.4056814900044139
0.2933842206739292,0.5001043130765556,0.425089301331897
0.2818693504348461,0.5151555512920571,0.3840941323442239
0.32209974595420016,0.5120751078500155,0.4814389958484462
0.3142248696957449,0.5095099664496494,0.4540019417335157
0.29747076420329654,0.50136812075946,0.41708562602647214
0.29692621709030087,0.5244350508083029,0.4172599089138713
0.28628954296876896,0.4783100894801937,0.40018293934654736
0.30926354354043645,0.5011245132245775,0.44027025693704
0.3081287051012544,0.5264579162111298,0.4359562018554807
0.3184714543781318,0.5121385168541963,0.4559836478258237
0.2948478085072571,0.5060866951533292,0.42238364006785895
0.29357843825537017,0.4987715100814837,0.4159650270402384
0.3108033471551981,0.504675364315052,0.44855325354997533
0.3103219115505462,0.5181773353529511,0.4398940589264949
0.2953998214678284,0.5290426135884079,0.4032557277645624
0.30011165221456976,0.4827822774715134,0.4449513450633695
0.31164204493748693,0.4959833519511242,0.45290802701998906
0.29216795455191497,0.4935441856603656,0.4081196818503278
0.29744119370285377,0.5008771159720308,0.4237612569589424
0.27694830976787654,0.4760428736035548,0.397806435128745
0.2960645310095253,0.4898749231472961,0.4233039624154856
0.2913560460878681,0.4745500703217682,0.4146977988080357
0.30619249609759824,0.4873546178996091,0.4587773678434405
0.28030393488829103,0.5117207280404787,0.3900303532703638
0.2853220134554113,0.5016591170084034,0.4131734308073728
0.31695448229396306,0.5092382087919851,0.4734679653796373
0.3105332152281417,0.5300398315766851,0.44044375638122574
0.28982382875192336,0.4922983120008325,0.4098016391414053
0.2955781098673683,0.5010961100300055,0.4242970393970084
0.29980222909413334,0.4861263269685786,0.4351027473123414
0.29249441991824054,0.5168482787154176,0.4087791065026168
0.28747145650642375,0.5125728255655865,0.4047356605934984
0.30668764401779103,0.4912406963005525,0.4563978966275084
0.30063268638682067,0.5106390924042218,0.4261591199478106
0.29076037814937866,0.5246041560296997,0.3989076468621419
0.29946260519872164,0.4741125033722082,0.4424761075558088
0.33111187733788133,0.5188013135634579,0.4951070715160257
0.31120709697655546,0.4850736013370915,0.4764208910463178
0.3129956767914268,0.4920516579161518,0.4611532244287762
0.29777143896471825,0.5243364523450993,0.41922356404952793
0.2824972210062595,0.4866224081861302,0.4056897628373046
0.2984348268344352,0.500302187076383,0.4316870738339793
0.30724255403278866,0.5156889315829812,0.4374032918597828
0.29844865194989045,0.5117383512581672,0.4128897299411515
0.30123275964143387,0.5077689836846586,0.4380480955495013
0.3020256088643303,0.4950931398107894,0.4283122559248453
0.30481983275126456,0.4930015224963218,0.4412297643837904
0.30349662218128076,0.4826267339945257,0.4553053464232517
0.2796865238134016,0.5086303478791785,0.3722474078695116
0.30726222939412223,0.5222497093984907,0.4472732070068545
0.32235025557704444,0.4938901666216064,0.4884321171872226
0.30855922881024767,0.4790200563942682,0.4577092050876127
0.30131239488154016,0.5043013982905851,0.4190301711642247
0.2990909486962094,0.491945359939832,0.4196612383752882
0.3034323650388332,0.4860018603969957,0.4394803739100099
0.29383991726855885,0.5125681348890943,0.4064288211209913
0.30517791190723337,0.5231214603979306,0.4244744032081841
0.31575608685743434,0.515111780953326,0.4461367598630045
0.293355578748168,0.4954603289476696,0.4131376852529899
0.3081811533224659,0.5166274319136129,0.4419060633333976
0.2849393182561704,0.4684093089888784,0.4014953761365235
0.2968440623923474,0.4843162442921109,0.43219726366444855
0.3055078805213294,0.4927132495245076,0.4562562543063062
0.30572754749910486,0.5030979273184221,0.4474726288451847
0.3058878018407956,0.5287738607274143,0.4370795983364008
0.2878761841525092,0.5067022278778215,0.3982707358458111
0.30777737647239944,0.5055746515073906,0.4412279362430852
0.3027970015646598,0.5179009502071024,0.43434896202595297
0.30931359980881673,0.5293927644037132,0.448194326259428
0.28619205557135774,0.4817539697671336,0.4213191469596762
0.30548604860734974,0.4787225503180432,0.4797226186480828
0.29655094343298005,0.5142687830536802,0.4207831691822196
0.3054359900954153,0.5119545439878674,0.4525228906286933
0.31070861695236396,0.5239689366120468,0.44692836837676303
0.2926097893852585,0.5020278648649761,0.4308594108309852
0.29550406625937314,0.4924021403037815,0.43152086131357736
0.29093958734588726,0.5061921516137253,0.4267938042451647
0.3019219900053551,0.509248929421435,0.44541622797095576
0.30387804387554984,0.489381127771354,0.4511801041417205
0.30313070995421476,0.5052804893132805,0.4471524548162815
0.30234030737076667,0.5019984912704125,0.43924217643047
0.2962125484354399,0.4960336258457419,0.439527759060307
0.30673849874524906,0.5054970717652341,0.4587796056211338
0.3166628722194175,0.5295774454503756,0.4735960675177792
0.2883890088654071,0.5274670954511985,0.4043820352191592
0.29752479067332943,0.5096373572318108,0.4314853022684696
0.28577079417766166,0.5028431133764175,0.4117828601237647
0.28054094223732473,0.5129640675537105,0.39597490051785295
0.29792611137784525,0.5029092907725645,0.4349654399041358
0.2959719743065886,0.5121087564478581,0.4256029253565192
0.2947048169380311,0.4980458062388332,0.4305890759571571
0.27453905714272003,0.4739266361170019,0.38718409380169133
0.301013424910959,0.4821838428040872,0.4396804288814604
0.3000293519339725,0.5174173763902903,0.4352236652185473
0.29855749935674175,0.4988085555416255,0.4308223466567225
0.2908679913351432,0.5005617834452489,0.4248195300053022
0.3066342271415575,0.5131214106645712,0.43918695110504297
0.2741060154043738,0.5174715778875332,0.3761961238095157
0.3033527918777199,0.4948507566795198,0.4411792163252586
0.30762663508067045,0.5222142897409736,0.4399068487931174
0.30906198520440387,0.5311376502484777,0.4583350152466134
0.3141212278086012,0.5070008260487068,0.4677613096905692
0.27854961497320824,0.4891501777835105,0.4049880460748595
0.31905827507216,0.5342100828884553,0.4787534912900039
0.31054589772673125,0.5051641428653325,0.463447789185331
0.2672439878022328,0.4905808260783772,0.3845141904452597
0.2885255033565577,0.4976762343802552,0.4096955365146671
0.28324654803128463,0.5095312335932856,0.4088237714152285
0.2995727066037733,0.5136033035510735,0.43690454877154855
0.30450511185781,0.4769254478286246,0.4623492821524394
0.29532903460236115,0.5104486152875846,0.4349353423095143
0.28525625622503814,0.4955314842866382,0.4178028906103484
0.2876853805428736,0.4827317288179445,0.4290797464891407
0.3302179697656679,0.5279456003218517,0.5004151827957629
0.2815371028860355,0.4973372416487664,0.41735207873927793
0.2845199993578331,0.5085531374664027,0.40985955728427614
0.31881416302430776,0.5491421455452956,0.4693496660829608
0.27891662681442075,0.4882069702998297,0.3998512480203197
0.3043471544193597,0.498645750755063,0.4416145130355813
0.3047210346837106,0.5109005559897608,0.4445893956578758
0.309100825787514,0.502971336110691,0.4777963280313268
0.29558069528205627,0.509395619480834,0.4424098969377612
0.3253732536986575,0.5171533544785075,0.4864274944168156
0.30110429402049776,0.5170579217708439,0.4452191214861913
0.29922687273868503,0.4971069079842666,0.4395969592264978
0.29606852393953115,0.4974828842099995,0.4352224738649712
0.3121027504007688,0.5239462194005438,0.4617796984890084
0.30044989288618124,0.5002447673589157,0.4519765008954247
0.29001863589730115,0.4805205407695727,0.4328660745341791
0.29902326569900495,0.5015597775243769,0.4486764531191932
0.2742419629218175,0.494432462600489,0.3909950490972433
0.3018570875398188,0.5285967095642845,0.4451558316342325
0.3050777618902393,0.5327699688975163,0.4451978810138141
0.29581490837581426,0.5106554939520737,0.4306170873988085
0.29374646413317196,0.5055222736676914,0.4359064508645038
0.28445525760048107,0.5013155912384873,0.39932185121051533
0.2763267348866225,0.5054592417098174,0.4083428404435889
0.29378175468361506,0.5412819426601281,0.42802803190689104
0.29309222829017867,0.4813088397632903,0.4414556049140983
0.281764119392601,0.5060729867136303,0.4036892381702915
0.298815059240182,0.4834322861923791,0.4525964929363054
0.29891137182415406,0.4984879404604616,0.4437327370783594
0.291508060349136,0.5342195522441506,0.4200495658988776
0.2896828764519669,0.5056201786834799,0.4153501940131325
0.31287355139803097,0.4835365361086633,0.4793482965253187
0.29375409959633225,0.5023019598051643,0.4416131364885462
0.3153399127056686,0.5201167310464373,0.4596502691324344
0.305750192766477,0.5290868491134721,0.4509985116802808
0.28223240016062595,0.5109121796802274,0.4071683977339937
0.2774757023751823,0.4767047693573197,0.4085636066274262
0.3109547113877696,0.5008329614909758,0.4746684125412275
0.278826869022357,0.4902720769858273,0.4046595771866451
0.3230043536458396,0.5053032558105129,0.5051770887600091
0.29757475949188683,0.5109733919782816,0.4342821982111109
0.3143406838550696,0.5138476239133545,0.4700135255191201
0.2860949526657214,0.4692822590960132,0.4160926744564801
0.31344380343777123,0.5195093857064683,0.4631697035673426
0.2947670508934491,0.5129267904983638,0.4331128348172734
0.3011839387469749,0.5321550057447131,0.4332155991549454
0.306009211332304,0.512461828744088,0.4563493781746917
0.27852038620038544,0.5449696445110817,0.3880175355955665
0.29781344919906216,0.5205970292462387,0.4426839812079672
0.29735292634812055,0.4885209103213308,0.4389670731516708
0.3158143194970058,0.5053524713387717,0.463052640490864
0.30339460530166856,0.4921892582173806,0.4538370291203364
0.29623516531866095,0.4916529321081169,0.4446704356292005
0.28011575283834883,0.4850010282353587,0.4087103144487628
0.2816837832035584,0.5060927039953717,0.4129110497320267
0.2740816795054236,0.4696874177013839,0.4080206879487686
0.318708540126699,0.5107841528941384,0.486062756565001
0.3039535058940465,0.4968946491320533,0.4494300019280726
0.28809357094241717,0.5104045227641977,0.4236346806708594
0.27970478891412986,0.4963709027743144,0.4062460882571836
0.3117053123520598,0.4849706519643759,0.4707443835986236
0.29033583775673866,0.4892164380521665,0.4227215898214034
0.3127847081277025,0.497230198718303,0.4772213453793439
0.29312714505591836,0.4998751652576874,0.4266811452011247
0.27960696551077097,0.4951238219349569,0.3977481615306715
0.2872385103120833,0.5025225055179713,0.4069865872445685
0.3108009322147654,0.5025398220275998,0.4662197434685527
0.3038226149680891,0.4984056196878193,0.4504579504784666
0.3152048509473096,0.4919030701881348,0.4532083483611072
0.28634670393198763,0.5199583679000772,0.4151887749342436
0.28826487823438823,0.5041368398453161,0.4201948258307735
0.3105291011388088,0.5070462957451752,0.4596294650965597
0.3028190781955702,0.4608635858036837,0.452217436989603
0.28422794923399863,0.4944234001994867,0.4015071627178404
0.2947405005346857,0.5156631326144218,0.4196722228910015
0.3019928177817993,0.4890497181609917,0.4346028206864424
0.30476049405145617,0.5031470874639979,0.4466265482525128
0.3045792541883724,0.5100402231879687,0.4400079629035351
0.30106741173785906,0.494131929277412,0.4394098083183994
0.3095705488188473,0.5131737421546512,0.4582993475396873
0.28322734470096633,0.4959701029401314,0.4019450003551479
0.29734442774903047,0.5023814159147267,0.4337178846348129
0.30580063976604493,0.5127785473021693,0.4543810435053741
0.28659740712199033,0.4796198144744639,0.4294262393385522
0.30452846915188375,0.510148713909089,0.4478770816722845
0.2895150164787608,0.5437228369625848,0.4050182198012777
0.3057863283043653,0.5109466619130248,0.4613919184233734
0.30363960946892765,0.5125336545320229,0.4565252602097435
0.3069467820666182,0.5026597547590902,0.4390882037470507
0.2876640651651414,0.5064615217941743,0.4140191530469626
0.28983391580462475,0.5110704688001532,0.4331569435985773
0.3091707678696063,0.4925887930547073,0.4476715591009658
0.30791662001121267,0.5083149098685267,0.45110272820853203
0.29971785722378635,0.513964369531503,0.4348031707345037
0.28467727964880496,0.5116453094018921,0.3977225028565205
0.31124354536850485,0.5112417899093785,0.4570491658831578
0.31374433286023135,0.5274308180742643,0.4648187132832344
0.29597593814201945,0.5072432993652712,0.4268389164682144
0.29932431804271364,0.4880026386029301,0.4410941486896451
0.31985423741987334,0.4907588773914995,0.4925782883076337
0.29611791967509304,0.4888727558106222,0.4416888485977501
0.2898631545647516,0.5205104613210986,0.410449644386501
0.2853861425864488,0.4844452006335721,0.4123325401317471
0.2925633407157641,0.4953649491760216,0.4205618276303305
0.29271212540165875,0.5020796492762174,0.41843509692463005
0.296383994622333,0.5003515615611919,0.43723142506799134
0.30702711923025006,0.5221575102691296,0.4671312166528612
0.30059724041722624,0.50985010003335,0.4529586202347449
0.29184305623668827,0.5165430188242581,0.4220552728528521
0.26765490479230813,0.5304852940021574,0.38260646145074256
0.28977836816968805,0.5187802752318265,0.4035198663798301
0.288412091640574,0.4955851738689407,0.4118599688357073
0.2918582330851288,0.5071274011082822,0.4258149558068332
0.28854485847299505,0.4933622965036394,0.4163775464634157
0.28605350797018025,0.4949040089457506,0.4140384795208336
0.29507060012227854,0.4848140721871356,0.4351780775896625
0.2944684733953346,0.500936711536706,0.4306796206321814
0.285558507022182,0.5151019043467283,0.4107589030961744
0.2974679649515089,0.4919725120420296,0.4395458277353611
0.28644287180192357,0.4841526602077909,0.41049827240937214
0.28815531365399555,0.5206476384932793,0.4151048453012666
0.2887609062004296,0.5114904480577461,0.4233029334789608
0.2927407404534914,0.5266121684625559,0.4109434729256989
0.28356227023108954,0.5046256001072915,0.4180670018468514
0.2868022122217755,0.5172255042073685,0.4078509832562917
0.2880006070764654,0.5218343426344294,0.4237652565440995
0.28977130704982745,0.4899624306556058,0.4228819552008721
0.2822046565360838,0.5257318187787656,0.4016986919804033
0.3022984999445471,0.5048848576583829,0.4468475750191412
0.2834990285879935,0.5008091134578043,0.3905676255256245
0.2883144838512565,0.4795331223207187,0.41117993135776615
0.29004555876092114,0.513237809934517,0.4157550208931801
0.29818806329002057,0.4861402621026788,0.4345178422889519
0.2815822255222404,0.5173730419811096,0.4202460042482685
0.27594922652856063,0.4984298144632968,0.3865322859086494
0.2849140917402226,0.5103997006845051,0.4126905828426889
0.3165122564793708,0.4815009837654376,0.4777063516029017
0.29318300864123364,0.492818737939836,0.4384480482966665
0.31478013938298915,0.5171308406907624,0.484531965216824
0.3046531010800047,0.49505110494351595,0.4568203916705792
0.2838737148219468,0.4694283609091824,0.4229816613600028
0.3072922484833067,0.502913896771351,0.4557295386756606
0.27976100780302987,0.4586564363168778,0.4178089374668281
0.31028986539688835,0.4851612183847553,0.4635223387827637
0.2728378634381194,0.5082003171094869,0.3836234664286843
0.2873210762936531,0.5102556559565312,0.420908371208791
0.2880672717824329,0.5085549226790651,0.4211568831526965
0.29596969038495524,0.4776244211936891,0.4610733619834368
0.30032427153366065,0.5081807310700306,0.4480236876445214
0.28562706024118795,0.4857032858427599,0.4153742690542016
0.3078382444447419,0.5235469668947449,0.4732312167702627
0.28752485876318107,0.4896112118357097,0.4251323537857003
0.30613892180421304,0.4855524895038698,0.4691901909200933
0.2889952599902108,0.4843752487151866,0.4249571096581882
0.3104183292852872,0.5184836952105296,0.4655284611980888
0.27486759838300195,0.5040648753429671,0.3925262025669485
0.2941426837389974,0.4983946238628272,0.4293768704649512
0.3092639514643285,0.5627050179526198,0.45136773350919795
0.28076734167537115,0.5020256533826283,0.4071506187283928
0.3132352216790717,0.5153156028906902,0.4634347189395822
0.29240235802360265,0.4901503778591986,0.44317303581265466
0.29894138107183305,0.498073385327202,0.4492929055623249
0.30225612090245585,0.5141039701282074,0.4497913397658835
0.303210236189508,0.4982797136930159,0.4527729204128212
0.29173626461999413,0.4948771316465786,0.43043011925165264
0.31194048536927627,0.5193542859132944,0.4430927687927707
0.29840571946055655,0.5140907856676806,0.4351213614135915
0.2821576420927911,0.489838050646386,0.4087475301702279
0.30510062072683813,0.5163798330379727,0.4499437833610657
0.30531583459915523,0.5006070932725258,0.445966629695323
0.30637153712999593,0.4999282773733204,0.4542534982708346
0.2899484487350951,0.5129456149446745,0.4235802446636092
0.2985499003133863,0.5181180778882145,0.4335296659326875
0.30051938716479504,0.4999371159501901,0.433411280470645
0.2903665736016553,0.5137859851600218,0.4137261620793183
0.2920924534308073,0.4995456338459954,0.4297715071109868
0.2957424460152852,0.5215167806189581,0.4210567352543924
0.2969237717051773,0.48578975180925,0.4329194240770323
0.28060038655776887,0.4849063028646644,0.3970059990700744
0.29805233957890176,0.4987326022150856,0.43232643888171984
0.2848879041419339,0.5139060841025183,0.4055046861120043
0.28110242305678895,0.4744474909722914,0.4060559094941153
0.30785903925261876,0.5201515136093637,0.4402893736678085
0.30053095037641225,0.495734659318691,0.4458346704112045
0.3192930526520443,0.4974609522462717,0.4851132891263367
0.29302416587011393,0.504442217033639,0.4346381465694804
0.2992892894042097,0.4936642675017397,0.4495933938838253
0.290862025296957,0.4978670190953012,0.4194807269847679
0.29669542726238346,0.5159120698283801,0.43059093119353054
0.29936128341932744,0.4980782310238353,0.4437729861390112
0.2968183735992404,0.4961796239430945,0.4388413108294118
0.28138740580829125,0.5166131188545553,0.3967495242919011
0.2879710829079716,0.4986515780021533,0.4094336162595582
0.3049604428051015,0.5176515448837903,0.4436078544448685
0.3101519318666522,0.5069889796373912,0.4663077130301251
0.29584238376438937,0.5014282009324105,0.4382049238939825
0.30189666742401294,0.508730271160108,0.4332374126835312
0.29372153264150197,0.5024699278377674,0.4309908153199111
0.2903441709587702,0.4856350577132398,0.4137701135383032
0.30682413586252755,0.528522925007302,0.4513929446125813
0.29001833159753965,0.487719238502857,0.4245065269153365
0.29755618710263493,0.5115816561904204,0.4333289389157332
0.2791170180083358,0.4985843782107095,0.4067912764063564
0.2895398910270672,0.4894590454255801,0.4205449139220864
0.29604538294286614,0.4914207190515982,0.4322230349964949
0.3036901386889723,0.5029198438196478,0.4438725641808005
0.3085166658180131,0.477373424605246,0.4646660276208076
0.32171948964512853,0.5213116794777622,0.4717570282678982
0.29761992969656914,0.4906155976004532,0.44628868232053337
0.284386919572696,0.5091645167318196,0.3997026446226536
0.2998261722098514,0.4896925327895858,0.4305613608413168
0.2951997644273614,0.5025450947811929,0.4345761603168908
0.3128116371874491,0.5317745149655381,0.44984070087392425
0.28801235674374304,0.4787731369911818,0.4372033726332151
0.318845510003706,0.4844973324281303,0.4934328935216415
0.30254262679889626,0.5228933002056059,0.4340625890468828
0.2841776703219093,0.4671683664385789,0.4020949214855621
0.28668798410504515,0.5207603088024336,0.4122200828170775
0.30795567986864847,0.5112961549475494,0.4484207865226363
0.29375415413373124,0.4998348536111586,0.4473322277914271
0.3022500822043314,0.499532730805557,0.4509975660465415
0.29578826524519863,0.4963934386650394,0.4287588753656859
0.27205315296364296,0.4853948754688656,0.3851139924243433
0.28663074097639774,0.4835417697129863,0.4202421916951819
0.3043489687189831,0.5046703618782094,0.4431101182807937
0.2965809701146065,0.5235128389079567,0.427478721094176
0.3077053414826076,0.4967512213590886,0.4626550776043985
0.3185657442831426,0.5272805689254869,0.4609319301640027
0.3086266239337927,0.4916829573005532,0.4655037762798544
0.28397268652328905,0.488476814003045,0.4117932345293863
0.2992664342163986,0.486280702154251,0.4183904780124464
0.3063804518418351,0.5140315645584471,0.4519849340117729
0.2970541208769473,0.502865118493245,0.4204034197106578
0.2917312965532788,0.4808140905106398,0.4154197952596713
0.30631281589181525,0.534454783502686,0.4523047852050066
0.29296190620017937,0.5045026860922274,0.4329531729372289
0.31407223781872484,0.5207129287917457,0.4544692205487523
0.27011303611594173,0.4904538688760434,0.3849272620631723
0.3002965142965945,0.5004879729835541,0.4431419448114197
0.2811533162351692,0.5069074286821807,0.390973776546981
0.2906010574078245,0.511978673846601,0.4295303701509557
0.2889090029817073,0.5122620819060965,0.42852803024620856
0.30630593503479586,0.5147518138619184,0.4354402804353556
0.2770283773466429,0.5104779145989551,0.3945035377306156
0.3030102537601599,0.4874158152729541,0.44073640571538825
0.29584675442401215,0.484112201981097,0.43742830328154975
0.2960694216641291,0.5387771083171429,0.4304386685972881
0.3087604118575038,0.5091740504204247,0.454031798869327
0.3057249969802941,0.4893939929385076,0.4576736035436266
0.29497013359200525,0.4959309751115854,0.4205036603462524
0.31652112236161034,0.5022375076358476,0.4774246560858314
0.3043749109493492,0.4978632911025784,0.4376607241294617
0.2970200412064294,0.4981839793804554,0.42687411637375056
0.2827393601574712,0.5152937529500271,0.38822503133391817
0.3050780482694428,0.4595147108668819,0.4748785164988469
0.30364042363069815,0.5262750836233419,0.4448356724574383
0.28407606453840684,0.5376255421541951,0.405332647914275
0.2937978034573662,0.4755556714215138,0.436684824009431
0.29611228272010515,0.4929580533396065,0.4217275276416684
0.31917682543318276,0.488875604439205,0.482060810363037
0.30297731948724843,0.5154461429722276,0.4415895641841948
0.2890466708943345,0.497018194851275,0.4297946137158999
0.2939207051100403,0.5272363179598245,0.4138372132969236
0.30680346166392714,0.504240877480687,0.4572600800695157
0.3193287744483382,0.4983249886131019,0.483894063758084
0.3051009541068664,0.4957264881894876,0.4564116036764449
0.3047590184080246,0.5042478627253143,0.4459463814454615
0.32264125017116313,0.5049452957240801,0.4942329277241183
0.3053692303053757,0.5000247464315547,0.44260198960862857
0.31681251728668036,0.5240436568752627,0.4641625367131199
0.3008505792333014,0.4794995892427563,0.4356108738650321
0.2908773377327976,0.4819699787694472,0.410720440305546
0.29862213963403983,0.5142206026165416,0.4299284126750792
0.2878034124070632,0.4870522185758106,0.42234227739700825
0.295153506116703,0.5197733521093082,0.4250997645108157
0.28474320428940264,0.5037958902013003,0.4148818279749956
0.30017062450825704,0.4912222374775584,0.4352623947294753
0.2941206774782394,0.494168346275852,0.4284513102384189
0.297784607863434,0.4795039158171776,0.44128793313909903
0.2946119047819666,0.4878797336273175,0.4240532204701827
0.3059879187896801,0.4923903931593155,0.4510944599081603
0.3047210556152061,0.4946104990631848,0.455809427711828
0.3041294696634815,0.5066141211131711,0.4594229498841042
0.30180484419313613,0.5302151664016599,0.4379371513735956
0.2991752198197192,0.5083770003770799,0.4318057527397013
0.2943466561897934,0.4809327651779299,0.42972796791245504
0.2819170861528686,0.52819334070261,0.3998107841996203
0.3053248973119977,0.5144386486704989,0.4369623485745947
0.3002283129762966,0.4844590014898599,0.4429549331997581
0.28687364879819677,0.5030655993845081,0.4257794830487529
0.31829936175066365,0.5009330342773581,0.4641098244481411
0.28252392194764475,0.5296436335449903,0.3942659675018773
0.2919761424142205,0.4877644792750447,0.4261620108941647
0.31366108191429976,0.5079686281303776,0.4641881893436956
0.3053048566069436,0.4875019399395468,0.4583367354266914
0.3045895648108627,0.5124205370550421,0.4307695525982133
0.2821478958231709,0.5237158586238032,0.4105640118705513
0.28853134724421403,0.5265552701137302,0.4157923171843467
0.2921170027252739,0.5157619874958219,0.430399170506875
0.3050977805879915,0.5334190202152151,0.4456958040094658
0.306834331943277,0.4928907834650713,0.4463961503778617
0.2862790947891856,0.4939990405461873,0.3976348124303054
0.3182700650939168,0.5286310507656145,0.46623543419904606
0.28211001689491544,0.5010610764937978,0.4091160539086824
0.298304503755541,0.50241641843128,0.4393089457622479
0.28892158420079433,0.5345744722821518,0.4199581465812889
0.31835819658078146,0.4904533258529876,0.4849813044411938
0.31349930384864627,0.4915111455294804,0.4754052384472643
0.28821049589247844,0.4943273858267703,0.424526420848556
0.2947211587226122,0.5030436337511238,0.44412973980665105
0.31402115448323414,0.5388564440080855,0.4571811196711929
0.2955298045370961,0.4836220500642817,0.4505316859221924
0.3121535688460467,0.499170278562202,0.4675528073180996
0.2976753082501111,0.5008228207418857,0.4363934408487917
0.27884297199175323,0.4921157447023773,0.402309297135294
0.2837593739750933,0.5114801400813633,0.3945313975248703
0.2850028963226391,0.5100119815143174,0.4028499329929266
0.2995180024342762,0.4979694129707173,0.4465201493182887
0.28444829423107154,0.5326911863730146,0.4013815481450721
0.2840052903928252,0.495485573470489,0.4213781195596579
0.26841459265159995,0.5050384831157286,0.38342812423198347
0.28662717565738755,0.4806711744012465,0.4229370916825468
0.29794072437258207,0.4899522595589342,0.43118529921644944
0.2930704839262972,0.4959991701132248,0.4314485510792948
0.29285241137485307,0.5070469711178083,0.4139878406957492
0.2820615873769483,0.5116277879504224,0.3969243787288535
0.2967566300280043,0.5191818817454057,0.4254312689473158
0.2810535322998279,0.4802776100240252,0.4096292233585692
0.28309411983964006,0.4924559858299747,0.4171660352533733
0.312668496756027,0.5070701089201838,0.4690687842654144
0.3206774522465632,0.5144081264511428,0.4666444373795464
0.3177837108570635,0.4975775293598568,0.4738951346783011
0.27897264050488757,0.5031709301596075,0.404821914343728
0.32606139610954005,0.5193158923152048,0.4842381533878266
0.3179361946274147,0.5351688684320427,0.4727306903562561
0.296547987359624,0.4802346822067588,0.4353771115946724
0.2943375050711738,0.5207985425149844,0.43801238659081176
0.29733479117025563,0.4978390686033585,0.4420769037410637
0.28409098641058367,0.4870859313916234,0.4161180166008413
0.27973581114600393,0.5038201978727787,0.4032525281380179
0.2931195018015796,0.4969737970958074,0.4162009059140525
0.2804626720831893,0.4766312083514949,0.4119999179418326
0.3008821166428396,0.5055644968201447,0.4391336912369523
0.27333709896330527,0.4926653939740103,0.4059964758778104
0.28746983481022825,0.5040707124847877,0.4158645817141626
0.3155292787878248,0.4972616280809157,0.4744442814360828
0.3000083172810596,0.4623130210530563,0.4528355181653431
0.291805514795173,0.4917286326560478,0.4369885706672095
0.31746161265591266,0.5302114488298165,0.4786989728949521
0.2949067247144561,0.4734068868113629,0.447077284452816
0.2940793761445444,0.4999229370013784,0.4435149168078146
0.2759157269285399,0.4926017423637593,0.4131516493971752
0.281348276113513,0.4819381701248565,0.41980611401374057
0.289479072032243,0.4960758005690257,0.4439268780154949
0.28185257517801765,0.4814473554965782,0.4334035212157971
0.2990796018744918,0.5040800656306963,0.4508346282462016
0.28320019373016125,0.4996478983391784,0.4196624009737961
0.27897118027687334,0.4896449901000807,0.4117224361056971
0.2820296336160331,0.4708492155407227,0.4143094538258944
0.31400475279204204,0.5373677112552583,0.4636873197106053
0.288477310025382,0.5121602799567929,0.4151114381473084
0.2755570065099546,0.5060803272668941,0.3997769136989151
0.29111292601770217,0.5143208186570324,0.4298780801087638
0.2756192783561841,0.4946878776862434,0.40585536027892055
0.27813833010467826,0.5094746091238934,0.4041262932738339
0.29858001064989764,0.4880608274685455,0.4463206469260282
0.307953988785627,0.5040117524862611,0.4524205102566842
0.30413394925855786,0.5024403102369567,0.4596201279242885
0.29108891686215305,0.5356883394841006,0.4087419722713934
0.3089938795724758,0.4950451183986733,0.4567659816298978
0.30813515649269163,0.5146520186338784,0.481767453937026
0.2925189624226605,0.5106804065640024,0.42884281323395096
0.30279807597156305,0.5055505870320857,0.4584684513619661
0.28303840017707893,0.5151398033456461,0.4140400867585346
0.2999110240185534,0.5063266830057149,0.4494802625925508
0.2840413664456263,0.4821982866526782,0.42413308910657066
0.29289949172081664,0.5177648805722637,0.42994818371964144
0.2741569948705111,0.4802310337791554,0.39907008660639703
0.2979117294079782,0.4818206713921404,0.4628154451757023
0.2835068715907796,0.4985165933105484,0.4096181632349573
0.27069323594314854,0.4884485707104765,0.3948997155441541
0.2946261598623331,0.5084866173658991,0.44867775897626705
0.3009489262738639,0.5065433954632302,0.4650012179237819
0.29781376310479657,0.511538570138974,0.4491446484920631
0.29106966716471244,0.4821473743177969,0.4506543544827597
0.29450367628418445,0.502595907182391,0.4247273335617943
0.2820955024561912,0.505475295631055,0.4018406125539248
0.28462139287306193,0.4859005915622118,0.4238700094853866
0.2773598604861359,0.477191984614376,0.4274982882088102
0.29685391044713233,0.5057582627774295,0.4429507261465437
0.28819099783772745,0.4964465643953432,0.44277137635342617
0.28579037508003,0.5086387796789591,0.4261242229376513
0.2844313660445186,0.4977188560803061,0.4339161550609449
0.302748653276847,0.5030692572896686,0.4604667200982952
0.30628207911029576,0.514435516733345,0.4694229794466043
0.27751053285101535,0.4827417148192704,0.42284112945528507
0.30319349453640493,0.5164094851907007,0.4570717788143797
0.2872623718909523,0.5039400149970796,0.4228206133451885
0.2947339552599015,0.5219968211529593,0.41238875777568496
0.2981099588307473,0.5240572418704995,0.4484069020067775
0.28964167603076807,0.5056979227478151,0.4391067008320267
0.2757959321508038,0.4938449803247916,0.38379726085101146
0.3060273618890509,0.5022687977885546,0.4617479622715821
0.30997268618402185,0.4973103080319883,0.4772897321294193
0.2956991898355186,0.5044080316252829,0.4281303939024629
0.3083267010704131,0.5043564443207771,0.445213121797843
0.3043728939934975,0.5080965247657027,0.44868436026652997
0.287915066225504,0.5204364107987288,0.4130318662746632
0.2922769218781595,0.502109991240874,0.425241766144309
0.2980152612608108,0.5159592111602961,0.4284665376134292
0.31134205656432695,0.5095930459522495,0.4530430096738901
0.3015885924681546,0.4966726193227111,0.44589163968163376
0.2885358101922192,0.5177833402997928,0.4069361389282528
0.3014571457185758,0.4714376851521856,0.4341213898614877
0.30018399025046233,0.5017662247085881,0.4394745681139501
0.32199686370097497,0.5379020830431158,0.4638143433196503
0.29829189358132313,0.5102207501042401,0.4399715556666809
0.29349180464592484,0.5154305680526883,0.4167134984562909
0.31160609543870976,0.4916367351493783,0.45018819344260896
0.3008514586300879,0.5229765498646334,0.4440578548791983
0.29718081936836915,0.5001783683776394,0.4299338497572722
0.3123270561077327,0.5203443214209932,0.4556308053470676
0.29634650871063994,0.5121611422667517,0.40950156448223735
0.3028000557185726,0.5176690263146471,0.4239301886854717
0.3095190120685322,0.5306519898081635,0.4153322788205789
0.3145971300765923,0.5148485948647394,0.4616249225750274
0.28528453965983724,0.5449980909644895,0.3774865882569272
0.3430268310506732,0.513951267093955,0.4977339915202383
0.31111173804870174,0.5270126592186738,0.4289361548260924
0.3155486607585005,0.5090926532539858,0.4352376444236401
0.3081877540266507,0.5387122071100452,0.4110596773261992
0.3180678621283126,0.5545108643595517,0.4295397339432859
0.2997635911400648,0.5347139619393426,0.40489242414326426
0.3103260469492728,0.5296243787393836,0.4209384292797824
0.32625247044581135,0.5322543998648713,0.4459745776739416
0.3368400830813132,0.5280159186439553,0.4737868115402153
0.34242690310066637,0.5479055640715033,0.4871280567258132
0.31120154173581527,0.5367086305625671,0.4224920413875526
0.32779732638848297,0.5403658881055662,0.4493264310127279
0.3131802024382572,0.5413181349159211,0.44130340163628096
0.33776351331795595,0.5372880384493481,0.4798614523024301
0.3120148044201049,0.5721533722425282,0.4249675414294851
0.3079249213990854,0.5240275233177564,0.4135396993262266
0.3134869029010854,0.5426028746930978,0.4285409032869046
0.279120315286554,0.5096810184852806,0.3735071852821312
0.28815393829856545,0.5580221405215373,0.37926572402331815
0.2914396572790483,0.5455279771095559,0.3849259217339322
0.337051198382385,0.5308267140291063,0.4690565317445695
0.3261411007674223,0.5173991926545327,0.4556898037307816
0.32090632215702397,0.5278745402077692,0.4368414665834909
0.30619274336098073,0.5301571826170244,0.4136164153729521
0.30723383480573224,0.5413946414785179,0.4196017477312637
0.3093911795721539,0.5285614938373535,0.4190014796031716
0.31651400076735314,0.5304875062205088,0.4314296483587489
0.32910279278309335,0.5453610555707045,0.4463045331861447
0.3372988429130133,0.5712338916789579,0.4651982773821951
0.3315395527854686,0.5576352392356418,0.45914912399202
0.31211665755020546,0.5729278861089345,0.4133302114902419
0.33010880931945735,0.521992742055805,0.45893019295680204
0.331993559953697,0.5504564786114104,0.4551654458884422
0.3290171262698914,0.5555744577694578,0.4485784779719173
0.3283057733299769,0.5395446561309071,0.4370839234504935
0.30977679639731037,0.5552233243014157,0.413129873033696
0.31677793940550675,0.5606708595878195,0.4123533941686771
0.3096898140569063,0.5453786681729773,0.41508850627089294
0.3249031274796006,0.5542514503888563,0.4405139634764382
0.33616660482590077,0.5715057960004972,0.4622543385022632
0.3037693182594331,0.551387296346205,0.4016940266492186
0.3183577409376202,0.5534912177987631,0.4310467673414051
0.3265038819406162,0.5646215315492781,0.4457080039874414
0.3115552405579047,0.5909291444176522,0.4060050239175205
0.30468247981366,0.5523253882659822,0.4090070779032985
0.3275776265001693,0.5866408203324509,0.4359434205020541
0.32045765350460315,0.6026616851517109,0.4409929475071538
0.3122455191745727,0.5689708956525583,0.4116046073388249
0.3219738987170478,0.6193046172374147,0.4372339231342439
0.3309628243760261,0.5735854367233086,0.448381286419524
0.32503400285106393,0.5732968488918327,0.43915185279692615
0.3385753274572004,0.5676001550286326,0.4636648428694386
0.32381586683792407,0.5933391394609798,0.4392852588475808
0.3303842821927483,0.6041614351415564,0.4434487158411269
0.32873014859147015,0.6037669200905428,0.4519087136029082
0.3145550195144342,0.5959515927638112,0.42309558048241735
0.3193136147172028,0.5798349088637832,0.4319744449086758
0.3251490756096747,0.6015906548155234,0.4479882806133525
0.3155570234528995,0.5788882323672894,0.4379619821318673
0.324502744558192,0.6162213361634019,0.4475551056841184
0.32440350598086537,0.6050555036878467,0.437630601988533
0.3073403257731593,0.5878813904464895,0.4238493008193865
0.30227001976170675,0.5775957106418781,0.4127631129600994
0.33746651975374525,0.6294968843387764,0.4815789755533464
0.3340454678991432,0.6195099868101326,0.4674485676095194
0.32572089420836425,0.6138720733331745,0.44957823550133225
0.336837831010423,0.67028705282856,0.4462928107311669
0.3172084396462236,0.6474771640559134,0.4255448894157279
0.3187610119276304,0.6455984786881074,0.43711455041916736
0.33651353042926474,0.6297475985708505,0.4713718736575812
0.3299945173149683,0.6251586667679906,0.4417309602947123
0.3297508686126402,0.6313906042607854,0.4525439991700696
0.3563782677077183,0.6394091750713864,0.4938023606335885
0.32536189132207083,0.6617708946047471,0.4333425310035414
0.3373514268528118,0.6332469618216805,0.4686116245266282
0.3433008533573531,0.6485488360478516,0.4806297934712663
0.3541454917614824,0.7025941592369901,0.4981268622966498
0.34232275831908365,0.666098752082705,0.4867121468434078
0.33852327709681285,0.6633562380071634,0.4623682442269559
0.32399789008783925,0.6600668945440283,0.4533931595202034
0.3637903303578431,0.6551583273586742,0.514463459583542
0.3627966902898908,0.6604779903408103,0.500088597678511
0.3338698459455028,0.6522014009656592,0.474147489751932
0.37657845270191403,0.6695493696953068,0.5690501688119769
0.35047412581041654,0.6788248424440725,0.5243352684724729
0.3501247426267797,0.6871045797981327,0.5315477022507549
0.3625137347188458,0.6907951275887612,0.5324094389610482
0.36885422616066516,0.7012062289318456,0.557479305832103
0.346510796792764,0.6880975092055621,0.5351083450077393
0.37533559207148814,0.6840258405934148,0.5766519400032208
0.34859655261933115,0.7165265421167522,0.5757072663507161
0.34555454923100853,0.6988941912409878,0.5518264640830961
0.32849416760567296,0.7127452399760168,0.525599980715099
0.3417880246408063,0.6711838042911472,0.5856763023109246
0.3682099362688877,0.7210396559656944,0.5878295766585268
0.35218868951168714,0.7148673771516093,0.5901443247814812
0.3492522533028635,0.7008991011169471,0.5788638465338644
0.35884289075803966,0.7380251958900216,0.5608092729931771
0.3485329030508753,0.7564557085655843,0.5792311555187798
0.38438432124626276,0.7399682416866834,0.6137693991740649
0.3558582904267141,0.746736596157747,0.5884270903523803
0.3527667709152233,0.7137842465466792,0.5726612449795739
0.41690347415159934,0.7632649859405141,0.6100023047795579
0.39222707250677563,0.7162379281524488,0.5950658028738836
0.43547010371361045,0.7629771621219652,0.6023601806380507
0.4531662857302362,0.7701100601358054,0.6272544968026527
0.4447488904556052,0.8230867430404714,0.6213902038576881
0.38876619572328996,0.8390655403486929,0.5617490376812211
0.4658916969266176,0.8307952854167753,0.637675297050265
0.4689145979640411,0.8724320243235744,0.6721277138847079
0.41441028557080456,0.8679979092150921,0.6216861971970331
0.42334643990338533,0.8961876948360706,0.6618656214392448
0.4525209078347207,0.8803108318173171,0.7190358266863558
0.4391418245770881,0.9104685741693548,0.6703659909128795
0.43627115515297504,0.8612734574511492,0.7251009515469042
0.43623195796039205,0.9280726831557692,0.6779433056877683
0.4339564327926638,0.8850718320947926,0.700956936705028
0.39886531171950146,0.9000181783169061,0.6422989100935442
0.45148563629177035,0.9118090087225066,0.7144904500397926
0.42426256467912593,0.9038671185028168,0.6664378993525156
0.46257336091832046,0.8861255505688423,0.7168143680816179
0.4300468237753081,0.9258453153915212,0.6922469984886771
0.435445537723476,0.9010404061702232,0.6925729629200947
0.46084330053205863,0.9048969078245771,0.7329109518281273
0.45967148997459595,0.9425748329892482,0.6645415241220318
0.4639282705643532,0.9529168699239507,0.703771709200518
0.44531866339747805,0.9129677522832428,0.6665609127985147
0.4708200513502084,0.9506214222668236,0.7181765997805938
0.44642784750238673,0.9690295208931016,0.6547435974688928
0.4173394581965036,0.9300834701014006,0.6629587460938977
0.4843696239480211,0.9399953695136364,0.6994832863487517
0.5097631785900865,0.9958675015759868,0.7183535762460305
0.44850675025540876,0.9774748370447042,0.6765614980009609
0.6711570436905109,0.9878659782895084,0.8974663874228966
0.9383637186822594,1.0604531171584852,1.2186796846535979
0.7344074830803483,1.0839147825402833,0.9094870637495776
1.1228127955944398,1.2098315253819174,1.2866093967516137
1.3387401087089232,1.2964743029800447,1.6361716874040446
1.3460550939521991,1.3897107013815515,1.5579906471600882
1.2802196023365418,1.2465463059108808,1.554419247835891
1.3084664546573235,1.3283045533418978,1.5427608654872542
1.2971825768838647,1.2834521579025917,1.5300840532504705
1.2497331875390145,1.220881600149809,1.4969657519388375
1.2880860523570659,1.3328228588144413,1.4957744826869956
1.3024848565419829,1.295993248242484,1.5221077627448112
1.2324696697715307,1.230660631670384,1.4849152770866554
1.2528966504977388,1.2313970324977097,1.5032287948799736
1.2739215205822096,1.2799228221959398,1.4978876586819274
1.272052671147799,1.3098939445829074,1.4902245142762933
1.2429377658253444,1.2660185097747871,1.4641162151266798
1.2679509330178953,1.2617526364188212,1.490243257897456
1.2924772667848359,1.3019572589848452,1.4745249377912844
1.2368304222009374,1.2164841288023118,1.4785677579138643
1.2548741987399066,1.2213085851758951,1.496498265888328
1.2537836419298372,1.2336145321940828,1.4753014576889705
1.249446513855481,1.2412589029695298,1.4778250571247051
1.249803732818671,1.2281073747412434,1.4997275262616427
1.28899155259897,1.3032786351919927,1.507422289047519
1.255399325612255,1.2173807876133336,1.5370197775040737
1.2856681757404345,1.280299276744019,1.5021095619240932
1.2574239694309997,1.2250132403311154,1.509470701447838
1.2423779416213783,1.2346415255105976,1.4607393447459849
1.2970535622466928,1.3011705485131912,1.5133302692867894
1.2759268378668909,1.2435498725687022,1.532948705375666
1.2619859821670922,1.2379272917647872,1.5161967880274936
1.2625876076678682,1.2278580520194189,1.5158639523387094
1.2581746269870266,1.2576878683583743,1.5016634267472322
1.2677533806854258,1.2736862756780185,1.502423431272403
1.2758545223912754,1.266130641377725,1.4885943026439674
1.257567505416381,1.2331572573244491,1.5080679314442895
1.2766833902870764,1.2357417456441189,1.5316583506671229
1.2791185803817855,1.2823705936853715,1.5101208983108887
1.3019468029310333,1.3056677106286865,1.5141370461719077
1.2999114608742917,1.3255115207356585,1.509151258593788
1.2573146444895078,1.2315851667186852,1.4910025874499897
1.2860317200915643,1.2739794418771853,1.5400858890465141
1.2857511045251793,1.3046880429892824,1.4850476275333326
1.3250475958731314,1.3599207550469958,1.5176483260144644
1.2574028845366538,1.2399141830935512,1.5219750349279446
1.3157851962962865,1.3122194716773803,1.5311705787204288
1.2476084536144394,1.2225428054804983,1.5381450817315132
1.3087336739628121,1.3006115649542804,1.5295504258186101
1.3112714179628173,1.3507475727333982,1.4977239641015845
1.3027079723469086,1.2874038113280313,1.5087241585388051
1.3037697348317487,1.285724597973786,1.4999491848849411
1.294156978205456,1.295420146332626,1.5075790135861822
1.290739644302193,1.2526900529688674,1.5269398343681704
1.3216281414939575,1.3001970394981148,1.5405120585236074
1.3157510333464797,1.29322142626015,1.5347907079200769
1.2728412218621952,1.2274203580501206,1.52384160145852
1.2618565583936265,1.2727665073092609,1.502918412797046
1.2805157972785037,1.2781912038575265,1.4789065918180575
1.2567605889360112,1.246830355808334,1.4948353996206143
1.2445390447342006,1.250121931196308,1.4802691389419966
1.275139106997788,1.262513956423944,1.5183974801004014
1.236886859019,1.2195865092315905,1.431236738208061
1.2612108021360002,1.2572302223866911,1.5040669705879692
1.2149644868858083,1.2002706874143714,1.4529640096876673
1.2047878122678162,1.2017796572067885,1.4268239684336308
1.2387729284112394,1.2442994111915415,1.4545812871847985
1.2157780549757267,1.1930108131126538,1.479509424175461
1.2102955914114484,1.216808913943675,1.428817991458193
1.2412346970418833,1.2501041989223107,1.4468309928343177
1.169947448162695,1.1573541513626824,1.3968211145579297
1.2179721997187818,1.2248555322212358,1.4104930106576037
1.1954455133228041,1.2090117812181451,1.4147555782821557
1.1912212069972021,1.1868853763291631,1.4114861219691957
1.2016349541832332,1.2245494525247391,1.3855848906098194
1.2140862590792627,1.22497905380917,1.412435823285238
1.1968991061436687,1.1941207263524438,1.407792421178565
1.2032340841462037,1.2175053720565243,1.4291512557420274
1.2311518926113652,1.2742331709328634,1.400481655440496
1.2361722982247223,1.3174460824437313,1.4170282228644364
1.199971605947542,1.2154630345484887,1.4301289328854891
1.212604432806383,1.1997964560273064,1.4342382506123794
1.1927491033262774,1.19515460368689,1.3971206601685249
1.2232360024292688,1.2434642888007603,1.3976882132562525
1.2111281180692919,1.2582992423485502,1.3949600946144154
1.221041276578631,1.2371361912182666,1.4143656888035017
1.2138042351705496,1.221488696547704,1.399355663779966
1.1674726042763732,1.1751833727989152,1.37689387146611
1.1631337510728441,1.1855317045814346,1.3590682038420114
1.1684181863531922,1.1977262247086318,1.3650381197122392
1.1424269559200582,1.13627171826852,1.351779347678611
1.1640365068789835,1.1741443745319269,1.3448482770009205
1.1091183902513253,1.175159610123919,1.3148699481444392
1.1047633180498437,1.1280401373640672,1.3235914395473674
1.1319399788790068,1.1426918385957752,1.3739362136678404
1.1390176421332205,1.1957082616933423,1.303197582438593
1.1094456822864591,1.1137740183278606,1.301139789430001
1.1408273779473328,1.1653159670501925,1.3366935662122577
1.100228819083984,1.1064454843766107,1.33583710610248
1.1104151517807785,1.133028488621746,1.3136926578841388
1.1129215587987533,1.1367930406909794,1.2951411777284418
1.1230633176019085,1.1231600881635948,1.3260803125770697
1.0878337306498684,1.1032112413602413,1.2722162292145969
1.1028907767261058,1.1316844457802555,1.274625137228427
1.1058190993948185,1.1182895416089629,1.3044134804903564
1.0948588146648506,1.1393104294491698,1.2791632035635727
1.1198373508731247,1.171258474659624,1.287898150148015
1.0773770485647436,1.09755598248741,1.2720378775222227
1.1310086913250674,1.1793267335568454,1.3188910335256423
1.1050783255292798,1.1243865162241855,1.281173690839968
1.1033921417361694,1.100658408413751,1.3039820679525658
1.122453229560521,1.1456708290477065,1.3052198978097875
1.138008467750863,1.1796909790179,1.31580359593543
1.1186911813984164,1.13153419256355,1.3187954700255835
1.1244608225645027,1.1538572600337198,1.3092623999252992
1.113200509985966,1.1377875347300592,1.3094792682548524
1.1078076685674623,1.137592938366115,1.2977108514091495
1.119854302683432,1.158900347520364,1.2954191508685688
1.115964963194774,1.1179186581067728,1.3256977985516305
1.1671971056959343,1.203307789577178,1.3375589051628385
1.113296942698911,1.1144902229028315,1.3082709455325596
1.1098919235432274,1.152061861794388,1.2928558004054893
1.121850176466793,1.1566384353527766,1.2954024154404222
1.1410188731083284,1.1651348583199337,1.298475496971753
1.1173814159378512,1.1345310162289155,1.2977091102751392
1.1267891762004063,1.150857930197904,1.2921360954713583
1.1240720405351883,1.1275259947678602,1.3091606089975687
1.1279446826757626,1.1267030993881808,1.3247648401997123
1.1124500354644666,1.1068784927599298,1.3224512330047036
1.110382951747078,1.1131884114707444,1.3143085981891138
1.110490555442783,1.1154812564942935,1.3207691333574183
1.1105882237952551,1.1199582070806675,1.292970460779319
1.107197720798852,1.1271987878598868,1.271949754075162
1.144569368787551,1.1845355973499598,1.3099480871643008
1.1314284114380473,1.1523511543754226,1.2998264263177008
1.1127416467800328,1.144407566494568,1.29963583490777
1.113907009857996,1.1525055881219588,1.2802140271399247
1.1160176930414796,1.141783474137888,1.2950086528163394
1.0876192771949158,1.0908413004976625,1.2925746470219606
1.0896398024668583,1.109428717361575,1.2765036448231837
1.1049898187799676,1.1556148084181153,1.2641911949727371
1.0912096565902856,1.1139737546933193,1.290480966786029
1.0625747284031488,1.0930903401481191,1.2448925771198174
1.0668969824542918,1.097690641877843,1.257510934069124
1.0338567682147692,1.0823465089498596,1.2108963214797033
1.0274112370317245,1.0333658667172632,1.2250010876085224
1.051531894392026,1.0801504566730011,1.2340861041424078
1.021114834959911,1.0393823736108585,1.2160987048539484
1.037881686288352,1.0977732745683475,1.1981509518142233
1.0110317681705105,1.0342714189912745,1.199177835762821
1.0331938579739108,1.0653871595071784,1.2086555467936768
1.031467678255071,1.074611490763495,1.198854708682896
1.0201226259122433,1.0740736250650569,1.1874203910428087
1.025134616601224,1.0601828977586143,1.1949557996677715
1.0369180514346783,1.0644735637374136,1.1995717478569643
1.0132596196661956,1.0244171977165517,1.1982981678616498
1.0169338505003476,1.0706537524123811,1.1617975753708345
1.0196066023139978,1.0690054080827602,1.1768209533237919
1.0069591792901091,1.0517635438256074,1.1877614917243895
0.994231778343167,1.0082351943614372,1.1756238575578088
1.0119800162390917,1.0473713590098237,1.186447317111858
0.9968591549520605,1.0146530657320647,1.1806347960843415
0.9985957409249889,1.0320093532429688,1.1697869909935907
1.0176202104194343,1.0667813461393183,1.1771875651844317
0.9906578491706943,1.0187081341136386,1.1713593149524857
1.006529774323934,1.0345499030814609,1.1959157632517516
0.9872496991685545,1.0186557164504817,1.166559036887268
0.9974449554326452,1.0207149437563827,1.1961277695382375
0.987007064231285,1.0167150672285026,1.1609757349814875
0.9714643443414275,1.0038789609135732,1.179826041164305
0.9661182113027544,0.9823381944338644,1.1690101775410129
0.960982403080214,0.9828963861265264,1.1678180224515815
0.9589461639513316,0.9989323047564248,1.163538248247023
0.9866053271426642,1.0459869387096434,1.1442904457804346
0.9541077468173066,1.0005986622941279,1.1299915293966694
0.9519945331469714,0.9845398715116204,1.1459583291239952
0.961107984940226,0.9888050098797252,1.1433621267083545
0.9551020344641469,0.9970036533728692,1.126632422846837
0.9688168085803003,1.006212902460637,1.1465971824943957
0.9688979110176653,1.013031600803548,1.1434924270693931
0.9692106256062355,1.020423265191456,1.1116442169433316
0.9579553014268104,1.0196865884433697,1.1266927102117412
0.9759071243357863,1.02570268986966,1.1360894430546469
0.9757550529190745,1.0198111824821638,1.1327425618299949
0.9736626949120799,1.0123047211471865,1.1371295135943718
0.9555142891421353,0.9825866558819364,1.1463271655884966
0.9629010682408747,0.9890835662268892,1.1376033030845776
0.971977740900255,1.0090487869630795,1.1523131329860987
0.9737381398379691,1.02556909611932,1.1376208079373809
0.9459838781919544,1.0022438217545706,1.1412397443278308
0.950520507154729,0.9758060139462728,1.1294061276632938
0.9556107156068816,1.019276516344152,1.1378193372397805
0.9412012140780871,1.0447412556643323,1.1005527917360638
0.9408105816455204,0.9711068661705664,1.1149798884337023
0.9328270838525395,0.9785785258704248,1.1123252685942604
0.9343703529674618,0.9843001221868488,1.0887232918894816
0.9308376287993645,0.9902097267351776,1.0915327145511602
0.9374301805803094,0.9965956903250586,1.0866746896363044
0.9337124170857001,0.9912755823101256,1.0922192744078196
0.9305171399485372,0.993677133250546,1.0829402258046894
0.9270364128583889,0.9682419911133155,1.1106199248395854
0.9281820855444474,0.9886135580244596,1.0777813127409632
0.9397873330253979,0.9765131210610966,1.1049063302509956
0.9394916575488366,1.0008310643469245,1.0932419396948736
0.9402568181396699,0.9919732222490214,1.0788773200348438
0.9325296081924176,0.9677868162463324,1.1052177614388172
0.9347354271679168,0.9978838120532512,1.090633678144138
0.946250240075884,0.9899527428340459,1.0944807080329813
0.9487448012253765,1.006590608379236,1.1130591130336898
0.9477626592474039,0.9726821209526862,1.1173535054854082
0.9588234448761648,0.9986042780872856,1.1294193315891778
0.9305323459689688,0.9973108042732446,1.1170767478707124
0.9358456227430758,1.0004855670531971,1.099882013381798
0.9391733076255768,0.9646351777044454,1.1177806700287185
0.9503691936098275,1.0005091731206774,1.1208734813153731
0.9322683517171498,0.9573283055548416,1.0906333816901028
0.9308339305478239,0.9760463026707452,1.0998917755116324
0.9516217483867239,1.0014940079784704,1.0944995196757097
0.9491891714352321,0.987388438841498,1.11247410418708
0.938490430571207,0.9616773052647992,1.1006498509273526
0.9461169177460113,0.9859082538324442,1.1061445102359764
0.9386608367083177,0.9940016104210634,1.1000258898913418
0.9397718347126649,0.9737413235117924,1.09442620951717
0.9627148538290179,0.9998909983012022,1.1262108031856508
0.9485611053566276,0.9990043045824522,1.1160350340443443
0.9547865322348263,1.0295494258868196,1.1136236731918396
0.937610931460096,0.9801357452786064,1.0955547456168055
0.9446217536016027,1.0073312472632436,1.1253423153196267
0.9285349955191511,0.9764200748667204,1.105662432319523
0.9311592797682722,1.00497406255688,1.086239768004465
0.9196862921572153,0.9485957583699534,1.0895102319076926
0.9422273278309621,1.013948629151881,1.074864897335343
0.933960520920071,0.9844544495732416,1.0895070419393234
0.9281938834069768,0.9987676823981384,1.0889845726153071
0.9100681807561132,0.9367019987232535,1.0666917842621528
0.9119652289374998,0.9467160091653138,1.0825606284729528
0.9265497375316248,0.9982182054974658,1.0876096091922094
0.9257326029701725,0.9913100243106076,1.0755405445069144
0.9224756118573351,0.9554093188241594,1.0748428994855828
0.920602967441874,0.9705012072423002,1.0886995343261794
0.911806413122521,0.9529480720876502,1.0617877016362929
0.8997151612026799,0.9498171013513396,1.0816644178047212
0.8982536884617851,0.9580632795257408,1.052207047156967
0.8907682198475846,0.9136626656546016,1.067175496051547
0.8904010649172084,0.9368197243080107,1.0569610475818385
0.8566980079919558,0.8976315427345053,1.027250505007164
0.8433602823774848,0.882663048871682,1.0296320974285564
0.8404438096582529,0.8820040067688382,1.01266207176255
0.8360001907209258,0.8748271281813704,0.9903443317056876
0.8233416968218157,0.8797160104509311,0.9784562154846204
0.8228427046816852,0.8674263716710772,0.977010987443492
0.82012073098174,0.9215338581799682,0.972759681699282
0.824278100891873,0.8673461176965289,0.9817243122296804
0.8225609986984356,0.8752489790066948,0.989068879256999
0.8174834076357732,0.8854441698479348,0.9861690958296212
0.8276471340759732,0.8688997538502599,0.9820640884184876
0.8133620535555326,0.8935797300730556,0.967954562005382
0.8134963126636428,0.8547263176549373,0.9684221859972321
0.814552754043572,0.8904283729105003,0.9759051719310464
0.8176447677628229,0.8691110571615946,0.975214431389278
0.8198959770830825,0.8539287434909021,0.9715482548561084
0.8211567197071882,0.8820778730217669,0.9774965138632368
0.8101860237690317,0.8727296340867587,0.964248295724326
0.8122896611712787,0.8799235560726043,0.9691680798031004
0.8218657569026427,0.8655173319415793,0.9797322076730882
0.8196439018330502,0.8748140431118694,0.9679409873010376
0.8210514478707819,0.8794221040091016,0.955816481827085
0.8259127718519845,0.8867136597566158,0.9895533702533448
0.8185535969449667,0.8763751317130318,0.9830666128188952
0.8232373121324319,0.8619525660615001,0.977791791676064
0.8271437310774526,0.8990168842161081,0.9838647303706484
0.8275533075306063,0.8620669054480555,0.9761652023911592
0.8280420187465981,0.8883420142020516,0.9777703742031832
0.8264737409021049,0.8750233745237196,0.975131046779761
0.8265534839208064,0.8985342235456629,0.9807819563435908
0.8262970966007451,0.891182089673364,0.9782559639970018
0.827870654932322,0.8816923464209516,0.9916826350601304
0.8085368019563373,0.8482264936385406,0.9648431686339058
0.8024477723007363,0.8573267644463425,0.946575944310304
0.7947637744129357,0.8467040446439594,0.9397258217033824
0.7921097576776215,0.8698753332069172,0.9335978685271012
0.7930112893523596,0.8498233775415557,0.9394820858478244
0.7835981069827409,0.852261528471774,0.938679625524543
0.7848836423551908,0.8628586551333968,0.9312931556532028
0.7944763224171624,0.8969236070475385,0.9419475828483276
0.7883909088960468,0.8464248035403908,0.9290783326517792
