window_size_1_MASE,Plain_wAll,Linear_w200
0.2162336082836071,0.27040924430040475,0.4876326390315889
0.21789857238313556,0.2913964603672175,0.5048816806465471
0.21230488056943733,0.2758463622027686,0.4759185022821642
0.21422481648725622,0.2795339027856497,0.4687949767323952
0.21029209117860578,0.28001441374968955,0.5230709579952925
0.2080852788360756,0.28621170707214216,0.4916913802988219
0.21032099004599528,0.2756709851785163,0.5133372235057975
0.22372387932575655,0.2972063260005388,0.4802265341392716
0.21127139679848106,0.2754862571794423,0.4641978962874208
0.21228240134208548,0.27176556431122256,0.5227707971991259
0.20772427959853407,0.2738509943503193,0.4901167896480386
0.21524656175932846,0.301476930630645,0.4792862600048701
0.2033382804534105,0.287731217788796,0.5144271358059376
0.21314384875035575,0.2839691079579583,0.5086087498738883
0.21031394968330205,0.26426384726884083,0.4883500239587365
0.2149830114578877,0.2771081719611909,0.4794152497158792
0.2083402635268297,0.3036835417932125,0.4903813251537155
0.20339953838596364,0.2820331644777031,0.4973619598650578
0.2169847494790783,0.33045815999724937,0.482867184866849
0.22109055674481082,0.312770857802053,0.4921405374120264
0.21952849370916977,0.3144782859668669,0.5042266854984826
0.2142300699602994,0.28232700230806185,0.488001043666595
0.22560246108872473,0.3427894188380436,0.5066115251579203
0.22729256059053093,0.3037442385040624,0.469775176629956
0.2199959104025077,0.3069271425706463,0.47389703583732395
0.23398210088939794,0.3166320962465501,0.482480151398801
0.22253798526627136,0.29542014756675355,0.497679586911428
0.2240551586849241,0.2860329805069277,0.5153525584125159
0.21892044992856355,0.3073587099339091,0.5400032707850332
0.21506001440327988,0.2693565398113782,0.5025827145861271
0.21933188160984352,0.30380478849973663,0.4957867262147119
0.22221722643260514,0.3123964370656174,0.4927881660337294
0.2185124084016718,0.29496765822765225,0.4911438384746735
0.2198189770368613,0.2927816358912299,0.4970024603400108
0.21809345305038408,0.2997740559501155,0.5080837199736984
0.2116254719920126,0.3207665481009461,0.5375805129000562
0.22192971184260862,0.2908717039198148,0.4852819101179454
0.22099005124704615,0.2930937555088217,0.5077911557267456
0.22638111999118526,0.3195852458054882,0.5032088919348038
0.22184928497242165,0.3017416801937749,0.5011367783411328
0.22494641983459418,0.34327366338049464,0.5049979642340502
0.21693030138550262,0.2880771634430705,0.5039714485450633
0.21573992915587026,0.28249288124780103,0.482949782750666
0.21421140134530894,0.3031904256469488,0.5136395948654988
0.22093035015057494,0.30619159837023224,0.4770881444602574
0.21691894411963084,0.3091764730460332,0.4710360273765968
0.22501449304194096,0.3197663760916709,0.5047879619943871
0.21457381591983832,0.3106337112895694,0.5154864230099301
0.22668367265201028,0.2989521679268265,0.4975204628652384
0.22642990002016689,0.3137352599634425,0.5059263085899307
0.22080840790260417,0.32143446807622184,0.4965366982253525
0.2220480640087819,0.321760966025682,0.4774237768243823
0.22882851092672638,0.321316590968743,0.503692766344641
0.22539868901523377,0.316396724255736,0.4877887329642794
0.2258201804421973,0.3097567800212765,0.4808928899947439
0.22171382278795385,0.3307706300884326,0.4760708388047293
0.22439960375152843,0.3868307168180706,0.4987051903451912
0.21944277474541843,0.2982579023968108,0.4949592041823457
0.2162299949152745,0.32318889209630425,0.5133745107552505
0.2269226082480943,0.3175727522846608,0.5206860936024975
0.22144828086138524,0.31904325407730105,0.5044013916037108
0.22134762269215488,0.3076178153932308,0.5169701523484759
0.20812711619498603,0.3176638639598461,0.4695923423236698
0.21713555067958076,0.3488823542675757,0.4873524499633157
0.22553382084850795,0.3084690428555543,0.4926240676306905
0.21846675987745243,0.3419018378704844,0.4783161699753119
0.22709853781007702,0.3141187677183685,0.4957756671106383
0.2239392601206914,0.2959106150853587,0.4993105511681927
0.2181768901085171,0.3183146041467457,0.5049272002152992
0.2249853638311715,0.3063369327199018,0.5246861100960039
0.23122040191568424,0.34386365515537665,0.4769506816807289
0.22854337890579784,0.3194933629787641,0.5223665127067927
0.22404961621206368,0.29994319304803296,0.4960550156404835
0.2239090188478504,0.3213827814228287,0.5099744907207827
0.22970505745090278,0.3292107946575555,0.5209908822814612
0.2241849530037362,0.31609159571660184,0.5022889296011788
0.22394353649729756,0.3953545645852571,0.5138234701005832
0.2267414809949203,0.30593654020254546,0.5109504426470397
0.21470845767878463,0.30019491206250665,0.5050657223404789
0.2228576880968934,0.3156802492900596,0.490920211110198
0.2261410812191952,0.3809559584282705,0.5043526112612121
0.2309735543123803,0.3181508066905829,0.496235222505444
0.22673954808672114,0.3032031538735958,0.4928301238126427
0.2223689033871133,0.3192271572991977,0.4965650862917166
0.21870446923548176,0.3138739208146677,0.5042102993486471
0.23192889728850832,0.3377086646853011,0.4673637188271706
0.22885534376704095,0.3431452957911877,0.5168833046755821
0.2271058911756799,0.31055096377833324,0.5200928706002736
0.23660572427559912,0.3191723946501166,0.5416693655337719
0.22904723374670063,0.31286145239757635,0.4777764605831887
0.2354227854883464,0.37284996297691736,0.4855595827935428
0.2220546893461504,0.3215589288389517,0.4970100511230322
0.22748130943366246,0.31352206122279475,0.5072748431109652
0.22572546299021445,0.341944344933426,0.4828244674545533
0.23254875701454084,0.31080610092282496,0.5150435815454874
0.22798666719608637,0.3106741302371738,0.4841911655914652
0.21745766040179626,0.29546538405347084,0.48598858888766205
0.22394536043872385,0.314408068031878,0.4795569080008569
0.22740209705119396,0.3195950347432115,0.5023474334074948
0.23301193159576422,0.3230314535068892,0.5301945458399804
0.23131657206355918,0.3461422284047549,0.5017216233308418
0.22856509268892286,0.31021921010848946,0.5177579638954124
0.2323213987160148,0.3377740418003575,0.5128216815397253
0.22680581347360323,0.34431213390726434,0.4740155982536781
0.23266698098655916,0.3155811564790259,0.5166409887754686
0.2303542946332895,0.3528373964005638,0.500485392547895
0.23383094480140276,0.3372943034590239,0.47827868535045
0.23314516479161024,0.3488477892351965,0.5163462147870821
0.23819872325976224,0.32853580111575875,0.5102656257041057
0.23142845001791426,0.33130872092301866,0.4919053617758559
0.23186713074066603,0.3356038158698818,0.4862798975040396
0.22432336185998117,0.2903029046509938,0.4867373632901526
0.2232194409174307,0.3657292612192112,0.4941941456229882
0.23084579053087573,0.34322004263424616,0.4940996208443804
0.22938252450188415,0.3378632537313947,0.4773116862271617
0.23758682696759859,0.3683660129683048,0.4898092416655485
0.2298065192693673,0.3024605851379953,0.4917592579184379
0.23110375049194487,0.32561857756142226,0.4921826084734332
0.23177792961443416,0.3445156507798716,0.4898086116485105
0.22544971918150833,0.3288759149116144,0.5122764456528597
0.242972619810346,0.3443082212477904,0.47627436507760396
0.23786161555089236,0.345789055201435,0.4732655823296233
0.23513247722855937,0.34451207179637,0.4866014211497218
0.23308038840897546,0.3646784227959806,0.5135119579195923
0.24333541275812232,0.3190188146370732,0.5029249784928137
0.229188705489251,0.4018731888200622,0.4944923330070372
0.23169740244625936,0.3470110018626184,0.4889714172836376
0.23459612916256034,0.3341072965914523,0.5060442902113572
0.24036729513790006,0.3797111782115956,0.4991633225734654
0.22784809808190776,0.32163992128158697,0.5041469104273953
0.2314448990311542,0.3164939303278869,0.4838325791966546
0.23184754957732728,0.3391287800064831,0.5079247339798085
0.23344010050670846,0.3341475767786313,0.4933859474625072
0.2387647259040601,0.35323045371492,0.4877722718736463
0.23137800331712013,0.4242067063323784,0.4897099062553645
0.2383160952480182,0.33573070975836444,0.4913348872295205
0.24349780447662098,0.3872835363276744,0.4914092152008421
0.23996334629133834,0.36825192356157305,0.5036737590709011
0.239496612988121,0.3572841340566397,0.4778550216612529
0.2504526348701252,0.40531929364930586,0.5153071563554238
0.24711953243833087,0.3700993934946601,0.4824077077198983
0.23483959335599508,0.33456332351004364,0.5081924408897512
0.24018832181671057,0.3550503206886062,0.4798973715126187
0.2288444764146489,0.3599246996453945,0.4819938308122353
0.24027193291176172,0.3838014552228475,0.5005254413187267
0.24122773830398178,0.3763191056273735,0.5076871472992337
0.23416071015939902,0.3339603832262339,0.4938608484945845
0.23610581418160972,0.33499657574843344,0.4667511035537621
0.24136375648902886,0.3865596964150621,0.5110999202275841
0.23846843148385666,0.3260846516205768,0.4910147828827138
0.24144549248219405,0.38589364510301416,0.4697642345729866
0.24088626186559128,0.3275753071904782,0.4999291819786613
0.24638718958588407,0.3771828051988518,0.5053709144697742
0.23635349783007092,0.3651787007002544,0.5096562414282143
0.24198886856679055,0.38187294211119577,0.4781488247428442
0.236604912171858,0.33880579127927496,0.52223056530764
0.25187685812929117,0.3528052393625252,0.4984579101002283
0.23692081376583907,0.34260614994053834,0.4865148877635815
0.23463688194941512,0.3248116170301679,0.4872006157229721
0.25344801248460486,0.3671244147297708,0.4903631436400058
0.23544174097322934,0.3837853939625667,0.4809612565539946
0.2398535769750413,0.3742835189854745,0.4721370229425036
0.2359441216957891,0.3313458795974117,0.4958008715319629
0.24305095780673602,0.3371034581735598,0.4879548372897217
0.24426250620252746,0.3312389034342006,0.4725538500165014
0.24424928700050352,0.4143841089983553,0.5219433689561783
0.24395660607578024,0.3595713292805099,0.4652570638224349
0.23836836865663016,0.3646953223198505,0.4808082234012056
0.24272784018014046,0.38209542420954107,0.4878562829046861
0.24500766709353086,0.4573679329787234,0.4960280876911733
0.2344449405496575,0.3504184516012364,0.5028491581752941
0.23695335616628196,0.360180220956325,0.521473392205614
0.24074697428921638,0.3534925647965324,0.5136155278807096
0.24039829455365183,0.3659499310459931,0.4791430775460304
0.2549901546036996,0.3674047195135231,0.492606653115989
0.2504345240494672,0.396632606422564,0.4798612102769553
0.2379770565638345,0.3557106008858129,0.4865177479303421
0.23596335165343818,0.36823823536772,0.4800695714354785
0.24089022577387403,0.3460755206511044,0.5103278629008379
0.24201499471212312,0.375722674783595,0.4958219984429801
0.23635213650062234,0.3306754329910116,0.4823417970556138
0.2516011830013006,0.4028778538100184,0.5093725675240779
0.24619423624682568,0.35286978242858064,0.5168319533897312
0.24561122024318963,0.3476500217231174,0.5093665694762549
0.25368977579644386,0.42364231236034205,0.5040258115872949
0.2441487697283584,0.3488414036268929,0.5040904339133987
0.24183449673519555,0.3646354764701024,0.4578381165927842
0.23756055591822295,0.3659124446269792,0.5187725067846748
0.2519133859046406,0.3772082460035831,0.4703465663373928
0.24616526997499968,0.35450778591112303,0.4668308461499908
0.2423560860483773,0.34983783813793606,0.4850513575427683
0.24113374390444078,0.34678219209612393,0.5125908172440872
0.23321506579577134,0.3997389015216526,0.5102673480553076
0.24923121572943155,0.4052265463654575,0.47321507007920005
0.2451883675924015,0.3805228726335349,0.5138732631087213
0.24540615954912753,0.3641537983754199,0.4687012296074594
0.25739449821772914,0.4276916616814247,0.5065728536701458
0.2409073017922135,0.3813467054009829,0.4937300194909796
0.24467699981087573,0.3635372012221548,0.486017974376505
0.2434413029381286,0.3835103866028568,0.4757651389860764
0.2406605049580484,0.3341160955449952,0.5052483966198351
0.24308163743626793,0.3402882847735523,0.5052003900420022
0.2421508937342081,0.3500592607189443,0.4839904212605676
0.25123730772782665,0.3879614913383485,0.4954042520977234
0.25128039940665575,0.34704572390014543,0.4845928454572826
0.24847071729327055,0.3724354435202048,0.468992218246631
0.24976033313085252,0.3743924898199996,0.5002642537305839
0.24876556613972242,0.37441636094457,0.49413766986819296
0.24795172368928506,0.3767653302768467,0.4715523356943278
0.25018233010889945,0.3824766641373996,0.4891836158194484
0.2575918294810648,0.4898630978891583,0.5034540237373211
0.25099837261382646,0.3720013180548398,0.5136157235113061
0.25100095707361253,0.3678230057294451,0.5133460875053688
0.25261411060326017,0.3683665470339298,0.5027228191853792
0.24385570954335287,0.4084225962353408,0.5016919342319016
0.2523631495036145,0.3730677390319437,0.5133139662635312
0.24221618062229325,0.3655097098264746,0.4925669446192643
0.24761807805438937,0.41135666893646494,0.4885971956877917
0.24899148969095847,0.3921132898802439,0.5371523946536797
0.2391297675639633,0.37162798712559614,0.4627948759941162
0.23655246716426323,0.3632813853723391,0.4855762520274836
0.25279298710914416,0.3954163952951973,0.5044938092187421
0.24719899468469023,0.3567478904780147,0.4881279459833488
0.254749026220082,0.4338037962645979,0.4951042006953997
0.2503090714232604,0.3598473313177864,0.5021197893586831
0.2438670941329447,0.3732919693054864,0.4848082008430732
0.25384338266687323,0.3614250673190891,0.5057833230191817
0.2502990742651247,0.3673636540681202,0.4978194335233319
0.24591936244401238,0.35315908962940434,0.4900598410814304
0.24128117601089666,0.3939212503477146,0.4962697364895478
0.2470627764463973,0.33539673928645064,0.5001604148277153
0.2426540781040636,0.3871464315675885,0.4884441215045761
0.2565031275813873,0.40605840078113536,0.4910589870313066
0.2521029312710104,0.37600477091568413,0.4979184353439474
0.25211108109298297,0.36033412059967,0.5113000882443574
0.2589051299729431,0.3726898921302199,0.5182171573985319
0.2441531601711511,0.3933485288828792,0.4980906795249192
0.24782838135268292,0.38099147953751256,0.50547659252364
0.2417063566021285,0.3420008173610408,0.518063630906264
0.25177306194399485,0.3946003207779505,0.5093272040455846
0.24279803615060516,0.3492735367695605,0.49685167876971403
0.24893032453235878,0.3612669056888732,0.4847200446638954
0.2479537519992627,0.34400766503450586,0.4776110250639865
0.24890478247052933,0.3817509885788112,0.4889194385990732
0.2505616643526479,0.3774688145602528,0.4679473381382423
0.2500351055255935,0.4001593956773999,0.4890066492312069
0.2561541280892064,0.36267651614667373,0.4996451475628914
0.2615600939657675,0.4553767193841266,0.5288778605370261
0.25641935986451786,0.3661953164443512,0.5101295268677436
0.24097879278996207,0.4026186700100744,0.4883216615374125
0.2532439350493169,0.4145082185277759,0.4985976505551804
0.24543756859042692,0.3819977026094557,0.4890468624510298
0.25647361925593776,0.44941275064289227,0.520490686037373
0.24682831909099387,0.38285504315521857,0.4867851069390376
0.24410700508289854,0.3959398168369917,0.4796840319011523
0.24789856406683733,0.3899603390217043,0.4824030484640036
0.23967737880139361,0.3679562698065272,0.48188991860013397
0.23906983678243152,0.3856232005987515,0.4986474677322164
0.2558984551346549,0.4004617531696898,0.4893744166682176
0.2505560779317149,0.3826350891316848,0.4742808952145938
0.2591438008701051,0.44126760800430576,0.4656486641114628
0.25222826529102915,0.35436693127031405,0.4847020739115386
0.24388570512899502,0.3680834475283693,0.4965150838725978
0.24662139527229918,0.3775259992457651,0.4815561547029618
0.2464388620323494,0.36621511314069866,0.4809445964051152
0.24802415886191959,0.3870461064803672,0.5353593117785752
0.2562861808253455,0.3979889688772311,0.4887498243837809
0.24607771864648356,0.3473713046511435,0.4873255773580235
0.2488852556609791,0.42455826669908736,0.4929793677972069
0.23812067205290968,0.3684143515371232,0.4914552102282305
0.24393027022339817,0.3871548223216565,0.4838933003245566
0.25466558660813055,0.3731658593018494,0.5062686263418784
0.2505294497432049,0.4196459563401422,0.4924139299479602
0.258125372771072,0.39745544346693307,0.5236884856434106
0.25978541219860146,0.5513063070972657,0.4880360155164672
0.24006707573766872,0.3560299042708919,0.4907182232339618
0.26430319515475564,0.4023832391006106,0.4785225301729336
0.25568019153189037,0.4842541290403328,0.504135221230134
0.25030523342917016,0.4030922819508039,0.4823275214754447
0.2563711315832466,0.37720865944398896,0.5021330537800268
0.24505282799468034,0.4143081210605937,0.5059551999235252
0.2528364389894845,0.3887437670957036,0.4904289239566929
0.2535280734544601,0.3824022850933949,0.5065306778474651
0.2669346685549722,0.489083465341744,0.4783715675922086
0.24736270527571777,0.3853402796111321,0.4991432950077918
0.2501840140806145,0.3869693710228443,0.4900822817400989
0.24586722455224638,0.3972998259188452,0.4996317382789476
0.2499975900986621,0.3924080564996413,0.4960209304080895
0.258129261788546,0.3936138291181143,0.4685054297339685
0.2479068275169103,0.3801122323139157,0.5018540631299482
0.27275934858459383,0.485190911863866,0.4950045161791472
0.25796926733944153,0.4529654154538232,0.5024002790692186
0.2584713841405331,0.4215538099395049,0.470982821219593
0.25708428537961475,0.4330688835649209,0.4892004110440084
0.2425570629072651,0.4010964105768949,0.4951741929072645
0.24867099699188666,0.4116577213552698,0.4846519216465808
0.2685630420980024,0.4990790851560933,0.4895225737715579
0.2643343587552712,0.4915049743980512,0.4897869071298001
0.2509201663584162,0.3823762777032349,0.5097080277991102
0.25929546591020036,0.4004482268187569,0.5176071799656128
0.24853126261703662,0.3910956013520312,0.4794889221728066
0.2447786561139744,0.39618966401493017,0.5061317294173993
0.26105906111669336,0.41140638825223136,0.4772539312503049
0.257783816739429,0.4472518798727044,0.5018254180865585
0.25558891319499855,0.4294869235484735,0.4796315978181326
0.25484554683031196,0.3979143589549923,0.4917639369395745
0.25172505196019335,0.42485850782939655,0.4736216546017158
0.2545743983291958,0.4021284628763538,0.4947858926823648
0.25970374771816557,0.4536656262904085,0.4824238772638286
0.23971223353409904,0.4572306520021731,0.5078484159809801
0.2598200770413275,0.3944244780701735,0.516824894451879
0.26511842988469064,0.4837208224517518,0.5008613010187289
0.25634185862963293,0.4252010761956439,0.4767047458920706
0.24852624088321412,0.4004450048778305,0.5017708232959976
0.2553138819527048,0.3842164473669929,0.4834964830462817
0.2524433119696717,0.3999457560642937,0.4764352651855879
0.2517724144694288,0.4760244536739037,0.4845540552169523
0.2554225410171211,0.5016149326786471,0.4552684488991518
0.2608730644811688,0.4118000548685978,0.5231910000306186
0.250675134964733,0.3948192575910077,0.5012042517485605
0.252477343959068,0.4171761347012334,0.5015872234172878
0.25981184762995463,0.3978558312328784,0.5048830316127814
0.25300282573606303,0.4664347836129353,0.491298056948281
0.2568240353685498,0.42219118096833136,0.4978738977142772
0.2416218102311918,0.35234497444556273,0.4978645827016939
0.26378377738666386,0.4202258335817253,0.5082726920071983
0.26514888067209247,0.4763677687516909,0.4762462700354385
0.24988765600642351,0.3838312257442139,0.518880533385104
0.26088592903233304,0.41002918402169297,0.5000875812207068
0.2668270072063874,0.5296010823828299,0.5064507798286673
0.24996261596050637,0.4496290597864208,0.4853622368234654
0.25346457620824403,0.38705730689314827,0.5106973733214375
0.25614927978186564,0.38508071429906604,0.5009881596594589
0.25583602946999345,0.4400571293399602,0.4895241398952582
0.24728256845067598,0.38799599573021104,0.5034242397038295
0.2632424700348552,0.5019054574461502,0.4998628140965779
0.24594896725369939,0.3853366772651413,0.4950576888970344
0.2723503774276587,0.5055536198260121,0.5107087783446477
0.2562704510412962,0.4351576831961089,0.4930740526711018
0.261543138957287,0.42401416471035935,0.4829039494104274
0.26236024637439237,0.4807612695750058,0.5015104719215383
0.25852931309030325,0.4593419582126305,0.4980378103472175
0.24593689562663684,0.3686889971814205,0.4943130436425982
0.26250521311367175,0.38360273760516334,0.5081388248947257
0.25455120514408963,0.42165744199116056,0.5304220353058662
0.261878741653016,0.3841204687410253,0.49190176743973096
0.2607073305846051,0.4254389069717979,0.4873847896326381
0.26389131222728063,0.4301598088160288,0.5030730644358132
0.2527941058036206,0.4304367800767471,0.4994966637095209
0.25611456731147286,0.4756475854493623,0.5245041813935639
0.2594202498598719,0.4303956010056066,0.5117188315885831
0.2605022486445818,0.4306328685923841,0.486253010194513
0.2605453548550799,0.4221432965725326,0.5065949133990061
0.26058635547591574,0.4314950663887756,0.5100516424925711
0.2643734725483077,0.4388109448862956,0.5069185445280439
0.26509907424343643,0.4610484546924982,0.5071637721401064
0.2530977876680412,0.4349786297554491,0.4748944467436552
0.26036188556610407,0.40181340313736535,0.4886883998911029
0.2562399600506331,0.4226039648258976,0.4743119717828527
0.2644565745773802,0.4707071604600906,0.4924911201482925
0.2623932931262306,0.4159311899305228,0.5205349754723461
0.25922796929295955,0.4874565831962674,0.4900879952345933
0.258953983720211,0.435978793132844,0.4781950138156648
0.2675369219727594,0.5058785892136332,0.5026737017076794
0.2614271984808055,0.4685191096425161,0.5076947608583685
0.2705527507397295,0.4145205089978294,0.4996869031711562
0.2640972613405843,0.4309030178769157,0.4912857355385513
0.2733138724220187,0.451771730221272,0.4694403017619663
0.2710975461317959,0.4302027401631319,0.5067720289320675
0.2644452956676725,0.40030598892978897,0.5249124647076927
0.2748300805973894,0.4440316481760295,0.5169295472120448
0.2602983757245859,0.4030277408709636,0.4743011338073513
0.26179216237077685,0.4089468131781852,0.49374515466408603
0.2672190889777405,0.4234418522724772,0.5028327089825931
0.27578104345804183,0.42262554595803903,0.5285734478590599
0.2702906199823765,0.4476021949479742,0.4747867676100973
0.2705849797538098,0.41574663086212543,0.4900886811533261
0.2646215821648505,0.4154135879750492,0.4910061956392316
0.26199777196092877,0.40060487240948817,0.4879510291935464
0.2626308264834869,0.4263897756046653,0.498300630360317
0.26757419472273747,0.4215107037773197,0.4677814221374746
0.26454370994358195,0.4068540617981893,0.4709027588336706
0.2820165920346091,0.5280043688854699,0.478957379414509
0.25945404233020297,0.4201270532165759,0.514185796440306
0.2716542124220096,0.4251974420923571,0.4959885717028623
0.270863799508774,0.4359767223450449,0.5078394822232998
0.2711350884200672,0.5589463069961375,0.4644290081804033
0.26059860781601507,0.4700099006267717,0.513060712009342
0.2605002803795396,0.4219080890584185,0.4592067456679684
0.26810604244619757,0.4445597703610725,0.5085565153922921
0.269531233335453,0.4011676294604936,0.5016602404356673
0.2668752424590914,0.4886474039102602,0.4955778670460574
0.2702266592565933,0.4490133812890273,0.5041919127188573
0.26390998646171904,0.4240708576049412,0.4833470745869647
0.2588081487659506,0.4547250945792458,0.5032695506819369
0.2615145369235177,0.442204861885738,0.5089611815989344
0.2588297698438933,0.4367652386423292,0.4987574703334829
0.25714602768329864,0.4052199656219024,0.5130439976624112
0.26235795119189836,0.4194588149217367,0.5171579821854005
0.26047641043525455,0.4748569380206731,0.5301791386941163
0.265592362616008,0.4814044637357896,0.4889460429046815
0.27091111863362166,0.4563828966121548,0.4852907567500671
0.2514384504589043,0.3905560147536221,0.4910345555184009
0.26664413735985854,0.4781063954382788,0.5020479735387897
0.26261485700262105,0.4344298512130937,0.47747516029426396
0.26739455470212803,0.4213706733283628,0.4855462614038305
0.27315756836388094,0.4467427913997983,0.4939647105224737
0.26068607433024465,0.4064624804223591,0.5340551909135786
0.27020294914095894,0.4628299027647103,0.4917937945767326
0.2711519594996638,0.4461574739570415,0.5000536970303561
0.27398944461346675,0.5262765317780425,0.4696723780392029
0.27138922173038393,0.4438818409709782,0.479708600232458
0.2603890291834374,0.4579459750283221,0.5023466955556278
0.2784997784471949,0.4507585447997892,0.50897766150111
0.26312339258037576,0.4602221821375991,0.4632052318996708
0.27196846476485864,0.4860655607763444,0.4989134733018742
0.28382736547024906,0.5035533454709659,0.5184389327176124
0.2710388302996908,0.4133958140479087,0.5264741357396788
0.2575559184128874,0.41346491059837226,0.5129888201120778
0.2696436664850291,0.5389123304919579,0.4860683864628137
0.2754970905737859,0.4975979320996864,0.498611331848397
0.27233761104975296,0.515091792474831,0.4871018989217049
0.277610484038598,0.4504555198833752,0.5128618295716891
0.27640954854370015,0.4354160719342064,0.4978281579409548
0.2784511149397999,0.4059877052322806,0.4966541902610486
0.25694227975621914,0.4311078810256751,0.4768825101856979
0.2584442476705071,0.47643073542478204,0.4933517513703887
0.27485320735267793,0.44930079608512696,0.4703294571632785
0.283202084961201,0.6144427474749495,0.4970391717467986
0.2873143139226204,0.471935375255665,0.5025682746925876
0.2780977372769568,0.4510945430619485,0.494178152835201
0.2808004502713488,0.4603855724670741,0.4793889985091703
0.27139950880602653,0.4909517443203085,0.5008195417445251
0.2751883700493876,0.43468356526743857,0.5046616203138474
0.27713309111223633,0.43332905411907374,0.485270139029631
0.2804619694050715,0.5120917313023666,0.4900694311748255
0.2659708094606374,0.4774493149519284,0.5053628744107483
0.268542336693578,0.4341289342791623,0.5173401087924251
0.2768275310262138,0.4644676488987488,0.5091801563636049
0.28272004239548737,0.5068659061578901,0.4742749517643627
0.2717770335674451,0.5086178856771082,0.4837300950213552
0.2760620623152791,0.4520346418094969,0.4848816633033685
0.27989784114594535,0.4483892060090032,0.4926509011679713
0.27956227328686767,0.4941069424324472,0.4697965624102492
0.2687878076809712,0.4429203318845276,0.4897003550122606
0.2708727128937777,0.4615002321030744,0.4890468991084502
0.2705625517934283,0.4621674330234018,0.479068780879081
0.2636166740763848,0.4633359831887699,0.5106689358124094
0.2728879085253828,0.4436006991843473,0.5041197201297141
0.2754910856139647,0.4832790646488275,0.4957550610747969
0.2849758413650767,0.4832483388447685,0.505001401371332
0.28555980040602597,0.5078045705815065,0.4838504384543992
0.2758719689937935,0.4437310023431705,0.495662912989358
0.27806176047813735,0.5806814965064602,0.4888450364048521
0.2782196507009969,0.4868594803851718,0.4789920736550621
0.2885766593914776,0.4680396920986498,0.4834103098140226
0.2606809496377826,0.47867201478843896,0.4880993319676078
0.2804954915616164,0.5087587748062485,0.47363766198712
0.2859536995446027,0.4693681132940182,0.4819332308830391
0.28817080824991653,0.5225501722049756,0.4643461890760833
0.278018869771333,0.4601760603737909,0.4967267290109875
0.27286231246040765,0.5657735683189465,0.5063027618557594
0.2770465331364415,0.4849163269319389,0.5090554761900541
0.26912633258069163,0.5479743718982831,0.4978390357772999
0.2671403677671571,0.4712458429897506,0.4798992917710838
0.27309145084578323,0.4980896457102712,0.5074624654208554
0.2866242019411058,0.5511363896430914,0.5036783063541802
0.274807670468115,0.4458532158233645,0.4689671448743282
0.2793193429904867,0.486214624462916,0.4977403720651161
0.2850928492705442,0.5048440145903456,0.5072695493712017
0.2888483551791807,0.4158281122733472,0.5323894292515867
0.2790644295435196,0.4656293429722478,0.511107072513846
0.290148155494377,0.5283392251648604,0.5197433816186444
0.2730917540469499,0.5458207897637821,0.4821499483351874
0.2783085155697051,0.5316774653188633,0.5002622827265429
0.2724542234109938,0.4597708002684342,0.4849088902301581
0.2809698810824253,0.4546845026617778,0.4999572874450089
0.29562817956274534,0.6653935115735767,0.4812961074156804
0.28224486242268987,0.4884863013712996,0.4749563945935466
0.28094974390703276,0.4391392771119476,0.4910209845492179
0.27743871836057094,0.4260834700390076,0.4896265432077347
0.2767145528467173,0.4758910079222015,0.4763570175175099
0.2720777523139166,0.4641906681364034,0.4900144741781054
0.2849313364972545,0.4595451901215054,0.5085097696227033
0.2752800122586473,0.4348330600796736,0.4955267019563954
0.2816982139810928,0.4748562089948493,0.5187528578979405
0.2965638522263867,0.54699859643895,0.4877784108045185
0.28386075158440005,0.47206543656063,0.4884482888674889
0.28505771148802433,0.493458236700726,0.4633208112288954
0.28399768174968687,0.4878399073010942,0.4921000339849638
0.2857626926216301,0.4956287446440538,0.5142822881079805
0.28175746490627745,0.4270728459142484,0.4974615907819031
0.29321703138270133,0.4623436888768133,0.5299346194010505
0.28477317566740906,0.6601406050249606,0.4672022399420213
0.2947524665501351,0.4523965499111208,0.5117531406232999
0.29375940935888717,0.6005212301480332,0.4716540781850429
0.2850560857906979,0.4583037378430999,0.5018165223014658
0.28440074587042374,0.4771855608558622,0.5062584741474909
0.27245457814676655,0.4804279439704082,0.4892042962742536
0.296427094833361,0.5293039232507545,0.5096309188563144
0.2779095045311707,0.5056734084248319,0.4760251530974805
0.2899829712073499,0.5183615771345358,0.4905668953155789
0.27865521341315025,0.4753775525101343,0.4644483058457419
0.2884287782110145,0.5230898686974539,0.4934568623557205
0.2754921860112528,0.5075871201335146,0.5211766548399182
0.28944263544844634,0.5153349431205786,0.5156563184390116
0.278263075584475,0.507431904983306,0.4894773838725674
0.29064741452445275,0.4784338517897101,0.5001272498163999
0.2922441294576703,0.5559751096575015,0.4789214539722943
0.2896804653048341,0.4764139596588042,0.4984638992686304
0.29358643638553994,0.4718327759301152,0.5020194940726015
0.29025563606363625,0.494327636760267,0.4972341189025528
0.27352831604948746,0.4694192738798434,0.4726999594822944
0.2822409640332394,0.5054579718358763,0.5158139625589662
0.28777463937736253,0.5321994367834149,0.4810948751107623
0.286678191748052,0.5473345151507046,0.4848203212279126
0.27158346193745975,0.4956053447965049,0.5156485381742675
0.2799711518465897,0.4965535485125536,0.4876056708769434
0.27885483586686827,0.4552302015748045,0.4833611672838109
0.2894784511319728,0.4619321788480527,0.5022345664480439
0.28149755593173614,0.47061728992228596,0.4870734583564033
0.2884845318330936,0.463224095899668,0.513076009749214
0.28174380179725594,0.5298599796728414,0.4569872455304813
0.2837021405594753,0.4797336090305245,0.5106151711719288
0.2860160217954236,0.4599896733948538,0.4716965494990816
0.2915823971984868,0.6617414987709596,0.5111897733340882
0.29385708952078193,0.5048116473973893,0.5001058440846244
0.28606508593087177,0.4763806603782082,0.5023467111894555
0.2862869317930024,0.5161217358893557,0.4737517494949229
0.2851552036750902,0.6173158316796813,0.4851862852098956
0.28869607878302395,0.5426619378047455,0.4964423377008329
0.286048949991226,0.5572967669692865,0.4781995736463747
0.2862507976182877,0.5323619917528949,0.5181686881983337
0.2893271735565081,0.5020785334442531,0.5202480011971534
0.2901542556943125,0.5517811640375164,0.4771205087183734
0.27965501048183156,0.4674378366921406,0.4826101546499391
0.29698276274302676,0.5207049583249029,0.5135421153412018
0.2903389545394557,0.4978400530502299,0.5077289077489642
0.2847881643673642,0.5067747897842748,0.4826250581103521
0.2926626309306536,0.5956336141939975,0.5017176287133643
0.28756572020053167,0.4709461806954622,0.4902956566253756
0.28833168403712506,0.500270009308308,0.4941945701734259
0.30348199910384865,0.625919896222566,0.4877635080400467
0.2845675942812754,0.5171298952898995,0.4961041625817795
0.2832738023439034,0.508049503211959,0.48895471984631206
0.2904214612441486,0.4783331112102278,0.4930275738164326
0.29539364552746206,0.5612160796545403,0.5105347100536132
0.29113647567154305,0.490700663525564,0.4838385869807766
0.2813872122023605,0.5300692102508556,0.4783643327183227
0.2848599138051485,0.5285206773863884,0.4610447547880922
0.28326506401251933,0.4753914169026338,0.4931472092854664
0.292857663536121,0.6603570752967431,0.4941412042526409
0.27946717892390593,0.5101235599165403,0.5007508771275502
0.2863911063772939,0.5410856806102716,0.4991799750786765
0.27267489523165717,0.5917206087169695,0.4625419109955444
0.2921975851214759,0.4731114436563898,0.4871711559269128
0.2795840733609101,0.4747989413125102,0.5018796530729748
0.28953024271282685,0.4750699772926935,0.5076611373035577
0.29634734462217466,0.6370430970670887,0.4942189569829399
0.29630906781174254,0.6037357580676292,0.4700362720718256
0.2895167048501995,0.5506292830965404,0.5110715351570767
0.27830847089564537,0.4833082830908252,0.4888082379635105
0.29293035419672336,0.4756208418194047,0.5068674879869728
0.27867309648838945,0.5818416996212474,0.4934762370784012
0.2948895348824545,0.5384682264480427,0.5112446620821325
0.29259398190700986,0.563947676761557,0.4896641605279243
0.2989008427956687,0.5442299901578908,0.5024559330824946
0.288135203585282,0.5698960646864264,0.4928833375671611
0.296727909116268,0.5272525967051306,0.4740571813927047
0.290762441494145,0.5348180800406562,0.5087369521355516
0.28340234312423623,0.4975702547504208,0.5218922308488787
0.2897497046824734,0.5589534119801852,0.5132341913476475
0.29721432381641494,0.5020089477599585,0.489153310318207
0.2854993321588509,0.4572547398711068,0.5193742681749309
0.29623842914004156,0.5040303304402814,0.530724938026058
0.2861159792380755,0.536994193178966,0.5042581699421546
0.29056526534260996,0.542849251114582,0.4960109841802226
0.29686465435381565,0.5523804934160477,0.5032178691936937
0.29221643436215966,0.5886023449075051,0.5043454379995292
0.2993123176064061,0.5229514782418461,0.5022073134380449
0.2890869112119708,0.5003573340258985,0.4995378763916109
0.29054608975730906,0.6043543248797889,0.4662952001786324
0.2829956201236792,0.4669882016095201,0.4922467555333338
0.2911703687246583,0.4986868333179351,0.4755408915696934
0.30325488130718875,0.550102429203177,0.48280826092226903
0.30400016076340336,0.6906210351264532,0.5297153491771821
0.2786215731531242,0.4728392012072194,0.5330118573513115
0.29275738537409723,0.4884270981560148,0.5007972375084282
0.3140938519673475,0.6612338035304739,0.5171575654006542
0.2875797235296547,0.5535110597358364,0.485335418287096
0.29752812586225735,0.5684336848109126,0.5236302700518798
0.30595355369643185,0.6147706311787031,0.4860878611950213
0.2868020434576872,0.5196965705071911,0.4977876162629072
0.2884931432582089,0.4904471506043049,0.5284852687540332
0.2827769843689716,0.4705753643073994,0.4918629838366771
0.29001622017246853,0.5935430229558512,0.5025054076458215
0.28683974318556343,0.5453810802871726,0.4816600233708039
0.29046888199896775,0.4969138019647019,0.4738064352758001
0.30853285409813397,0.6447525957028805,0.4630528498283246
0.3002113339352381,0.5615455608669407,0.507751678259076
0.3019345016124564,0.6137885660352153,0.4981562590907976
0.29710223561608307,0.493194755651552,0.4896638138143393
0.29057525966990433,0.5569197906974097,0.49221461584467796
0.28775020001060425,0.5825609841152353,0.4873661605709765
0.30142814774815385,0.6588080902073572,0.5203741728985615
0.27628701713821974,0.4669358635209763,0.4866420487113241
0.2891078941119168,0.5472508720509787,0.509128940354126
0.29169298143694716,0.4782569805230042,0.4746573227926798
0.2963377572069077,0.512366940700524,0.5015930808755305
0.2791083261333949,0.4850743706400661,0.4918105937387718
0.29417465279674937,0.6162669981604685,0.493330468611228
0.2837275582594511,0.4885275044161023,0.4727818515866172
0.30382863062637105,0.613060910922748,0.5140719490060079
0.28477459932072713,0.5006164822587935,0.4697902483661581
0.2872568157471337,0.5032578269071264,0.503511223866699
0.30029748524082206,0.6324114523017061,0.4920261865474897
0.28886953538605825,0.5801990601628111,0.5057035119326677
0.2986929672406343,0.5058789930398413,0.4698128574782263
0.28100300920390864,0.5263655620571955,0.4924944546963162
0.28556174154555536,0.5227220791597166,0.4580549036777854
0.30242694421524885,0.5320334468129629,0.4944695033171296
0.2824821721162768,0.5444122726158686,0.4518534517324961
0.29808159180609095,0.5239037210904595,0.4933201536601677
0.2956162105810476,0.4834380655973228,0.4957846368504096
0.3051820983922535,0.4900870448710694,0.4873296415610529
0.29147868266994503,0.7331016594803831,0.4878745134904356
0.29250862030271485,0.5277388356545935,0.4780324669918362
0.3182449191757138,0.7290065961368092,0.509204421324279
0.2923654206582865,0.6430748135268185,0.4845398287325813
0.29496299919049734,0.5631828735366117,0.5158323438054153
0.2869727000972579,0.5738929928031566,0.4660764530428516
0.29352664542119133,0.5553413262205007,0.4906148483268552
0.3066312665680776,0.6144955879103545,0.5004791121956815
0.28929454305696256,0.5121052142244356,0.4780066309060665
0.2857324354183093,0.4637094063756286,0.5038760509840171
0.2928469262452386,0.5170251205274178,0.4868472950469262
0.3044983421582143,0.4741557370364474,0.4985694815486873
0.29853220769395056,0.5225972767699516,0.4845351524320178
0.28645877200657965,0.5622854148294225,0.4718024270463805
0.31126306986116,0.5412180294402205,0.5072531732887515
0.29253105295642856,0.5266611027295613,0.4979808861727169
0.2874493542796893,0.5362438370932727,0.501184215209771
0.2962152759692493,0.5249385318921965,0.4814841229727952
0.31121073695789486,0.6553616548085087,0.479587095240608
0.2791198385824063,0.5560280593384788,0.49295377686293
0.2885107616197494,0.5129106979742493,0.5051772818275472
0.29469991824741987,0.5706412936789692,0.4972013137099899
0.30997237930405097,0.6179758140232972,0.4895278997104341
0.2953863596142934,0.4990783800512954,0.4951880280668744
0.299158861947399,0.5176735243707025,0.5029638936244748
0.3017484970412112,0.5318767479879741,0.45712672401634
0.29827729303768197,0.5391277626340751,0.5185519748937599
0.2897070563172505,0.5347448698586438,0.4919395406916081
0.29023530522520263,0.6227001563344289,0.4847625970408957
0.2954050954207024,0.535513638880779,0.4846790479169747
0.29973407816727815,0.5607364154369272,0.479286676989976
0.29095949846324515,0.5534690199934692,0.4943002504780668
0.2936992624056119,0.5045442464197103,0.4950232475451034
0.3044219833252363,0.5950254860700899,0.5143019171732037
0.29536375384074415,0.5632587281660699,0.4808918499116839
0.298311099084758,0.5608605973963731,0.5210619655278799
0.295875824313897,0.5602020510802174,0.5162838761274541
0.3078906473864704,0.5411512252808716,0.4837361857843188
0.2981283814405201,0.580083755566043,0.4918291395400709
0.3171767226001445,0.6500109352472111,0.500105517442098
0.30993138978489776,0.6494362192228916,0.508614068143278
0.30106556351798736,0.5464058417008685,0.5002182978247004
0.3235823542004773,0.6278797285787328,0.4927020516279662
0.30049093111694136,0.5037397442788981,0.4951458405384239
0.2930320542098149,0.5836281016109445,0.5055025259549716
0.2851031258645348,0.5240148122702655,0.5097318650389658
0.29810261420230505,0.5226374668665641,0.4971892618394323
0.29617837163641275,0.5014233283409009,0.4953247732522186
0.2961264694203133,0.6535214875735206,0.4842076743266616
0.313765916322023,0.653515123848388,0.4869926110851071
0.3106106124107292,0.5288698559095103,0.4942483781847881
0.3151841810661191,0.6732426218410029,0.4766022238041304
0.3157998071596992,0.5586073926589434,0.5114110145626465
0.2942464150482277,0.515874178922378,0.5010023738527203
0.29734328441169516,0.5578593931717875,0.4860804202025835
0.3055953636713728,0.5344170085148346,0.4930353059906871
0.3177617945669543,0.6894209501354044,0.4722353711424555
0.30434385844493794,0.5013760492154451,0.5201718080831809
0.3023038976352006,0.6431067330914415,0.4954391173713762
0.3035967086044298,0.5623118873585293,0.4999097189132208
0.3101752065175575,0.6967319057381506,0.5053900085726124
0.30257930773044156,0.5240920672454026,0.5008354212129852
0.3018816667434403,0.5477041453507517,0.4730735051630823
0.3313622931532682,0.8014215041106497,0.4857323915867356
0.2988623487741716,0.5924809543740029,0.5023277172430606
0.3130728806604683,0.6400657426725851,0.5108472431250886
0.3060385865845861,0.6686321772914257,0.5027609212639014
0.30374414760171364,0.5233928222091816,0.4899546146805857
0.2990866760261679,0.5792439509703697,0.492493988058253
0.3108685532724615,0.5837488337217903,0.5082650177766765
0.29566906608449056,0.5541611581518022,0.459563557783036
0.3058792716665815,0.5445346310152416,0.5167640781404181
0.2997470910458196,0.5712901583370182,0.4942944631764645
0.2977161187838875,0.5451965382999099,0.5159097218006914
0.3305162995302932,0.7105154966396232,0.5023205011169604
0.29704394083042646,0.6167665934937605,0.4824860942213063
0.29518741617677,0.5135295799896361,0.4959234334395549
0.2989737381785054,0.5676700879398492,0.4863224512444024
0.3106692491322484,0.6149337425561985,0.4781146580436189
0.3082798723643003,0.6069862572398723,0.5083942494695181
0.2955484987705204,0.5168046014116008,0.5081336610688729
0.3016549075625193,0.4872047361166788,0.4855548286760113
0.3131478305079733,0.6292859388275068,0.4992116284504735
0.3150305765033377,0.6558670334373431,0.4815250596929561
0.30863809808391446,0.6330978756680719,0.4869531405454433
0.3320664613419899,0.6990869865546823,0.5079038896941539
0.2927889439199009,0.5419382069569055,0.5068247583109248
0.29700384285086623,0.528937220480036,0.5197859736571663
0.31163561932651374,0.5489167843395414,0.507166137252595
0.2999611327645297,0.5651013918003126,0.49237195259637495
0.30422859905591443,0.5755362888847607,0.5085892062414089
0.31119018749900906,0.6033414397371453,0.5099496219438526
0.29385843228010256,0.5505847501712825,0.4792514395996734
0.3086191383017938,0.5931961096450306,0.5154713937693193
0.32280571032435096,0.7248035047300011,0.4857542324995488
0.3113997200564896,0.5975493077177072,0.5356373197909743
0.3065930820718339,0.6001993611322414,0.4993968572803663
0.30660412471193227,0.5311202499807428,0.4847266010786306
0.3132475815887995,0.6389655308612496,0.4926853267031258
0.29690025749027615,0.5752479078026146,0.4845169334093159
0.3022423100771205,0.5195604384072925,0.5291478383940625
0.30625716274740983,0.6217047548211065,0.4871458464444753
0.30745675077571755,0.5593016328974915,0.4927363914742164
0.3128912288426771,0.6024018574294295,0.4907856670098557
0.307886954802871,0.5485694261390092,0.5109313060942712
0.30858796172001796,0.5718476836882848,0.5012819812806704
0.3183418991002959,0.7181944110651121,0.5132296026294316
0.29963499913400876,0.5300627178293289,0.5106171269701493
0.31102561570860937,0.516680723717569,0.5067786529704468
0.3522594939822041,0.8911219571886452,0.5143000978258024
0.31409547828070394,0.7014876743922072,0.5018191304283942
0.31261099337678816,0.5255854982347896,0.4975620217734658
0.31174422706130805,0.520187598481669,0.4885206681433076
0.3230260201787995,0.6386497685691427,0.5269900151020268
0.31488082600317235,0.6479890208948847,0.5008091875141685
0.31600298453120884,0.5879377679950946,0.5061143639691079
0.29615419712911345,0.5976351997102876,0.4987658721102954
0.300785193041831,0.5033227340232953,0.4906015853703108
0.304111964585318,0.5524393873059874,0.4702297448504526
0.3019083400961618,0.5635799023880262,0.4896630025564399
0.30321896955100314,0.6279146924948404,0.4700058496190804
0.29991930737386957,0.6109799160426004,0.4869996906939211
0.3082391062368193,0.5635370143231031,0.4854523847814687
0.30856831616677655,0.7216583374433853,0.4825684453896474
0.3189493097064474,0.670573303339376,0.5005214647177947
0.3334404920630355,0.7281360378477649,0.5105107795173639
0.31267528694199614,0.6000361779676807,0.4965648150044036
0.30494574961118814,0.5696591437993163,0.4783378932632813
0.32024795452446236,0.6846312795933257,0.5116582043072277
0.31903820173726066,0.6791303619124218,0.483818305928031
0.31748514878075285,0.6025417237856846,0.5020544986742546
0.31747858396140877,0.7349640367754793,0.5189661887773027
0.33195428417609746,0.7864047247765114,0.4657404458644019
0.31079613981857157,0.5719780744497394,0.478463567654536
0.36060550053529483,0.7441333025586536,0.5077867025083445
0.32150943396538695,0.5924628807910783,0.5077852954452079
0.3135678515879319,0.5769118042790563,0.4892084068371246
0.31559148807643994,0.6001764914742662,0.5115797180237989
0.3117935776387386,0.519348587702678,0.521662378694816
0.301263706000036,0.5715935927448403,0.4630985487714088
0.31044930929555703,0.5463492168204294,0.4985483921967338
0.31016750332672594,0.555735545209266,0.4880836552973742
0.3267596426666502,0.6265948127477573,0.50240057140135
0.3067772980080094,0.6437611625802988,0.5212577073657614
0.31106986302189216,0.7565791603503758,0.4941446215209016
0.31146985525911464,0.5847212165325997,0.4936376377572546
0.3142861539416069,0.5833843735584089,0.5082403368243551
0.3224639656005469,0.584390545923838,0.5264004312973447
0.32583003902941454,0.6450324811802507,0.5224062873832402
0.31772432761816144,0.6247274643954941,0.5088158031277313
0.3278265731269018,0.6253121865405401,0.5058815163829355
0.3236635056688423,0.7183920606419774,0.5283630174468701
0.30707681399189596,0.5895059229613885,0.4929232613366992
0.3120490721257498,0.6030686488561487,0.4828590613684562
0.3165764147716658,0.5833099451391084,0.504482108864233
0.3184660072271749,0.5818681135623995,0.4846894997803383
0.3332524872428833,0.7907376031870266,0.4883468233944629
0.31782368264417393,0.8496190744277908,0.44419767073099015
0.30887842428917056,0.5306268190584087,0.4877715643656168
0.31480929289276927,0.6394844270617137,0.4729103028277198
0.32335074144868864,0.6509062370880325,0.5211630207340856
0.33902853931717475,0.8678250326433873,0.502216856426141
0.3132565947882488,0.5781094533666543,0.5172940981651819
0.31202046211947126,0.5963922466372941,0.5114664833590754
0.32517514073927045,0.6203700519952905,0.5027772661069775
0.3341044656822055,0.7671817228525211,0.5382766820259246
0.3348237976157313,0.6799287402584993,0.4890607741125532
0.3218403616340167,0.6200307872260187,0.5208759131619944
0.32379519372501564,0.6175741771067564,0.4733891229162285
0.32078098122238513,0.6639676665659267,0.513203731865844
0.31646817701271085,0.5716250061710171,0.4930497732306713
0.32377402991350024,0.7101660301289958,0.5001189323940762
0.3190830107571193,0.5579481181564853,0.4928954520716195
0.32345518656486794,0.5995413223099859,0.5182551050192261
0.320743130947926,0.5525461208571761,0.469672452898354
0.3333384112297445,0.7412491981478463,0.4989401139369434
0.30913564808130384,0.6483974370216365,0.4977718170926137
0.3140844684628087,0.6659452730528946,0.4603772006145653
0.3233194512560435,0.6185221062318164,0.4767909297643784
0.3144765860278919,0.5416110036982758,0.4867585995895668
0.3155818967952842,0.5552759700394857,0.5088823333943071
0.3085236050037688,0.5776357553457209,0.4900043152368028
0.3133146081803491,0.6008146832718655,0.4809324417847548
0.31431347488259265,0.6769690820910317,0.4945839599275347
0.3181259665020869,0.6478173953498658,0.4846336112739327
0.3389251583784438,0.7501196724683254,0.5048468783709728
0.3091368314069535,0.6058542792520754,0.4787984089217776
0.3111376205468066,0.5445797998156583,0.5200839030663816
0.3322289579065788,0.6407308012658504,0.491318315706072
0.3309537069434597,0.5521288241432429,0.4822030959647658
0.3094753199818296,0.6065541434970647,0.4859780564022022
0.3145909931845703,0.5853250920140911,0.4957907655226976
0.3338001002382136,0.7720292282066087,0.4745487780076506
0.31786120218357483,0.6007483703867961,0.48761756193128497
0.3249625487552849,0.5978372684963322,0.5024777848494302
0.3187662160797578,0.5493199395575303,0.5149660586516229
0.3242132219505169,0.7252203694396759,0.4983626625620149
0.32465594752092153,0.6113845984334665,0.5034086208518782
0.3188859892920648,0.6125031128707988,0.4609855504758895
0.315141570725318,0.6343997191303876,0.4703497325421238
0.3600998617764472,0.8872106177809349,0.4758611097920253
0.31881454008547905,0.6617976141722269,0.4667608498554444
0.3288719733199417,0.6821002453434207,0.4972217662907703
0.3457785429696182,0.906476311195504,0.5173996864817154
0.3280934655095249,0.6481393083707111,0.4776137979699044
0.3193814332053831,0.5879958996649784,0.5133950910110036
0.33563785458124423,0.6182422924728129,0.5064321404514922
0.34919666055267407,0.7400759242654196,0.515713616385995
0.3266324707634489,0.5669895887075215,0.4981139378036469
0.3338923940419876,0.5677913245061057,0.5115109458463802
0.35315401530209345,0.8280364319823812,0.4962752214646775
0.3310793498386371,0.6428535371740406,0.4746369133603733
0.3378420905995633,0.7338315113156171,0.4913709400034436
0.3333367794752855,0.6433738414472558,0.48726444179634104
0.356856881825994,0.8478773346968069,0.4872561357889102
0.32482054596543136,0.5571501587928626,0.4864466772642938
0.3448059644800626,0.7715224624298876,0.5122935204868319
0.3292910990509313,0.5967099224614251,0.4908943532169314
0.3438834263492571,0.5597616729159463,0.5258330857456791
0.33991489500114314,0.706474604906968,0.4987606430745888
0.32928767000958864,0.6176843246206617,0.4866745291661022
0.32082991380145226,0.5851323992299361,0.479375882420801
0.32246878693995273,0.6190687836376303,0.469989292266964
0.33390078416480734,0.5834936525410911,0.5031883613265765
0.32860577711431027,0.5745488823422403,0.4861817551483068
0.3247562904875676,0.6078952276356394,0.4963827925824929
0.3338324331411126,0.5818266595690824,0.5028441162398241
0.3323287380603736,0.5638669189365665,0.5235891783233759
0.3307495907949447,0.6113057726012542,0.4590677826701046
0.3382369647167149,0.6407775544032114,0.4994862978953383
0.3348422641731467,0.602167463253201,0.4800059385661717
0.33451513944580213,0.5647131822949765,0.4967589908952024
0.346107387754992,0.6724717323462712,0.5116052264001819
0.3362367191782363,0.7019298341277376,0.5176443345862003
0.33415841933585566,0.5803643586655101,0.5102354397222711
0.34998603645834564,0.6134877475372058,0.5171927452920199
0.3414590349883889,0.7055183448965698,0.4971442822570945
0.34818175953640634,0.6566762831692023,0.5096881064986354
0.32889085436221,0.5783145937380504,0.4993904213280748
0.3330675252047831,0.6427545617060839,0.5015411550178801
0.33874060564540903,0.6197325490725989,0.5088938275441979
0.34053555144081005,0.6350694965301517,0.4964816765967052
0.3434019842513538,0.6378482524619036,0.4821065887729236
0.3497734597404595,0.62346381782077,0.5127891915704743
0.35333552591017997,0.6429809357835238,0.4986941991146147
0.3348584191449355,0.6340820397904633,0.4564291555440923
0.3474444610241676,0.7584206372996678,0.4942394061059134
0.36092037863150284,0.7941651187941428,0.4801768837549058
0.34946541203650705,0.8222809925076523,0.5049205611338733
0.3288375670307484,0.6026766790617253,0.4688876013617416
0.3366931513022334,0.5939531319882329,0.4994023966994209
0.348864832928143,0.7063255069812339,0.5318050709336518
0.33424510145642417,0.6105141138826625,0.4908291144116103
0.3462653092612602,0.6279785411747194,0.5105651021993701
0.33928509863381945,0.6219128061855951,0.5078460403241946
0.3812852897785244,0.9677831525923618,0.487823291130409
0.34595945877989026,0.6195294579724695,0.491906340032729
0.346359936000666,0.6400244676921488,0.4999757424422673
0.33215131984905505,0.6150205179744114,0.4622673050712274
0.3499544862614099,0.7539242506903867,0.4942309328456467
0.3342801296231061,0.687304318914443,0.4821624212896278
0.33618802572701684,0.6164757162893584,0.4791881594548168
0.33896151335038993,0.5982895928505,0.4774659561790278
0.3364871857756249,0.8153493804580644,0.4770032427488807
0.35326214605357564,0.5910160798314632,0.5283999350141958
0.33832683747990605,0.6743211353690753,0.4660007570529803
0.3512404683713655,0.6383956143466945,0.4841258272706394
0.3704796062578231,0.7819837045252293,0.5068475939473776
0.3408614057942798,0.6060294517726192,0.4912940922490002
0.3494524408839334,0.6414440781802156,0.4894430607174055
0.35573072211796364,0.7438204898685636,0.4933366974339292
0.35611630777821374,0.6570104896793538,0.5414808229448105
0.36042023981715876,0.637933079710599,0.4923320400132685
0.342967295545418,0.6363517756263407,0.49359948798590203
0.34480268474769526,0.7108821226463005,0.4908446309762786
0.3352671168833068,0.6142715651368745,0.4824010095421896
0.35420153814227506,0.5855444792272673,0.506302543976717
0.3566383643500688,0.6793680920955119,0.5079338175440175
0.3626933983364832,0.8071868977208012,0.4934140923628378
0.3611966016964381,0.6259006942369179,0.4980944492828863
0.35486312082620836,0.6931879342736984,0.47312370525613895
0.34986819724275015,0.6586387650257276,0.5044471333437767
0.3610121029655734,0.7150685754805912,0.5085550138460972
0.3552702224147874,0.6352325387719513,0.4975927026566777
0.3762209387160539,0.8712689540348141,0.5015082412208757
0.34725053407376877,0.6946702639735274,0.5117781122361406
0.34926319659385485,0.6872325550553912,0.5059286802719709
0.36342760485013303,0.630209677546497,0.5038812851453067
0.34726601422326053,0.5978549271796606,0.5075674981160819
0.34648654911723215,0.6053957500865272,0.4776130245542128
0.3500092421162456,0.6487579931496638,0.4797506944524286
0.34764937431253623,0.6756460723039729,0.4784102645224173
0.3494629721002687,0.7075326537607244,0.5024959964052548
0.3519348060152329,0.6826879504305982,0.4966138344087795
0.3449666862902921,0.7468095297733334,0.479968361890331
0.3478124477990205,0.6046998897672758,0.4856532127846312
0.3386319297038636,0.6676645529265861,0.4892247602256983
0.3623754729364043,0.6433135607139309,0.5139540055555866
0.36591370507620996,0.6859619772658495,0.5094676051442436
0.3631688148703994,0.6365885550227183,0.5112800881450936
0.36668535663666757,0.7108140324907185,0.4691894756506232
0.3513289673583707,0.6659591142950448,0.4806604894686558
0.35155426579920074,0.6593490423291553,0.4776960730955021
0.35331883150473575,0.7163549970737509,0.4946809303770346
0.35549983244717787,0.7540801890356026,0.5150895565164533
0.3671384085361963,0.6991013579281855,0.5284875777237978
0.35563023518483744,0.6114111678812757,0.497721105683161
0.3569919043181241,0.6656414735710798,0.4978813657622869
0.3494849304536119,0.7430664079461322,0.4931324780331463
0.3632193094145579,0.6406905680702876,0.5293163109859164
0.3558915595298133,0.6930121695823189,0.5119381110994543
0.34583154043847114,0.6784144416583944,0.5288775781489126
0.3454788543084255,0.6327145431137255,0.5125233098339959
0.35044350451476913,0.6068580549030752,0.5081574389770303
0.3612213540867998,0.6326436668725425,0.5153577030695203
0.35459148064740054,0.6664500570068076,0.4969197366220806
0.35117473236584473,0.8555457944847586,0.4902656570458317
0.3603805565188557,0.7212681791088421,0.5013127725733175
0.3499854264656226,0.8634327964219561,0.482079688783236
0.36336666549213104,0.7265232790703944,0.5197588170725617
0.35810995205653706,0.627083052245831,0.4941588806151953
0.37345043257118815,0.6549505675692283,0.5089479996250685
0.35140817257332285,0.672453673286276,0.5143059647289777
0.35940908765457996,0.7656704603861999,0.4754253337754068
0.36225996816117373,0.7060103027578433,0.4892276621576038
0.3491019488973652,0.6682608128107798,0.4926253031516403
0.3572960254680031,0.6413300585441088,0.5027234326554786
0.34858473637857235,0.738430203954123,0.5201136694130218
0.40998938027423115,1.179543522240429,0.483196148690469
0.3544209172081536,0.7779440216641951,0.5021796894759412
0.3616658520727074,0.7162437341682316,0.5029090991593406
0.3737482714158382,0.9065498230684422,0.4876323931224014
0.3603102216084865,0.6527334708302734,0.4970091104086304
0.3910222054615817,0.9183569569109004,0.4790408129319024
0.38085899098848375,0.8713262324586788,0.4924100923584037
0.3523871147162469,0.733861271258202,0.4748798668415066
0.3696259704891654,0.7901624515507406,0.5071252513534774
0.3746124135214402,0.9467088297021304,0.5082969904686652
0.3550912017366217,0.6301727820478545,0.5054161506322015
0.3587532184394903,0.6561588894240141,0.5304090078220475
0.35622025629430837,0.6736810950328085,0.5038700433309561
0.35094133095280083,0.6416866005440179,0.4957403168092604
0.3532934860270357,0.8302948670375997,0.5282159248865512
0.34541664520974746,0.6417281726994036,0.5082658947131212
0.3499442248209384,0.6515417203949977,0.5071570537086127
0.3478730986792644,0.628843803057198,0.4778890997765946
0.3423458717554212,0.6805228127066104,0.4796009185709182
0.3452437313697007,0.7061486374394051,0.4945947912581085
0.3358191192759574,0.7572321758679412,0.4820129677594601
0.35283899810710123,0.9192597205324574,0.5150589871621825
0.3760752330703035,0.7415752686606756,0.508846966497365
0.3453613824835866,0.6465396859626655,0.4908923147182617
0.35592254629034364,0.6037196907641379,0.5151397055448171
0.3539546861408619,0.6770708244937542,0.5098575631739489
0.3582582623896179,0.6189120569499991,0.4966681102360508
0.35826847106216875,0.7399869725687505,0.5040709299999728
0.3481744500361708,0.6242777426647526,0.4689805333626492
0.38453391498022427,0.904061413314143,0.4780477936030762
0.3655292640483039,0.7222897255506546,0.4844065628651933
0.354794556853214,0.7389622662966686,0.5062128738856777
0.3554508277956722,0.6332604538548628,0.5005075698071288
0.4037789826505528,0.8726887696149612,0.5090888512890048
0.3546275739582333,0.6329435746240379,0.5032221131463903
0.3789279778961344,0.9522472414952364,0.5217232023724049
0.3474559607834871,0.7151153046902544,0.4808710792567106
0.3867828997942491,0.8307094838063956,0.4912883140374255
0.3729816896678666,0.7763448912456209,0.5089151578940146
0.3624139514968921,0.6445437124766074,0.4975565694362377
0.36362099947138193,0.8160199713480474,0.4902140213272741
0.3520340009570282,0.7623902625314575,0.4812589022270738
0.340554767511678,0.7986916187539902,0.4906746747981681
0.37779147246404576,0.9627012755737278,0.4967182575362923
0.37078445886238826,0.9149473315855884,0.4903131334646945
0.3534485521173563,0.6484527170504043,0.492945701076288
0.4062119101006051,0.9177006521355452,0.5016448456378109
0.35250001932091357,0.620325310479478,0.5030894633559085
0.35925232675648205,0.7509185176680176,0.4846689430983768
0.3750225641616582,0.9737653050512292,0.4839684816874492
0.35185358938191663,0.6730052064568893,0.4795761645516392
0.34126559059847283,0.6582502341627453,0.4636101551154397
0.3613746367096071,0.675616696129666,0.5222087108463603
0.3605559556047871,0.6633250954998701,0.5071903403205757
0.33876856601087996,0.8198366193047613,0.4692804603082067
0.35840801182642096,0.6573191018970053,0.4868833879682725
0.35904267062479794,0.7194608238331875,0.48914222291632303
0.35887653513421575,0.6790219115571915,0.4849275005489484
0.35936932661980103,0.6429931362644872,0.4872634903184164
0.35479403335045795,0.7133226645632876,0.4878204492273184
0.35269140101591484,0.6638224492778384,0.5036111221382772
0.38828786579951596,0.850850609475488,0.48638764295371706
0.35764713573025864,0.6410667568492755,0.5250557488724219
0.36305739648705254,0.7800044362030691,0.4681644610702931
0.39338280798091296,0.8745979707004259,0.5090939753987727
0.3560617429135878,0.7134651776118095,0.5044571881800768
0.3668580281602845,0.7421102307026246,0.5102154867621064
0.369467725525147,0.7186706028653619,0.4650136804002319
0.3720948989322387,0.7023292017022772,0.4997875886433193
0.37403131614517704,0.7538406629352886,0.4680895640133616
0.37137443157296446,0.778426818481787,0.5002698264320236
0.4044080563858462,1.0562027390689042,0.5020779064320573
0.3674904580757169,0.8385988881171212,0.4858043613591247
0.3815071939108259,0.6521383597145184,0.5020015479683856
0.3636962763145695,0.7240455899115976,0.4700704242289702
0.3744365751935746,0.6309808421351971,0.4891193098588853
0.37088708003275256,0.8707973549082554,0.5113092442398146
0.38131528890857197,0.7533803344566274,0.5104363226148461
0.34295647058132883,0.8384368413390232,0.4635351958756012
0.4172486505124023,1.1235699928837637,0.5208425871188471
0.3760324961727221,0.8648200158383845,0.4856917784142914
0.3646396542895529,0.8244799209975708,0.5007843554409936
0.38564954755847247,0.8204550026405003,0.49661172579906204
0.3730702757249646,0.6878129871268509,0.5118270029646743
0.37888496562063906,0.6873050345421775,0.4715292118777278
0.3631275955345494,0.8178528209110927,0.4857032562872661
0.3762425281527007,0.7037549236924646,0.4908180316543242
0.38022224997254755,0.7746137310710446,0.4937120841741285
0.39158718102591306,0.7898137540908314,0.499458133514483
0.3769827555062947,0.6433126025274878,0.5065498995416965
0.37175965126109956,0.7040350998646496,0.4937483372792382
0.3789688209722075,0.741045156977545,0.4911706304672012
0.38490212317497075,0.8769656923352439,0.4858809054104163
0.3725819924952085,0.7031033105232606,0.5005876587665516
0.3726575450150753,0.7260264578659356,0.4963902109905287
0.3697409312845882,0.7447240853694974,0.4896429710493722
0.36929389720614453,0.6778698405198021,0.4922553719952856
0.4397096231993268,0.9735543302497692,0.5286225849831955
0.3692033946280947,0.7334489167638604,0.5119094162117641
0.3789081763729962,0.7431411971982314,0.516994485044818
0.36215182306538757,0.7588806889916954,0.4869005314560214
0.37608230304362084,0.7223399347811862,0.4636475586286417
0.4000478227838728,1.2231713497205041,0.476317239337465
0.3759182262943754,0.7499013158285887,0.4947893280244884
0.3721200977568415,0.6829050745252079,0.5230944333054542
0.37608726272613585,0.7531611440198066,0.5090744827944276
0.40211419290205186,1.1563249741890933,0.4637433440404161
0.38303643823966493,0.8237912881650048,0.5237147408980084
0.37337481837577813,0.7597043655010023,0.4706917406438141
0.3770526864830153,0.7547575535526994,0.4924018110992936
0.3887390439592198,0.7805137659171977,0.5055834376540429
0.3656735661392564,0.6763510485576328,0.4909150460867784
0.37822018256338963,0.8384218578971582,0.5065312565611482
0.3829667493217219,0.793703238612414,0.4796234432070493
0.3530064770325157,0.8255827242276461,0.4828702389040426
0.3641047025052657,0.7117822463374895,0.4731303652874626
0.37093401988498426,0.7929208691395289,0.4694289782375691
0.3490896139995674,0.8998686854010987,0.4925042622476277
0.3658263959642649,0.6982545685310022,0.5019571058072685
0.36567708181366265,0.7241046755196969,0.4973159829522591
0.3664763171366602,0.7518448905277026,0.4829442182230238
0.36268115578262267,0.8123267544902252,0.482318863301385
0.35099377119541714,0.7369465228461272,0.4830641859939893
0.36856432253190646,0.706182973361517,0.4951543820450921
0.394175358294721,1.0016308836620482,0.4984944154190664
0.3719126693677584,0.8481002249493197,0.4986413109232675
0.385646582226007,1.012021372679674,0.4914035091102094
0.369939892251898,1.0378043352285768,0.4815356593791146
0.3656231855636121,0.7503919285723173,0.4975943713429734
0.3646503943773165,0.7493487355989653,0.5199461662343811
0.36049588806690025,0.8213922090931497,0.4910142181385577
0.3746803219887029,0.7558236117326733,0.49426417108604104
0.3695417683356469,0.6855900716136862,0.4769532982649151
0.3741972327111013,0.7870899970484041,0.4970691381584771
0.3634719829997063,0.9043016895022103,0.4885535827241844
0.36691638723395636,0.8721576227380339,0.4885939704604861
0.38127410797445394,0.8099665519719956,0.5159712976498267
0.3900156817221398,0.9435200377138572,0.5117468032516657
0.35432931519811667,0.7427323381854147,0.4708388149180158
0.3695810035062083,0.6799504506274845,0.5070547947745955
0.35083725420626527,0.7342862099428866,0.4966185967472589
0.35811826297618465,0.7562662434308857,0.4824574126266944
0.37527465715730274,0.8570174304825068,0.5300845942415822
0.3691572757278391,1.036539706056795,0.4967493393650128
0.3764698716449297,0.80492930123843,0.5145209322190193
0.36868361717047166,0.829473338004865,0.4964966758391838
0.37950341787857694,0.8381624896932169,0.4977964793680483
0.3696977779490052,0.7515798189097683,0.4978468694731035
0.36777071191528166,0.7551486261341617,0.4960925477229742
0.3862234786586993,0.7895861402067316,0.5079037069938458
0.3784795875380202,0.7226002947361798,0.5166054371991643
0.3922006277633486,0.8020824884702002,0.5251373551474592
0.39553768991730665,0.7898150179968614,0.5302206969987829
0.3800755805859412,0.8185169321914348,0.4983900118905896
0.38748840303108395,0.7536463741966348,0.4907179797620306
0.3948782708662401,0.8788787937335918,0.5015536734910608
0.4016432159428857,0.7213830832111762,0.5131206726424371
0.38696425013398683,0.7909570624427584,0.5079519605615557
0.3974184410636971,0.7340523089153379,0.5124374897496197
0.38678068426230183,0.884459827775798,0.4957313364077492
0.39880748933887417,0.8164683241094894,0.4914592920569396
0.4004820026113785,0.8442325103428978,0.5131161168550886
0.392536904836256,0.7435153414569495,0.5125486509056008
0.40702267868177744,0.8572506261403064,0.5390201730934179
0.39604170903836367,0.989274383273358,0.5153516692161851
0.3857877559486323,0.7705272271003188,0.5011381908648554
0.3882634243535069,0.7873741120107192,0.5045963346672181
0.3982438887737308,0.8441204622252511,0.5264735792822031
0.4053786649522628,0.8996913673667357,0.5196645969552119
0.40497459685899345,0.8668381493920022,0.4877525726814721
0.3898980964851441,0.7583596265472599,0.4982502564363842
0.3993937837511504,0.7804610120585486,0.5340995044808673
0.4035766606388801,1.1742441635127978,0.4911788493184224
0.39363971245306817,0.7115000143513744,0.5029603372126281
0.3936314931334512,0.8872122978984965,0.4860359950246876
0.39250136181403633,0.7198563793979359,0.5125859548906138
0.41115874334999947,0.8706431259064809,0.5196161598259512
0.42000656897285876,0.9150830792727562,0.4968353438559399
0.4047970978332704,0.9067991923923244,0.5275039866870762
0.407796218230841,0.9492230492313882,0.5233099324177389
0.40112180764258426,0.7433367527796132,0.5094779097679081
0.40559328079909235,0.9172978464756328,0.5029923575960712
0.4124116455769816,0.9016361168054264,0.5342314121632442
0.4736167129170144,1.1214981177741392,0.5221466008211347
0.4123564175817171,0.7776421714213337,0.5826477638010412
0.3909243214170964,0.7667871456525739,0.5236369872125234
0.3967040937073725,0.8565352592360307,0.5148166274848895
0.4129564013140738,0.7830199963348713,0.5175160263890914
0.39640880882956414,0.8195403245968903,0.5092297022517343
0.3945194827265502,0.9628725384116412,0.5229497275916125
0.41323388829640323,0.8572873464427242,0.5195086390644351
0.4131935380389971,0.7855274703226601,0.5528145795576148
0.41149974215011903,0.7634551989326559,0.5179595930813465
0.5008660401148869,1.2688889709654645,0.5678302155026812
0.40152478312257883,0.7760625079437083,0.503187096833689
0.42471002263726004,1.1768798660883093,0.5274848932240325
0.4259111312903056,0.8695776523191621,0.5399406112495759
0.40425817464961883,0.8366016365087492,0.5474036048136701
0.4345173348116841,1.0338966521122293,0.5580010557616302
0.42164521437960106,0.7986944355450304,0.5431690038047399
0.4300704216358456,0.7623104126996842,0.5401683934853618
0.4671503126545508,1.1410296050604092,0.5224070880637175
0.438397921583566,0.7942523982543219,0.5344691870829003
0.44138804603715115,0.9273210178025966,0.5712317527029628
0.445432901378398,0.7667096714146627,0.5637900843541064
0.4451669571399328,0.7564756140510771,0.5415300857988288
0.4539094568824051,0.8254787449530607,0.5694353948551142
0.4371807565607766,0.8076861770850968,0.5501189698355095
0.43516589439517306,0.8492068779170059,0.5363978184079137
0.4396460985615777,0.8342311791733131,0.5599844943367316
0.4364504602788154,0.8809884463841496,0.5298753527438117
0.4375944998113298,1.0166855840618279,0.5358239378827225
0.4379848829268085,0.8012293890618116,0.5307641011227608
0.4246146957734605,0.9883105328307288,0.5472563220734223
0.4560411324168232,1.0298149950769904,0.5563556810629469
0.436749066096453,1.0458656337898289,0.5557692988341048
0.4554915713356752,0.876018504189853,0.5856563337075125
0.46799183063444866,1.2003939145337206,0.5727191894557998
0.4444565569258704,0.8731018308547799,0.5458529404499327
0.4533477541648312,0.8134704020872099,0.5652828397379891
0.4359242046751661,0.9155731246128892,0.5401732830876383
0.44167340091780555,1.001932215046632,0.5497629767357537
0.43501116091369285,0.8864933810282905,0.5657327786495289
0.47397967999773877,0.947728188111414,0.5705381714095362
0.47759633270351975,0.8772786581861313,0.6162484027915454
0.46412171172281824,0.7604611334852449,0.5916147528725013
0.45423511967134544,0.8615143171669836,0.5733892620173593
0.4833434109852749,1.343540272831314,0.5722017761053223
0.47899104436355644,1.161275279888748,0.6293057514866615
0.46604709550791773,0.9778376499306156,0.5922289320189968
0.4684877579462418,1.123490135410137,0.5960351791517815
0.4798875701694895,0.9059676565488809,0.6228125722675973
0.46498535937808866,0.8472592780612114,0.5885105427983771
0.4824716947381681,1.1942955677837783,0.6057899848591601
0.4892215463177203,0.8960518849026876,0.5969422500559957
0.47227677521928485,0.8395575368631687,0.5688610890290324
0.4860676248037542,1.1772886508738631,0.6128264654424879
0.496228267256907,1.1765107914012534,0.5944136874596702
0.4779232393993256,1.0144411548292378,0.5955642598915265
0.47762652073839307,1.0185045168681126,0.6009396632432263
0.46924310502478384,0.8958083294600289,0.6162501491514015
0.4764314689786562,1.200536904861421,0.6253858669498382
0.48164448945438354,1.0822416962946415,0.6218897872741889
0.48876416767817105,1.1326357609080084,0.6399048372003463
0.47917075972550804,0.8613056293243442,0.6035105530323589
0.48385503577439026,0.9097816864292372,0.6263931203820701
0.4974364834612082,0.9919412037407888,0.6661268240609732
0.5115131599730397,0.9793809583819898,0.6353134357716469
0.522214666689362,0.8774355344206026,0.6356041595087282
0.5035510119089239,1.0021878493962542,0.6704864488038156
0.5378007240973478,1.0000221987003324,0.6475240581524682
0.5594167883098876,1.4209637264854198,0.6766534663982755
0.5162197466270284,0.8853501564011981,0.6611472903621042
0.5449988615537101,0.9585783335199648,0.6797022282983158
0.5409421025271597,1.0529751257912652,0.6599157192285909
0.5540085007411364,0.9694464052228992,0.6601145266046017
0.5944054544097007,1.0226091003879658,0.6772218134713165
0.6458713731763117,1.1180403607091969,0.6886044304177248
0.6949257940804948,1.522735227683579,0.7266492146885137
0.6773612326835482,1.4237222380514722,0.7213763082117335
0.6881948402468171,1.3234572647445502,0.7159827690663575
0.6877325099358511,1.1821148929671486,0.7376508609296795
0.7168528146939254,1.229132163371743,0.7369531958170942
0.7295322592787195,1.3684860120322029,0.7770324414523562
0.6867235451645736,1.185188432338783,0.7931473370065814
0.7160771722357009,1.0599206193024684,0.7772493263924458
0.7505237408500486,1.1457072547313136,0.7843393079672937
0.7450777953166203,1.1237813690427443,0.8086647095252468
0.7274567766653237,1.2023612715358676,0.8166260173467909
0.7252217835636168,1.1774307151861632,0.8205040901227855
0.676805241441246,1.4144774046066524,0.7967042541970243
0.6959401193581942,1.4852756243171492,0.8310760283099522
0.717526933728601,1.1704858858936753,0.7937876548656935
0.722807384499122,1.1190954552024663,0.7897885737941067
0.6988890100336049,1.3407155719807553,0.7783839124125828
0.6875595125607482,1.0903681395505729,0.7743709101751115
0.6675476906714671,1.5499122691391332,0.8131642560959399
0.6789648476615944,1.1650419046710996,0.8282455618460682
0.7024845963778077,1.1035977782338326,0.7897716945338451
0.6941029061167074,1.0995594612527948,0.8048251135440359
0.6934497582609137,1.3805996246629797,0.8463502138078546
0.6777495230340129,1.1012340624729358,0.7830780226879186
0.7170594515128471,1.5668363742446003,0.8234138538931086
0.670463631778269,1.0644933083847508,0.8556164216099694
0.6703716465091876,1.1747499318857848,0.8135863404080239
0.7574141003901079,1.4769482971493242,0.8790260084013215
0.9376081218221408,1.3370015889897169,0.9839917294209212
0.983661386653716,1.4993920938586398,0.9801355817242421
1.2240990383738068,1.5780782868524093,1.2059337728283048
1.2759624107440393,1.5654368523864577,1.2697162979691776
1.2500137992517204,1.5816601035667872,1.2566982321247822
1.2855994231271775,1.5486173350826289,1.2827333951165487
1.2803664143667846,1.5645010318277002,1.2617926916526665
1.251645028678932,1.5423338568028417,1.2336758846722633
1.2720341292476147,2.365435915802536,1.2845702780502668
1.2577663503624519,1.5363628047150433,1.248982080192134
1.2974695734783233,1.5308650042097494,1.2946247053380389
1.2141147440279503,1.44050309207248,1.2301285529355552
1.2798997106713816,1.6009767366619878,1.2701393255713571
1.2174350299447456,1.6086331531136566,1.214193248014288
1.2351661919721524,1.4975791286151294,1.247583042674406
1.2020366016661252,1.7237257126383088,1.1754622252739901
1.2029090635374668,1.4528605004541049,1.1868059414388692
1.2114618628598697,1.6013087889334157,1.21903362400575
1.248946183869549,1.44766166321113,1.2672918866122391
1.1897463512355753,1.6381218901037096,1.189870602374171
1.1859739847229032,1.4786928402095834,1.1845255298831996
1.2186685647179916,1.4500755367879372,1.2325769543441396
1.105599547043932,2.1411724796894958,1.2817237981211016
1.2862048338280574,1.534351690198516,1.2983489635422925
1.2135702885002762,1.4663034473834238,1.2043875270070088
1.2277451317627415,1.4866485655328376,1.2109783886598835
1.236934816914964,1.5845456296094764,1.2461447370222627
1.2478645171981804,1.5795198878526164,1.2543075313092242
1.2338278439892139,1.5098093606292118,1.258322667104523
1.2304157586834095,1.5128470137572294,1.2126384503022418
1.246317398969301,1.5200589967341267,1.2676727358276905
1.3086483567040506,1.8357939323183323,1.2643190930041126
1.2439432956940315,1.6119204365494912,1.2993622410976284
1.2363939371190584,1.5635082152254771,1.2512530064658125
1.2486168883234254,1.54543605558202,1.2690639050416592
1.2231412418722905,1.6156237402524027,1.2397782969260946
1.2933075881775116,1.8031276046292437,1.2605622351519867
1.2492686233637251,1.6808628718327498,1.2503231473720318
1.2611046632388838,1.6082851500703248,1.2784260618342436
1.267802573003688,1.5839241888761932,1.2592770261969288
1.2604386930221543,1.575924685939008,1.2918944729514876
1.2159596245082107,1.6199595891173777,1.2105140135576071
1.2738820546496095,1.5318095493239494,1.3075943599973678
1.2765694847584235,1.4739369619244886,1.3032416676965366
1.2530646340056686,1.7356927077911382,1.2446144881343038
1.250022905240761,1.6704848364118796,1.2317085866626032
1.2478486869923338,1.5033315396525109,1.2401900001316315
1.23955073829675,1.6161977413270991,1.2253066024001225
1.2634983234124713,1.4811650287921938,1.265763047401616
1.25804427992693,1.6069472404980096,1.2628549579730228
1.2853543891875268,1.6901079190889894,1.256982182289217
1.2587050071144588,1.7222123876450213,1.2363765883454652
1.2561129258758927,1.7319550224671003,1.3203495800128064
1.279738438031622,1.5190294081130304,1.3040091946452057
1.2837801572726522,1.543948312425535,1.274074772145399
1.2597281505398268,1.7441611775248682,1.2877321264533084
1.258245036214654,1.4490000431632677,1.2618523702473263
1.2512938874835013,1.6864320207152392,1.2384179883972068
1.3022215416714433,1.5241503225635598,1.3045684783764977
1.2201673043839247,2.002107822042796,1.2343067720276997
1.242063621025454,1.4588303696814415,1.2456329829032775
1.1904035869865595,1.5027789372170433,1.1874947853561426
1.2160259577447412,1.4849352101737199,1.214303691619474
1.2036258970278926,1.3794361875234795,1.2115739807588717
1.2153943297182435,1.5644087052022826,1.2183334552966638
1.197681501356836,1.4838063610986447,1.1910605755486552
1.1920378406496468,1.8361523842622915,1.2305861419076296
1.1623003887710084,1.5937008470219405,1.2056554228985676
1.184922897434192,1.362551218852446,1.1950070198945486
1.1906312309570846,1.5380738409504502,1.2095747671427426
1.1917539179663938,1.4945269323586237,1.2149625578265266
1.1927147792329478,1.3934726518417853,1.2438759369710235
1.18194320444434,1.7735372896269022,1.1863397615746327
1.1880209122202254,1.5539751007359115,1.1581455231423758
1.1675423325295597,1.495995570644095,1.2075015941753129
1.1419092881373332,1.644745053149965,1.1927683983421025
1.1823028221532623,1.545095829377393,1.1973198848760318
1.1947961711410073,1.4358493070513212,1.2207373799785015
1.2081227896005375,1.5576421486819416,1.181329678975198
1.0742147482452054,2.0775278760711897,1.1926283150556118
1.1525044370233755,1.5650343521356709,1.168564588550269
1.1889307372634772,1.4822990421101727,1.1842816242615322
1.1398873579970876,2.0611632363806534,1.1956341171123368
1.183017739369514,1.4334967859453664,1.1860039123208344
1.1685386108881912,1.5182567987935192,1.1842997298452738
1.1936893226030056,1.4099563700811308,1.198962614055666
1.1643501716506544,1.466537194772931,1.1825552722761592
1.160554733557167,1.5104793986567508,1.1846178401440692
1.1543545864173885,1.754488714617022,1.1374388938557167
1.1178957776236746,1.3878224296691173,1.1216940926784622
1.1531575933239078,1.3617565743503153,1.1633212464670957
1.0911962980382084,1.4347963374101493,1.1112441135817763
1.1180473202489813,1.3193574230467666,1.1516978344245197
1.1581187061755847,2.2363585974719253,1.1282691304591748
1.1328034428952107,1.4226207159268651,1.1447485837741485
1.0129007773493641,2.297309665251852,1.1552406971944889
1.1375894151033081,1.4864269942105903,1.1528007514126832
1.0709599439793451,1.498458797719359,1.0823772736094373
1.1151871477142787,1.4254384833576348,1.1191781935159175
1.132648663428994,1.5152018448681113,1.1508597981046191
1.0666113314516557,1.5667592032767936,1.102000124632352
1.0896286809066165,1.4057177432117538,1.098760765238523
1.1763595036218764,1.7748547621507902,1.168421642314918
1.126996763419681,1.6543434194248818,1.127576318732255
1.1159107451381496,1.3465884928420893,1.1587690166695421
1.0681140008649672,1.445692099686257,1.1328299753417028
1.0976578862070692,1.6041131519069367,1.1220466313363653
1.0945690211112526,1.4134478748446415,1.1750581254516936
1.126488011852583,1.8053995914287548,1.1406224472405917
1.091939699255247,1.5020120239224195,1.1007889187018447
1.1174602794078021,1.5886969224730136,1.1241273306656066
1.1081304874835354,1.690434023808943,1.124946368708833
1.1058555696074337,1.380441672012651,1.1068803389225603
1.1161066125955363,1.4345572476703274,1.1277596583503315
1.1150436890884188,1.614376981160355,1.1073420978679742
1.0881801181739639,1.5060217381495449,1.1171443315386251
1.1015555796431817,1.3084675336869038,1.127850336078832
1.1293922123655262,1.3315338216284354,1.1354735074007658
1.0973754900688886,1.3064440859782485,1.1008669107407898
1.0976718506755898,1.4880483708287557,1.1442086467126067
1.0785604686678842,1.8870266052255342,1.0991152346448605
1.1210217290861144,1.4158057771990544,1.1546587198632563
1.101705461572355,1.3386455990359545,1.1228060410566818
1.130697027004257,1.3256196329965844,1.1508314182850468
1.1106241930685288,1.3850431410118496,1.1135837734250231
1.1143351472377305,1.3433981625865197,1.1652546675971762
1.1000705376141502,1.4493818206589102,1.0863170480221789
1.1215619971970614,1.3061132599754652,1.1365838785998144
1.1141113408167345,1.5137293913265517,1.0970833677993084
1.0826439092622175,1.3673166753390398,1.0718671775707558
1.0672857402982447,1.487674161580818,1.1297047979465034
1.0868352612047976,1.4202087730036348,1.1584377097936391
1.1264095471083575,1.3478563020771126,1.153866327951368
1.104344092532758,1.3734338279423255,1.1332643263949644
1.112155276650814,1.3005166699768926,1.1534662012218255
1.0797458974796077,1.4310482265235134,1.124848557245154
1.0692519313047453,1.3626670728569328,1.0914856527351082
1.105358453976382,1.3888004217576153,1.1139998579593573
1.0992410002339121,1.4461064799079393,1.134192152729738
1.0776491079760324,1.2311965864282677,1.1021610134823032
1.0908827977048137,2.032466000105255,1.116800017097769
1.0581803017232638,1.3474917750634283,1.066850554201272
1.0647293196876406,1.4973047759202407,1.0519974869112323
1.0462585537280324,1.3360924225242192,1.0565250389350518
1.0432948879565165,1.3180904314677404,1.0708492993648675
1.0363123192042045,1.257581518969842,1.0509475903308516
1.0153936082872115,1.1933424674678421,1.0509222222646066
1.0216881951842498,1.502049129739783,1.0349728785956942
1.0168638163810033,1.2915962378978805,1.0510864044289159
0.9910675849716748,1.4230245401776824,1.0458702000308546
1.0430790619844683,1.8066921791176036,1.038031733215849
1.0199532160521616,1.2667184836537841,1.0720329373436932
1.0316027418275546,1.2612044653238796,1.0704762019881595
0.9672238876861345,1.450659399678855,1.0418319977164674
1.0158497011842753,1.3071104301896779,1.039536277183852
1.0142850501593281,1.2143492441156185,1.0400519184531196
0.9909880243881354,1.3018437579064226,1.0616382448222421
0.9837667443174698,1.6584041709769641,1.0499307344019828
0.9946499724421719,1.272992095862473,1.0110996425187857
0.9892851904344394,1.3731628737481012,1.0095140256498458
0.9824279730168395,1.2458898229796425,1.021067526008671
0.992557867037774,1.2855949278014531,1.0155461714398348
1.0043806801753241,1.4067925851852083,1.0286926943220585
0.9890801846021159,1.1939364373614094,1.0505909769848458
0.9841812378824233,1.159611922553321,1.0328826267412756
0.9859907500307304,1.1683403338458982,1.0347798604263465
0.9740204315470763,1.29173134497041,0.9889170521200192
1.0061844042164498,1.4239127043384512,1.0372882594268658
0.9736867166410446,1.4504610516103509,1.0015125459792795
0.9789304465348669,1.5890740501512193,1.0017538554455503
0.9482651859579729,1.1957533552177677,0.9993952576598158
0.9399280389986319,1.2815780123681308,0.9742706622864374
0.9329973467444939,1.2146544713350131,1.0093346216337309
0.9305049359283177,1.2194453879710725,0.9820061024257086
0.9099356558092139,1.4349303118885817,0.9843298275109555
0.9506840683051453,1.3357025364973232,0.9788504161028476
0.9533938878744286,1.240207445163206,0.9921770681913312
0.9608127943699803,1.178927688026894,0.9998382224468584
0.9698267075597888,1.3358499460092497,0.9752347157136704
0.962874772461505,1.1598585649407052,1.0227311310598084
0.9605272016836038,1.2414978502135754,0.9878869949118148
0.9713106893340511,1.2132007684416122,0.9966667256021082
0.9788076294825345,1.2573565055653029,1.0187588200201398
0.9629261653444365,1.2340181771254728,0.9980352682793422
0.9464851129356989,1.1760417522682665,0.9748476840136716
0.9635760599198616,1.211265223665206,0.982090106503768
0.9592550868978565,1.1878463940900787,0.9948548842937336
0.9586137507451923,1.2473033709853676,0.9865498376902496
0.954354170329737,1.376382873639482,1.0334499982538303
0.9399532405738431,1.1869566543208956,0.9624432137621179
0.945311910446847,1.1818865497032598,0.9932175970195872
0.9510173855084417,1.2316292868034726,0.9793163869987244
0.9351787855452184,1.1571408945765844,0.9711096657746924
0.9381180788724695,1.311778136994134,0.9876034283290472
0.9265063061641746,1.4734495210148773,0.9532116010630608
0.9213263987036968,1.309123482374679,0.961752986468615
0.9081679430736023,1.1591254926285584,0.9533114412283707
0.9225268843158773,1.2478962954273622,0.9623552787428008
0.9235980705007637,1.1240942738762474,0.9611550371658424
0.9334079918798435,1.081813751941173,0.9818225400706868
0.9329691244619852,1.1266219480759927,0.9581234171332044
0.9191384274033254,1.2028396753936712,0.9401041260150989
0.9223298613475563,1.1477051112257284,0.958133366129195
0.9299610609879749,1.3062740426314616,0.96546686740824
1.0270217828546955,1.911150964930109,0.9746207923537986
0.938550754573426,1.2076731304370545,0.9651331896644392
0.934210797976892,1.2269174297178385,0.9730047467919845
0.9318744642586861,1.3069695943960045,0.9966509209265544
0.9372135137954984,1.1461638538803112,1.020691244456857
0.9268641209973477,1.1983369479013668,1.0058211140670774
0.9297804027385798,1.2142795555506596,0.962028825552712
0.9202126838028185,1.2389012697262356,0.965112646583049
0.93420960547788,1.252898331544699,0.9759848271099694
0.9231715477929964,1.1696901322569102,0.9672947451302182
0.92954255629236,1.2260210327445362,0.9800803773507496
0.9414659502185019,1.216948315856381,1.0002804787296202
0.9265464629547883,1.139126815695215,0.9763340838304799
0.921369876744943,1.1548275572672848,0.9791091397326016
0.9425776047892223,1.5269225354999938,0.9919002909018596
0.9193166463632747,1.210414007457468,0.9888434246413969
0.9159002910742404,1.0726073586471407,0.9562687639065656
0.9406501751311032,1.2609131063719994,0.9980997416806742
0.9304749824876576,1.420531147079896,0.9877316665519508
0.9325144949103306,1.3575253119462625,1.0071503255013121
0.9211067402903407,1.2824607376135233,1.0015415201755102
0.9325914222144155,1.4881542144278097,0.9808957940758276
0.9253730719415687,1.2588879995691933,0.9912572790167338
0.9147506211672014,1.4361786171240332,0.964114530636204
0.9303129458837398,1.3825601111989263,0.9921075201953331
0.9044824502151413,1.1365369526599831,0.942236965811906
0.9019257316310773,1.3239561840951648,0.9425645184379284
0.9081084322715651,1.1415899031823729,0.9859458852844842
0.8925746993235515,1.1284834112794258,0.9532949608196156
0.8914446937956009,1.0953284522749538,0.9674645045825894
0.9000194609572466,1.1943074378536394,0.9555856919252966
0.8908175058580767,1.2676568348080464,0.9590411695006444
0.893779473362259,1.060235976629088,0.948257030378072
0.8832627175097478,1.2893018555523101,0.963091034296615
0.9038962204411177,1.3382429017181088,0.9429261238972256
0.8897609426178577,1.103419986842747,0.9595169465821832
0.867011845497789,1.0772068030768895,0.9349765630803116
0.8739318152559383,1.0768471077178101,0.9209927661481144
0.8673386272801747,1.201819132420641,0.9192945487786892
0.8697786262880004,1.181376972685671,0.9355846502013366
0.8412861394809101,1.0485934972114712,0.9115224459126828
0.8263854889655969,0.9880028246251708,0.9045738178111036
0.8267889343685595,1.2521049854265314,0.883209359512506
0.8060003453892215,1.0713117233403822,0.8680672389423375
0.808825829676634,1.123070651488436,0.8646539354462327
0.8035091306303904,1.1377039773925577,0.8672894868362975
0.7971634671400142,0.959932022788432,0.8718305142023179
0.7962920183557618,1.0838380539469628,0.8698206742209615
0.806279429885759,1.13436302472086,0.8837038058059562
0.8036020452616629,0.9501360191708834,0.8663998738222978
0.8060045224667794,1.0476995497755577,0.8764030341407539
0.8040753904241075,1.0747063130402663,0.8613028877598812
0.8087160190245456,1.2824989301573868,0.8591206797237902
0.7922196270550131,1.0404507465687964,0.8823327317175805
0.793652006590367,1.0278034131543237,0.8649153081540248
0.8004029451095538,1.175966646060492,0.8855227213768424
0.806384711414883,1.30294810095766,0.8613158963816392
0.8011750048782332,1.0864836600875345,0.8543706935019842
0.7959077790141855,1.0492493867366846,0.86203329841833
0.803367460977148,1.1901133441109162,0.8630633837235859
0.7985986393379585,1.0239434346417864,0.8700881327568866
0.7904281212497343,1.1081145489555342,0.8650275883120803
0.7983948689769466,1.343105880870639,0.8705092517531839
0.8031410325579057,1.1259215128753943,0.8933244181806035
0.8125175202755002,1.268008813176824,0.8721063902528741
0.8111283799430373,1.1190150752200367,0.8747777732261852
0.8090792314517582,1.0720688846091186,0.8749109347169276
0.7971381711873939,1.2189364253199664,0.9060505316335966
0.7989666517195937,1.0578072032146884,0.8627713432610814
0.806953326154611,1.302299380505127,0.8862080599804691
0.7993099742487643,1.1294741506948505,0.8692671219639055
0.8209967331740495,1.4248689550666271,0.8700817777286066
0.788742643393972,1.2693220303358903,0.8576593524762259
0.786333451387409,1.1031343282408388,0.8599816674904933
0.7852704690524337,1.2074239244292257,0.8708470486419044
0.7675195381621908,1.0864802600175545,0.8415552674900997
0.7710911060008808,1.0114413623900036,0.8383292731195179
0.7633574851172972,1.0089568054467934,0.8601586779988775
0.7678575640578289,1.036730487071137,0.8464430602937175
0.7680008576922591,1.2096130167016248,0.8673032900127999
0.7761723597683472,1.3345296463034313,0.8346684092262647
