window_size_1_MASE,Plain_w200,Linear_w200
0.40055284066386787,0.4876435401735815,0.4876326390315889
0.4010663190280249,0.4712536893593996,0.5048816806465471
0.4066725025238799,0.5037865674623973,0.4759185022821642
0.39782128906944936,0.5076743815542275,0.4687949767323952
0.42550222307328184,0.5027818597624112,0.5230709579952925
0.4185525208227643,0.5272601204358994,0.4916913802988219
0.4382536807976466,0.5258262350182256,0.5133372235057975
0.40169366812214363,0.4914967513125502,0.4802265341392716
0.3943437061518673,0.4945625953448314,0.4641978962874208
0.42091210772331117,0.4948915694474478,0.5227707971991259
0.41332479097214914,0.5076934838593684,0.4901167896480386
0.4041198290017697,0.491455878653255,0.4792862600048701
0.44241346743193105,0.5376941542012859,0.5144271358059376
0.4292799549197324,0.5131236752337308,0.5086087498738883
0.3986054167851719,0.4738881407585782,0.4883500239587365
0.41445221490172157,0.5188371711800808,0.4794152497158792
0.42277085229070055,0.5206654275799056,0.4903813251537155
0.4243877075789311,0.5040296673496578,0.4973619598650578
0.40765591301654314,0.4964498863994102,0.482867184866849
0.41867737071293254,0.5126486645636249,0.4921405374120264
0.42361543602318263,0.4994103614863142,0.5042266854984826
0.4115943425660572,0.5010911500762538,0.488001043666595
0.4153764887383481,0.4899022639588521,0.5066115251579203
0.4031150399615454,0.5086475941548897,0.469775176629956
0.39273720769877896,0.4918591867013373,0.47389703583732395
0.41060303606482323,0.4861620302205138,0.482480151398801
0.418393213106796,0.5246601068524204,0.497679586911428
0.4200636677036411,0.4956083743773473,0.5153525584125159
0.4232483701450742,0.479177905759484,0.5400032707850332
0.43752213779611127,0.5236708506106578,0.5025827145861271
0.41854175625313306,0.4868290383659011,0.4957867262147119
0.41511907924201225,0.4898468340018454,0.4927881660337294
0.4099136029068367,0.5021213818475279,0.4911438384746735
0.4237509214722132,0.5146955653689385,0.4970024603400108
0.4115511841090814,0.4739970451755848,0.5080837199736984
0.4440901122800425,0.5061825009849007,0.5375805129000562
0.4125096458138917,0.5210200384365308,0.4852819101179454
0.4275353760328444,0.5040031083922079,0.5077911557267456
0.4136149807237096,0.4914134296824551,0.5032088919348038
0.43005360398459574,0.4992285286201127,0.5011367783411328
0.4270094573764382,0.5224096441231967,0.5049979642340502
0.430120819806325,0.5123016269551731,0.5039714485450633
0.4141718030032257,0.5131311299141461,0.482949782750666
0.4239436856994695,0.4937558725604188,0.5136395948654988
0.4051952220811927,0.4950236411480702,0.4770881444602574
0.4055779981827105,0.5426291869112132,0.4710360273765968
0.4314247519594963,0.5187964492770638,0.5047879619943871
0.43633618677076397,0.4977380981821218,0.5154864230099301
0.40880626646570734,0.493255449120085,0.4975204628652384
0.4121584504114823,0.4774823429669239,0.5059263085899307
0.40376136089230946,0.4824379296515962,0.4965366982253525
0.3936646724531191,0.49465034672883795,0.4774237768243823
0.4282381119260726,0.5164313957014189,0.503692766344641
0.42021936095671863,0.5118837181917394,0.4877887329642794
0.4098071508447789,0.4967648714637972,0.4808928899947439
0.4024235457666742,0.4857273286212914,0.4760708388047293
0.43543457384330864,0.5381877788631111,0.4987051903451912
0.4195234632123717,0.5148809529412209,0.4949592041823457
0.44233197267697105,0.5238827270267435,0.5133745107552505
0.4181628067684322,0.4891987486469925,0.5206860936024975
0.42218988757650605,0.5179588092963437,0.5044013916037108
0.42059277532404715,0.4932890629715597,0.5169701523484759
0.40597472868311796,0.5071656006249152,0.4695923423236698
0.4131668121273102,0.5028983373211525,0.4873524499633157
0.41539391699321127,0.508716275843414,0.4926240676306905
0.3951523474186876,0.4764036064159883,0.4783161699753119
0.4121050198813721,0.4986630216341135,0.4957756671106383
0.418065736337321,0.4972730305423772,0.4993105511681927
0.4202549103442043,0.5105565790414703,0.5049272002152992
0.4344632857723667,0.5209097270797077,0.5246861100960039
0.40953633952334334,0.5047223453081557,0.4769506816807289
0.4277892803019469,0.5123034421383106,0.5223665127067927
0.4156091548352221,0.5111793265983452,0.4960550156404835
0.43791595230045127,0.5250038015310914,0.5099744907207827
0.42833918769494167,0.5080910012880421,0.5209908822814612
0.4203014886739275,0.5021033873785998,0.5022889296011788
0.42502271548544335,0.5007406326447851,0.5138234701005832
0.43118887253925836,0.5041839923457154,0.5109504426470397
0.43158426254602245,0.5179364483373814,0.5050657223404789
0.4077848371780412,0.4986368705085321,0.490920211110198
0.42704569339480875,0.513093391638356,0.5043526112612121
0.4141608516833948,0.5032979109814658,0.496235222505444
0.41077839052918763,0.5125749443312694,0.4928301238126427
0.4286767276577555,0.534608150921156,0.4965650862917166
0.4132645055363147,0.4859031401593208,0.5042102993486471
0.39876963152033496,0.5003213182777749,0.4673637188271706
0.42265604655894007,0.5022243900925475,0.5168833046755821
0.43579334276226456,0.5155889367712119,0.5200928706002736
0.424472251149863,0.4817507309439217,0.5416693655337719
0.41447892829930155,0.5205795173501933,0.4777764605831887
0.41007112838098264,0.4956592008289562,0.4855595827935428
0.41061443480042725,0.4793328660231088,0.4970100511230322
0.4315954398857043,0.5135882076624679,0.5072748431109652
0.41600200606713017,0.5086581239423595,0.4828244674545533
0.4389246759689327,0.5207517740918409,0.5150435815454874
0.4067265402615432,0.4936729898476929,0.4841911655914652
0.4289065429945281,0.5410715895527795,0.48598858888766205
0.41692947891177085,0.5097092499011894,0.4795569080008569
0.43257367185546536,0.5112703296128164,0.5023474334074948
0.42867949456407617,0.4967021010069637,0.5301945458399804
0.4280138196275746,0.5164429896653219,0.5017216233308418
0.4250176501596426,0.4940310369191501,0.5177579638954124
0.43345916473832746,0.5163838219095792,0.5128216815397253
0.3965693785811918,0.4830469304314585,0.4740155982536781
0.42389560958987815,0.4881172148346043,0.5166409887754686
0.418166609896647,0.4942606754183205,0.500485392547895
0.4181792972938891,0.5329682043637676,0.47827868535045
0.42288293649294917,0.4821886368026608,0.5163462147870821
0.4240258998972239,0.4989874613011897,0.5102656257041057
0.4154013563914678,0.4948658185645528,0.4919053617758559
0.40184675874101844,0.48232182743317,0.4862798975040396
0.41603037867139764,0.5267485049763659,0.4867373632901526
0.4280326700369008,0.5211201830527115,0.4941941456229882
0.40947300544774473,0.4862431755860285,0.4940996208443804
0.42857988826600635,0.5486067721592953,0.4773116862271617
0.41956730749250615,0.5185930128283708,0.4898092416655485
0.400388365183414,0.4766206445079159,0.4917592579184379
0.42451378050967775,0.5319784229850477,0.4921826084734332
0.4234537671897249,0.5262375963132703,0.4898086116485105
0.42703087227124653,0.5045401400405141,0.5122764456528597
0.41534979678852607,0.5067997721063775,0.47627436507760396
0.4112464148099494,0.5416878845641705,0.4732655823296233
0.4096176405888714,0.5128858320196029,0.4866014211497218
0.41981524546310256,0.4893715649847376,0.5135119579195923
0.41754676374894606,0.5036816243535568,0.5029249784928137
0.4263994182125389,0.5092129851404626,0.4944923330070372
0.40280876253572523,0.4787815166092699,0.4889714172836376
0.41273835591392866,0.4863876822195057,0.5060442902113572
0.42262704514896143,0.5135088108388749,0.4991633225734654
0.4161260868450731,0.5080491584294463,0.5041469104273953
0.4097442042648548,0.5023755357363503,0.4838325791966546
0.4254663328371267,0.4988725072840778,0.5079247339798085
0.4128018727940161,0.5086876300120321,0.4933859474625072
0.39994825214614693,0.4821105214832627,0.4877722718736463
0.429965945422813,0.5364491435945264,0.4897099062553645
0.41670338140003566,0.5032968501478879,0.4913348872295205
0.4194200775296704,0.5103242609179136,0.4914092152008421
0.4269972030163626,0.5215481133390848,0.5036737590709011
0.40250755627333185,0.5040219116852677,0.4778550216612529
0.4241943339724038,0.4970749675883392,0.5153071563554238
0.40127244657425437,0.4708161215960611,0.4824077077198983
0.40184985815553587,0.4750883995932009,0.5081924408897512
0.38384849751390426,0.4686343711629091,0.4798973715126187
0.40127347233745125,0.47917372306771,0.4819938308122353
0.4169524767332352,0.5020444288968113,0.5005254413187267
0.4231189435793924,0.5084793350074179,0.5076871472992337
0.3901295496717989,0.4622057562091871,0.4938608484945845
0.39754503069508845,0.5077835101338968,0.4667511035537621
0.43497974151715085,0.5222776106786969,0.5110999202275841
0.41548164344925387,0.5046972093360838,0.4910147828827138
0.39927437131974136,0.4973732737850392,0.4697642345729866
0.4311814564074946,0.5293255194304078,0.4999291819786613
0.41646794667734327,0.4989134735526243,0.5053709144697742
0.4182017403945861,0.4973732642565538,0.5096562414282143
0.405885158077283,0.4982095451540428,0.4781488247428442
0.4173981398143088,0.4933872911983832,0.52223056530764
0.4375908641038634,0.535053518008501,0.4984579101002283
0.40966304575452794,0.4870294900591577,0.4865148877635815
0.40691740909187596,0.503342637324263,0.4872006157229721
0.4109405736195073,0.4880794706795436,0.4903631436400058
0.40895035561929,0.5110316697093823,0.4809612565539946
0.409161932103939,0.5203936991880678,0.4721370229425036
0.41728677176985085,0.5055694061541302,0.4958008715319629
0.4212188564181314,0.5125643637458644,0.4879548372897217
0.4148132082435136,0.5088634768416942,0.4725538500165014
0.45002600270060583,0.5254140485074712,0.5219433689561783
0.39564048895865156,0.4902116556578751,0.4652570638224349
0.41279499983235646,0.5204962730777926,0.4808082234012056
0.4023623109900231,0.485043422055775,0.4878562829046861
0.43688126618541817,0.5161153732201677,0.4960280876911733
0.43504371931373514,0.5255957471747699,0.5028491581752941
0.4451775411925272,0.5205656690445313,0.521473392205614
0.42966880751735764,0.506990584964139,0.5136155278807096
0.41635940459033915,0.5100963678428394,0.4791430775460304
0.39658550004251,0.4619305439245759,0.492606653115989
0.3986607982095897,0.4911255616796488,0.4798612102769553
0.41521441649701624,0.5022833567144942,0.4865177479303421
0.41704567472371823,0.5048696326875738,0.4800695714354785
0.4125207423462038,0.4763780320926281,0.5103278629008379
0.41872098207413283,0.5064966829511818,0.4958219984429801
0.41225789009433383,0.5054308480158436,0.4823417970556138
0.42718365257853397,0.4941050115045914,0.5093725675240779
0.4153984878428194,0.4885388134665968,0.5168319533897312
0.4028793254034153,0.469165944023862,0.5093665694762549
0.42524611513042443,0.5108100014993944,0.5040258115872949
0.43357583561330115,0.5162733978445869,0.5040904339133987
0.38622926734604596,0.499021874511099,0.4578381165927842
0.4182862611706692,0.4938563101293447,0.5187725067846748
0.40617609083953277,0.5247420178747925,0.4703465663373928
0.4140400457859924,0.525842478314789,0.4668308461499908
0.4107926307072179,0.4967265209751154,0.4850513575427683
0.4249005698714201,0.5045290244994941,0.5125908172440872
0.4330505528369082,0.512992480702335,0.5102673480553076
0.40411670714285747,0.5134656450256349,0.47321507007920005
0.42135341193842657,0.49740803525798405,0.5138732631087213
0.4049543368677022,0.5083226458447956,0.4687012296074594
0.422960527997971,0.505017387639296,0.5065728536701458
0.41796243759791196,0.5101544965848465,0.4937300194909796
0.38875031654102526,0.465265028534896,0.486017974376505
0.4200818767586918,0.5314925244810431,0.4757651389860764
0.4201599528413479,0.4938481045476628,0.5052483966198351
0.40148906472275026,0.4729423067780844,0.5052003900420022
0.4027391797496573,0.503286446282055,0.4839904212605676
0.4177187409716792,0.5120115843091234,0.4954042520977234
0.3960165120054066,0.4773173135760174,0.4845928454572826
0.40339595637962267,0.5022517530200125,0.468992218246631
0.4283542196249624,0.5173767107296439,0.5002642537305839
0.4143353121404853,0.5002892090976825,0.49413766986819296
0.41798340536857226,0.5203664688570119,0.4715523356943278
0.4132863505445096,0.4999040830844448,0.4891836158194484
0.4265468885186578,0.5109677108609134,0.5034540237373211
0.4284990187270982,0.5060353585811479,0.5136157235113061
0.4326294780779393,0.5089225949302587,0.5133460875053688
0.42413927706894966,0.5120477824927954,0.5027228191853792
0.42809031976661543,0.5183647323131777,0.5016919342319016
0.42551424540627325,0.5060545254570156,0.5133139662635312
0.4127896797843191,0.5118317710334542,0.4925669446192643
0.3979672479902983,0.4810732554054925,0.4885971956877917
0.42322733874187846,0.4824337937433919,0.5371523946536797
0.4021684833042858,0.5127224274018398,0.4627948759941162
0.4060416836454901,0.4799981191216621,0.4855762520274836
0.43278086239987645,0.5153438599647551,0.5044938092187421
0.39993833906059817,0.4808983880128818,0.4881279459833488
0.4307288831185442,0.5307311632691295,0.4951042006953997
0.41366729955904247,0.4884705832063089,0.5021197893586831
0.4066734947035006,0.4990884844951367,0.4848082008430732
0.40254602366339254,0.4663386070963568,0.5057833230191817
0.41614559852655675,0.5054168547969813,0.4978194335233319
0.40487256715562076,0.493716151991352,0.4900598410814304
0.40195181137843883,0.483679754960307,0.4962697364895478
0.414738832774719,0.493535185278669,0.5001604148277153
0.4139051877846746,0.5028155132830406,0.4884441215045761
0.40196034218204574,0.5053206464495873,0.4910589870313066
0.41087995419109546,0.4941380215170912,0.4979184353439474
0.4033317908975739,0.4594597224407627,0.5113000882443574
0.4206073076385482,0.4984940197584675,0.5182171573985319
0.4136476537303707,0.4956885517409553,0.4980906795249192
0.41497589665311885,0.4978496507642586,0.50547659252364
0.4191950925711818,0.4922812989599542,0.518063630906264
0.41754476420068487,0.4829609192969044,0.5093272040455846
0.4183753462653875,0.5052006674508701,0.49685167876971403
0.39440584552156027,0.4681744127197258,0.4847200446638954
0.40843095497532644,0.5025702433391285,0.4776110250639865
0.4030004617204518,0.4862678885503202,0.4889194385990732
0.402225203717266,0.4979323439691661,0.4679473381382423
0.40046180735786807,0.4898278695288525,0.4890066492312069
0.4212236607733917,0.5081436764150901,0.4996451475628914
0.4426885726741776,0.5183729240701173,0.5288778605370261
0.42656517072743705,0.5049424956689349,0.5101295268677436
0.4135426441545251,0.4972186962064285,0.4883216615374125
0.4158071873719835,0.5175097906205522,0.4985976505551804
0.4081787161746469,0.5124156081818476,0.4890468624510298
0.4093984807463524,0.4738925946779088,0.520490686037373
0.4089445759502421,0.5110161258126705,0.4867851069390376
0.40055170673065027,0.4928184242172928,0.4796840319011523
0.42178873324897237,0.5180820869761704,0.4824030484640036
0.40919618749330317,0.4965188347384629,0.48188991860013397
0.4337723620584677,0.5357115841928654,0.4986474677322164
0.4187301149083209,0.5259580414122336,0.4893744166682176
0.4190388198996803,0.5203695241818334,0.4742808952145938
0.40330264219473927,0.5204298297755974,0.4656486641114628
0.41404871113294084,0.5096526552693237,0.4847020739115386
0.41473668448706136,0.4982467405345264,0.4965150838725978
0.4094384078274703,0.5156714270911791,0.4815561547029618
0.4023164912389718,0.4874821880760799,0.4809445964051152
0.44692584960552223,0.5108694771915094,0.5353593117785752
0.4108310101383143,0.4986568134150471,0.4887498243837809
0.4228773203162974,0.5061189288325516,0.4873255773580235
0.40709668071672594,0.4985903640897133,0.4929793677972069
0.4051870455874554,0.4757892011921304,0.4914552102282305
0.3948797867269322,0.4871313404665604,0.4838933003245566
0.42770850544912065,0.5062673329912998,0.5062686263418784
0.4216945141858685,0.5196552267901837,0.4924139299479602
0.44815520391262303,0.5359781865021561,0.5236884856434106
0.4059447499627232,0.5053804045769705,0.4880360155164672
0.41607936716861316,0.5063723661281694,0.4907182232339618
0.40604652474821135,0.4949162804061643,0.4785225301729336
0.4259893417817557,0.5198167345022643,0.504135221230134
0.3968714318498776,0.479615579462339,0.4823275214754447
0.41745701452467826,0.5027637425045639,0.5021330537800268
0.4315101076837506,0.5165321851830434,0.5059551999235252
0.4000841192108925,0.4745097739039999,0.4904289239566929
0.4255917453481252,0.4981581850506685,0.5065306778474651
0.40939652979974134,0.5055815659436661,0.4783715675922086
0.4220535831547434,0.5102583647331101,0.4991432950077918
0.4039815601089075,0.4923907461094541,0.4900822817400989
0.43419788728812636,0.5334765578489334,0.4996317382789476
0.4307232038179608,0.539487876133969,0.4960209304080895
0.401805668477987,0.5107239554837958,0.4685054297339685
0.4098629697733769,0.4940291442302416,0.5018540631299482
0.41397653789927186,0.4924427418817472,0.4950045161791472
0.41931955775594276,0.4944718900237442,0.5024002790692186
0.39064590715194525,0.5316220413858332,0.470982821219593
0.40443157820271336,0.4886717159898935,0.4892004110440084
0.41107188931840993,0.4851379992405941,0.4951741929072645
0.41163929693315426,0.4992724080545903,0.4846519216465808
0.4140246704952969,0.4917256920972203,0.4895225737715579
0.42298991093392224,0.5214182265816466,0.4897869071298001
0.4311121315682371,0.5062320955027847,0.5097080277991102
0.42400135717649634,0.5028251825291459,0.5176071799656128
0.39955264925591183,0.4851009420613766,0.4794889221728066
0.4294528889644262,0.5131752921344702,0.5061317294173993
0.40464591214430085,0.5092497163185831,0.4772539312503049
0.4252976817832314,0.5102271512017433,0.5018254180865585
0.41268465579450436,0.5208126388413085,0.4796315978181326
0.4244763102309594,0.5287880196979378,0.4917639369395745
0.4076485506302498,0.4952082772689688,0.4736216546017158
0.4147874402259465,0.47865705898836897,0.4947858926823648
0.4205150312256602,0.5316177301390465,0.4824238772638286
0.4369456639043496,0.5212670661085155,0.5078484159809801
0.4384364724720669,0.5118478073135172,0.516824894451879
0.41937128436908055,0.512169442619128,0.5008613010187289
0.40819306797337573,0.4988115317094142,0.4767047458920706
0.4172960446913164,0.5021694644484552,0.5017708232959976
0.40745613706007716,0.5017299980111519,0.4834964830462817
0.4149562344724098,0.5174733740637099,0.4764352651855879
0.4101679464619312,0.4903182242895126,0.4845540552169523
0.39002702949378587,0.4920868153328666,0.4552684488991518
0.43959619977173175,0.5061099835574633,0.5231910000306186
0.4108799056471762,0.4825855274246548,0.5012042517485605
0.4272362014855357,0.5211748516810932,0.5015872234172878
0.4246845001697809,0.5153811960639789,0.5048830316127814
0.418991639331851,0.5190273476260345,0.491298056948281
0.42307909294480184,0.5257489571756984,0.4978738977142772
0.42608589646454265,0.5108426824717441,0.4978645827016939
0.44376262347216416,0.540816416603814,0.5082726920071983
0.4016357750961193,0.4965260172261026,0.4762462700354385
0.43519694089884303,0.5051507311198158,0.518880533385104
0.41979840136037566,0.5269351914897565,0.5000875812207068
0.4208177077393587,0.5077759408650784,0.5064507798286673
0.4144141103158167,0.5147001752608665,0.4853622368234654
0.4224577927276529,0.4932286553143432,0.5106973733214375
0.4134647103970176,0.4850344045535202,0.5009881596594589
0.4334847284339298,0.5259861108073584,0.4895241398952582
0.4100560002792578,0.4995515885404385,0.5034242397038295
0.405574178133685,0.4893045762693552,0.4998628140965779
0.4209531145855773,0.5041488994492618,0.4950576888970344
0.42560729876873993,0.4954104703858668,0.5107087783446477
0.40481950624319796,0.4704557905021009,0.4930740526711018
0.41277208180949615,0.5102982164610492,0.4829039494104274
0.420623361003792,0.496865433758773,0.5015104719215383
0.4136863341356042,0.4952179167952194,0.4980378103472175
0.4097671602153927,0.4919876602611719,0.4943130436425982
0.4253405501732862,0.5097440411396803,0.5081388248947257
0.42742445636286724,0.490284561943578,0.5304220353058662
0.40532205347351863,0.4821901675755428,0.49190176743973096
0.41396367529880573,0.5042417925541246,0.4873847896326381
0.4183421036258086,0.4943512900320941,0.5030730644358132
0.4118709439167877,0.4896119037147133,0.4994966637095209
0.4380889713347663,0.5195021774864805,0.5245041813935639
0.4416318986190445,0.5268178809098746,0.5117188315885831
0.3875632630245919,0.4647927616691364,0.486253010194513
0.4159477194723135,0.4916644884001089,0.5065949133990061
0.4123557199254404,0.5004289012626609,0.5100516424925711
0.42929275783257026,0.5196901872639461,0.5069185445280439
0.4218822729649993,0.4942722962053512,0.5071637721401064
0.40655262060909436,0.5105933565451091,0.4748944467436552
0.4036456166708783,0.4949563255845242,0.4886883998911029
0.40285493156067204,0.4964868156732718,0.4743119717828527
0.4037334940021253,0.4831204153463276,0.4924911201482925
0.42092060535175846,0.4950503796808806,0.5205349754723461
0.41272091854629706,0.4955230275220432,0.4900879952345933
0.41451600546698697,0.5113748355775051,0.4781950138156648
0.40947880321204816,0.4932786377065866,0.5026737017076794
0.42830792420857433,0.5046296028407803,0.5076947608583685
0.41616294404532994,0.509538164798598,0.4996869031711562
0.40616556858865294,0.4889219609694823,0.4912857355385513
0.4007025492306608,0.5149352204715982,0.4694403017619663
0.41844026791162264,0.4997634730954783,0.5067720289320675
0.44797682071750794,0.5223218400873397,0.5249124647076927
0.4306666245961535,0.5055731194269715,0.5169295472120448
0.3868333825246462,0.4756957308156886,0.4743011338073513
0.4217483334448673,0.509694278063608,0.49374515466408603
0.4297644757419843,0.5145852638800321,0.5028327089825931
0.4413510365315671,0.519264885530363,0.5285734478590599
0.4070037023289689,0.5005768118886251,0.4747867676100973
0.4073870429480027,0.48424457560885,0.4900886811533261
0.39734484699173045,0.4951882335421566,0.4910061956392316
0.4199424978656785,0.5160983597163022,0.4879510291935464
0.40196599810009437,0.473620385260888,0.498300630360317
0.4059415428309775,0.5068666692557984,0.4677814221374746
0.4097335892717044,0.5289551862473149,0.4709027588336706
0.4172712946985998,0.5186620597138796,0.478957379414509
0.4337018298271548,0.5045959599368264,0.514185796440306
0.4236683009950785,0.5225253212375384,0.4959885717028623
0.4204523057863214,0.5071458733848284,0.5078394822232998
0.38917545226292277,0.5041896708052037,0.4644290081804033
0.40450284706281303,0.4736186846636461,0.513060712009342
0.38133196335204445,0.4848859777609751,0.4592067456679684
0.4162193766295873,0.4913983283818944,0.5085565153922921
0.4120894475860217,0.4785493719741574,0.5016602404356673
0.41552203181143355,0.4924760990858551,0.4955778670460574
0.4148242583520729,0.489155919230017,0.5041919127188573
0.41717551816958465,0.5179140264683597,0.4833470745869647
0.4212431432152454,0.4982573873974207,0.5032695506819369
0.4310836829444357,0.5168638841619775,0.5089611815989344
0.4218981173071849,0.5027769690975968,0.4987574703334829
0.44216376569247784,0.5216915443506316,0.5130439976624112
0.42830267617419693,0.5191076949415976,0.5171579821854005
0.43967398972996646,0.5098789706932688,0.5301791386941163
0.41421123997243314,0.5196225938307915,0.4889460429046815
0.40462830187141824,0.4892561081732909,0.4852907567500671
0.41603930813209544,0.4923046180009982,0.4910345555184009
0.4110271558062437,0.4926867892202785,0.5020479735387897
0.41013856568663426,0.5138465486354569,0.47747516029426396
0.4221475853022736,0.5237793679983023,0.4855462614038305
0.41519926499481313,0.5076646230513638,0.4939647105224737
0.4351258010452447,0.5001175623276379,0.5340551909135786
0.42482907464359954,0.5149651110439785,0.4917937945767326
0.4189661826394041,0.4976747588722518,0.5000536970303561
0.4022275151883639,0.5068516379827436,0.4696723780392029
0.41272005798059824,0.5206988938367282,0.479708600232458
0.44005730624482553,0.5161609969438962,0.5023466955556278
0.4141995209924385,0.4965567187583638,0.50897766150111
0.38973346550196747,0.503348314772406,0.4632052318996708
0.41558675877889956,0.5028924124043612,0.4989134733018742
0.41985485821720986,0.4877131284406194,0.5184389327176124
0.4319893008886168,0.4921737397907336,0.5264741357396788
0.43841768757425714,0.5377690795510186,0.5129888201120778
0.4018629930673705,0.4904719421000323,0.4860683864628137
0.4233407576916518,0.5089068657939861,0.498611331848397
0.3973714087974003,0.4848012712703273,0.4871018989217049
0.43151949397769707,0.5042125501320548,0.5128618295716891
0.4221269101845795,0.5026567129606115,0.4978281579409548
0.4043852019566037,0.4974709495180467,0.4966541902610486
0.4216577585735337,0.5203358202923872,0.4768825101856979
0.41428298769278954,0.5060558993346257,0.4933517513703887
0.40154145908691524,0.5171718630833716,0.4703294571632785
0.4084898667843323,0.4843520991591227,0.4970391717467986
0.4274889767579374,0.510551809822012,0.5025682746925876
0.41852589244534966,0.5254223763387585,0.494178152835201
0.3881876167172208,0.4835136059134637,0.4793889985091703
0.4152839012598072,0.5044895359997371,0.5008195417445251
0.42441571776807835,0.5141172897438576,0.5046616203138474
0.41726262847942325,0.5166677176493409,0.485270139029631
0.39827488604970823,0.48577562401686897,0.4900694311748255
0.41758000708796983,0.49599118442802603,0.5053628744107483
0.4317490702663751,0.5096795674814506,0.5173401087924251
0.4238648348434104,0.4959376892206926,0.5091801563636049
0.4111457416641038,0.5142023119214197,0.4742749517643627
0.40695332174577303,0.4929790226884832,0.4837300950213552
0.40486314890945535,0.4955200393853959,0.4848816633033685
0.4133800850299969,0.5077924736774009,0.4926509011679713
0.39717074035056094,0.4930775511289368,0.4697965624102492
0.40521350860585753,0.4910043411415703,0.4897003550122606
0.40241507574515706,0.4744827040356202,0.4890468991084502
0.40672708741914443,0.4891901312382405,0.479068780879081
0.44191718809357455,0.5301405988802992,0.5106689358124094
0.40490628171794596,0.4782116247810558,0.5041197201297141
0.42359196659506554,0.5121914131138133,0.4957550610747969
0.40607277368715394,0.4639205945172064,0.505001401371332
0.4155950787913475,0.5125471284873596,0.4838504384543992
0.4250951849955652,0.5007955147242126,0.495662912989358
0.4014138477937439,0.4848199747379606,0.4888450364048521
0.39875732335834757,0.5017130965069664,0.4789920736550621
0.4184800741395002,0.5098719123855181,0.4834103098140226
0.40531346579095123,0.4785477309475724,0.4880993319676078
0.39238414333036786,0.48779113711090005,0.47363766198712
0.4219810763415366,0.5406342139478161,0.4819332308830391
0.3900133166070262,0.4921749817587773,0.4643461890760833
0.4044350417628016,0.4652092307759138,0.4967267290109875
0.4173123970222429,0.4905051143919688,0.5063027618557594
0.4300406938453865,0.5157662521573582,0.5090554761900541
0.4163963587977456,0.4928953313975589,0.4978390357772999
0.41598742521661153,0.5081928222071752,0.4798992917710838
0.42453569482325365,0.5184828795225327,0.5074624654208554
0.41990064705668395,0.4947879331370089,0.5036783063541802
0.40993288290434843,0.531835193579996,0.4689671448743282
0.4147526145858583,0.4919443167262086,0.4977403720651161
0.4110351971989404,0.479623604022721,0.5072695493712017
0.43490884774513505,0.5010151489641431,0.5323894292515867
0.4264939812487857,0.4963951895157449,0.511107072513846
0.42407487286590084,0.4913375018981733,0.5197433816186444
0.4039407538856845,0.5003475516784455,0.4821499483351874
0.4079071187006077,0.4823344427502328,0.5002622827265429
0.42435845816959683,0.5237294403622116,0.4849088902301581
0.4220299853482529,0.5074700057708512,0.4999572874450089
0.41003296418796487,0.4958466399660106,0.4812961074156804
0.3973921919458347,0.4887563070125623,0.4749563945935466
0.4116760090873805,0.4850885427834248,0.4910209845492179
0.41631794193041893,0.5204219095553649,0.4896265432077347
0.41328065730894153,0.5036703316318009,0.4763570175175099
0.4277804490608941,0.5151371626371637,0.4900144741781054
0.4310470885881401,0.5167068521464182,0.5085097696227033
0.41511952739524494,0.5058112865072938,0.4955267019563954
0.41427556317822956,0.4815012727197205,0.5187528578979405
0.3964594222250765,0.4666784845392286,0.4877784108045185
0.3977943250915866,0.4670097963668818,0.4884482888674889
0.3929323149138891,0.5095918998938367,0.4633208112288954
0.43623246494451906,0.5472250454511286,0.4921000339849638
0.4308343091643118,0.5063130249717697,0.5142822881079805
0.42237645353293396,0.504124447780966,0.4974615907819031
0.43223756543114006,0.5051772543169224,0.5299346194010505
0.3862661054769136,0.4713578610522612,0.4672022399420213
0.4361180738066848,0.5188606807546366,0.5117531406232999
0.3997734397552701,0.505724116082764,0.4716540781850429
0.4257563652400998,0.51457003168548,0.5018165223014658
0.42061071022133345,0.5020527518060398,0.5062584741474909
0.40256869975630677,0.4884292147865142,0.4892042962742536
0.41561156892041523,0.4761037052313744,0.5096309188563144
0.40717989334815413,0.4962502720643596,0.4760251530974805
0.41218884624226304,0.4959112358544318,0.4905668953155789
0.40593705502047056,0.4998292954565146,0.4644483058457419
0.4098365721985826,0.4887484693554219,0.4934568623557205
0.431112759789163,0.4896288161094674,0.5211766548399182
0.43918485123454,0.5186125414150912,0.5156563184390116
0.41652799976173555,0.5037087153500243,0.4894773838725674
0.42254218162248386,0.5121477019637249,0.5001272498163999
0.40030720950357435,0.4968700819643976,0.4789214539722943
0.4161717646421318,0.4985970737183479,0.4984638992686304
0.4228422697854345,0.5066694828065337,0.5020194940726015
0.4116424674652657,0.4930389188081341,0.4972341189025528
0.39603617055844853,0.5223818729348699,0.4726999594822944
0.4318271871476391,0.508825462470045,0.5158139625589662
0.4113442682288065,0.5118508815757482,0.4810948751107623
0.41302067352941174,0.4987158672286167,0.4848203212279126
0.43325222751705994,0.5073481275203882,0.5156485381742675
0.423634470802683,0.5062119017134793,0.4876056708769434
0.40783542041303944,0.4935711887409472,0.4833611672838109
0.42382114624196604,0.5019996424071808,0.5022345664480439
0.42424231674430574,0.5163006419616428,0.4870734583564033
0.4400429518098415,0.5260941162827908,0.513076009749214
0.3944210186296715,0.5059842129575816,0.4569872455304813
0.43605016377640804,0.5171264778090174,0.5106151711719288
0.3994378884977,0.5129597441738863,0.4716965494990816
0.4232211579900308,0.4866739187785367,0.5111897733340882
0.4240415979434408,0.5098564095335552,0.5001058440846244
0.42677623181278745,0.5217318322536834,0.5023467111894555
0.4011979132504668,0.5073318339004163,0.4737517494949229
0.403729711545676,0.4809392167962948,0.4851862852098956
0.39792136469325246,0.4761804612845311,0.4964423377008329
0.4070589644654292,0.5151886473389864,0.4781995736463747
0.4362281668609907,0.5227894847500788,0.5181686881983337
0.4327469330488175,0.5004766513456718,0.5202480011971534
0.40727893063868265,0.5056557827915511,0.4771205087183734
0.41388779770578743,0.4989992285815888,0.4826101546499391
0.42668460442377554,0.5021056701702574,0.5135421153412018
0.42945410610574897,0.5094729947158873,0.5077289077489642
0.42286572353433527,0.5160747497907948,0.4826250581103521
0.4343992000503234,0.5196807736925502,0.5017176287133643
0.4187320070497671,0.5079813186452415,0.4902956566253756
0.3991651201254001,0.4768453521401928,0.4941945701734259
0.4265291849243416,0.5262627095247175,0.4877635080400467
0.4278300328676841,0.5064971679524933,0.4961041625817795
0.4198608372678588,0.5138567347563803,0.48895471984631206
0.40759743797740183,0.4780192426799729,0.4930275738164326
0.4184357430894711,0.5040701932190308,0.5105347100536132
0.4273867650410849,0.5222174484232552,0.4838385869807766
0.4150318569614207,0.5050352010627293,0.4783643327183227
0.39256944011489536,0.4903082608373004,0.4610447547880922
0.4208941548115973,0.5055373098155339,0.4931472092854664
0.4162508298810497,0.5078131049597628,0.4941412042526409
0.4456776388664153,0.5509231798842602,0.5007508771275502
0.4178476745288328,0.5047396013163431,0.4991799750786765
0.3964771437393882,0.4971151526385029,0.4625419109955444
0.42263737474595614,0.5351358708578378,0.4871711559269128
0.4274099002827778,0.5038624563588315,0.5018796530729748
0.4289647209182927,0.4892690755434536,0.5076611373035577
0.41703195567593326,0.5152168947114437,0.4942189569829399
0.4062035151576475,0.5134505759863854,0.4700362720718256
0.43036143456820797,0.507657696707062,0.5110715351570767
0.4058265611911152,0.495609864686959,0.4888082379635105
0.41829185473531383,0.4955889801573929,0.5068674879869728
0.41729816288187715,0.5136058294920435,0.4934762370784012
0.4114534444187694,0.4898623156993741,0.5112446620821325
0.4132061843965421,0.5001043130765556,0.4896641605279243
0.41855037707429493,0.5151555512920571,0.5024559330824946
0.4217835156653632,0.5120751078500155,0.4928833375671611
0.41192055133445493,0.5095099664496494,0.4740571813927047
0.42381522579738046,0.50136812075946,0.5087369521355516
0.44672514644787253,0.5244350508083029,0.5218922308488787
0.4165984280894056,0.4783100894801937,0.5132341913476475
0.42051216943219044,0.5011245132245775,0.489153310318207
0.4290161979265667,0.5264579162111298,0.5193742681749309
0.4363669695762752,0.5121385168541963,0.530724938026058
0.4209475249825293,0.5060866951533292,0.5042581699421546
0.4103730340659873,0.4987715100814837,0.4960109841802226
0.4221454341818099,0.504675364315052,0.5032178691936937
0.4376564574889902,0.5181773353529511,0.5043454379995292
0.43768287732959377,0.5290426135884079,0.5022073134380449
0.41716575125355493,0.4827822774715134,0.4995378763916109
0.40126686148811574,0.4959833519511242,0.4662952001786324
0.41438207671107863,0.4935441856603656,0.4922467555333338
0.4003585058321791,0.5008771159720308,0.4755408915696934
0.40204416426799233,0.4760428736035548,0.48280826092226903
0.42312433878537214,0.4898749231472961,0.5297153491771821
0.42865427744214885,0.4745500703217682,0.5330118573513115
0.4101863049286593,0.4873546178996091,0.5007972375084282
0.4334628313766561,0.5117207280404787,0.5171575654006542
0.4073958971295143,0.5016591170084034,0.485335418287096
0.4367085117115403,0.5092382087919851,0.5236302700518798
0.4168473989147891,0.5300398315766851,0.4860878611950213
0.4068204412690795,0.4922983120008325,0.4977876162629072
0.4399499814655822,0.5010961100300055,0.5284852687540332
0.4006125175889422,0.4861263269685786,0.4918629838366771
0.4281214232536542,0.5168482787154176,0.5025054076458215
0.39921053649722277,0.5125728255655865,0.4816600233708039
0.39938009379039485,0.4912406963005525,0.4738064352758001
0.4090816358318745,0.5106390924042218,0.4630528498283246
0.43346310021795165,0.5246041560296997,0.507751678259076
0.39943482804703556,0.4741125033722082,0.4981562590907976
0.42066702337669454,0.5188013135634579,0.4896638138143393
0.40680146521051763,0.4850736013370915,0.49221461584467796
0.4114195144714266,0.4920516579161518,0.4873661605709765
0.4485858187330787,0.5243364523450993,0.5203741728985615
0.3908659369029931,0.4866224081861302,0.4866420487113241
0.42132282359149814,0.500302187076383,0.509128940354126
0.4172152073082101,0.5156889315829812,0.4746573227926798
0.42323132690462345,0.5117383512581672,0.5015930808755305
0.4147929287073863,0.5077689836846586,0.4918105937387718
0.41338395086957164,0.4950931398107894,0.493330468611228
0.3996878166882544,0.4930015224963218,0.4727818515866172
0.4165390862695253,0.4826267339945257,0.5140719490060079
0.4062017914322199,0.5086303478791785,0.4697902483661581
0.4308723657381241,0.5222497093984907,0.503511223866699
0.40992899207135053,0.4938901666216064,0.4920261865474897
0.41630331732500847,0.4790200563942682,0.5057035119326677
0.39558521899408405,0.5043013982905851,0.4698128574782263
0.4113774075537937,0.491945359939832,0.4924944546963162
0.38574822194371355,0.4860018603969957,0.4580549036777854
0.41738427831951724,0.5125681348890943,0.4944695033171296
0.3968154816672261,0.5231214603979306,0.4518534517324961
0.4179048285963535,0.515111780953326,0.4933201536601677
0.4250963171711328,0.4954603289476696,0.4957846368504096
0.42141242676612944,0.5166274319136129,0.4873296415610529
0.39772680805874444,0.4684093089888784,0.4878745134904356
0.40078516056293945,0.4843162442921109,0.4780324669918362
0.42716880715821387,0.4927132495245076,0.509204421324279
0.41848011011366915,0.5030979273184221,0.4845398287325813
0.4494133376410852,0.5287738607274143,0.5158323438054153
0.4033703159466115,0.5067022278778215,0.4660764530428516
0.41594835917254686,0.5055746515073906,0.4906148483268552
0.41953071934823993,0.5179009502071024,0.5004791121956815
0.4126642219218478,0.5293927644037132,0.4780066309060665
0.41815350844261884,0.4817539697671336,0.5038760509840171
0.4048951568521913,0.4787225503180432,0.4868472950469262
0.4230065047538084,0.5142687830536802,0.4985694815486873
0.4130303678931559,0.5119545439878674,0.4845351524320178
0.41262554718230293,0.5239689366120468,0.4718024270463805
0.4237664264275473,0.5020278648649761,0.5072531732887515
0.4141244546144469,0.4924021403037815,0.4979808861727169
0.4193010217060358,0.5061921516137253,0.501184215209771
0.41443568887942084,0.509248929421435,0.4814841229727952
0.40700742974572607,0.489381127771354,0.479587095240608
0.42745960687026013,0.5052804893132805,0.49295377686293
0.42131666393340317,0.5019984912704125,0.5051772818275472
0.4115465519220322,0.4960336258457419,0.4972013137099899
0.4082805895895733,0.5054970717652341,0.4895278997104341
0.4356350844531962,0.5295774454503756,0.4951880280668744
0.43678357217567154,0.5274670954511985,0.5029638936244748
0.3982937108767416,0.5096373572318108,0.45712672401634
0.4291837659131643,0.5028431133764175,0.5185519748937599
0.41928667684320076,0.5129640675537105,0.4919395406916081
0.41450692763795594,0.5029092907725645,0.4847625970408957
0.41322320272659313,0.5121087564478581,0.4846790479169747
0.406981822180823,0.4980458062388332,0.479286676989976
0.3981295908387014,0.4739266361170019,0.4943002504780668
0.4025713465924296,0.4821838428040872,0.4950232475451034
0.43048005254321803,0.5174173763902903,0.5143019171732037
0.4114547008828185,0.4988085555416255,0.4808918499116839
0.42375639672060944,0.5005617834452489,0.5210619655278799
0.4292394532251195,0.5131214106645712,0.5162838761274541
0.41621253490022736,0.5174715778875332,0.4837361857843188
0.4117437096515971,0.4948507566795198,0.4918291395400709
0.43304353395857076,0.5222142897409736,0.500105517442098
0.4276451322785231,0.5311376502484777,0.508614068143278
0.4196894893049554,0.5070008260487068,0.5002182978247004
0.4121999391986486,0.4891501777835105,0.4927020516279662
0.430746708449675,0.5342100828884553,0.4951458405384239
0.42388692390261484,0.5051641428653325,0.5055025259549716
0.40854152271166116,0.4905808260783772,0.5097318650389658
0.41533282766964463,0.4976762343802552,0.4971892618394323
0.4200124143499869,0.5095312335932856,0.4953247732522186
0.416627777087384,0.5136033035510735,0.4842076743266616
0.39234892433871704,0.4769254478286246,0.4869926110851071
0.42045075356725403,0.5104486152875846,0.4942483781847881
0.4124596517482671,0.4955314842866382,0.4766022238041304
0.41337415721033094,0.4827317288179445,0.5114110145626465
0.4444105780143122,0.5279456003218517,0.5010023738527203
0.40579812775026936,0.4973372416487664,0.4860804202025835
0.4216282527504612,0.5085531374664027,0.4930353059906871
0.41754526179031026,0.5491421455452956,0.4722353711424555
0.4242491205964665,0.4882069702998297,0.5201718080831809
0.417659298921315,0.498645750755063,0.4954391173713762
0.4220594727384412,0.5109005559897608,0.4999097189132208
0.4203139923406988,0.502971336110691,0.5053900085726124
0.42457383817546446,0.509395619480834,0.5008354212129852
0.40948805303141694,0.5171533544785075,0.4730735051630823
0.4139929853231358,0.5170579217708439,0.4857323915867356
0.42059086332637124,0.4971069079842666,0.5023277172430606
0.42639692145461944,0.4974828842099995,0.5108472431250886
0.4313793812623433,0.5239462194005438,0.5027609212639014
0.4208466252942432,0.5002447673589157,0.4899546146805857
0.4006451615497633,0.4805205407695727,0.492493988058253
0.4228624932960241,0.5015597775243769,0.5082650177766765
0.3905240671700592,0.494432462600489,0.459563557783036
0.4349854081040697,0.5285967095642845,0.5167640781404181
0.43156871068579916,0.5327699688975163,0.4942944631764645
0.43535369508281585,0.5106554939520737,0.5159097218006914
0.4216954604614147,0.5055222736676914,0.5023205011169604
0.4110389352301411,0.5013155912384873,0.4824860942213063
0.4143952104565722,0.5054592417098174,0.4959234334395549
0.4324806892560651,0.5412819426601281,0.4863224512444024
0.40526085069900847,0.4813088397632903,0.4781146580436189
0.4223300724738979,0.5060729867136303,0.5083942494695181
0.41917505536553007,0.4834322861923791,0.5081336610688729
0.40845249790285904,0.4984879404604616,0.4855548286760113
0.44010431546860873,0.5342195522441506,0.4992116284504735
0.4073081394258595,0.5056201786834799,0.4815250596929561
0.4029141115629389,0.4835365361086633,0.4869531405454433
0.41363539059627114,0.5023019598051643,0.5079038896941539
0.4346215289843204,0.5201167310464373,0.5068247583109248
0.4463752087256427,0.5290868491134721,0.5197859736571663
0.42443263361560213,0.5109121796802274,0.507166137252595
0.4086448778368543,0.4767047693573197,0.49237195259637495
0.42035301842472533,0.5008329614909758,0.5085892062414089
0.41547059692570604,0.4902720769858273,0.5099496219438526
0.40459302365595123,0.5053032558105129,0.4792514395996734
0.43515275882644844,0.5109733919782816,0.5154713937693193
0.4152661920210292,0.5138476239133545,0.4857542324995488
0.41689530621909876,0.4692822590960132,0.5356373197909743
0.4265234691633673,0.5195093857064683,0.4993968572803663
0.4120307238982058,0.5129267904983638,0.4847266010786306
0.423293208757154,0.5321550057447131,0.4926853267031258
0.40941020147851787,0.512461828744088,0.4845169334093159
0.4582643383822889,0.5449696445110817,0.5291478383940625
0.4207364535857762,0.5205970292462387,0.4871458464444753
0.4092087847282616,0.4885209103213308,0.4927363914742164
0.41815487191009515,0.5053524713387717,0.4907856670098557
0.4216694654090047,0.4921892582173806,0.5109313060942712
0.4150872936133004,0.4916529321081169,0.5012819812806704
0.42754438142124945,0.4850010282353587,0.5132296026294316
0.4229863442636844,0.5060927039953717,0.5106171269701493
0.4036922469123824,0.4696874177013839,0.5067786529704468
0.43300644332710403,0.5107841528941384,0.5143000978258024
0.41374216961793664,0.4968946491320533,0.5018191304283942
0.41948626315745685,0.5104045227641977,0.4975620217734658
0.4092202396131936,0.4963709027743144,0.4885206681433076
0.4207283585577112,0.4849706519643759,0.5269900151020268
0.4124060981396077,0.4892164380521665,0.5008091875141685
0.40930484279755036,0.497230198718303,0.5061143639691079
0.41527975494723846,0.4998751652576874,0.4987658721102954
0.41324025402537173,0.4951238219349569,0.4906015853703108
0.4029180787354201,0.5025225055179713,0.4702297448504526
0.4150074681902926,0.5025398220275998,0.4896630025564399
0.39638275026021147,0.4984056196878193,0.4700058496190804
0.41103089014905436,0.4919030701881348,0.4869996906939211
0.4230700478313264,0.5199583679000772,0.4854523847814687
0.4042426750399183,0.5041368398453161,0.4825684453896474
0.42071478150241437,0.5070462957451752,0.5005214647177947
0.3981075942564519,0.4608635858036837,0.5105107795173639
0.4082017172540398,0.4944234001994867,0.4965648150044036
0.4155087591173016,0.5156631326144218,0.4783378932632813
0.41735881027620153,0.4890497181609917,0.5116582043072277
0.4069488395059174,0.5031470874639979,0.483818305928031
0.4205581986497433,0.5100402231879687,0.5020544986742546
0.4270692234788818,0.494131929277412,0.5189661887773027
0.4099377381233723,0.5131737421546512,0.4657404458644019
0.40489675712139245,0.4959701029401314,0.478463567654536
0.4173271331649107,0.5023814159147267,0.5077867025083445
0.4319162944717956,0.5127785473021693,0.5077852954452079
0.4040218621268151,0.4796198144744639,0.4892084068371246
0.42214223128932055,0.510148713909089,0.5115797180237989
0.4458977755721319,0.5437228369625848,0.521662378694816
0.3955882273414963,0.5109466619130248,0.4630985487714088
0.4127266518696452,0.5125336545320229,0.4985483921967338
0.41444147097369904,0.5026597547590902,0.4880836552973742
0.4278251852987623,0.5064615217941743,0.50240057140135
0.43079720516966963,0.5110704688001532,0.5212577073657614
0.41077425092121006,0.4925887930547073,0.4941446215209016
0.4153601689589365,0.5083149098685267,0.4936376377572546
0.42564599376639456,0.513964369531503,0.5082403368243551
0.4400905785546088,0.5116453094018921,0.5264004312973447
0.43552203960355096,0.5112417899093785,0.5224062873832402
0.4374663808432481,0.5274308180742643,0.5088158031277313
0.4318500760140577,0.5072432993652712,0.5058815163829355
0.418605489897971,0.4880026386029301,0.5283630174468701
0.4165035941190281,0.4907588773914995,0.4929232613366992
0.4059070864089483,0.4888727558106222,0.4828590613684562
0.4281094479673534,0.5205104613210986,0.504482108864233
0.4041756433371966,0.4844452006335721,0.4846894997803383
0.41095001168604656,0.4953649491760216,0.4883468233944629
0.37806955010176696,0.5020796492762174,0.44419767073099015
0.4098005657320959,0.5003515615611919,0.4877715643656168
0.4065957100611717,0.5221575102691296,0.4729103028277198
0.4211477304252436,0.50985010003335,0.5211630207340856
0.4301104167472714,0.5165430188242581,0.502216856426141
0.4388787013651392,0.5304852940021574,0.5172940981651819
0.4466759467657643,0.5187802752318265,0.5114664833590754
0.417007259425628,0.4955851738689407,0.5027772661069775
0.44018825090486685,0.5071274011082822,0.5382766820259246
0.41533152182784105,0.4933622965036394,0.4890607741125532
0.4317690107919054,0.4949040089457506,0.5208759131619944
0.4011007540580438,0.4848140721871356,0.4733891229162285
0.4222727344026437,0.500936711536706,0.513203731865844
0.4144344926442098,0.5151019043467283,0.4930497732306713
0.417803657967138,0.4919725120420296,0.5001189323940762
0.4076187478858311,0.4841526602077909,0.4928954520716195
0.43475943463538413,0.5206476384932793,0.5182551050192261
0.4041569160021504,0.5114904480577461,0.469672452898354
0.43118821347994063,0.5266121684625559,0.4989401139369434
0.42015301520288306,0.5046256001072915,0.4977718170926137
0.3932949278036007,0.5172255042073685,0.4603772006145653
0.4157742754289846,0.5218343426344294,0.4767909297643784
0.4063769739972994,0.4899624306556058,0.4867585995895668
0.4371861998647452,0.5257318187787656,0.5088823333943071
0.41232643833616806,0.5048848576583829,0.4900043152368028
0.4165055578245457,0.5008091134578043,0.4809324417847548
0.408684413715286,0.4795331223207187,0.4945839599275347
0.4101268195220334,0.513237809934517,0.4846336112739327
0.42187185615997225,0.4861402621026788,0.5048468783709728
0.4143936032976946,0.5173730419811096,0.4787984089217776
0.4288178059838817,0.4984298144632968,0.5200839030663816
0.4174613627992433,0.5103997006845051,0.491318315706072
0.3973422346810935,0.4815009837654376,0.4822030959647658
0.398818364008993,0.492818737939836,0.4859780564022022
0.4246273982261515,0.5171308406907624,0.4957907655226976
0.405076605260337,0.49505110494351595,0.4745487780076506
0.39908036300165345,0.4694283609091824,0.48761756193128497
0.4133386579246154,0.502913896771351,0.5024777848494302
0.4040801604259703,0.4586564363168778,0.5149660586516229
0.412412771342417,0.4851612183847553,0.4983626625620149
0.42101901026813104,0.5082003171094869,0.5034086208518782
0.3994918428020911,0.5102556559565312,0.4609855504758895
0.4092938028344728,0.5085549226790651,0.4703497325421238
0.3974135495866926,0.4776244211936891,0.4758611097920253
0.4059045796245133,0.5081807310700306,0.4667608498554444
0.411973613565204,0.4857032858427599,0.4972217662907703
0.4414926411352048,0.5235469668947449,0.5173996864817154
0.39492169416356837,0.4896112118357097,0.4776137979699044
0.4108823262002471,0.4855524895038698,0.5133950910110036
0.4135492011901613,0.4843752487151866,0.5064321404514922
0.4392241617009533,0.5184836952105296,0.515713616385995
0.4203998837634558,0.5040648753429671,0.4981139378036469
0.4257403751304459,0.4983946238628272,0.5115109458463802
0.4533311422774504,0.5627050179526198,0.4962752214646775
0.4030737875370905,0.5020256533826283,0.4746369133603733
0.4237988210419814,0.5153156028906902,0.4913709400034436
0.4005767244619333,0.4901503778591986,0.48726444179634104
0.40723458031954907,0.498073385327202,0.4872561357889102
0.42050412889696887,0.5141039701282074,0.4864466772642938
0.4232196885434499,0.4982797136930159,0.5122935204868319
0.40480680119529844,0.4948771316465786,0.4908943532169314
0.43701442306126387,0.5193542859132944,0.5258330857456791
0.422798274651131,0.5140907856676806,0.4987606430745888
0.4034270240935076,0.489838050646386,0.4866745291661022
0.4150477218855103,0.5163798330379727,0.479375882420801
0.4023522645325061,0.5006070932725258,0.469989292266964
0.41924565200660735,0.4999282773733204,0.5031883613265765
0.416488747875859,0.5129456149446745,0.4861817551483068
0.41142790118691386,0.5181180778882145,0.4963827925824929
0.4115160875021916,0.4999371159501901,0.5028441162398241
0.4431167898323614,0.5137859851600218,0.5235891783233759
0.3840073834456243,0.4995456338459954,0.4590677826701046
0.4249083559261146,0.5215167806189581,0.4994862978953383
0.40372239139148447,0.48578975180925,0.4800059385661717
0.409099848201286,0.4849063028646644,0.4967589908952024
0.4243810436890742,0.4987326022150856,0.5116052264001819
0.4374931028103343,0.5139060841025183,0.5176443345862003
0.40462358293704304,0.4744474909722914,0.5102354397222711
0.43607869845083624,0.5201515136093637,0.5171927452920199
0.4165473897102096,0.495734659318691,0.4971442822570945
0.42773205577641166,0.4974609522462717,0.5096881064986354
0.422466255961438,0.504442217033639,0.4993904213280748
0.4059432809192667,0.4936642675017397,0.5015411550178801
0.41560146877639853,0.4978670190953012,0.5088938275441979
0.43304422562952255,0.5159120698283801,0.4964816765967052
0.4086897583597446,0.4980782310238353,0.4821065887729236
0.4206914804362206,0.4961796239430945,0.5127891915704743
0.42894725683694174,0.5166131188545553,0.4986941991146147
0.3951226664768954,0.4986515780021533,0.4564291555440923
0.42715643100651607,0.5176515448837903,0.4942394061059134
0.4191332366059908,0.5069889796373912,0.4801768837549058
0.42569847189906795,0.5014282009324105,0.5049205611338733
0.40151501517849786,0.508730271160108,0.4688876013617416
0.41142032741170687,0.5024699278377674,0.4994023966994209
0.42235374036780443,0.4856350577132398,0.5318050709336518
0.42779451203318963,0.528522925007302,0.4908291144116103
0.4183330515351629,0.487719238502857,0.5105651021993701
0.42704659143472357,0.5115816561904204,0.5078460403241946
0.4025944382479573,0.4985843782107095,0.487823291130409
0.40620797552394733,0.4894590454255801,0.491906340032729
0.4066918052073937,0.4914207190515982,0.4999757424422673
0.4000318617822652,0.5029198438196478,0.4622673050712274
0.4053949339738763,0.477373424605246,0.4942309328456467
0.4139706661267498,0.5213116794777622,0.4821624212896278
0.4010980083104856,0.4906155976004532,0.4791881594548168
0.4087021931343523,0.5091645167318196,0.4774659561790278
0.400803055362492,0.4896925327895858,0.4770032427488807
0.4327174054105839,0.5025450947811929,0.5283999350141958
0.4028833988979566,0.5317745149655381,0.4660007570529803
0.3996050380330154,0.4787731369911818,0.4841258272706394
0.4116159431590123,0.4844973324281303,0.5068475939473776
0.42594530683377196,0.5228933002056059,0.4912940922490002
0.39674274555252687,0.4671683664385789,0.4894430607174055
0.4265677016781532,0.5207603088024336,0.4933366974339292
0.4381431588581204,0.5112961549475494,0.5414808229448105
0.41051286305413465,0.4998348536111586,0.4923320400132685
0.4100565728853974,0.499532730805557,0.49359948798590203
0.41118707012045363,0.4963934386650394,0.4908446309762786
0.40489861131902827,0.4853948754688656,0.4824010095421896
0.41109361389386984,0.4835417697129863,0.506302543976717
0.42808491373450297,0.5046703618782094,0.5079338175440175
0.41736649861676917,0.5235128389079567,0.4934140923628378
0.4201373193784267,0.4967512213590886,0.4980944492828863
0.41101572552881266,0.5272805689254869,0.47312370525613895
0.41236248197786535,0.4916829573005532,0.5044471333437767
0.41151570203239685,0.488476814003045,0.5085550138460972
0.4099522003256251,0.486280702154251,0.4975927026566777
0.42617963035941675,0.5140315645584471,0.5015082412208757
0.42338664280409505,0.502865118493245,0.5117781122361406
0.4121813222063352,0.4808140905106398,0.5059286802719709
0.43482686840224605,0.534454783502686,0.5038812851453067
0.4288655641517142,0.5045026860922274,0.5075674981160819
0.41255279321051175,0.5207129287917457,0.4776130245542128
0.3933741765470242,0.4904538688760434,0.4797506944524286
0.40405209985449125,0.5004879729835541,0.4784102645224173
0.42396411952211566,0.5069074286821807,0.5024959964052548
0.4291136914585141,0.511978673846601,0.4966138344087795
0.40573925462989024,0.5122620819060965,0.479968361890331
0.4127183137448516,0.5147518138619184,0.4856532127846312
0.41362756697236164,0.5104779145989551,0.4892247602256983
0.4179806961582935,0.4874158152729541,0.5139540055555866
0.41646863541000756,0.484112201981097,0.5094676051442436
0.4494141933973708,0.5387771083171429,0.5112800881450936
0.4005640765013833,0.5091740504204247,0.4691894756506232
0.40363090134214175,0.4893939929385076,0.4806604894686558
0.40445580546666,0.4959309751115854,0.4776960730955021
0.41733406052196537,0.5022375076358476,0.4946809303770346
0.4209700239106465,0.4978632911025784,0.5150895565164533
0.4301094611283396,0.4981839793804554,0.5284875777237978
0.4202431651464015,0.5152937529500271,0.497721105683161
0.3912126609882558,0.4595147108668819,0.4978813657622869
0.42406672939661255,0.5262750836233419,0.4931324780331463
0.45858331245274075,0.5376255421541951,0.5293163109859164
0.41023607980286014,0.4755556714215138,0.5119381110994543
0.42630545978606293,0.4929580533396065,0.5288775781489126
0.4089183100051429,0.488875604439205,0.5125233098339959
0.4313281723370351,0.5154461429722276,0.5081574389770303
0.41690963149183263,0.497018194851275,0.5153577030695203
0.43636485288101284,0.5272363179598245,0.4969197366220806
0.41777589066537746,0.504240877480687,0.4902656570458317
0.41801287230991135,0.4983249886131019,0.5013127725733175
0.4002611360445043,0.4957264881894876,0.482079688783236
0.4187036801801596,0.5042478627253143,0.5197588170725617
0.42029894736630596,0.5049452957240801,0.4941588806151953
0.43339859201107117,0.5000247464315547,0.5089479996250685
0.4410376212642115,0.5240436568752627,0.5143059647289777
0.387653887214002,0.4794995892427563,0.4754253337754068
0.4054599675496112,0.4819699787694472,0.4892276621576038
0.4173053949139143,0.5142206026165416,0.4926253031516403
0.41004609861264085,0.4870522185758106,0.5027234326554786
0.4374521190016,0.5197733521093082,0.5201136694130218
0.4082468625254069,0.5037958902013003,0.483196148690469
0.4171538539896501,0.4912222374775584,0.5021796894759412
0.4170442758280831,0.494168346275852,0.5029090991593406
0.3978599429569585,0.4795039158171776,0.4876323931224014
0.4052652320447223,0.4878797336273175,0.4970091104086304
0.4109883384415167,0.4923903931593155,0.4790408129319024
0.4127119683821126,0.4946104990631848,0.4924100923584037
0.40514035345016935,0.5066141211131711,0.4748798668415066
0.43904256178568757,0.5302151664016599,0.5071252513534774
0.4281991443067603,0.5083770003770799,0.5082969904686652
0.4114977770519528,0.4809327651779299,0.5054161506322015
0.4408468089797427,0.52819334070261,0.5304090078220475
0.4242466044164223,0.5144386486704989,0.5038700433309561
0.4071872630709004,0.4844590014898599,0.4957403168092604
0.43423702946183973,0.5030655993845081,0.5282159248865512
0.4184438148059496,0.5009330342773581,0.5082658947131212
0.4313113260407387,0.5296436335449903,0.5071570537086127
0.39373736784970004,0.4877644792750447,0.4778890997765946
0.4089721046274367,0.5079686281303776,0.4796009185709182
0.40178424890495135,0.4875019399395468,0.4945947912581085
0.4158540910577142,0.5124205370550421,0.4820129677594601
0.4421183682531731,0.5237158586238032,0.5150589871621825
0.4432303273434091,0.5265552701137302,0.508846966497365
0.4285216807260355,0.5157619874958219,0.4908923147182617
0.4372499293238385,0.5334190202152151,0.5151397055448171
0.4293750313582862,0.4928907834650713,0.5098575631739489
0.41337935049373237,0.4939990405461873,0.4966681102360508
0.4354846994423888,0.5286310507656145,0.5040709299999728
0.39592942446928675,0.5010610764937978,0.4689805333626492
0.39836783716102786,0.50241641843128,0.4780477936030762
0.4257248094358426,0.5345744722821518,0.4844065628651933
0.4207705203510798,0.4904533258529876,0.5062128738856777
0.41348922892880813,0.4915111455294804,0.5005075698071288
0.4155575228701349,0.4943273858267703,0.5090888512890048
0.42963603222064434,0.5030436337511238,0.5032221131463903
0.4523161610356354,0.5388564440080855,0.5217232023724049
0.39555028216714305,0.4836220500642817,0.4808710792567106
0.41767816408887515,0.499170278562202,0.4912883140374255
0.42074750082094803,0.5008228207418857,0.5089151578940146
0.409347560197231,0.4921157447023773,0.4975565694362377
0.41171885557452514,0.5114801400813633,0.4902140213272741
0.41476806986542136,0.5100119815143174,0.4812589022270738
0.42053506880244607,0.4979694129707173,0.4906746747981681
0.42823457345678034,0.5326911863730146,0.4967182575362923
0.4087699661312872,0.495485573470489,0.4903131334646945
0.4160073239998372,0.5050384831157286,0.492945701076288
0.4160977393829725,0.4806711744012465,0.5016448456378109
0.4162684538654793,0.4899522595589342,0.5030894633559085
0.4086022797413395,0.4959991701132248,0.4846689430983768
0.4141766837693666,0.5070469711178083,0.4839684816874492
0.41123025095618543,0.5116277879504224,0.4795761645516392
0.4005409886310622,0.5191818817454057,0.4636101551154397
0.4136030462369608,0.4802776100240252,0.5222087108463603
0.4201615982638133,0.4924559858299747,0.5071903403205757
0.39819764008805125,0.5070701089201838,0.4692804603082067
0.4189103727826635,0.5144081264511428,0.4868833879682725
0.4021926134118638,0.4975775293598568,0.48914222291632303
0.40877069770878094,0.5031709301596075,0.4849275005489484
0.42571254797146096,0.5193158923152048,0.4872634903184164
0.4232511851734149,0.5351688684320427,0.4878204492273184
0.4066766222951753,0.4802346822067588,0.5036111221382772
0.4218531057374323,0.5207985425149844,0.48638764295371706
0.4283041220395033,0.4978390686033585,0.5250557488724219
0.3928350825998568,0.4870859313916234,0.4681644610702931
0.4178218670689881,0.5038201978727787,0.5090939753987727
0.4138104002299378,0.4969737970958074,0.5044571881800768
0.4036959260674224,0.4766312083514949,0.5102154867621064
0.4089535453685664,0.5055644968201447,0.4650136804002319
0.41729870200106967,0.4926653939740103,0.4997875886433193
0.4016367851360516,0.5040707124847877,0.4680895640133616
0.4197804346295673,0.4972616280809157,0.5002698264320236
0.39235914630484403,0.4623130210530563,0.5020779064320573
0.40987659895660145,0.4917286326560478,0.4858043613591247
0.4298068649009093,0.5302114488298165,0.5020015479683856
0.38451201461491336,0.4734068868113629,0.4700704242289702
0.4233206300763137,0.4999229370013784,0.4891193098588853
0.42011505375913655,0.4926017423637593,0.5113092442398146
0.41391858948665744,0.4819381701248565,0.5104363226148461
0.39299571078143947,0.4960758005690257,0.4635351958756012
0.4227631858396665,0.4814473554965782,0.5208425871188471
0.40346812941116467,0.5040800656306963,0.4856917784142914
0.41461752345368424,0.4996478983391784,0.5007843554409936
0.410293511606114,0.4896449901000807,0.49661172579906204
0.4038905200896349,0.4708492155407227,0.5118270029646743
0.4165623129875105,0.5373677112552583,0.4715292118777278
0.40884505844396124,0.5121602799567929,0.4857032562872661
0.41632129196938983,0.5060803272668941,0.4908180316543242
0.42498458386007854,0.5143208186570324,0.4937120841741285
0.41135861108425187,0.4946878776862434,0.499458133514483
0.4243801924983398,0.5094746091238934,0.5065498995416965
0.40584727247804026,0.4880608274685455,0.4937483372792382
0.41280140474069227,0.5040117524862611,0.4911706304672012
0.40840394999962126,0.5024403102369567,0.4858809054104163
0.4363628077275435,0.5356883394841006,0.5005876587665516
0.41309298047338516,0.4950451183986733,0.4963902109905287
0.4148834665879313,0.5146520186338784,0.4896429710493722
0.42556097573174223,0.5106804065640024,0.4922553719952856
0.4349307362865518,0.5055505870320857,0.5286225849831955
0.43858160967307824,0.5151398033456461,0.5119094162117641
0.43112366606066854,0.5063266830057149,0.516994485044818
0.39539383650308424,0.4821982866526782,0.4869005314560214
0.39726635054115067,0.5177648805722637,0.4636475586286417
0.4037593246218171,0.4802310337791554,0.476317239337465
0.40090203229427956,0.4818206713921404,0.4947893280244884
0.4232527401874928,0.4985165933105484,0.5230944333054542
0.41239758350056355,0.4884485707104765,0.5090744827944276
0.40129893164459085,0.5084866173658991,0.4637433440404161
0.43235005238131935,0.5065433954632302,0.5237147408980084
0.4046463922010764,0.511538570138974,0.4706917406438141
0.4004140545722845,0.4821473743177969,0.4924018110992936
0.41908296685102914,0.502595907182391,0.5055834376540429
0.4154467524835021,0.505475295631055,0.4909150460867784
0.4153115303162808,0.4859005915622118,0.5065312565611482
0.3995081088479492,0.477191984614376,0.4796234432070493
0.4097328511768778,0.5057582627774295,0.4828702389040426
0.40356932007438817,0.4964465643953432,0.4731303652874626
0.39490919988459383,0.5086387796789591,0.4694289782375691
0.4191836173037121,0.4977188560803061,0.4925042622476277
0.4161289974315801,0.5030692572896686,0.5019571058072685
0.42548400864079755,0.514435516733345,0.4973159829522591
0.4017771744163375,0.4827417148192704,0.4829442182230238
0.41718029693716135,0.5164094851907007,0.482318863301385
0.4179432108997332,0.5039400149970796,0.4830641859939893
0.416427000632175,0.5219968211529593,0.4951543820450921
0.4274438338172724,0.5240572418704995,0.4984944154190664
0.4224225959639864,0.5056979227478151,0.4986413109232675
0.4122018873219188,0.4938449803247916,0.4914035091102094
0.41234740746831905,0.5022687977885546,0.4815356593791146
0.41495391752346494,0.4973103080319883,0.4975943713429734
0.4191140048835304,0.5044080316252829,0.5199461662343811
0.4099003000168041,0.5043564443207771,0.4910142181385577
0.4245547710883736,0.5080965247657027,0.49426417108604104
0.4206303142184887,0.5204364107987288,0.4769532982649151
0.4146295050402523,0.502109991240874,0.4970691381584771
0.4257306582677947,0.5159592111602961,0.4885535827241844
0.41173156868876504,0.5095930459522495,0.4885939704604861
0.42679225656980024,0.4966726193227111,0.5159712976498267
0.4301495927738889,0.5177833402997928,0.5117468032516657
0.3886483426663157,0.4714376851521856,0.4708388149180158
0.4088745259862393,0.5017662247085881,0.5070547947745955
0.42541554519784897,0.5379020830431158,0.4966185967472589
0.40646605294076116,0.5102207501042401,0.4824574126266944
0.4320112198821738,0.5154305680526883,0.5300845942415822
0.40178007959465345,0.4916367351493783,0.4967493393650128
0.4344397565090871,0.5229765498646334,0.5145209322190193
0.4100710207492621,0.5001783683776394,0.4964966758391838
0.4204596628857867,0.5203443214209932,0.4977964793680483
0.3952505247601713,0.5121611422667517,0.4978468694731035
0.4119502678900339,0.5176690263146471,0.4960925477229742
0.4227620898360196,0.5306519898081635,0.5079037069938458
0.4172783911808136,0.5148485948647394,0.5166054371991643
0.4281068492510777,0.5449980909644895,0.5251373551474592
0.4327131728090184,0.513951267093955,0.5302206969987829
0.41524370871295574,0.5270126592186738,0.4983900118905896
0.39862529130949875,0.5090926532539858,0.4907179797620306
0.4148929305733465,0.5387122071100452,0.5015536734910608
0.42890176725378,0.5545108643595517,0.5131206726424371
0.4193357483491007,0.5347139619393426,0.5079519605615557
0.4204455965605483,0.5296243787393836,0.5124374897496197
0.41034685738709287,0.5322543998648713,0.4957313364077492
0.41044844702554156,0.5280159186439553,0.4914592920569396
0.4313613234145483,0.5479055640715033,0.5131161168550886
0.4150995996429823,0.5367086305625671,0.5125486509056008
0.433783994249997,0.5403658881055662,0.5390201730934179
0.4149539872551394,0.5413181349159211,0.5153516692161851
0.4023125742435974,0.5372880384493481,0.5011381908648554
0.42380901343234956,0.5721533722425282,0.5045963346672181
0.42802107936231204,0.5240275233177564,0.5264735792822031
0.42525307502592474,0.5426028746930978,0.5196645969552119
0.400394191038148,0.5096810184852806,0.4877525726814721
0.4160206203678939,0.5580221405215373,0.4982502564363842
0.43307379570205695,0.5455279771095559,0.5340995044808673
0.4029981019576617,0.5308267140291063,0.4911788493184224
0.40963856142665706,0.5173991926545327,0.5029603372126281
0.3999966145374422,0.5278745402077692,0.4860359950246876
0.41296197837758697,0.5301571826170244,0.5125859548906138
0.42058679327761994,0.5413946414785179,0.5196161598259512
0.4298382375601856,0.5285614938373535,0.4968353438559399
0.4167052114518428,0.5304875062205088,0.5275039866870762
0.43296519258748845,0.5453610555707045,0.5233099324177389
0.44193596226070175,0.5712338916789579,0.5094779097679081
0.4135352815870344,0.5576352392356418,0.5029923575960712
0.44512388439595296,0.5729278861089345,0.5342314121632442
0.41429947576385673,0.521992742055805,0.5221466008211347
0.46827897907771004,0.5504564786114104,0.5826477638010412
0.4411773959937624,0.5555744577694578,0.5236369872125234
0.4173680353303682,0.5395446561309071,0.5148166274848895
0.4367503986255034,0.5552233243014157,0.5175160263890914
0.4253964339198529,0.5606708595878195,0.5092297022517343
0.4278895210556589,0.5453786681729773,0.5229497275916125
0.4341165412063346,0.5542514503888563,0.5195086390644351
0.4574421039629067,0.5715057960004972,0.5528145795576148
0.44047266943306196,0.551387296346205,0.5179595930813465
0.4457602980513082,0.5534912177987631,0.5678302155026812
0.43171573437232313,0.5646215315492781,0.503187096833689
0.45320748085737983,0.5909291444176522,0.5274848932240325
0.4376376169952719,0.5523253882659822,0.5399406112495759
0.43434801045687044,0.5866408203324509,0.5474036048136701
0.4735463589285986,0.6026616851517109,0.5580010557616302
0.4473454473184529,0.5689708956525583,0.5431690038047399
0.45124504130049137,0.6193046172374147,0.5401683934853618
0.45027718730295363,0.5735854367233086,0.5224070880637175
0.45501547950584464,0.5732968488918327,0.5344691870829003
0.46046830691517093,0.5676001550286326,0.5712317527029628
0.4734989245043176,0.5933391394609798,0.5637900843541064
0.46052059851170013,0.6041614351415564,0.5415300857988288
0.47652754553109256,0.6037669200905428,0.5694353948551142
0.4625414033324786,0.5959515927638112,0.5501189698355095
0.4623036130139559,0.5798349088637832,0.5363978184079137
0.45851056880673136,0.6015906548155234,0.5599844943367316
0.45616599987122824,0.5788882323672894,0.5298753527438117
0.46658708773830143,0.6162213361634019,0.5358239378827225
0.45619845295196937,0.6050555036878467,0.5307641011227608
0.4518943802658747,0.5878813904464895,0.5472563220734223
0.45217719648073784,0.5775957106418781,0.5563556810629469
0.4470432163850036,0.6294968843387764,0.5557692988341048
0.48554970758630817,0.6195099868101326,0.5856563337075125
0.46260987217339605,0.6138720733331745,0.5727191894557998
0.47783428937668476,0.67028705282856,0.5458529404499327
0.47972890109684696,0.6474771640559134,0.5652828397379891
0.45957577920733444,0.6455984786881074,0.5401732830876383
0.4900476024857327,0.6297475985708505,0.5497629767357537
0.4729565104523063,0.6251586667679906,0.5657327786495289
0.4955583030181127,0.6313906042607854,0.5705381714095362
0.49791291596533144,0.6394091750713864,0.6162484027915454
0.5022048450482771,0.6617708946047471,0.5916147528725013
0.47345283450865255,0.6332469618216805,0.5733892620173593
0.49220784836790615,0.6485488360478516,0.5722017761053223
0.5040519318898135,0.7025941592369901,0.6293057514866615
0.5191593376693223,0.666098752082705,0.5922289320189968
0.507744285671396,0.6633562380071634,0.5960351791517815
0.49905798603737234,0.6600668945440283,0.6228125722675973
0.4990825650335098,0.6551583273586742,0.5885105427983771
0.5060255606448858,0.6604779903408103,0.6057899848591601
0.5031815213963692,0.6522014009656592,0.5969422500559957
0.49651568065691615,0.6695493696953068,0.5688610890290324
0.5204881277715284,0.6788248424440725,0.6128264654424879
0.5061532963142509,0.6871045797981327,0.5944136874596702
0.5090945449749614,0.6907951275887612,0.5955642598915265
0.5120481333016694,0.7012062289318456,0.6009396632432263
0.5086426889702773,0.6880975092055621,0.6162501491514015
0.5073605867530514,0.6840258405934148,0.6253858669498382
0.5081725341695904,0.7165265421167522,0.6218897872741889
0.535114137710028,0.6988941912409878,0.6399048372003463
0.5139662047123247,0.7127452399760168,0.6035105530323589
0.5171583734531371,0.6711838042911472,0.6263931203820701
0.5324057335652205,0.7210396559656944,0.6661268240609732
0.5409007788004192,0.7148673771516093,0.6353134357716469
0.5655310602954173,0.7008991011169471,0.6356041595087282
0.5582538187725803,0.7380251958900216,0.6704864488038156
0.5751215867825537,0.7564557085655843,0.6475240581524682
0.5801292432272005,0.7399682416866834,0.6766534663982755
0.5922225113082534,0.746736596157747,0.6611472903621042
0.5817872891987621,0.7137842465466792,0.6797022282983158
0.5903561003789842,0.7632649859405141,0.6599157192285909
0.5996844070782733,0.7162379281524488,0.6601145266046017
0.6168285197887451,0.7629771621219652,0.6772218134713165
0.6549752834073833,0.7701100601358054,0.6886044304177248
0.6833813044980492,0.8230867430404714,0.7266492146885137
0.6828079270070415,0.8390655403486929,0.7213763082117335
0.6730530782547218,0.8307952854167753,0.7159827690663575
0.7115269719067786,0.8724320243235744,0.7376508609296795
0.7054873512101068,0.8679979092150921,0.7369531958170942
0.7015748369303912,0.8961876948360706,0.7770324414523562
0.6989703968764774,0.8803108318173171,0.7931473370065814
0.7278793258429217,0.9104685741693548,0.7772493263924458
0.7289433097249813,0.8612734574511492,0.7843393079672937
0.7310497912698554,0.9280726831557692,0.8086647095252468
0.7106274355464878,0.8850718320947926,0.8166260173467909
0.7087466876420753,0.9000181783169061,0.8205040901227855
0.6734248609978745,0.9118090087225066,0.7967042541970243
0.6731840070588491,0.9038671185028168,0.8310760283099522
0.7056562573296974,0.8861255505688423,0.7937876548656935
0.7225430093049725,0.9258453153915212,0.7897885737941067
0.6884587190421516,0.9010404061702232,0.7783839124125828
0.6945740617571937,0.9048969078245771,0.7743709101751115
0.7075717439636782,0.9425748329892482,0.8131642560959399
0.7109903279297514,0.9529168699239507,0.8282455618460682
0.7090190721428251,0.9129677522832428,0.7897716945338451
0.7187486291980602,0.9506214222668236,0.8048251135440359
0.7103429328978969,0.9690295208931016,0.8463502138078546
0.7021211771486954,0.9300834701014006,0.7830780226879186
0.7109122901122222,0.9399953695136364,0.8234138538931086
0.6991266445032543,0.9958675015759868,0.8556164216099694
0.6923667787347412,0.9774748370447042,0.8135863404080239
0.7634727493323687,0.9878659782895084,0.8790260084013215
0.8979014424097588,1.0604531171584852,0.9839917294209212
0.9481200033097568,1.0839147825402833,0.9801355817242421
1.163711365603718,1.2098315253819174,1.2059337728283048
1.2349346407084112,1.2964743029800447,1.2697162979691776
1.239403089798891,1.3897107013815515,1.2566982321247822
1.2246676892740735,1.2465463059108808,1.2827333951165487
1.2427285469963356,1.3283045533418978,1.2617926916526665
1.217389304242473,1.2834521579025917,1.2336758846722633
1.2039133940364193,1.220881600149809,1.2845702780502668
1.2132101302960379,1.3328228588144413,1.248982080192134
1.248967089195653,1.295993248242484,1.2946247053380389
1.1637037101026388,1.230660631670384,1.2301285529355552
1.2102898221549472,1.2313970324977097,1.2701393255713571
1.2096538988783883,1.2799228221959398,1.214193248014288
1.2204936592386963,1.3098939445829074,1.247583042674406
1.1788918502219798,1.2660185097747871,1.1754622252739901
1.1782286570083962,1.2617526364188212,1.1868059414388692
1.2167412851435555,1.3019572589848452,1.21903362400575
1.191074192697724,1.2164841288023118,1.2672918866122391
1.1659933928366388,1.2213085851758951,1.189870602374171
1.17242316256215,1.2336145321940828,1.1845255298831996
1.1835675751130839,1.2412589029695298,1.2325769543441396
1.2000543281497218,1.2281073747412434,1.2817237981211016
1.2500676629908012,1.3032786351919927,1.2983489635422925
1.1709821117664194,1.2173807876133336,1.2043875270070088
1.2094608811269247,1.280299276744019,1.2109783886598835
1.184692538758309,1.2250132403311154,1.2461447370222627
1.204158727362425,1.2346415255105976,1.2543075313092242
1.2359593949115588,1.3011705485131912,1.258322667104523
1.1812236206822175,1.2435498725687022,1.2126384503022418
1.1949014579564916,1.2379272917647872,1.2676727358276905
1.2100469363625337,1.2278580520194189,1.2643190930041126
1.2123374106099682,1.2576878683583743,1.2993622410976284
1.206435294169019,1.2736862756780185,1.2512530064658125
1.2055605978208117,1.266130641377725,1.2690639050416592
1.2000507868321826,1.2331572573244491,1.2397782969260946
1.2128360787032648,1.2357417456441189,1.2605622351519867
1.2028736395708448,1.2823705936853715,1.2503231473720318
1.245868402921633,1.3056677106286865,1.2784260618342436
1.2390784508212285,1.3255115207356585,1.2592770261969288
1.2024923407299686,1.2315851667186852,1.2918944729514876
1.1919443186781304,1.2739794418771853,1.2105140135576071
1.2479025892547937,1.3046880429892824,1.3075943599973678
1.271830034406642,1.3599207550469958,1.3032416676965366
1.203650210734799,1.2399141830935512,1.2446144881343038
1.2297055043042944,1.3122194716773803,1.2317085866626032
1.1903586726758488,1.2225428054804983,1.2401900001316315
1.219115233528827,1.3006115649542804,1.2253066024001225
1.2530984119251871,1.3507475727333982,1.265763047401616
1.230748999223622,1.2874038113280313,1.2628549579730228
1.2357027966331082,1.285724597973786,1.256982182289217
1.2330710913137926,1.295420146332626,1.2363765883454652
1.2108902213953305,1.2526900529688674,1.3203495800128064
1.2670290690319268,1.3001970394981148,1.3040091946452057
1.2556736162343456,1.29322142626015,1.274074772145399
1.2190600141333283,1.2274203580501206,1.2877321264533084
1.2118390158545738,1.2727665073092609,1.2618523702473263
1.2243575137486187,1.2781912038575265,1.2384179883972068
1.2335579652586106,1.246830355808334,1.3045684783764977
1.1958944150034803,1.250121931196308,1.2343067720276997
1.2126401865139402,1.262513956423944,1.2456329829032775
1.1704017520914207,1.2195865092315905,1.1874947853561426
1.1876690105631693,1.2572302223866911,1.214303691619474
1.1644934184091356,1.2002706874143714,1.2115739807588717
1.17014297016945,1.2017796572067885,1.2183334552966638
1.1804932871616165,1.2442994111915415,1.1910605755486552
1.1710506799763958,1.1930108131126538,1.2305861419076296
1.1634549077704657,1.216808913943675,1.2056554228985676
1.180165975415045,1.2501041989223107,1.1950070198945486
1.1473227923875309,1.1573541513626824,1.2095747671427426
1.1777582648861502,1.2248555322212358,1.2149625578265266
1.1698709166002381,1.2090117812181451,1.2438759369710235
1.1516674217281602,1.1868853763291631,1.1863397615746327
1.1515424812935136,1.2245494525247391,1.1581455231423758
1.1729355650544544,1.22497905380917,1.2075015941753129
1.1508030050533045,1.1941207263524438,1.1927683983421025
1.1569755981905738,1.2175053720565243,1.1973198848760318
1.1961176127362265,1.2742331709328634,1.2207373799785015
1.1750548737892579,1.3174460824437313,1.181329678975198
1.1499812308215547,1.2154630345484887,1.1926283150556118
1.1563414391522182,1.1997964560273064,1.168564588550269
1.1438528295905641,1.19515460368689,1.1842816242615322
1.1767429141233448,1.2434642888007603,1.1956341171123368
1.1654272897847882,1.2582992423485502,1.1860039123208344
1.1651189988683017,1.2371361912182666,1.1842997298452738
1.1754776778912244,1.221488696547704,1.198962614055666
1.1336551199208038,1.1751833727989152,1.1825552722761592
1.129996573572678,1.1855317045814346,1.1846178401440692
1.1125008596086994,1.1977262247086318,1.1374388938557167
1.095017933466565,1.13627171826852,1.1216940926784622
1.1284969847931543,1.1741443745319269,1.1633212464670957
1.0739688533261824,1.175159610123919,1.1112441135817763
1.0896491624322457,1.1280401373640672,1.1516978344245197
1.0975996827623433,1.1426918385957752,1.1282691304591748
1.1208565822606211,1.1957082616933423,1.1447485837741485
1.0939667467516307,1.1137740183278606,1.1552406971944889
1.1161269499116133,1.1653159670501925,1.1528007514126832
1.0541620104333547,1.1064454843766107,1.0823772736094373
1.083239963533947,1.133028488621746,1.1191781935159175
1.095127925839762,1.1367930406909794,1.1508597981046191
1.0781596908133606,1.1231600881635948,1.102000124632352
1.0675180202955212,1.1032112413602413,1.098760765238523
1.1031905817652439,1.1316844457802555,1.168421642314918
1.0859722664551499,1.1182895416089629,1.127576318732255
1.0803567062198238,1.1393104294491698,1.1587690166695421
1.091790313710085,1.171258474659624,1.1328299753417028
1.0709069727168452,1.09755598248741,1.1220466313363653
1.0916130631596395,1.1793267335568454,1.1750581254516936
1.097277376190221,1.1243865162241855,1.1406224472405917
1.0629513512417734,1.100658408413751,1.1007889187018447
1.0929741568519866,1.1456708290477065,1.1241273306656066
1.1039632722217954,1.1796909790179,1.124946368708833
1.0810876360067352,1.13153419256355,1.1068803389225603
1.0973849066580632,1.1538572600337198,1.1277596583503315
1.0793833216372575,1.1377875347300592,1.1073420978679742
1.0779145651228084,1.137592938366115,1.1171443315386251
1.0903617415581217,1.158900347520364,1.127850336078832
1.0891389210706668,1.1179186581067728,1.1354735074007658
1.0986896880209642,1.203307789577178,1.1008669107407898
1.0970030771010206,1.1144902229028315,1.1442086467126067
1.079220758582413,1.152061861794388,1.0991152346448605
1.0940969461989445,1.1566384353527766,1.1546587198632563
1.1022240872164497,1.1651348583199337,1.1228060410566818
1.098161886481957,1.1345310162289155,1.1508314182850468
1.089894251268305,1.150857930197904,1.1135837734250231
1.0915233589653264,1.1275259947678602,1.1652546675971762
1.0757179976743598,1.1267030993881808,1.0863170480221789
1.0847438453440397,1.1068784927599298,1.1365838785998144
1.0749326341568204,1.1131884114707444,1.0970833677993084
1.064847472117464,1.1154812564942935,1.0718671775707558
1.0803512383330536,1.1199582070806675,1.1297047979465034
1.0969733088806892,1.1271987878598868,1.1584377097936391
1.122154851721997,1.1845355973499598,1.153866327951368
1.0961159606826305,1.1523511543754226,1.1332643263949644
1.089543117227918,1.144407566494568,1.1534662012218255
1.0858995603499553,1.1525055881219588,1.124848557245154
1.0782281873943065,1.141783474137888,1.0914856527351082
1.0645842488075161,1.0908413004976625,1.1139998579593573
1.0756015925368572,1.109428717361575,1.134192152729738
1.075379303054622,1.1556148084181153,1.1021610134823032
1.0745873919416298,1.1139737546933193,1.116800017097769
1.036494640925574,1.0930903401481191,1.066850554201272
1.0362465345326253,1.097690641877843,1.0519974869112323
1.0192191027418986,1.0823465089498596,1.0565250389350518
1.0128223367457232,1.0333658667172632,1.0708492993648675
1.0188462620445509,1.0801504566730011,1.0509475903308516
0.9958425751547456,1.0393823736108585,1.0509222222646066
1.0138218013457054,1.0977732745683475,1.0349728785956942
0.9919846763776277,1.0342714189912745,1.0510864044289159
1.0025435600341541,1.0653871595071784,1.0458702000308546
1.0027707041500755,1.074611490763495,1.038031733215849
1.0139699484811804,1.0740736250650569,1.0720329373436932
1.012237172655008,1.0601828977586143,1.0704762019881595
1.005319680914301,1.0644735637374136,1.0418319977164674
0.992445281783811,1.0244171977165517,1.039536277183852
0.999026915506864,1.0706537524123811,1.0400519184531196
1.0007745131652346,1.0690054080827602,1.0616382448222421
0.9891103148437018,1.0517635438256074,1.0499307344019828
0.973565297521058,1.0082351943614372,1.0110996425187857
0.9866641337098148,1.0473713590098237,1.0095140256498458
0.9726339454030122,1.0146530657320647,1.021067526008671
0.9794737621806121,1.0320093532429688,1.0155461714398348
0.9957471466572634,1.0667813461393183,1.0286926943220585
0.9785592573332693,1.0187081341136386,1.0505909769848458
0.9795909057229347,1.0345499030814609,1.0328826267412756
0.9740635560483955,1.0186557164504817,1.0347798604263465
0.9638514188672521,1.0207149437563827,0.9889170521200192
0.9747812507238125,1.0167150672285026,1.0372882594268658
0.9376023217226869,1.0038789609135732,1.0015125459792795
0.951043434008626,0.9823381944338644,1.0017538554455503
0.9412387015956861,0.9828963861265264,0.9993952576598158
0.9386232713491068,0.9989323047564248,0.9742706622864374
0.9369047587810817,1.0459869387096434,1.0093346216337309
0.9348753550989818,1.0005986622941279,0.9820061024257086
0.9384830026822943,0.9845398715116204,0.9843298275109555
0.9405103714466887,0.9888050098797252,0.9788504161028476
0.9413584800864289,0.9970036533728692,0.9921770681913312
0.9510150631210863,1.006212902460637,0.9998382224468584
0.9481801473705042,1.013031600803548,0.9752347157136704
0.9647367142944485,1.020423265191456,1.0227311310598084
0.9455681517546884,1.0196865884433697,0.9878869949118148
0.9539904756220409,1.02570268986966,0.9966667256021082
0.9586493825837887,1.0198111824821638,1.0187588200201398
0.9523502772714144,1.0123047211471865,0.9980352682793422
0.9338043729194624,0.9825866558819364,0.9748476840136716
0.9446386763722708,0.9890835662268892,0.982090106503768
0.9508998406151864,1.0090487869630795,0.9948548842937336
0.9503952908796441,1.02556909611932,0.9865498376902496
0.9431017174795341,1.0022438217545706,1.0334499982538303
0.9291391786895622,0.9758060139462728,0.9624432137621179
0.9390510190068763,1.019276516344152,0.9932175970195872
0.9303028561038132,1.0447412556643323,0.9793163869987244
0.922084261178409,0.9711068661705664,0.9711096657746924
0.9307765075489519,0.9785785258704248,0.9876034283290472
0.9246021393325049,0.9843001221868488,0.9532116010630608
0.9251021093121159,0.9902097267351776,0.961752986468615
0.9163072124129815,0.9965956903250586,0.9533114412283707
0.9184515714019988,0.9912755823101256,0.9623552787428008
0.91769987238767,0.993677133250546,0.9611550371658424
0.9229532564389945,0.9682419911133155,0.9818225400706868
0.9190683529695005,0.9886135580244596,0.9581234171332044
0.9139514054507825,0.9765131210610966,0.9401041260150989
0.9222278727840758,1.0008310643469245,0.958133366129195
0.9245579368823826,0.9919732222490214,0.96546686740824
0.9256908485927433,0.9677868162463324,0.9746207923537986
0.9253173662481025,0.9978838120532512,0.9651331896644392
0.9319167137029055,0.9899527428340459,0.9730047467919845
0.9389261751310366,1.006590608379236,0.9966509209265544
0.934054095651394,0.9726821209526862,1.020691244456857
0.9381042809195279,0.9986042780872856,1.0058211140670774
0.9240299220586191,0.9973108042732446,0.962028825552712
0.9305883582854958,1.0004855670531971,0.965112646583049
0.9310043549278845,0.9646351777044454,0.9759848271099694
0.9296647008600804,1.0005091731206774,0.9672947451302182
0.9220025532466414,0.9573283055548416,0.9800803773507496
0.9287585095372407,0.9760463026707452,1.0002804787296202
0.9348689347019864,1.0014940079784704,0.9763340838304799
0.9282491321426574,0.987388438841498,0.9791091397326016
0.9259996684994738,0.9616773052647992,0.9919002909018596
0.9275786282190397,0.9859082538324442,0.9888434246413969
0.91937286000705,0.9940016104210634,0.9562687639065656
0.9294716415634618,0.9737413235117924,0.9980997416806742
0.936360200419142,0.9998909983012022,0.9877316665519508
0.9342889876574997,0.9990043045824522,1.0071503255013121
0.9270006822869883,1.0295494258868196,1.0015415201755102
0.9279772462998772,0.9801357452786064,0.9808957940758276
0.9287021959571023,1.0073312472632436,0.9912572790167338
0.9129141458775942,0.9764200748667204,0.964114530636204
0.9191271952732566,1.00497406255688,0.9921075201953331
0.9049819398467999,0.9485957583699534,0.942236965811906
0.910164719480686,1.013948629151881,0.9425645184379284
0.916461776777775,0.9844544495732416,0.9859458852844842
0.9026203413884605,0.9987676823981384,0.9532949608196156
0.894952203217243,0.9367019987232535,0.9674645045825894
0.9020223667455705,0.9467160091653138,0.9555856919252966
0.9089026606084419,0.9982182054974658,0.9590411695006444
0.9074554318205545,0.9913100243106076,0.948257030378072
0.9057533123706102,0.9554093188241594,0.963091034296615
0.9002357613366874,0.9705012072423002,0.9429261238972256
0.8982925597063429,0.9529480720876502,0.9595169465821832
0.8805920299924659,0.9498171013513396,0.9349765630803116
0.8832981135989283,0.9580632795257408,0.9209927661481144
0.8721371677050249,0.9136626656546016,0.9192945487786892
0.8751976959628904,0.9368197243080107,0.9355846502013366
0.8507972317831477,0.8976315427345053,0.9115224459126828
0.8356174164372706,0.882663048871682,0.9045738178111036
0.8279224329323251,0.8820040067688382,0.883209359512506
0.8236137102801007,0.8748271281813704,0.8680672389423375
0.8145166670626108,0.8797160104509311,0.8646539354462327
0.8097692655183508,0.8674263716710772,0.8672894868362975
0.807915085639695,0.9215338581799682,0.8718305142023179
0.8097667801069522,0.8673461176965289,0.8698206742209615
0.8098731660496196,0.8752489790066948,0.8837038058059562
0.8110853647230566,0.8854441698479348,0.8663998738222978
0.81349345308218,0.8688997538502599,0.8764030341407539
0.811715238019595,0.8935797300730556,0.8613028877598812
0.8105783890666336,0.8547263176549373,0.8591206797237902
0.8104608958487922,0.8904283729105003,0.8823327317175805
0.8119303861587364,0.8691110571615946,0.8649153081540248
0.8071060474591809,0.8539287434909021,0.8855227213768424
0.8129539448099216,0.8820778730217669,0.8613158963816392
0.808386379500887,0.8727296340867587,0.8543706935019842
0.808845622052657,0.8799235560726043,0.86203329841833
0.8119274281778718,0.8655173319415793,0.8630633837235859
0.8083700191502018,0.8748140431118694,0.8700881327568866
0.8061720661216074,0.8794221040091016,0.8650275883120803
0.8097744723802746,0.8867136597566158,0.8705092517531839
0.8119906628508059,0.8763751317130318,0.8933244181806035
0.8170747342452849,0.8619525660615001,0.8721063902528741
0.8156518959086594,0.8990168842161081,0.8747777732261852
0.8164642756940159,0.8620669054480555,0.8749109347169276
0.8194150697348451,0.8883420142020516,0.9060505316335966
0.8183004382670752,0.8750233745237196,0.8627713432610814
0.8204062862015686,0.8985342235456629,0.8862080599804691
0.8087504426321689,0.891182089673364,0.8692671219639055
0.8082765087358772,0.8816923464209516,0.8700817777286066
0.7949818633309801,0.8482264936385406,0.8576593524762259
0.7961817588596325,0.8573267644463425,0.8599816674904933
0.7879934742406944,0.8467040446439594,0.8708470486419044
0.7840458753910561,0.8698753332069172,0.8415552674900997
0.7885084935515734,0.8498233775415557,0.8383292731195179
0.7829553595818814,0.852261528471774,0.8601586779988775
0.7836866101628271,0.8628586551333968,0.8464430602937175
0.7821936390218635,0.8969236070475385,0.8673032900127999
0.7852267109322087,0.8464248035403908,0.8346684092262647
