window_size_1_MASE,Plain_wAll,Linear_wAll
0.1866286295891576,0.27040924430040475,0.27290976931570704
0.19323554680821026,0.2913964603672175,0.2823156574057244
0.19551619707450588,0.2758463622027686,0.2973138983006826
0.19247014310785449,0.2795339027856497,0.3039730707547818
0.18984777979334821,0.28001441374968955,0.2892140414944455
0.18719366008720484,0.28621170707214216,0.27558271702362336
0.18769487403019752,0.2756709851785163,0.2734822934494193
0.19637929916675959,0.2972063260005388,0.2731809557881997
0.19142939464020461,0.2754862571794423,0.2908508463756311
0.18867129788727674,0.27176556431122256,0.26967320445640103
0.19120539044678084,0.2738509943503193,0.28245450622439994
0.19056932603995463,0.301476930630645,0.2683546082592197
0.18875369014442056,0.287731217788796,0.2906178307484665
0.192883734616289,0.2839691079579583,0.2823699952778056
0.19322982840122266,0.26426384726884083,0.31479073676078473
0.1928789498311383,0.2771081719611909,0.2949862775091636
0.1906500816569182,0.3036835417932125,0.30518106917550397
0.18945790288399064,0.2820331644777031,0.27696722964087434
0.1939243197516342,0.33045815999724937,0.2927992100214642
0.19332193239797257,0.312770857802053,0.26005210408775825
0.20011095669186438,0.3144782859668669,0.28946160815901506
0.1983778408837703,0.28232700230806185,0.2858131990226303
0.20014728717765898,0.3427894188380436,0.2970601465520253
0.1986910318419477,0.3037442385040624,0.2781370902720709
0.20178049097401268,0.3069271425706463,0.2903969596929917
0.20102996517787503,0.3166320962465501,0.2793207487799332
0.20317687105077675,0.29542014756675355,0.3004308489904273
0.19454602206497287,0.2860329805069277,0.2676470179710828
0.19760331963941663,0.3073587099339091,0.270599419349918
0.1948338655260917,0.2693565398113782,0.2833474704680548
0.200625213405991,0.30380478849973663,0.28355879152085
0.19980999803458388,0.3123964370656174,0.2948957588761821
0.1961273190387497,0.29496765822765225,0.2744575313668335
0.196328327838167,0.2927816358912299,0.2990347828633664
0.1950384982228566,0.2997740559501155,0.28057070151396546
0.1881674575733242,0.3207665481009461,0.29722574627328546
0.1947035258922633,0.2908717039198148,0.2630327237901764
0.20336939345839236,0.2930937555088217,0.35602240170549443
0.19704760731446153,0.3195852458054882,0.2928008249504829
0.20088441076901634,0.3017416801937749,0.2831163513995779
0.20096029351946412,0.34327366338049464,0.2825042748567399
0.1994449528394081,0.2880771634430705,0.30894307866894083
0.19313768840204987,0.28249288124780103,0.2722110055077661
0.19789131911354219,0.3031904256469488,0.2856393827703787
0.20072904405851422,0.30619159837023224,0.2864355661018799
0.19267136268737,0.3091764730460332,0.2705753572489759
0.20239127037880913,0.3197663760916709,0.3260857513657257
0.19336160271037975,0.3106337112895694,0.2818653223238569
0.19900818043651178,0.2989521679268265,0.28083702241209696
0.1992062323405441,0.3137352599634425,0.2765747421882317
0.1997628018135238,0.32143446807622184,0.27602905148014706
0.20456600500434705,0.321760966025682,0.3009900901391627
0.2019938403765237,0.321316590968743,0.3142141833042298
0.19897208705177793,0.316396724255736,0.2862775919386251
0.2006616422756079,0.3097567800212765,0.28066226240632913
0.2034715825379049,0.3307706300884326,0.28625836737344545
0.19823216187564655,0.3868307168180706,0.2634874469256765
0.20194690754686512,0.2982579023968108,0.2885167549479448
0.19676510885734058,0.32318889209630425,0.29123723231893445
0.1971507629542259,0.3175727522846608,0.2717717169532369
0.20176675688223594,0.31904325407730105,0.2975193299313781
0.20241552395134135,0.3076178153932308,0.30247603029055875
0.1957356294513994,0.3176638639598461,0.29563368170410864
0.19888813271171993,0.3488823542675757,0.2758385455870258
0.20137106651056638,0.3084690428555543,0.2980502969731366
0.20083631494580306,0.3419018378704844,0.2933241810668648
0.20776746549323186,0.3141187677183685,0.27408937895413066
0.2007977266816495,0.2959106150853587,0.2801124125016665
0.19538129946725455,0.3183146041467457,0.2941946363501359
0.20008344679665402,0.3063369327199018,0.2782757691600507
0.2056962102630402,0.34386365515537665,0.30526975700169223
0.20100373421965806,0.3194933629787641,0.2704864894582724
0.19889859202560856,0.29994319304803296,0.2908871762318445
0.20363661814191175,0.3213827814228287,0.2854410777648302
0.2022158567330736,0.3292107946575555,0.3109388215361332
0.20784150139243318,0.31609159571660184,0.2916059649945159
0.2024845550896777,0.3953545645852571,0.30489506265961713
0.19824965258896082,0.30593654020254546,0.2920946830888224
0.19294301808598205,0.30019491206250665,0.26171754055581753
0.20168469388014323,0.3156802492900596,0.3007624447032896
0.20195249442690041,0.3809559584282705,0.30916877570527224
0.20325412679762603,0.3181508066905829,0.28023442167439205
0.2075788775389161,0.3032031538735958,0.3051569749664687
0.20324828505810782,0.3192271572991977,0.317239646262202
0.2030192332907672,0.3138739208146677,0.2959558432102776
0.20512761752057387,0.3377086646853011,0.3026140466405309
0.2021625420144114,0.3431452957911877,0.2859861267867426
0.2089606982293192,0.31055096377833324,0.2970473786634768
0.20605714775773984,0.3191723946501166,0.3012670836038348
0.20585653145742164,0.31286145239757635,0.2900339652271339
0.2041219663809285,0.37284996297691736,0.29587973126075395
0.20393681404641154,0.3215589288389517,0.3090545956486765
0.20581891751951303,0.31352206122279475,0.29357099193686514
0.2042819805028404,0.341944344933426,0.3034336829993005
0.2070448612447587,0.31080610092282496,0.2925780871546231
0.20719850176086815,0.3106741302371738,0.2833628260550136
0.19834283762958665,0.29546538405347084,0.2683649667414326
0.20428265875842067,0.314408068031878,0.2857952604363922
0.2104349661891509,0.3195950347432115,0.2962755938913697
0.2059871180282216,0.3230314535068892,0.3144559336617117
0.20796481805707528,0.3461422284047549,0.3423985908341773
0.20493546646585717,0.31021921010848946,0.30871730556539906
0.2076546573899457,0.3377740418003575,0.3140693093128252
0.20024150096287494,0.34431213390726434,0.2781381238698861
0.20949769580985694,0.3155811564790259,0.31908986664444394
0.20905139572526513,0.3528373964005638,0.2845910121897158
0.20660046441950752,0.3372943034590239,0.2993842064915242
0.2051023133325473,0.3488477892351965,0.29597239643956136
0.21748906221207956,0.32853580111575875,0.3235562168692572
0.2099378571880274,0.33130872092301866,0.28731156442690226
0.2070864693898696,0.3356038158698818,0.2920564292060309
0.20746328562144054,0.2903029046509938,0.2957959119737102
0.20715922891380256,0.3657292612192112,0.2760037383872099
0.2076838369565872,0.34322004263424616,0.3209336779611787
0.20960224132064198,0.3378632537313947,0.2818869343385305
0.21334819960833074,0.3683660129683048,0.33245686777946404
0.2103539308794096,0.3024605851379953,0.3184712824338718
0.2086215024604917,0.32561857756142226,0.3073643674639581
0.2056011475630077,0.3445156507798716,0.2886260141962913
0.2073820263965687,0.3288759149116144,0.3291677865726291
0.21534301833078473,0.3443082212477904,0.30002588745313313
0.21399500682235942,0.345789055201435,0.2873870740962833
0.21708107813066224,0.34451207179637,0.3129574189361209
0.21277963814849885,0.3646784227959806,0.3173619134009484
0.21474061992146276,0.3190188146370732,0.2843038836191887
0.21404147584224822,0.4018731888200622,0.2985510020329134
0.2096631127761801,0.3470110018626184,0.2822992765353968
0.2045728032556176,0.3341072965914523,0.2825693907985449
0.20957227173424392,0.3797111782115956,0.29586893513972073
0.21121723842664586,0.32163992128158697,0.30242982067159885
0.2125723162920137,0.3164939303278869,0.2999282427316311
0.2088854497310206,0.3391287800064831,0.3029349392158112
0.21128992676711153,0.3341475767786313,0.28728776294206104
0.21554349500891937,0.35323045371492,0.2993854611516642
0.21224924091236055,0.4242067063323784,0.2918648242401096
0.21507970078272845,0.33573070975836444,0.2980739226777944
0.21392479066831244,0.3872835363276744,0.3082100274098437
0.21826662057006596,0.36825192356157305,0.2960670883671929
0.21698053521259453,0.3572841340566397,0.2957671061736622
0.22157172749406676,0.40531929364930586,0.3085969847017709
0.2228213289964094,0.3700993934946601,0.33700984212147744
0.2137157121168816,0.33456332351004364,0.3251193315920225
0.21461319050655026,0.3550503206886062,0.2916556266872891
0.21236233073819938,0.3599246996453945,0.3103229188348217
0.21595110835781875,0.3838014552228475,0.3536682842613764
0.21668784289985646,0.3763191056273735,0.2842869929221253
0.21466227866494422,0.3339603832262339,0.2875903626307654
0.22132919219084501,0.33499657574843344,0.3240031746715736
0.2184543894578186,0.3865596964150621,0.30431502180681835
0.21987738656446396,0.3260846516205768,0.3460360874388251
0.21725311025299707,0.38589364510301416,0.2962330735893464
0.2281270973354244,0.3275753071904782,0.3405306379947634
0.2226444144386567,0.3771828051988518,0.3170303248856884
0.2188704658640443,0.3651787007002544,0.32392374432992865
0.21861489702965667,0.38187294211119577,0.2908551389385044
0.21632544434406553,0.33880579127927496,0.30418644135784645
0.22543458744291592,0.3528052393625252,0.3383524669731656
0.22398200859559111,0.34260614994053834,0.3228134990640595
0.2192962345287259,0.3248116170301679,0.30659005544062834
0.22633601689803146,0.3671244147297708,0.3409376586600212
0.2162155332610639,0.3837853939625667,0.3115761392957769
0.224917781337902,0.3742835189854745,0.32821448289209193
0.22200191136466135,0.3313458795974117,0.3196504365017047
0.2240107418425057,0.3371034581735598,0.30244836418383797
0.22036487809852875,0.3312389034342006,0.30791817019415296
0.2164382347398999,0.4143841089983553,0.29768924619007153
0.22350553571746293,0.3595713292805099,0.3282803938207957
0.21798369095786782,0.3646953223198505,0.31757106102121324
0.22195502357116553,0.38209542420954107,0.31736998899700425
0.2290331340025559,0.4573679329787234,0.3280898265234844
0.2158997807608522,0.3504184516012364,0.3369034381126675
0.2146394545553253,0.360180220956325,0.3073373214170694
0.218638653683985,0.3534925647965324,0.3215182149238065
0.2167890545615792,0.3659499310459931,0.2871727503042857
0.22523283622173562,0.3674047195135231,0.3004711560364923
0.2227465494462084,0.396632606422564,0.319139577056317
0.2213616334498596,0.3557106008858129,0.3020897796543839
0.21416211962804774,0.36823823536772,0.2831712774557964
0.21994784839544188,0.3460755206511044,0.3824359785102359
0.2169758144429639,0.375722674783595,0.3296368366689711
0.22122326347369614,0.3306754329910116,0.30948435601357804
0.2267701184942038,0.4028778538100184,0.3068293875478426
0.2243759212820577,0.35286978242858064,0.340824763758908
0.2243655145645308,0.3476500217231174,0.3539898705876935
0.23230184731932257,0.42364231236034205,0.3450430546925285
0.2231158117946222,0.3488414036268929,0.3214340749607809
0.21910379533233468,0.3646354764701024,0.2977963688714635
0.2174220551896692,0.3659124446269792,0.29554792988771816
0.22651458670558752,0.3772082460035831,0.3097838839059683
0.22656543841634366,0.35450778591112303,0.3043525716876696
0.22472668644881325,0.34983783813793606,0.32932446528087866
0.21929834295666226,0.34678219209612393,0.3054085668678846
0.21841803587825903,0.3997389015216526,0.3012999541438837
0.22321570388318598,0.4052265463654575,0.3260045390743733
0.22637773209473266,0.3805228726335349,0.3097975809159166
0.22468685008228464,0.3641537983754199,0.3085276002459026
0.22879050561413863,0.4276916616814247,0.32386194694889026
0.2219024531590086,0.3813467054009829,0.3049773681148264
0.2317700898562837,0.3635372012221548,0.30991622024823323
0.22829207488688857,0.3835103866028568,0.3142517565996961
0.22214412542547102,0.3341160955449952,0.3359432971927181
0.22227050055074174,0.3402882847735523,0.3371176280470787
0.22801493689390745,0.3500592607189443,0.3024789089703867
0.22614903490369023,0.3879614913383485,0.3162324557976157
0.230961936863317,0.34704572390014543,0.3104313064368811
0.23395086938329243,0.3724354435202048,0.3517394377860304
0.22746464005749076,0.3743924898199996,0.3234421805667708
0.23020710643472028,0.37441636094457,0.32174444206162084
0.22879166270242768,0.3767653302768467,0.3030013888472681
0.22693169578363453,0.3824766641373996,0.3160073148339435
0.22571940294777207,0.4898630978891583,0.3079057919617132
0.22814941582987117,0.3720013180548398,0.3084071557741621
0.22491139772529345,0.3678230057294451,0.3649211945282941
0.2317854881426012,0.3683665470339298,0.3107658618746124
0.22912344373680962,0.4084225962353408,0.3571067517702066
0.23453701610323435,0.3730677390319437,0.4139703372533128
0.2208041764650833,0.3655097098264746,0.2994484061650404
0.21976716287967787,0.41135666893646494,0.3501239225308786
0.2237602904293739,0.3921132898802439,0.3371451535235566
0.2259842877754415,0.37162798712559614,0.3109824462119569
0.22523987863946499,0.3632813853723391,0.352165937918002
0.22114057718502408,0.3954163952951973,0.3150783113800462
0.231501588550863,0.3567478904780147,0.31776655477937
0.23506488663625716,0.4338037962645979,0.3700526591193761
0.23502158858175512,0.3598473313177864,0.3314335780356015
0.23192226202759594,0.3732919693054864,0.4062382135942659
0.2255968633476049,0.3614250673190891,0.3132932603454804
0.22628367297839982,0.3673636540681202,0.3423601538802475
0.22713430349845823,0.35315908962940434,0.31448083135263866
0.22816940193536936,0.3939212503477146,0.35471286841226796
0.2282437021486186,0.33539673928645064,0.3318393754925949
0.22671238355554052,0.3871464315675885,0.3419675860376544
0.2282967364893807,0.40605840078113536,0.3507507421398573
0.2302389432106748,0.37600477091568413,0.3220327571534794
0.23426292548947095,0.36033412059967,0.3567617153557099
0.22767933052602152,0.3726898921302199,0.34913544230434285
0.2218500458617899,0.3933485288828792,0.2929933976781359
0.23647512299922788,0.38099147953751256,0.3658240323332079
0.2319487389499616,0.3420008173610408,0.3607878120315831
0.23442608918717034,0.3946003207779505,0.3684577496128171
0.2229922754165971,0.3492735367695605,0.2868051663136413
0.23505622583106578,0.3612669056888732,0.3450670641072292
0.2328423398762921,0.34400766503450586,0.3343550630848134
0.22753388178192338,0.3817509885788112,0.3150482605717105
0.2281568181960719,0.3774688145602528,0.3361406212755364
0.23236350390753885,0.4001593956773999,0.33717357177556145
0.24223609470633684,0.36267651614667373,0.38846027855025106
0.23743503687616438,0.4553767193841266,0.3572708804718923
0.23067393302436784,0.3661953164443512,0.3761415088948472
0.22568663905834768,0.4026186700100744,0.2999000816827461
0.23589938075953942,0.4145082185277759,0.3374456026822849
0.23503629949580002,0.3819977026094557,0.3945066860965657
0.23497241738841745,0.44941275064289227,0.3553714829527035
0.2236185155645222,0.38285504315521857,0.3098490492579926
0.23077794282672584,0.3959398168369917,0.3365864594365594
0.23184761557867653,0.3899603390217043,0.318245090958074
0.21987096861867117,0.3679562698065272,0.32925610568878466
0.22723704621277924,0.3856232005987515,0.3291867212862841
0.2291477151870155,0.4004617531696898,0.37982694209198825
0.23069936850730527,0.3826350891316848,0.3133249252411623
0.24082420417248213,0.44126760800430576,0.3807258639288434
0.2335183442635803,0.35436693127031405,0.34835816662600705
0.2275361699985558,0.3680834475283693,0.33786594873085546
0.23110439738233354,0.3775259992457651,0.328608913355375
0.23626979027689216,0.36621511314069866,0.3624502114267614
0.23224541801338597,0.3870461064803672,0.3330657466970007
0.2413418732236081,0.3979889688772311,0.338933072033432
0.22868298082180108,0.3473713046511435,0.3337554424946005
0.23568382505121982,0.42455826669908736,0.3380613990629022
0.229027959554229,0.3684143515371232,0.34181220489719183
0.22415631921268506,0.3871548223216565,0.31308772230648285
0.23135415053500663,0.3731658593018494,0.3286406596627273
0.2382438779988435,0.4196459563401422,0.4310362303285345
0.2355171727657528,0.39745544346693307,0.33038809740982195
0.24399384146031075,0.5513063070972657,0.3734419345776113
0.22444009792745662,0.3560299042708919,0.3426629352642045
0.2393712817022724,0.4023832391006106,0.3407569773797375
0.24181041970896927,0.4842541290403328,0.42559698768167
0.23165196852234948,0.4030922819508039,0.3632177033632286
0.23839533011979636,0.37720865944398896,0.3723554525201167
0.2324284484735501,0.4143081210605937,0.34214775101108025
0.23260135654447298,0.3887437670957036,0.32975729422619393
0.23622565258337097,0.3824022850933949,0.36107001592917903
0.23852277786713466,0.489083465341744,0.3270186809977497
0.23504750033959362,0.3853402796111321,0.33958955913216804
0.24295459396147362,0.3869693710228443,0.3646963781424541
0.23873055527652784,0.3972998259188452,0.3383752639510107
0.23475779020250961,0.3924080564996413,0.3294790459492917
0.2369194991912917,0.3936138291181143,0.3432148877502821
0.2342645838018899,0.3801122323139157,0.33524968810864786
0.24517665988191495,0.485190911863866,0.3531616795139748
0.23863825637539793,0.4529654154538232,0.34546565784123845
0.2367288046985481,0.4215538099395049,0.355655208690197
0.2335488871518767,0.4330688835649209,0.3077591233695963
0.23317497143278992,0.4010964105768949,0.3359198885129237
0.23136568159459706,0.4116577213552698,0.3363742810863388
0.2510826020404542,0.4990790851560933,0.3412998987484961
0.24158357152912238,0.4915049743980512,0.35521523024060725
0.24657185060340658,0.3823762777032349,0.3987439031083324
0.2390565196131541,0.4004482268187569,0.34837965474638616
0.23236507704172155,0.3910956013520312,0.3565283581098958
0.2324664337322439,0.39618966401493017,0.38278720468809335
0.24022264361800474,0.41140638825223136,0.37101546221079995
0.2401480632875812,0.4472518798727044,0.3454800116394157
0.24058027255010017,0.4294869235484735,0.3245545330682925
0.24167311760214336,0.3979143589549923,0.3474472481988001
0.24356185921438045,0.42485850782939655,0.3766322540783933
0.2381948047053538,0.4021284628763538,0.3527215307363969
0.24359066407490018,0.4536656262904085,0.3909106037159065
0.23161996698775775,0.4572306520021731,0.3394983283501505
0.2405202129191317,0.3944244780701735,0.35983462757413576
0.23515243854251955,0.4837208224517518,0.3682457018906865
0.24140534643309308,0.4252010761956439,0.3473303795489344
0.24004157139211899,0.4004450048778305,0.3620161349155807
0.24365084615703722,0.3842164473669929,0.3837308059858846
0.23789254785051908,0.3999457560642937,0.3783628128213181
0.23914963210045964,0.4760244536739037,0.39751633211487103
0.23911329975228285,0.5016149326786471,0.3610207827110101
0.24374725445938125,0.4118000548685978,0.34599955587080444
0.24029094700561202,0.3948192575910077,0.3615698185545531
0.23546847333078857,0.4171761347012334,0.3621797449989879
0.24061527444694508,0.3978558312328784,0.36302667682051576
0.2404503893603875,0.4664347836129353,0.3614641050010213
0.24349221250050618,0.42219118096833136,0.3841775565497864
0.23557608231413787,0.35234497444556273,0.3528272582348525
0.24642839986295784,0.4202258335817253,0.3640994086697983
0.24320935382286415,0.4763677687516909,0.32119446249265865
0.2382763690124849,0.3838312257442139,0.34492286587380105
0.23492066226127478,0.41002918402169297,0.32911192024341723
0.2506004685391105,0.5296010823828299,0.42941874952867787
0.23482904839519542,0.4496290597864208,0.35922529703037354
0.24237624777736705,0.38705730689314827,0.35302663067101203
0.23866120571605662,0.38508071429906604,0.36289786552755793
0.24686976961057538,0.4400571293399602,0.3925224463106729
0.23444583044605025,0.38799599573021104,0.3486884145333979
0.2478472895944285,0.5019054574461502,0.3556000570732294
0.2332287166681342,0.3853366772651413,0.3667461411679708
0.24759530119925777,0.5055536198260121,0.35935801923545513
0.23949307489453212,0.4351576831961089,0.34377796033336977
0.23753862668303696,0.42401416471035935,0.33313337789194963
0.24216892972612933,0.4807612695750058,0.34003318874890576
0.24102805712760358,0.4593419582126305,0.3662745595138521
0.2299022716579687,0.3686889971814205,0.34763410074428536
0.2492752800498174,0.38360273760516334,0.35460973184980665
0.24453724070595545,0.42165744199116056,0.3668851058916164
0.24202261741752903,0.3841204687410253,0.3541978559851497
0.247733863098954,0.4254389069717979,0.35447713751086235
0.24777480316897943,0.4301598088160288,0.3494239925762125
0.24193758909451085,0.4304367800767471,0.3388587209125178
0.24315405861015385,0.4756475854493623,0.4070259871442413
0.24780477095512402,0.4303956010056066,0.4452025242372225
0.25190726218433923,0.4306328685923841,0.3922498213870208
0.2445639954781896,0.4221432965725326,0.38206928402692414
0.25034804147816286,0.4314950663887756,0.3605902504568225
0.2492509182417526,0.4388109448862956,0.3801733731136875
0.25250320387360714,0.4610484546924982,0.4111595212135198
0.23660575910877085,0.4349786297554491,0.35699869729394385
0.24017529846698596,0.40181340313736535,0.3521298388979824
0.24195886089216156,0.4226039648258976,0.399096284073562
0.2441775420003719,0.4707071604600906,0.4204953754046107
0.2441676900477794,0.4159311899305228,0.3823978057053976
0.24479363550215388,0.4874565831962674,0.38314754394559947
0.24951792573358514,0.435978793132844,0.3641184250198359
0.24755100187293766,0.5058785892136332,0.3822812298312894
0.24517612875601869,0.4685191096425161,0.3658163677637868
0.24088302571347306,0.4145205089978294,0.35017440702257857
0.24758404014962868,0.4309030178769157,0.3573990651792419
0.258769933792041,0.451771730221272,0.3585574078032661
0.25214894319746733,0.4302027401631319,0.3723554610282268
0.24764830208062721,0.40030598892978897,0.3686886644359389
0.2533217329731153,0.4440316481760295,0.3666699102555783
0.25159576022246427,0.4030277408709636,0.3735308432455262
0.24844046504470177,0.4089468131781852,0.3505315970684197
0.25307515614982123,0.4234418522724772,0.369513049386226
0.258445960302443,0.42262554595803903,0.42038175880341655
0.24988937082604665,0.4476021949479742,0.3252325525141365
0.24969275074140057,0.41574663086212543,0.3931428438343448
0.24568261245732637,0.4154135879750492,0.4209041074645285
0.24961805679348395,0.40060487240948817,0.3784884635014667
0.2460289700232279,0.4263897756046653,0.3644087882909781
0.24831390337078055,0.4215107037773197,0.3546035474181944
0.25006734636112105,0.4068540617981893,0.380181734665992
0.2553029013089183,0.5280043688854699,0.3814318502583955
0.24119224618982585,0.4201270532165759,0.3444747461226323
0.24984343518549104,0.4251974420923571,0.3892180775128435
0.25406248640790663,0.4359767223450449,0.36524184095322737
0.2545753900520168,0.5589463069961375,0.4085075070800187
0.24870721697887951,0.4700099006267717,0.4091282535751379
0.2493916708751133,0.4219080890584185,0.3877553357778808
0.24856386885881934,0.4445597703610725,0.4240398856712682
0.25610088212243154,0.4011676294604936,0.43860013601090747
0.24514184935855796,0.4886474039102602,0.4060787827943211
0.24819878356333988,0.4490133812890273,0.33489450658604986
0.25084240948111935,0.4240708576049412,0.3919834838266357
0.25340356754677856,0.4547250945792458,0.382555085169904
0.2459488140472137,0.442204861885738,0.3788043988950808
0.2517262756025286,0.4367652386423292,0.3686650282518091
0.23884998202969102,0.4052199656219024,0.3669962613114029
0.23808126506989097,0.4194588149217367,0.3975349846828041
0.24940366201649652,0.4748569380206731,0.3799752010572018
0.24731772829213025,0.4814044637357896,0.37239313233157595
0.25382288381738144,0.4563828966121548,0.3847368978945059
0.24793039847843687,0.3905560147536221,0.34635116560845985
0.2513565113681315,0.4781063954382788,0.394006692953524
0.2512562087100603,0.4344298512130937,0.3428550456603497
0.2483486698111351,0.4213706733283628,0.3666233855202182
0.255634413679676,0.4467427913997983,0.3712972933455511
0.24502850049321212,0.4064624804223591,0.3841334848438365
0.2584460862023023,0.4628299027647103,0.4226658638321283
0.2499240793653246,0.4461574739570415,0.35799447646680577
0.25215168983786146,0.5262765317780425,0.3494021176811104
0.2531920720848403,0.4438818409709782,0.39714636700676936
0.2560797272808118,0.4579459750283221,0.4470958590466374
0.2561570248447244,0.4507585447997892,0.4532775193806972
0.2490999589316307,0.4602221821375991,0.3469161856968385
0.2567428165455871,0.4860655607763444,0.3971624205461145
0.2565704590308426,0.5035533454709659,0.3985517757444361
0.25442260880468054,0.4133958140479087,0.3485199081956665
0.24991610694539446,0.41346491059837226,0.36070898952405
0.2673724616947285,0.5389123304919579,0.4604931293538083
0.25598633619661626,0.4975979320996864,0.3660971378072913
0.25370764573519383,0.515091792474831,0.4309758050703505
0.25828388630218496,0.4504555198833752,0.3856480003935571
0.2593281163535033,0.4354160719342064,0.3708527822753467
0.25686956890422324,0.4059877052322806,0.3845531847450296
0.2462308383103432,0.4311078810256751,0.4736794038657772
0.2512165416972947,0.47643073542478204,0.3822385516951462
0.2566787459813478,0.44930079608512696,0.39160681900812017
0.26259953651689316,0.6144427474749495,0.3528158225071387
0.2638568793039211,0.471935375255665,0.3568683086237203
0.26087518511145946,0.4510945430619485,0.4105586801360874
0.2655448845615328,0.4603855724670741,0.4405224073020033
0.25128225632075085,0.4909517443203085,0.3732853016946355
0.258643473040045,0.43468356526743857,0.4355885399361352
0.2582972633933068,0.43332905411907374,0.3536612392098515
0.26002138309718686,0.5120917313023666,0.3969683235853741
0.2506397996033911,0.4774493149519284,0.3731849089817168
0.25282723927135975,0.4341289342791623,0.4264624783727362
0.2545035890671215,0.4644676488987488,0.4369089391995329
0.27096324799879634,0.5068659061578901,0.4267352073376452
0.2555900494580897,0.5086178856771082,0.37291916544586573
0.2595433363183439,0.4520346418094969,0.3960216765425426
0.2576231915436084,0.4483892060090032,0.4376622269241829
0.2623630738893111,0.4941069424324472,0.3880932719107909
0.25927364139523235,0.4429203318845276,0.3800303287849484
0.2602924268376363,0.4615002321030744,0.4424468466451056
0.26154312863833074,0.4621674330234018,0.4012171396421163
0.24615398749616296,0.4633359831887699,0.3744753546525447
0.2551965561211614,0.4436006991843473,0.3854657548119294
0.2598180128146737,0.4832790646488275,0.471959521627948
0.2672153451733211,0.4832483388447685,0.36122523388371997
0.26956890887373247,0.5078045705815065,0.3987878962975785
0.26726473980115145,0.4437310023431705,0.4371762204691314
0.2584535156263614,0.5806814965064602,0.3714715091880829
0.26689825287016317,0.4868594803851718,0.3893472528923131
0.2673271901044736,0.4680396920986498,0.4025228628907784
0.2675056738984547,0.47867201478843896,0.4280476291519987
0.2595909488958764,0.5087587748062485,0.3795328897715527
0.25966879749772764,0.4693681132940182,0.39479656466738383
0.2689508636651317,0.5225501722049756,0.35901826998268355
0.2734472970424652,0.4601760603737909,0.399823782031411
0.26947449714205257,0.5657735683189465,0.36097646039258136
0.2704600768931506,0.4849163269319389,0.4155354500301545
0.2652090662563117,0.5479743718982831,0.3868617026152024
0.2636742568410159,0.4712458429897506,0.37465359670451975
0.2645219280899107,0.4980896457102712,0.4075237469810667
0.26680517326222875,0.5511363896430914,0.4333794493622241
0.2612351199459381,0.4458532158233645,0.3935731111658584
0.2589379355884683,0.486214624462916,0.4457050095486691
0.263556839887589,0.5048440145903456,0.3920240155514202
0.27259343408802567,0.4158281122733472,0.43649645428567213
0.26363817956438906,0.4656293429722478,0.3934154709827114
0.2691034950706307,0.5283392251648604,0.3855455568895713
0.2567993002582601,0.5458207897637821,0.405599614614609
0.2725492853178572,0.5316774653188633,0.3950009769927065
0.25922940826982893,0.4597708002684342,0.40210474893287945
0.27154972306069675,0.4546845026617778,0.3857824671435424
0.2665661204873374,0.6653935115735767,0.3895517939557396
0.2708618597096035,0.4884863013712996,0.4244513875828186
0.2625431527166689,0.4391392771119476,0.4371118812409128
0.2623158517837882,0.4260834700390076,0.40142140443138014
0.26725413939372644,0.4758910079222015,0.4075510476403224
0.26262677523584993,0.4641906681364034,0.3987509137011993
0.2675892929531176,0.4595451901215054,0.3935717161636022
0.26416289967827367,0.4348330600796736,0.3768605244589341
0.2606230589858528,0.4748562089948493,0.4364941464774599
0.27724107710091667,0.54699859643895,0.4241478202670133
0.26597447768586435,0.47206543656063,0.4179996704596543
0.2711398929560037,0.493458236700726,0.40472170920551065
0.2702377723185612,0.4878399073010942,0.3707945855349588
0.2623625086841282,0.4956287446440538,0.3941429635558105
0.2755645435864066,0.4270728459142484,0.3807140318566812
0.26597138712097357,0.4623436888768133,0.3780613011048222
0.26716925529596824,0.6601406050249606,0.3975905937591844
0.27288536371370226,0.4523965499111208,0.4234218795058788
0.28120200279418656,0.6005212301480332,0.44214630493873536
0.26657813625383464,0.4583037378430999,0.3815239825595528
0.2693126177141449,0.4771855608558622,0.43493482749731294
0.26005116893318,0.4804279439704082,0.39950285444651695
0.28708509012088723,0.5293039232507545,0.5089002303426334
0.27233762382890137,0.5056734084248319,0.4375939891305742
0.2826337509936769,0.5183615771345358,0.3931366221457889
0.26623560073155955,0.4753775525101343,0.4418017075052028
0.27187209291018616,0.5230898686974539,0.4101386024877038
0.2678460419654169,0.5075871201335146,0.3891212248447439
0.27751964442691973,0.5153349431205786,0.4113792581740015
0.2755670899725881,0.507431904983306,0.4549763028400282
0.2700897903099231,0.4784338517897101,0.41499217134888894
0.2801303230339803,0.5559751096575015,0.41950817367340576
0.2781837963012627,0.4764139596588042,0.4082290233626136
0.28447813469985284,0.4718327759301152,0.5401302047802696
0.2783021710575096,0.494327636760267,0.4416072651082136
0.2696165266728119,0.4694192738798434,0.46302288479153403
0.2655640737718466,0.5054579718358763,0.4467782947838848
0.27165384534132625,0.5321994367834149,0.4493110385384255
0.2708409470705181,0.5473345151507046,0.3875680117780617
0.26253955444865484,0.4956053447965049,0.42646667687891865
0.2692760680247335,0.4965535485125536,0.3974080171267989
0.2728652409339633,0.4552302015748045,0.434642472797698
0.2704954032696649,0.4619321788480527,0.4120805611031635
0.271757727566871,0.47061728992228596,0.39042841379005
0.27869450477468677,0.463224095899668,0.4367555379276293
0.2841119031854128,0.5298599796728414,0.4134374258292908
0.2733265605084009,0.4797336090305245,0.4368385331006891
0.2727460629928353,0.4599896733948538,0.4615910723773918
0.28318179606448135,0.6617414987709596,0.3684497999061898
0.2789846101151521,0.5048116473973893,0.3564513526431499
0.28175529718575776,0.4763806603782082,0.4355519772166479
0.2855857211655085,0.5161217358893557,0.4829396917990214
0.2784031348905851,0.6173158316796813,0.4314469419280691
0.27153248755468906,0.5426619378047455,0.40646197435690185
0.27534548439178186,0.5572967669692865,0.4068750642721907
0.27958008737416284,0.5323619917528949,0.4011014448676294
0.2796206432380152,0.5020785334442531,0.3726103518615579
0.28144089862638233,0.5517811640375164,0.4219611127921825
0.28104950686394764,0.4674378366921406,0.4706246688787056
0.2817040309448144,0.5207049583249029,0.3908510920599039
0.2852216386631863,0.4978400530502299,0.42027277555598697
0.2792122564839994,0.5067747897842748,0.4174808855956919
0.285558570035028,0.5956336141939975,0.43316174241857147
0.27704195739481746,0.4709461806954622,0.4284067664397287
0.2804092740968246,0.500270009308308,0.39984787678159456
0.28322271457895115,0.625919896222566,0.4252876370021484
0.28132134521390706,0.5171298952898995,0.41299047580841
0.2784795283795203,0.508049503211959,0.4589843433775956
0.2899605969737836,0.4783331112102278,0.4020388032419703
0.2945549632679835,0.5612160796545403,0.4317411224858659
0.2808372082379858,0.490700663525564,0.4727664117671167
0.2809997218030626,0.5300692102508556,0.40397521978105216
0.27783501211731304,0.5285206773863884,0.5200610666210391
0.2798331572542265,0.4753914169026338,0.3894224531070228
0.28219783587579383,0.6603570752967431,0.5066217882451354
0.2730144255364884,0.5101235599165403,0.4096956748678336
0.28248502884871646,0.5410856806102716,0.4011679345450249
0.27229600340049326,0.5917206087169695,0.43284478313576463
0.28071617736165355,0.4731114436563898,0.4168291610490485
0.2797626147269227,0.4747989413125102,0.4266535900649657
0.285648122087037,0.4750699772926935,0.5623409074299697
0.29147132945722765,0.6370430970670887,0.4697559272661329
0.29029678055547775,0.6037357580676292,0.4286514858955034
0.27905716650760537,0.5506292830965404,0.3817145668420354
0.28175974044362895,0.4833082830908252,0.4582127061938096
0.2813057364632003,0.4756208418194047,0.4207296767339567
0.27616554982406355,0.5818416996212474,0.3977264236279581
0.2742965332723615,0.5384682264480427,0.409357004956062
0.28030930367961465,0.563947676761557,0.4062799084969772
0.287783138110373,0.5442299901578908,0.4023700270266632
0.285918214251814,0.5698960646864264,0.4266971057095923
0.2933399647801277,0.5272525967051306,0.5061614565049795
0.2882328617128207,0.5348180800406562,0.484940655035444
0.2792716405706664,0.4975702547504208,0.4458885673450782
0.28636077574961083,0.5589534119801852,0.43780070088057343
0.2933656457093265,0.5020089477599585,0.5533632621685425
0.27279421633096373,0.4572547398711068,0.4103154967012482
0.27734303338953714,0.5040303304402814,0.4801561122946302
0.2761252187637958,0.536994193178966,0.44622308034100105
0.28762923278002794,0.542849251114582,0.472183191678379
0.288530321525209,0.5523804934160477,0.5234780278225437
0.2777599103100682,0.5886023449075051,0.41186046729925296
0.29421850163379154,0.5229514782418461,0.41734836935298597
0.2850631094007041,0.5003573340258985,0.434999811066208
0.29766183364893395,0.6043543248797889,0.4385825902572192
0.2859361996882753,0.4669882016095201,0.43499498604984904
0.29977722291527586,0.4986868333179351,0.5912071546008582
0.28577228637480506,0.550102429203177,0.4504680801083011
0.29000718835000766,0.6906210351264532,0.4221284092069759
0.2806957488583121,0.4728392012072194,0.412596597204312
0.2916736273496802,0.4884270981560148,0.4269863175592038
0.29472333598078443,0.6612338035304739,0.3895472412194339
0.2854166999640796,0.5535110597358364,0.4016650331981448
0.2869903561691228,0.5684336848109126,0.42286367702217853
0.2927273243185825,0.6147706311787031,0.4437875408354751
0.280335625762537,0.5196965705071911,0.4214260139148177
0.27923184594579,0.4904471506043049,0.4125175517024413
0.2821146841454443,0.4705753643073994,0.4503023320336489
0.2843749007713915,0.5935430229558512,0.4444114291141659
0.28341178646052445,0.5453810802871726,0.4471397494130165
0.2785006492547085,0.4969138019647019,0.4933180779252342
0.2887712858820155,0.6447525957028805,0.4169419847164218
0.29068313588853845,0.5615455608669407,0.49968849204314797
0.29486373869340576,0.6137885660352153,0.502592629667915
0.28701337071804,0.493194755651552,0.42938455239943707
0.2859828735946942,0.5569197906974097,0.4676614486575528
0.28474660210573327,0.5825609841152353,0.4563124859010997
0.2859795789900351,0.6588080902073572,0.39909995262368503
0.28578862882561845,0.4669358635209763,0.5171677557180334
0.28496688050251867,0.5472508720509787,0.4389150239607816
0.2785773934541985,0.4782569805230042,0.4186110664006869
0.29202479096943185,0.512366940700524,0.4596201348519108
0.2812175890012211,0.4850743706400661,0.4206049521807874
0.27826180622155283,0.6162669981604685,0.4394740930453803
0.2851642319202232,0.4885275044161023,0.4562911009763188
0.2841225317326878,0.613060910922748,0.41668434775728747
0.28440578839988573,0.5006164822587935,0.3922583784469116
0.2846276262867211,0.5032578269071264,0.4485005358774243
0.2900397255490848,0.6324114523017061,0.4753888751393323
0.2940406323526401,0.5801990601628111,0.4547630674024742
0.3055864310471032,0.5058789930398413,0.4797956148102762
0.2893893808014031,0.5263655620571955,0.4573279506655426
0.2855800700414659,0.5227220791597166,0.4118438724697927
0.30222476093252565,0.5320334468129629,0.4631452602118109
0.2799038147517372,0.5444122726158686,0.4577219888375792
0.2969338885731373,0.5239037210904595,0.4313275031705857
0.2919075944936925,0.4834380655973228,0.4407635691789323
0.2917405178394791,0.4900870448710694,0.4606292352306944
0.28565139333331335,0.7331016594803831,0.5339305860593835
0.300683051601349,0.5277388356545935,0.4535945792064988
0.30221538213193644,0.7290065961368092,0.519147773773354
0.29670225831596164,0.6430748135268185,0.424750542526587
0.2863042301309268,0.5631828735366117,0.4371339321645105
0.29586249815719606,0.5738929928031566,0.46816102577168894
0.29568435567418705,0.5553413262205007,0.4332483416169611
0.3083164483251392,0.6144955879103545,0.4375722833219349
0.2944013523468637,0.5121052142244356,0.481258566530789
0.29769821139592423,0.4637094063756286,0.5141698852430114
0.292402863645184,0.5170251205274178,0.4344770345986565
0.2941695779976524,0.4741557370364474,0.4203187664401632
0.2907821927284162,0.5225972767699516,0.4142554464901253
0.28768772236341406,0.5622854148294225,0.462252763474264
0.30969278571186365,0.5412180294402205,0.5295957598669879
0.28481201698080905,0.5266611027295613,0.4078393845109369
0.2838788250392852,0.5362438370932727,0.4026125993628827
0.2977374110356724,0.5249385318921965,0.42796975678201
0.31080248458552345,0.6553616548085087,0.4596741329706064
0.2901533541123154,0.5560280593384788,0.5481056692363528
0.29139678571799116,0.5129106979742493,0.4268586223560507
0.29650219996377736,0.5706412936789692,0.4826204894515205
0.30675656705676346,0.6179758140232972,0.465854717006523
0.2908176199165609,0.4990783800512954,0.4404321609039916
0.3003787124362029,0.5176735243707025,0.4218996083259928
0.2990236570639005,0.5318767479879741,0.4337582851560369
0.2871886156792016,0.5391277626340751,0.4540390746766162
0.2926116920100208,0.5347448698586438,0.4381536183309018
0.2924578736731668,0.6227001563344289,0.5077103289143771
0.29332449939448063,0.535513638880779,0.4248529212304633
0.30074025891544265,0.5607364154369272,0.4658547997533554
0.2932673504110322,0.5534690199934692,0.448320592870493
0.2986958951038835,0.5045442464197103,0.4444039142341065
0.303688449549131,0.5950254860700899,0.4539203656432636
0.29216907349369864,0.5632587281660699,0.4164746849995773
0.29489060758251795,0.5608605973963731,0.4523712570602763
0.2947205735944252,0.5602020510802174,0.4644534376799282
0.3051517238855208,0.5411512252808716,0.5195823803315239
0.30092854875149766,0.580083755566043,0.4437337371227754
0.30787912754679125,0.6500109352472111,0.4311265262500194
0.30127270990255056,0.6494362192228916,0.4725873563876428
0.2915032109779861,0.5464058417008685,0.4942357437271291
0.3225655300647321,0.6278797285787328,0.5551557311716433
0.2887227219985028,0.5037397442788981,0.4198060533503382
0.305579365454394,0.5836281016109445,0.4892121278554214
0.2868680670798288,0.5240148122702655,0.4457499530993986
0.2972003591107476,0.5226374668665641,0.4930648004857186
0.28031158747401075,0.5014233283409009,0.4631212555954554
0.2925040468537333,0.6535214875735206,0.4399779380355032
0.3040334778547821,0.653515123848388,0.4330965941878317
0.2998005588201725,0.5288698559095103,0.4138121861903871
0.31411733814739234,0.6732426218410029,0.4439042042270195
0.31067526753323943,0.5586073926589434,0.4749750654401973
0.3015546544126159,0.515874178922378,0.4673637376550076
0.3084305941028996,0.5578593931717875,0.45000766263623293
0.2985245062088534,0.5344170085148346,0.5569769711168002
0.3102098159474416,0.6894209501354044,0.4895644429887197
0.2962630145181275,0.5013760492154451,0.5160385539511344
0.30476347766565415,0.6431067330914415,0.5119984014454707
0.30264166400255915,0.5623118873585293,0.4806063400251258
0.30479596625532474,0.6967319057381506,0.4778868083431819
0.2983928167291767,0.5240920672454026,0.5634011691527602
0.30677059475946605,0.5477041453507517,0.4747393638234182
0.32268874236054124,0.8014215041106497,0.519490508284441
0.29906487480305166,0.5924809543740029,0.4928064677791243
0.30066078232061616,0.6400657426725851,0.4540210593803238
0.3037222897538833,0.6686321772914257,0.4397021643108701
0.3076635025286678,0.5233928222091816,0.44956017063503706
0.29664178694344284,0.5792439509703697,0.4813471310958095
0.3147141129227846,0.5837488337217903,0.4623064346178306
0.29251387091058817,0.5541611581518022,0.425205410924648
0.2968507903245105,0.5445346310152416,0.45573547895751393
0.29905320720928114,0.5712901583370182,0.4527203340345395
0.29326619737661824,0.5451965382999099,0.4897396181705616
0.30704320361578985,0.7105154966396232,0.4336643697607761
0.30637025400183887,0.6167665934937605,0.560149496480923
0.30270976665219945,0.5135295799896361,0.4402862983256817
0.2948783317372976,0.5676700879398492,0.4584114513335222
0.30312742245914565,0.6149337425561985,0.4575645601995554
0.31031995756721636,0.6069862572398723,0.4893649033701977
0.3027921595570354,0.5168046014116008,0.4573137385042302
0.29945466034980783,0.4872047361166788,0.502302099295957
0.3096432737630408,0.6292859388275068,0.4468058173652121
0.30347740243449783,0.6558670334373431,0.4516221756243025
0.29866273463055454,0.6330978756680719,0.5215177140561711
0.3038664567657146,0.6990869865546823,0.4958609474856458
0.29210106751469245,0.5419382069569055,0.5003077335888729
0.30202453418328373,0.528937220480036,0.5532597779427497
0.30625464183612366,0.5489167843395414,0.4673632639665199
0.29792369028945076,0.5651013918003126,0.4751184535157115
0.3045847978880014,0.5755362888847607,0.4709452317167087
0.31078104087604386,0.6033414397371453,0.5703328821745756
0.3015429272694407,0.5505847501712825,0.4485912293402392
0.30148062441065904,0.5931961096450306,0.4704666043603442
0.3065615224149839,0.7248035047300011,0.4666712905727142
0.30720202916432465,0.5975493077177072,0.4161419849891616
0.30392225393112904,0.6001993611322414,0.5323065306185859
0.29537190337456454,0.5311202499807428,0.4584763400844173
0.3111994673544508,0.6389655308612496,0.4583241626940482
0.29954806336604556,0.5752479078026146,0.5558621994673267
0.3046032776413173,0.5195604384072925,0.4980116910747477
0.30294021231993057,0.6217047548211065,0.4746518111785895
0.30592325898358425,0.5593016328974915,0.4653168417853806
0.3066525850598603,0.6024018574294295,0.4886873797548849
0.30386518814042984,0.5485694261390092,0.4978017232925705
0.3080822136237741,0.5718476836882848,0.4631381379393805
0.31057582094939945,0.7181944110651121,0.5081588273959673
0.30679335170622296,0.5300627178293289,0.5306307616892999
0.32142588277993916,0.516680723717569,0.5337593141043389
0.32311391614800955,0.8911219571886452,0.4908457307072654
0.30648497160612914,0.7014876743922072,0.4561410065304614
0.322401663214861,0.5255854982347896,0.5394220559518375
0.3117047492213148,0.520187598481669,0.4550105250220543
0.32631561846913326,0.6386497685691427,0.5158606036804094
0.3303306778509787,0.6479890208948847,0.5279030888396509
0.31887177131618166,0.5879377679950946,0.4826082577851725
0.3138186814296356,0.5976351997102876,0.5351090157179279
0.32015013848011675,0.5033227340232953,0.544464013424942
0.3199555036697863,0.5524393873059874,0.5017049462777381
0.3115016570201981,0.5635799023880262,0.5019198566445187
0.3261909750023214,0.6279146924948404,0.6234444189793208
0.3207375803112237,0.6109799160426004,0.5267949814204961
0.32127885370794457,0.5635370143231031,0.5175873870486342
0.31854000018317097,0.7216583374433853,0.5405528318832711
0.31390996514477254,0.670573303339376,0.4532282222873733
0.33180632717244196,0.7281360378477649,0.5273116440801965
0.3256025746622237,0.6000361779676807,0.4698594891570558
0.32050077756986334,0.5696591437993163,0.4888063300274602
0.31995774164558993,0.6846312795933257,0.4501497940850517
0.32944404853972403,0.6791303619124218,0.4998476557630759
0.3258973883478592,0.6025417237856846,0.6324327231664074
0.3216506014206753,0.7349640367754793,0.6013122425586551
0.3436808186153938,0.7864047247765114,0.6626112500099229
0.3278864775956346,0.5719780744497394,0.5333698429779367
0.34587681469883935,0.7441333025586536,0.5455401106255061
0.32407788546035093,0.5924628807910783,0.4739421144598805
0.32694931494854246,0.5769118042790563,0.5088707841456708
0.31558407750492434,0.6001764914742662,0.4503981449079241
0.3102985832459654,0.519348587702678,0.4701903456543362
0.3135582058200984,0.5715935927448403,0.5307422009107549
0.3135675745888229,0.5463492168204294,0.4894171406672033
0.3225542052904601,0.555735545209266,0.5270759941824454
0.33394778612098575,0.6265948127477573,0.4576032168029725
0.3301011432766211,0.6437611625802988,0.4833128146587506
0.3172531168790838,0.7565791603503758,0.5432341011531682
0.32593737621473706,0.5847212165325997,0.4806056115016149
0.33604222580543214,0.5833843735584089,0.5818081504563427
0.33189011450304107,0.584390545923838,0.5227175634280989
0.32662460905295754,0.6450324811802507,0.5230470479480044
0.3459335670905994,0.6247274643954941,0.569573011177394
0.3214862387522498,0.6253121865405401,0.5700883577932203
0.3209776986800168,0.7183920606419774,0.4619815405661937
0.3175311400389187,0.5895059229613885,0.5083376825032075
0.3216545297325938,0.6030686488561487,0.5220227040314538
0.32083969393991507,0.5833099451391084,0.5602420516686311
0.3315654056743032,0.5818681135623995,0.5083818383060318
0.34512406386111183,0.7907376031870266,0.5143233717649358
0.3415562063938586,0.8496190744277908,0.5021341068171771
0.3249845307255362,0.5306268190584087,0.5024524798972149
0.32202994529399015,0.6394844270617137,0.5135859036015485
0.3343255014772532,0.6509062370880325,0.5517192700740768
0.32984002279155356,0.8678250326433873,0.5228454413934712
0.32658867416896287,0.5781094533666543,0.492678748523716
0.34868232330135585,0.5963922466372941,0.6071396744064544
0.33545251585531843,0.6203700519952905,0.5845738616309344
0.3357885803510452,0.7671817228525211,0.5290700252885944
0.33769698228870626,0.6799287402584993,0.4772083704362765
0.3205374420197375,0.6200307872260187,0.5272940111151221
0.3355708710570722,0.6175741771067564,0.5395779879338909
0.3286950258197558,0.6639676665659267,0.4993043263722051
0.33899114178351475,0.5716250061710171,0.5617571308663006
0.3391499582877727,0.7101660301289958,0.5146379079908676
0.33100501231912965,0.5579481181564853,0.5000165916132653
0.3337882542182098,0.5995413223099859,0.5201849913328682
0.33192505539323847,0.5525461208571761,0.4750931120485653
0.35352150592014453,0.7412491981478463,0.5291645763009556
0.3197879890650077,0.6483974370216365,0.5024795335532327
0.3350219498381651,0.6659452730528946,0.5181859353234863
0.33820483637076765,0.6185221062318164,0.4948105534485819
0.3454842138195473,0.5416110036982758,0.6412384504908156
0.32839164093739454,0.5552759700394857,0.492051711623806
0.32276830074493984,0.5776357553457209,0.5286620358945756
0.3304875612926091,0.6008146832718655,0.5260936543148221
0.3274954364597569,0.6769690820910317,0.4820036612942759
0.3328760830909542,0.6478173953498658,0.483560742640847
0.3501861916696839,0.7501196724683254,0.4984666215004545
0.33182413885470924,0.6058542792520754,0.6219191854372773
0.3224483924574386,0.5445797998156583,0.5157250950967007
0.33922924912074537,0.6407308012658504,0.5157921332068774
0.3368513793685274,0.5521288241432429,0.4864212061159459
0.3288512184605679,0.6065541434970647,0.4903515328031816
0.3339446275488501,0.5853250920140911,0.5140989391323612
0.34832208209785165,0.7720292282066087,0.5217014858392277
0.33272358245840666,0.6007483703867961,0.5436919661355456
0.329828534058299,0.5978372684963322,0.5592921917152209
0.33130204500488064,0.5493199395575303,0.4821616092735834
0.33511688790413563,0.7252203694396759,0.4948238959163046
0.3520903122556367,0.6113845984334665,0.6115370965880957
0.3414088323014356,0.6125031128707988,0.5566465229716118
0.3506237361629907,0.6343997191303876,0.5456435820843725
0.3577849126224787,0.8872106177809349,0.5571020613544921
0.34123819315810844,0.6617976141722269,0.4893116697344475
0.3447576047398281,0.6821002453434207,0.5113018866429675
0.350250248142823,0.906476311195504,0.5911880919204362
0.34621914192138403,0.6481393083707111,0.5072726302555605
0.3398880568348818,0.5879958996649784,0.4935208053457195
0.3438309395996657,0.6182422924728129,0.5333253387180628
0.3474042428379843,0.7400759242654196,0.5084778752048578
0.3571910352389375,0.5669895887075215,0.5606093191544295
0.3515911238916333,0.5677913245061057,0.5062882987437455
0.3568263996051975,0.8280364319823812,0.4994509176815621
0.3467691569771024,0.6428535371740406,0.4617566159864821
0.34036609818276026,0.7338315113156171,0.5089986747246915
0.35449324691537376,0.6433738414472558,0.5855402001161948
0.37493353885651826,0.8478773346968069,0.5591023567919656
0.3513596096046612,0.5571501587928626,0.6640975376891387
0.3613623889761785,0.7715224624298876,0.5227401033127599
0.3613365799404027,0.5967099224614251,0.5808517077196581
0.3434628330556627,0.5597616729159463,0.6165454427075734
0.35617426746641156,0.706474604906968,0.5199954060844028
0.3369888808838556,0.6176843246206617,0.503511147181674
0.3384739602462831,0.5851323992299361,0.4685306620815765
0.3473083572006051,0.6190687836376303,0.4988996136531907
0.3601810760945556,0.5834936525410911,0.5023259336117339
0.35298103648182816,0.5745488823422403,0.47518285272131505
0.34629319107636575,0.6078952276356394,0.5662628146396567
0.3623717331268297,0.5818266595690824,0.5949659640945487
0.33680095727876813,0.5638669189365665,0.7317602571994167
0.3496304299696022,0.6113057726012542,0.5195330744335016
0.3582174124109027,0.6407775544032114,0.4915163311698274
0.3499499402949755,0.602167463253201,0.5422062785959192
0.3541580051341622,0.5647131822949765,0.5633525710600191
0.3493830662195612,0.6724717323462712,0.5303519583957589
0.3593312975806068,0.7019298341277376,0.5813129474265153
0.35824037261812547,0.5803643586655101,0.5189013414401307
0.36928784017903454,0.6134877475372058,0.5013750251417461
0.3704064229305865,0.7055183448965698,0.5658693703089879
0.36327486883623317,0.6566762831692023,0.5348286866729974
0.35595688767385636,0.5783145937380504,0.5751033237181649
0.3634694848475634,0.6427545617060839,0.5364975110588728
0.37200560883834427,0.6197325490725989,0.5860661448623614
0.3647790332527274,0.6350694965301517,0.5270241663445577
0.36895356659579887,0.6378482524619036,0.5471627941143667
0.36788538340170474,0.62346381782077,0.5415213208228908
0.37566390726911436,0.6429809357835238,0.6218952893836375
0.37499973785151036,0.6340820397904633,0.5590058114737048
0.36840038179291495,0.7584206372996678,0.5789040960197621
0.3768803964349236,0.7941651187941428,0.522832070336806
0.37821223448111413,0.8222809925076523,0.530055844238565
0.3672599040828035,0.6026766790617253,0.6329093667935737
0.37588234034998136,0.5939531319882329,0.6393160217737385
0.37402764002480926,0.7063255069812339,0.5485417915942022
0.3577216173519784,0.6105141138826625,0.6640203538941214
0.37624832939250746,0.6279785411747194,0.5161160586677926
0.36721527271149557,0.6219128061855951,0.6579483446314258
0.39009907430869606,0.9677831525923618,0.5700498681429911
0.3786053775210522,0.6195294579724695,0.5483049471562316
0.37715231724068277,0.6400244676921488,0.5174962957582536
0.3747053566076242,0.6150205179744114,0.545914294157867
0.37704679677890923,0.7539242506903867,0.5599665809076729
0.370627516961493,0.687304318914443,0.57335325874037
0.3655028210662779,0.6164757162893584,0.4788674538993852
0.37501025494363915,0.5982895928505,0.5658239084471496
0.3645385069227272,0.8153493804580644,0.5498710212740895
0.3658437564263794,0.5910160798314632,0.5570253935455463
0.36256517318683196,0.6743211353690753,0.6288647191035878
0.3827380955652559,0.6383956143466945,0.5428632311582114
0.4100348817890882,0.7819837045252293,0.6081474433845249
0.37799989689593644,0.6060294517726192,0.5355778014357224
0.39276555082554027,0.6414440781802156,0.5685319508195572
0.3821960573260277,0.7438204898685636,0.6082073142272114
0.38251157169301,0.6570104896793538,0.5502088861806073
0.3979760000429189,0.637933079710599,0.5779247368270928
0.3868368220838985,0.6363517756263407,0.5567448686737487
0.39092983556798794,0.7108821226463005,0.6230604236375761
0.3849951843238684,0.6142715651368745,0.5417313320037856
0.3840764911821351,0.5855444792272673,0.5384388466140155
0.4060347072051486,0.6793680920955119,0.617857687186833
0.4005000245023801,0.8071868977208012,0.5616940702991902
0.400667228606813,0.6259006942369179,0.5782028036960731
0.3830596584133088,0.6931879342736984,0.6006865162800259
0.3834065802807692,0.6586387650257276,0.6658012163451569
0.3975581429512093,0.7150685754805912,0.5949767648177154
0.390070009055122,0.6352325387719513,0.5751410169351969
0.4020056752054185,0.8712689540348141,0.5311812563469974
0.3821905111863112,0.6946702639735274,0.5342328896140254
0.3901815325820816,0.6872325550553912,0.5592425361959876
0.3951840010714428,0.630209677546497,0.6568132896886644
0.3837818950280127,0.5978549271796606,0.5765183807248963
0.3787097575981086,0.6053957500865272,0.6083271077983332
0.3821021841471869,0.6487579931496638,0.5394365177467368
0.3870739957525726,0.6756460723039729,0.6876251024812363
0.37544610964127123,0.7075326537607244,0.6997254851952406
0.39122911417056827,0.6826879504305982,0.6294378498069636
0.41379777881146323,0.7468095297733334,0.6220221683836666
0.3922147996917255,0.6046998897672758,0.5933817519219184
0.3882530363922494,0.6676645529265861,0.653179886213523
0.4122013067719888,0.6433135607139309,0.6899356308992175
0.39618904353263545,0.6859619772658495,0.5750334505059103
0.40229462150858253,0.6365885550227183,0.6216274562458622
0.4161677469394568,0.7108140324907185,0.5851577600810356
0.40267233217479925,0.6659591142950448,0.5864963267267909
0.4027532557354638,0.6593490423291553,0.5845673919393001
0.40219903763310244,0.7163549970737509,0.6028399829750485
0.40953585040652923,0.7540801890356026,0.6161479587728598
0.4000830661670543,0.6991013579281855,0.5563258435756702
0.4040796004853292,0.6114111678812757,0.5695741823591828
0.40168915839846325,0.6656414735710798,0.6255782095310627
0.3955440363056144,0.7430664079461322,0.5808488840557472
0.40540811279041056,0.6406905680702876,0.6151597719551457
0.408916884470585,0.6930121695823189,0.6358681646380554
0.4024385624195993,0.6784144416583944,0.702077382636036
0.40131207190397916,0.6327145431137255,0.6315709618681451
0.3841462987960953,0.6068580549030752,0.6171159695536835
0.398498773078485,0.6326436668725425,0.5664701898454063
0.39005613041385745,0.6664500570068076,0.6266995670668645
0.39445618082103123,0.8555457944847586,0.5803620765937858
0.4133930336807877,0.7212681791088421,0.5624819487577309
0.41423697440673224,0.8634327964219561,0.5804617380617564
0.4060878273476862,0.7265232790703944,0.5765259162852188
0.40854381592245687,0.627083052245831,0.5547480906824306
0.41491155019890846,0.6549505675692283,0.7496313619284733
0.39166948841762045,0.672453673286276,0.5665171179476737
0.4107742893404173,0.7656704603861999,0.5830454110893717
0.41712601097989394,0.7060103027578433,0.5650383814075708
0.3939407470369099,0.6682608128107798,0.5520015063975632
0.39199345018485887,0.6413300585441088,0.5907858633992963
0.4041633616391021,0.738430203954123,0.6366027358452386
0.43546613794445066,1.179543522240429,0.5571797841736894
0.39676787812961706,0.7779440216641951,0.5431614133811195
0.41071339752293556,0.7162437341682316,0.6009481265297935
0.421995846496517,0.9065498230684422,0.6171536271331156
0.4062946485299138,0.6527334708302734,0.545131785610216
0.4219485418136613,0.9183569569109004,0.6402407366331931
0.42051470834755267,0.8713262324586788,0.6833372274505236
0.4144020739984484,0.733861271258202,0.5587033485391693
0.40366842682401105,0.7901624515507406,0.5872574685435744
0.406675560211164,0.9467088297021304,0.6028237058035787
0.41185562121949104,0.6301727820478545,0.6875932955813946
0.40089305800800523,0.6561588894240141,0.6848878465179026
0.4066340627077609,0.6736810950328085,0.5880501228079466
0.40856746893493295,0.6416866005440179,0.7075098714884973
0.389619835802404,0.8302948670375997,0.6606105106843423
0.384888884479915,0.6417281726994036,0.5819002474527721
0.3767232915768001,0.6515417203949977,0.5663444393962541
0.3904620450579438,0.628843803057198,0.5308141813023632
0.39242448212731346,0.6805228127066104,0.6009622868025052
0.4002292915207676,0.7061486374394051,0.6102993010780486
0.3922012984002317,0.7572321758679412,0.5963252498891414
0.39997413666599785,0.9192597205324574,0.5417284403113741
0.4202828494088688,0.7415752686606756,0.5985979721247724
0.38349065259431725,0.6465396859626655,0.61717030685022
0.4036025825709783,0.6037196907641379,0.5418522888134752
0.4011762196336235,0.6770708244937542,0.7840345392318099
0.4252768844754912,0.6189120569499991,0.7398913152560536
0.41462969618959067,0.7399869725687505,0.6865708327305329
0.40207690617521946,0.6242777426647526,0.5994619576610075
0.4273308942041958,0.904061413314143,0.6129523156154515
0.4154147115032093,0.7222897255506546,0.574139649877281
0.40889143406905454,0.7389622662966686,0.7267693748545321
0.4049742303674059,0.6332604538548628,0.6252990797135074
0.4468313641540733,0.8726887696149612,0.5878192699895626
0.4195202798921791,0.6329435746240379,0.5884051977666529
0.4176777095261081,0.9522472414952364,0.5986157239430364
0.4013072034488324,0.7151153046902544,0.672068334464156
0.4248001515255998,0.8307094838063956,0.6208547195720798
0.4281521903470626,0.7763448912456209,0.7552697880098894
0.41771424639081167,0.6445437124766074,0.6478700029014646
0.4204678393070811,0.8160199713480474,0.5743846941760709
0.3976890110132527,0.7623902625314575,0.5627061608406766
0.39638280602149834,0.7986916187539902,0.5651224784675244
0.41789657768148347,0.9627012755737278,0.6734214385355735
0.4159610988362445,0.9149473315855884,0.611520764808157
0.4194557025436616,0.6484527170504043,0.6430535627130647
0.4434206102707578,0.9177006521355452,0.6977421030778381
0.4068635967724198,0.620325310479478,0.6191521830907328
0.4152134858343193,0.7509185176680176,0.6256637936325068
0.4166674578322915,0.9737653050512292,0.5990272430994211
0.41471002631832976,0.6730052064568893,0.596075533207405
0.4159083002847984,0.6582502341627453,0.6310566869329098
0.42205555546891227,0.675616696129666,0.7495022758577399
0.4155155218983396,0.6633250954998701,0.6540371633481216
0.4098126093219274,0.8198366193047613,0.6174065692902367
0.41470201891709285,0.6573191018970053,0.6286467779338559
0.41929189122228067,0.7194608238331875,0.5881557438042446
0.4236826117918204,0.6790219115571915,0.7912965305298079
0.4118332981387207,0.6429931362644872,0.6786768621089747
0.42453530908562553,0.7133226645632876,0.5907000352262646
0.41403398580343553,0.6638224492778384,0.6496740772538083
0.44476169714063885,0.850850609475488,0.6164395388703582
0.4075432450634377,0.6410667568492755,0.551743120712448
0.42426813792286,0.7800044362030691,0.6055849623198217
0.41816405863162287,0.8745979707004259,0.5961180311361172
0.4189409492745402,0.7134651776118095,0.6630778736366834
0.4214460621970907,0.7421102307026246,0.5815414293537221
0.4287707648327508,0.7186706028653619,0.6619808763510115
0.4305646087426425,0.7023292017022772,0.6417245289236839
0.4384249386514497,0.7538406629352886,0.6082679669526905
0.430467411390911,0.778426818481787,0.5782097354149823
0.4229807392622489,1.0562027390689042,0.6146934138717199
0.4302379882103953,0.8385988881171212,0.6161831333065949
0.43024323109755014,0.6521383597145184,0.5856262083166746
0.43390052140166774,0.7240455899115976,0.6098874866834413
0.4335724697352175,0.6309808421351971,0.6235003444730348
0.42059015076633066,0.8707973549082554,0.6307499789540882
0.4402892097739361,0.7533803344566274,0.603300100919125
0.41325701956638994,0.8384368413390232,0.7577871351723436
0.4843139434496033,1.1235699928837637,0.7449311770189736
0.43837599543802597,0.8648200158383845,0.6072764381597673
0.4384401810514838,0.8244799209975708,0.6622628431690285
0.43657987862675346,0.8204550026405003,0.7452853332288886
0.430207585304405,0.6878129871268509,0.6252977792212602
0.4561202837851182,0.6873050345421775,0.6313375049504891
0.44723762300770564,0.8178528209110927,0.6495005742453838
0.4432738233557941,0.7037549236924646,0.6530477151576751
0.44690356945897747,0.7746137310710446,0.6273907388123221
0.4453098544355455,0.7898137540908314,0.6337153319436898
0.44269468175439997,0.6433126025274878,0.6577566254492713
0.44043868680892656,0.7040350998646496,0.6390465935652275
0.461613036856849,0.741045156977545,0.7752984300228901
0.4278790710337138,0.8769656923352439,0.6277607447686545
0.44314719122670554,0.7031033105232606,0.6676525305128581
0.4302409030442574,0.7260264578659356,0.6555370055572359
0.43513569130198443,0.7447240853694974,0.6297826073006121
0.44703065070950737,0.6778698405198021,0.5764925460672932
0.49308875798378726,0.9735543302497692,0.5872306647253513
0.4361091104829633,0.7334489167638604,0.7208162249771103
0.43840324454010415,0.7431411971982314,0.7440601409446659
0.4161333324572742,0.7588806889916954,0.6705768933803528
0.4306937392908565,0.7223399347811862,0.564963193861766
0.44953140659213614,1.2231713497205041,0.6228846147993341
0.4355211642127955,0.7499013158285887,0.5938436655203292
0.4419785810416999,0.6829050745252079,0.6907015829229364
0.4438303299221096,0.7531611440198066,0.5879964812053697
0.4849835105823847,1.1563249741890933,0.7779974132234685
0.43892438651222887,0.8237912881650048,0.7575896478364492
0.4359604361597007,0.7597043655010023,0.6566972209260264
0.44874794619148617,0.7547575535526994,0.6907253503243871
0.4366453206167729,0.7805137659171977,0.7048290051297633
0.4373235340529047,0.6763510485576328,0.6509642056638976
0.4585856506297577,0.8384218578971582,0.6650257318804763
0.443658933935146,0.793703238612414,0.6345157352717363
0.43261302239094734,0.8255827242276461,0.6354566833712182
0.4346419806307107,0.7117822463374895,0.6625860296317236
0.4325782304256237,0.7929208691395289,0.6181601214455523
0.42758429723004715,0.8998686854010987,0.7604386401427097
0.4352152049854493,0.6982545685310022,0.6775752379618041
0.43453402304658645,0.7241046755196969,0.8859796737399201
0.44522409717942835,0.7518448905277026,0.7739149524887402
0.43409466188398155,0.8123267544902252,0.6797637877418188
0.4431272686590369,0.7369465228461272,0.6944387036247069
0.44913923811281636,0.706182973361517,0.7048131404395739
0.46120374537915865,1.0016308836620482,0.6883306392757369
0.45059595589396223,0.8481002249493197,0.6220475380232773
0.4693578012398969,1.012021372679674,0.7007420455448874
0.45614096934098997,1.0378043352285768,0.748002448485146
0.440800216348031,0.7503919285723173,0.7271454981236927
0.42860426417833425,0.7493487355989653,0.6703460310817139
0.4429033586899736,0.8213922090931497,0.7655762055945388
0.4583233530632584,0.7558236117326733,0.6414216999352249
0.4580692552898838,0.6855900716136862,0.7478031614050766
0.45438366951552017,0.7870899970484041,0.6773146576445137
0.4451335514174326,0.9043016895022103,0.681874963143047
0.4501753924793384,0.8721576227380339,0.6564362700116132
0.45887088590637776,0.8099665519719956,0.6633311338144398
0.47368005053697315,0.9435200377138572,0.7234309086975163
0.45463430142173145,0.7427323381854147,0.6552725334157343
0.4532326822120211,0.6799504506274845,0.6305003955212355
0.4291107875707971,0.7342862099428866,0.8537936902060883
0.46382600794339707,0.7562662434308857,0.7104446779201438
0.4473090290841465,0.8570174304825068,0.7852677148134097
0.45675407198500084,1.036539706056795,0.6628774523453705
0.4618774809897495,0.80492930123843,0.6908812444591114
0.4580722177063282,0.829473338004865,0.631235112384201
0.4657717104627167,0.8381624896932169,0.7379275848447961
0.46353506169611564,0.7515798189097683,0.9073351265476359
0.45307562416809866,0.7551486261341617,0.7544114486950013
0.46116463129396024,0.7895861402067316,0.6507785054609486
0.4511830374303635,0.7226002947361798,0.7130073280019815
0.4670813496122206,0.8020824884702002,0.6636447786608737
0.47014164552463794,0.7898150179968614,0.6931866340526728
0.4517923038640081,0.8185169321914348,0.7603240103169071
0.48771513411683803,0.7536463741966348,0.7271662399395489
0.47599460864953586,0.8788787937335918,0.6378400213572338
0.48891082453944634,0.7213830832111762,0.674094041857948
0.4583574842586138,0.7909570624427584,0.806697150695292
0.47271969159765187,0.7340523089153379,0.6905078056168249
0.4663872449970939,0.884459827775798,0.7164380996429474
0.4877019825016924,0.8164683241094894,0.74806900419082
0.47635995867466996,0.8442325103428978,0.6478511711771999
0.47599770465505825,0.7435153414569495,0.7041680915364124
0.4759467941302835,0.8572506261403064,0.7868897238931298
0.47577016625011526,0.989274383273358,0.7992616364455695
0.47475746878409103,0.7705272271003188,0.7035857358671674
0.4924410170627506,0.7873741120107192,0.8550618158334838
0.4927642630716276,0.8441204622252511,0.7672256358821048
0.48843408719798265,0.8996913673667357,0.6952469626545866
0.5077483649085441,0.8668381493920022,0.8553329757782565
0.4738245946162391,0.7583596265472599,0.6998219501540749
0.4874604756036261,0.7804610120585486,0.7873295378337101
0.5058924633920722,1.1742441635127978,0.7522444105967765
0.4944567130727364,0.7115000143513744,0.6885568646681981
0.5053098129877993,0.8872122978984965,0.6590962480381927
0.4834405207864485,0.7198563793979359,0.7106288218006712
0.4994561654466672,0.8706431259064809,0.7510715568026367
0.5007669180329909,0.9150830792727562,0.684572392639161
0.5011429272663527,0.9067991923923244,0.7174362053156158
0.4920471868625579,0.9492230492313882,0.7905161755916809
0.48128440680031404,0.7433367527796132,0.7733420361881403
0.4985278242687311,0.9172978464756328,0.7822963898019972
0.5132885283058384,0.9016361168054264,0.7874141742020067
0.551235883279016,1.1214981177741392,0.7651864238354813
0.4905466827219571,0.7776421714213337,0.7905065850448186
0.48027338873633035,0.7667871456525739,0.6935469048948225
0.47989984636530736,0.8565352592360307,0.7401397257936277
0.4927320024231666,0.7830199963348713,0.8450377237092315
0.49501604101807134,0.8195403245968903,0.8185496933137546
0.4834435776711136,0.9628725384116412,0.6778116808931409
0.5041979033836653,0.8572873464427242,0.7091481235291175
0.4953343932102677,0.7855274703226601,0.7592312142526619
0.5082725800023682,0.7634551989326559,0.7745337081500927
0.5707345067682668,1.2688889709654645,0.7839796104090201
0.5175585674059723,0.7760625079437083,0.7867859595664646
0.5346659449027626,1.1768798660883093,0.7574517348911636
0.5476094825803632,0.8695776523191621,0.8047727812340529
0.5076100212815934,0.8366016365087492,0.8031620767734838
0.5169773378491557,1.0338966521122293,0.834247636827041
0.5307570013464358,0.7986944355450304,0.8474196981548611
0.5188559427304174,0.7623104126996842,0.7131527530724833
0.5206576165153349,1.1410296050604092,0.8855699844377527
0.5215169804629352,0.7942523982543219,0.7086962764703997
0.553762471240951,0.9273210178025966,0.7979605947678757
0.5253171725328089,0.7667096714146627,0.8005639215029018
0.5292715929401038,0.7564756140510771,0.7754169877364752
0.5269908648729134,0.8254787449530607,0.8108698346955387
0.5304214639740388,0.8076861770850968,0.7636567292760356
0.5355659494317646,0.8492068779170059,0.7282459779342115
0.5305875925786776,0.8342311791733131,0.8607672584252093
0.5230570137684386,0.8809884463841496,0.7748217619573246
0.5400679499328193,1.0166855840618279,0.7758355003408178
0.5124619088137001,0.8012293890618116,0.8763114896616291
0.5295191369884173,0.9883105328307288,0.7777794746831713
0.5423391070068212,1.0298149950769904,0.7647077837477607
0.5468126213371383,1.0458656337898289,0.7342496999232307
0.5492249646931233,0.876018504189853,0.8822131350426892
0.5653973679686857,1.2003939145337206,0.8341932424067738
0.5605981523952605,0.8731018308547799,0.8505434093871679
0.5418386807666149,0.8134704020872099,0.8148223517766433
0.5473108086408572,0.9155731246128892,0.7521008984299139
0.5441180750492217,1.001932215046632,0.8211537286258769
0.5386043725899375,0.8864933810282905,0.7804817851348753
0.5512810491266218,0.947728188111414,0.8447650787921581
0.5523160098370014,0.8772786581861313,0.8596207941157248
0.5470285798257986,0.7604611334852449,0.7604633339537789
0.549713215656228,0.8615143171669836,0.7972670316980305
0.5569200128645433,1.343540272831314,0.8003164405192684
0.5547335750186649,1.161275279888748,0.8273923792030808
0.5333281382334732,0.9778376499306156,0.8021336586879318
0.5565843302929169,1.123490135410137,0.749518111952788
0.5570290459619314,0.9059676565488809,0.8248978607920147
0.5651458785817199,0.8472592780612114,0.8162000337283045
0.5750163574530761,1.1942955677837783,0.8794503740463593
0.5959237890237785,0.8960518849026876,0.8203878643364311
0.60066856535035,0.8395575368631687,0.8790918197058586
0.6206977199412704,1.1772886508738631,1.0083795188694262
0.5710773569988271,1.1765107914012534,1.1574308588603406
0.6101514454362973,1.0144411548292378,0.8395968650981662
0.6083022128152903,1.0185045168681126,0.8148334965777653
0.6006061651904558,0.8958083294600289,0.8306782781710615
0.5823532757496056,1.200536904861421,0.8281023880024384
0.5754143945911749,1.0822416962946415,0.9376790626551906
0.6241007527452909,1.1326357609080084,0.8930698894018683
0.5816373986507601,0.8613056293243442,1.011788487108192
0.5701248211770983,0.9097816864292372,0.8095272990331926
0.589196419870394,0.9919412037407888,0.8292692159133965
0.599210157163004,0.9793809583819898,0.7782198693792359
0.6080448931504493,0.8774355344206026,0.8547448535237738
0.5791197869737371,1.0021878493962542,0.9015361994030952
0.5865482182842541,1.0000221987003324,0.92224856554614
0.6085461804500052,1.4209637264854198,0.8954114750747109
0.5927931166395802,0.8853501564011981,0.992383297255808
0.5734972890349005,0.9585783335199648,0.7937195996082704
0.6104814446874316,1.0529751257912652,0.8697623394616986
0.6487898446803539,0.9694464052228992,0.9703721346492854
0.6547124609729263,1.0226091003879658,0.919376279366446
0.7216003112764722,1.1180403607091969,0.975456028270968
0.7361905813794439,1.522735227683579,0.9746219071043016
0.6773402954335367,1.4237222380514722,0.9404742845739692
0.7248836232218437,1.3234572647445502,0.8968374802062153
0.7056860749465106,1.1821148929671486,0.8765448180776342
0.6674144779910485,1.229132163371743,0.9952297510834621
0.7254714214821008,1.3684860120322029,1.113972413886783
0.6708740071448517,1.185188432338783,0.9839843872547006
0.6635061566728679,1.0599206193024684,0.9450649268800936
0.7153999453295222,1.1457072547313136,1.3428275209336824
0.7265264366026511,1.1237813690427443,0.9685639869172
0.690602756827422,1.2023612715358676,1.0253305329718645
0.6868739086361552,1.1774307151861632,0.9900722601129311
0.6709274637317975,1.4144774046066524,1.0270059675667174
0.7125556003066745,1.4852756243171492,0.9017771209594814
0.6754158953285806,1.1704858858936753,0.9851905656069694
0.6967826593606232,1.1190954552024663,0.9767478833244688
0.6887895360321119,1.3407155719807553,0.9828575800218896
0.7075509261094106,1.0903681395505729,1.09818351665878
0.7096870588213523,1.5499122691391332,1.2787944753942118
0.6770102327727117,1.1650419046710996,1.083706794854322
0.6946406382233948,1.1035977782338326,1.1468526499884475
0.6728181500241913,1.0995594612527948,0.9488516567519392
0.6645341430872175,1.3805996246629797,1.1243973687357995
0.6430128644245281,1.1012340624729358,0.9312894739891052
0.6679714193716221,1.5668363742446003,1.0604111987352902
0.6005576377248102,1.0644933083847508,1.0376701685212923
0.6167379933862217,1.1747499318857848,1.273447235848532
0.7731695433671639,1.4769482971493242,1.0169933085932434
0.9967426502379118,1.3370015889897169,1.110753029976066
1.1058989045593253,1.4993920938586398,1.3838984251601008
1.2970542791119326,1.5780782868524093,1.533183356040268
1.3392067352836716,1.5654368523864577,1.459788227598044
1.358478570416268,1.5816601035667872,1.5350705410734289
1.349841768209973,1.5486173350826289,1.5316262379090246
1.3336405469636923,1.5645010318277002,1.468477866291365
1.3115124277911596,1.5423338568028417,1.4735126528477545
1.3254386224779302,2.365435915802536,1.490560213216752
1.3129629154177263,1.5363628047150433,1.4470608373506804
1.3494738812409595,1.5308650042097494,1.4857905858716782
1.3007758981059359,1.44050309207248,1.5886345731598992
1.2964603799108239,1.6009767366619878,1.3843522848809442
1.2103810908248844,1.6086331531136566,1.4229854908836497
1.2748452361363924,1.4975791286151294,1.3513668398732241
1.3143332261468148,1.7237257126383088,1.6729415534441656
1.3101423337547606,1.4528605004541049,1.5360303599238905
1.2521196369872225,1.6013087889334157,1.5320552916992451
1.2605146457514858,1.44766166321113,1.4943947248244998
1.3067261975094089,1.6381218901037096,1.5426292712473093
1.2915551829496454,1.4786928402095834,1.4071936891615917
1.3058322917039675,1.4500755367879372,1.4556312288857836
1.1510828793393841,2.1411724796894958,1.5532915732155193
1.3053571335016818,1.534351690198516,1.6780752451990066
1.292391170688923,1.4663034473834238,1.6735510162481684
1.316390103371735,1.4866485655328376,1.4407028137543043
1.3262921973924688,1.5845456296094764,1.5100252627867983
1.3617174056892345,1.5795198878526164,1.6271702563299832
1.2646896364450928,1.5098093606292118,1.4685769489989893
1.3819964899899504,1.5128470137572294,1.798874624535001
1.3085159374531004,1.5200589967341267,1.4390190414860036
1.3965680434658565,1.8357939323183323,1.5518118321778231
1.2720843558933863,1.6119204365494912,1.4092298447411156
1.284266814549396,1.5635082152254771,1.4529717240519389
1.3396342857376737,1.54543605558202,1.6121005454653303
1.2784433150796755,1.6156237402524027,1.5572482603323166
1.3164715433087482,1.8031276046292437,1.4770153955893282
1.3297842659395127,1.6808628718327498,1.5459152003756629
1.316995051870327,1.6082851500703248,1.4580708021553648
1.3295534593145009,1.5839241888761932,1.4790219039617991
1.2617413694442952,1.575924685939008,1.613181657303976
1.257903654107339,1.6199595891173777,1.4976451103636577
1.300623605013384,1.5318095493239494,1.3876053675670537
1.3231560047976116,1.4739369619244886,1.492264642876752
1.3376645752406744,1.7356927077911382,1.5116743811574918
1.3616434050362833,1.6704848364118796,1.5121630583931762
1.3276044401328648,1.5033315396525109,1.4759462297983827
1.3410299935600267,1.6161977413270991,1.5081337490225355
1.3227225744349425,1.4811650287921938,1.5731142765645283
1.306405716182594,1.6069472404980096,1.5308367922408361
1.3463772485025762,1.6901079190889894,1.4846825004401665
1.3484690562198898,1.7222123876450213,1.5527317544440962
1.305380165612965,1.7319550224671003,1.3695367186916028
1.303768673699618,1.5190294081130304,1.4498689242745677
1.3366953496332463,1.543948312425535,1.5209653662578149
1.2931520911504897,1.7441611775248682,1.5080821876323287
1.251788506007977,1.4490000431632677,1.6075095660617214
1.2965562513648832,1.6864320207152392,1.4316589351718836
1.3006010137283812,1.5241503225635598,1.5384460459959743
1.280064024048005,2.002107822042796,1.380581870139136
1.2568283559157043,1.4588303696814415,1.4574375076087152
1.228947262519915,1.5027789372170433,1.4612866195958776
1.227859476191468,1.4849352101737199,1.4091925673016326
1.2723609082257112,1.3794361875234795,1.3719033138158379
1.2542701825265727,1.5644087052022826,1.804327881052757
1.2498806279153982,1.4838063610986447,1.3569750343951208
1.256472147663591,1.8361523842622915,1.5891384437844087
1.2290260586804382,1.5937008470219405,1.4058640513477356
1.231711827640456,1.362551218852446,1.357643071725049
1.2169165516303113,1.5380738409504502,1.4639019601961536
1.2438402156544606,1.4945269323586237,1.3598220636184348
1.2363026495665062,1.3934726518417853,1.3473950393359002
1.2511674002593625,1.7735372896269022,1.408109535706426
1.2531911626613734,1.5539751007359115,1.4015490567672535
1.2145109661017433,1.495995570644095,1.3564596590985116
1.2087275385963956,1.644745053149965,1.3546760160372011
1.2807774028981822,1.545095829377393,1.6763497726628611
1.1962352250564456,1.4358493070513212,1.4074446502101268
1.2650877073234137,1.5576421486819416,1.4503359338527002
1.106729379237703,2.0775278760711897,1.3609729109501645
1.2136827502365224,1.5650343521356709,1.3391591243942742
1.2355644537426251,1.4822990421101727,1.3786343566273382
1.205663118190541,2.0611632363806534,1.794328791005212
1.2055208665701955,1.4334967859453664,1.3003072611890087
1.2458643266689773,1.5182567987935192,1.536737635822612
1.2055905229368742,1.4099563700811308,1.319264224767518
1.1956396337433615,1.466537194772931,1.3471492164576353
1.210424613492485,1.5104793986567508,1.3419294216495334
1.2336227272673117,1.754488714617022,1.4127422057205086
1.1309525918875485,1.3878224296691173,1.4511773438386313
1.1757913760579088,1.3617565743503153,1.4285206121919385
1.1670734896199861,1.4347963374101493,1.3645798891413927
1.1078501281886484,1.3193574230467666,1.2627315316621317
1.185413130014865,2.2363585974719253,1.334269474434985
1.180426957799284,1.4226207159268651,1.4534508721356398
1.0408854500045532,2.297309665251852,1.3435619212654464
1.1498124995247745,1.4864269942105903,1.3352448909682608
1.1529473281100968,1.498458797719359,1.3476679709520152
1.0778907494143,1.4254384833576348,1.6138689345619324
1.1610984453955984,1.5152018448681113,1.2543837943115164
1.1299131467838983,1.5667592032767936,1.26730217245117
1.1697149790374428,1.4057177432117538,1.5291831316371325
1.184082581649147,1.7748547621507902,1.2918454383024258
1.1392562889020628,1.6543434194248818,1.33621578571837
1.1555562008072147,1.3465884928420893,1.282045799959929
1.110819077738995,1.445692099686257,1.3298403286900768
1.1596367039304745,1.6041131519069367,1.4240570259613758
1.0886247290763742,1.4134478748446415,1.4608073087040132
1.1466980370460849,1.8053995914287548,1.341314239864905
1.1338278784806266,1.5020120239224195,1.2143717830885767
1.1474001343642934,1.5886969224730136,1.2557976669514168
1.1585950777363694,1.690434023808943,1.3432175742485557
1.1814805010632092,1.380441672012651,1.365340653651368
1.1950270351884698,1.4345572476703274,1.4231718511773694
1.0869286698845735,1.614376981160355,1.666764427888631
1.1269812868747628,1.5060217381495449,1.3063692384731616
1.1644552952296923,1.3084675336869038,1.2577713837848248
1.1813215874543812,1.3315338216284354,1.351139672400422
1.13502127256587,1.3064440859782485,1.3880907551039667
1.134027461771561,1.4880483708287557,1.2903518188427026
1.1713739901009725,1.8870266052255342,1.4581978667838291
1.182970860488,1.4158057771990544,1.3155509692902232
1.1268496287892693,1.3386455990359545,1.3419805691065445
1.1797880776817027,1.3256196329965844,1.3175278625471103
1.1580028785142864,1.3850431410118496,1.3010348536674288
1.1079948435661298,1.3433981625865197,1.367671937083934
1.1199554449199731,1.4493818206589102,1.4452845959063632
1.1796414728643587,1.3061132599754652,1.3816870222055715
1.1724248526740666,1.5137293913265517,1.2592796765470688
1.1521525778358563,1.3673166753390398,1.2412042945999708
1.1083060267338096,1.487674161580818,1.2625403626116871
1.113895484971407,1.4202087730036348,1.266655888835829
1.1456741244607382,1.3478563020771126,1.2672832500244229
1.1273042503570267,1.3734338279423255,1.33742450223092
1.1164986067594567,1.3005166699768926,1.5112308986453422
1.1014270840516855,1.4310482265235134,1.2423864910488351
1.154986200044408,1.3626670728569328,1.4200406316741745
1.1208307244432658,1.3888004217576153,1.3197490533763383
1.140451209745649,1.4461064799079393,1.2762671808932384
1.1091532570406692,1.2311965864282677,1.2327314375849796
1.117234457020068,2.032466000105255,1.2257894008109265
1.1067273273355065,1.3474917750634283,1.221607901965883
1.0929272017315974,1.4973047759202407,1.447641980650494
1.0807553442810656,1.3360924225242192,1.2332347350946442
1.0562565350187207,1.3180904314677404,1.2723807566763297
1.0694834960669386,1.257581518969842,1.255933533153646
1.068950216599151,1.1933424674678421,1.2729765338794643
1.08869005178465,1.502049129739783,1.2567854935672145
1.052298844921046,1.2915962378978805,1.281759711315662
1.025749311349882,1.4230245401776824,1.4670911151496568
1.0973154764099484,1.8066921791176036,1.2469177034803354
1.0483578189628535,1.2667184836537841,1.4264305141084688
1.0543643281339543,1.2612044653238796,1.327370237690352
1.0155291482273925,1.450659399678855,1.2088940059296405
1.0788018340442438,1.3071104301896779,1.307042735498814
1.0667063431561374,1.2143492441156185,1.1541726050580148
1.0473306355215446,1.3018437579064226,1.2930834483854958
1.0173091323930707,1.6584041709769641,1.1788508531571535
1.0383823658346953,1.272992095862473,1.4293073711960234
1.0432307210789316,1.3731628737481012,1.2340213753186604
1.041165092955226,1.2458898229796425,1.1846565321723093
1.0305241256794553,1.2855949278014531,1.1667113280326598
1.0232732765437933,1.4067925851852083,1.3164918274919497
1.022566929219127,1.1939364373614094,1.1598740436007355
1.030042958669723,1.159611922553321,1.2240847390720375
1.0061265073763972,1.1683403338458982,1.202541683793004
1.016890337153289,1.29173134497041,1.4102217683272442
1.018720651095727,1.4239127043384512,1.1735757437626562
1.028801490541992,1.4504610516103509,1.1214417388669415
1.032863828857789,1.5890740501512193,1.327180555079054
0.9487894464586326,1.1957533552177677,1.6058433180025184
0.9705940333958806,1.2815780123681308,1.1710908404351148
0.9780488868218672,1.2146544713350131,1.1575853576851454
0.9605279722572796,1.2194453879710725,1.1802614145424852
0.9365700738911491,1.4349303118885817,1.2639999851182817
0.9820712676712295,1.3357025364973232,1.1373045534773112
0.9797190687645974,1.240207445163206,1.2380244681005304
0.9983847302481595,1.178927688026894,1.2170803702020627
0.9653484951869937,1.3358499460092497,1.4382559465471705
0.9890905942935472,1.1598585649407052,1.1792815396595648
0.995755439221445,1.2414978502135754,1.1201174915633942
0.9919295058582338,1.2132007684416122,1.3726145097312386
1.0052720611379165,1.2573565055653029,1.3451996449703072
0.9804462703531232,1.2340181771254728,1.1798707863754765
0.980747386421817,1.1760417522682665,1.1886046174280538
0.9647948129904118,1.211265223665206,1.37603053781894
1.0125478612047072,1.1878463940900787,1.351070451190192
0.9716749559113247,1.2473033709853676,1.1580558453186325
0.989015203040953,1.376382873639482,1.1575163924899097
0.9916985989117966,1.1869566543208956,1.1231497654762548
0.999471201442588,1.1818865497032598,1.3456983368874176
0.9992732974712691,1.2316292868034726,1.2463478400400645
0.979497054115007,1.1571408945765844,1.1701033562596768
0.9793689033417263,1.311778136994134,1.2310560895417142
0.9601020317491407,1.4734495210148773,1.1432724873089146
0.9294973016441006,1.309123482374679,1.1121806722593406
0.9381057735856629,1.1591254926285584,1.1602959850413566
0.9492961758415991,1.2478962954273622,1.3059889853056066
0.9537603453537093,1.1240942738762474,1.1653064754272542
0.9571316128552775,1.081813751941173,1.1323270396927223
0.9719202059413352,1.1266219480759927,1.1525027452842396
0.9599065279851277,1.2028396753936712,1.1111047198876691
0.9568062715380418,1.1477051112257284,1.0896178869092603
0.9508115516210057,1.3062740426314616,1.1620283674487308
1.0403695302581049,1.911150964930109,1.1368009592660229
0.9750625690929602,1.2076731304370545,1.150937042464501
0.963116594035231,1.2269174297178385,1.1726994447819843
0.9496879744374498,1.3069695943960045,1.1850395961806797
0.9369043343696152,1.1461638538803112,1.1181283628380327
0.9513305667798432,1.1983369479013668,1.1917396155416204
0.9530116933279564,1.2142795555506596,1.1657692257134658
0.958721233208427,1.2389012697262356,1.1163797184796365
0.9483321542984646,1.252898331544699,1.0983681336213886
0.9581680679943588,1.1696901322569102,1.1176415403837503
0.9486440146904066,1.2260210327445362,1.202749149985464
0.9555955228369841,1.216948315856381,1.0993418354224722
0.9520645178083612,1.139126815695215,1.1833644718089842
0.940547169027628,1.1548275572672848,1.1141028967279878
0.9612795485065044,1.5269225354999938,1.1655649003663096
0.9419901162927519,1.210414007457468,1.4521548826589452
0.9286248404774057,1.0726073586471407,1.0553558214056646
0.9462802360090017,1.2609131063719994,1.0875468600676652
0.9349331226652063,1.420531147079896,1.1056285718561103
0.9534205629729073,1.3575253119462625,1.1981209151401626
0.95115813391919,1.2824607376135233,1.1830431013800775
0.9387170681220683,1.4881542144278097,1.194479665562647
0.9358059250327965,1.2588879995691933,1.243558851297579
0.934336616592326,1.4361786171240332,1.0679453435011483
0.9496451267172847,1.3825601111989263,1.1094580387031667
0.9210529296210933,1.1365369526599831,1.0965655935685354
0.9387754518196616,1.3239561840951648,1.1366324398885514
0.9269243756301708,1.1415899031823729,1.0915562577616542
0.918800756810816,1.1284834112794258,1.0522234039967366
0.9137798472464322,1.0953284522749538,1.0456966105911976
0.9060440852708226,1.1943074378536394,1.0938026047014888
0.909737129040582,1.2676568348080464,1.0943650214701692
0.923997978134064,1.060235976629088,1.1358326739298759
0.8912440703249817,1.2893018555523101,1.0597362653995328
0.9260306045050385,1.3382429017181088,1.25774432385833
0.915491115250918,1.103419986842747,1.2684336872384234
0.88871726834935,1.0772068030768895,1.0736429770806089
0.9044900056204359,1.0768471077178101,1.1840720045625381
0.8899647755570851,1.201819132420641,1.1332381477512794
0.9056969625372594,1.181376972685671,1.1276064253659963
0.8716041972847628,1.0485934972114712,1.2102015761147575
0.8536619766903926,0.9880028246251708,1.041993333259682
0.8430796439286508,1.2521049854265314,1.0177799715192544
0.8234704290542278,1.0713117233403822,1.0304348923280071
0.8415142247107059,1.123070651488436,1.2319738395069273
0.8294584084309824,1.1377039773925577,1.15503054864308
0.8225324282825413,0.959932022788432,1.094073189199348
0.8273321371978076,1.0838380539469628,1.0435421030435543
0.832090301930793,1.13436302472086,1.0276537015858234
0.8233524541329964,0.9501360191708834,1.0815043280493275
0.8305313652787841,1.0476995497755577,1.0868784195077703
0.8248026350023051,1.0747063130402663,1.194692842959525
0.8285373368466606,1.2824989301573868,1.0050096514189941
0.818628600577413,1.0404507465687964,1.014837683415924
0.8170965584434177,1.0278034131543237,0.9907452173411516
0.8303798011001668,1.175966646060492,1.040828065937576
0.8260241648615658,1.30294810095766,0.968862877636554
0.8324730138413831,1.0864836600875345,1.02548499690726
0.8243208640407709,1.0492493867366846,1.0187591812235126
0.8250518879949311,1.1901133441109162,1.0336098728116034
0.8312338544180372,1.0239434346417864,1.0579662449481966
0.8170114168533622,1.1081145489555342,0.9385708263001804
0.816449425382018,1.343105880870639,0.9945989194320556
0.8286570278466346,1.1259215128753943,1.034358547245308
0.8362099421850496,1.268008813176824,1.20928571775724
0.8447633698010358,1.1190150752200367,1.129583231331704
0.8255665363798314,1.0720688846091186,0.9730821087014628
0.8165915439206034,1.2189364253199664,1.0030144676963073
0.8342600968879748,1.0578072032146884,1.1615033917648994
0.8504522792252348,1.302299380505127,1.2527752015703202
0.8237822177155871,1.1294741506948505,1.0087658089466125
0.8392824136193924,1.4248689550666271,0.9784871267322184
0.8215183986275637,1.2693220303358903,1.080629925710304
0.8073561409194915,1.1031343282408388,1.0792898376277933
0.7956970776538871,1.2074239244292257,1.0389542121052775
0.7888789509103866,1.0864802600175545,0.9840762603892292
0.7884169076719652,1.0114413623900036,0.9232416151876676
0.7782703442455494,1.0089568054467934,0.9708053886698771
0.7995178200740516,1.036730487071137,1.0828053714569488
0.7830514320488159,1.2096130167016248,1.1024238738861454
0.7921373557186615,1.3345296463034313,0.9768170657094256
