window_size_1_MASE,Plain_w200,Linear_wAll
0.19565119743823542,0.4876435401735815,0.27290976931570704
0.20362057732222674,0.4712536893593996,0.2823156574057244
0.20858922361481422,0.5037865674623973,0.2973138983006826
0.2070182504153537,0.5076743815542275,0.3039730707547818
0.2130534425556327,0.5027818597624112,0.2892140414944455
0.19961798429951627,0.5272601204358994,0.27558271702362336
0.19914183504293162,0.5258262350182256,0.2734822934494193
0.20701841338537755,0.4914967513125502,0.2731809557881997
0.20368881383362974,0.4945625953448314,0.2908508463756311
0.2004893047690581,0.4948915694474478,0.26967320445640103
0.21186818275705613,0.5076934838593684,0.28245450622439994
0.19826777653864838,0.491455878653255,0.2683546082592197
0.21272672712527946,0.5376941542012859,0.2906178307484665
0.20259098974512543,0.5131236752337308,0.2823699952778056
0.20284394219467627,0.4738881407585782,0.31479073676078473
0.20665931689312259,0.5188371711800808,0.2949862775091636
0.20738984287769305,0.5206654275799056,0.30518106917550397
0.20722797454373074,0.5040296673496578,0.27696722964087434
0.20565276970957516,0.4964498863994102,0.2927992100214642
0.2004373421749029,0.5126486645636249,0.26005210408775825
0.20492207449488156,0.4994103614863142,0.28946160815901506
0.21326335694099438,0.5010911500762538,0.2858131990226303
0.2057968882703514,0.4899022639588521,0.2970601465520253
0.2029508211090601,0.5086475941548897,0.2781370902720709
0.21002408085906737,0.4918591867013373,0.2903969596929917
0.2059321452071459,0.4861620302205138,0.2793207487799332
0.21956772544120104,0.5246601068524204,0.3004308489904273
0.20129193498939635,0.4956083743773473,0.2676470179710828
0.20378475870312507,0.479177905759484,0.270599419349918
0.21244880034172683,0.5236708506106578,0.2833474704680548
0.21818421711584526,0.4868290383659011,0.28355879152085
0.20806027625771137,0.4898468340018454,0.2948957588761821
0.20591459873878568,0.5021213818475279,0.2744575313668335
0.20412252001042958,0.5146955653689385,0.2990347828633664
0.20614943674302025,0.4739970451755848,0.28057070151396546
0.2016984428167499,0.5061825009849007,0.29722574627328546
0.20019569143355823,0.5210200384365308,0.2630327237901764
0.2168833367313237,0.5040031083922079,0.35602240170549443
0.20082247957913635,0.4914134296824551,0.2928008249504829
0.21016252681399833,0.4992285286201127,0.2831163513995779
0.20727568324083306,0.5224096441231967,0.2825042748567399
0.20657909940783079,0.5123016269551731,0.30894307866894083
0.20207003021912584,0.5131311299141461,0.2722110055077661
0.20875393157468522,0.4937558725604188,0.2856393827703787
0.20974754263579565,0.4950236411480702,0.2864355661018799
0.20056156306783313,0.5426291869112132,0.2705753572489759
0.2166396479780376,0.5187964492770638,0.3260857513657257
0.20316396917771,0.4977380981821218,0.2818653223238569
0.2070025952533865,0.493255449120085,0.28083702241209696
0.20084128947243673,0.4774823429669239,0.2765747421882317
0.20420791788436393,0.4824379296515962,0.27602905148014706
0.21890246003368902,0.49465034672883795,0.3009900901391627
0.2097007489353816,0.5164313957014189,0.3142141833042298
0.20317821366088737,0.5118837181917394,0.2862775919386251
0.20687019556939554,0.4967648714637972,0.28066226240632913
0.21020434127604212,0.4857273286212914,0.28625836737344545
0.20372574549629502,0.5381877788631111,0.2634874469256765
0.21434637851914637,0.5148809529412209,0.2885167549479448
0.20747575591860493,0.5238827270267435,0.29123723231893445
0.19700546911845934,0.4891987486469925,0.2717717169532369
0.21626844463161762,0.5179588092963437,0.2975193299313781
0.2100897137342951,0.4932890629715597,0.30247603029055875
0.20905654225415707,0.5071656006249152,0.29563368170410864
0.20900110107939868,0.5028983373211525,0.2758385455870258
0.20933079973090807,0.508716275843414,0.2980502969731366
0.2080820350442543,0.4764036064159883,0.2933241810668648
0.2162941458087743,0.4986630216341135,0.27408937895413066
0.2049651715907719,0.4972730305423772,0.2801124125016665
0.2073488124140065,0.5105565790414703,0.2941946363501359
0.20652555417671978,0.5209097270797077,0.2782757691600507
0.21250927263910238,0.5047223453081557,0.30526975700169223
0.20619817465275211,0.5123034421383106,0.2704864894582724
0.20302104553864286,0.5111793265983452,0.2908871762318445
0.21081002812290964,0.5250038015310914,0.2854410777648302
0.2092932243001473,0.5080910012880421,0.3109388215361332
0.21730489993756774,0.5021033873785998,0.2916059649945159
0.21100791938370622,0.5007406326447851,0.30489506265961713
0.2048499119232215,0.5041839923457154,0.2920946830888224
0.2062891522516245,0.5179364483373814,0.26171754055581753
0.21205239991932934,0.4986368705085321,0.3007624447032896
0.21599134527148142,0.513093391638356,0.30916877570527224
0.20882261656180667,0.5032979109814658,0.28023442167439205
0.21448164634360029,0.5125749443312694,0.3051569749664687
0.21748602440454973,0.534608150921156,0.317239646262202
0.2128644793329414,0.4859031401593208,0.2959558432102776
0.2125227410111229,0.5003213182777749,0.3026140466405309
0.21003974992496563,0.5022243900925475,0.2859861267867426
0.2208134961733636,0.5155889367712119,0.2970473786634768
0.21179627032420204,0.4817507309439217,0.3012670836038348
0.20868376188862592,0.5205795173501933,0.2900339652271339
0.2022436584266945,0.4956592008289562,0.29587973126075395
0.20850066214114737,0.4793328660231088,0.3090545956486765
0.21341725221360122,0.5135882076624679,0.29357099193686514
0.2099797622199338,0.5086581239423595,0.3034336829993005
0.21034595799915048,0.5207517740918409,0.2925780871546231
0.21419882116518502,0.4936729898476929,0.2833628260550136
0.20746646542046393,0.5410715895527795,0.2683649667414326
0.207569763830964,0.5097092499011894,0.2857952604363922
0.22036546693315728,0.5112703296128164,0.2962755938913697
0.2103939187969864,0.4967021010069637,0.3144559336617117
0.21723165132334446,0.5164429896653219,0.3423985908341773
0.21563051598775254,0.4940310369191501,0.30871730556539906
0.21053575594104046,0.5163838219095792,0.3140693093128252
0.20126829286934506,0.4830469304314585,0.2781381238698861
0.21828254022780164,0.4881172148346043,0.31908986664444394
0.21277235345742324,0.4942606754183205,0.2845910121897158
0.20927271305251074,0.5329682043637676,0.2993842064915242
0.2090312550090809,0.4821886368026608,0.29597239643956136
0.2243413246500058,0.4989874613011897,0.3235562168692572
0.21444495664302393,0.4948658185645528,0.28731156442690226
0.20798836851536925,0.48232182743317,0.2920564292060309
0.21321671032656841,0.5267485049763659,0.2957959119737102
0.21312380216085378,0.5211201830527115,0.2760037383872099
0.2114864270089857,0.4862431755860285,0.3209336779611787
0.21375197113987635,0.5486067721592953,0.2818869343385305
0.2123962685155779,0.5185930128283708,0.33245686777946404
0.21504310714164412,0.4766206445079159,0.3184712824338718
0.21301439203490957,0.5319784229850477,0.3073643674639581
0.21025092267535417,0.5262375963132703,0.2886260141962913
0.21399919439009962,0.5045401400405141,0.3291677865726291
0.21719514998632278,0.5067997721063775,0.30002588745313313
0.2187364894010203,0.5416878845641705,0.2873870740962833
0.22477270770204127,0.5128858320196029,0.3129574189361209
0.21627634106448554,0.4893715649847376,0.3173619134009484
0.20971839770290557,0.5036816243535568,0.2843038836191887
0.2167433000067096,0.5092129851404626,0.2985510020329134
0.20990995519020872,0.4787815166092699,0.2822992765353968
0.20435593970933388,0.4863876822195057,0.2825693907985449
0.21025736997048586,0.5135088108388749,0.29586893513972073
0.2159276020960278,0.5080491584294463,0.30242982067159885
0.21771775679356073,0.5023755357363503,0.2999282427316311
0.21133238205402669,0.4988725072840778,0.3029349392158112
0.21073718047684104,0.5086876300120321,0.28728776294206104
0.2107225959316125,0.4821105214832627,0.2993854611516642
0.21305428249818534,0.5364491435945264,0.2918648242401096
0.2207335131760425,0.5032968501478879,0.2980739226777944
0.217434769917759,0.5103242609179136,0.3082100274098437
0.22175711083074148,0.5215481133390848,0.2960670883671929
0.21847195367153593,0.5040219116852677,0.2957671061736622
0.22111164615457432,0.4970749675883392,0.3085969847017709
0.21796201215642028,0.4708161215960611,0.33700984212147744
0.21469934866918855,0.4750883995932009,0.3251193315920225
0.21346594429570295,0.4686343711629091,0.2916556266872891
0.21597903564556806,0.47917372306771,0.3103229188348217
0.21814919101221805,0.5020444288968113,0.3536682842613764
0.21213256305499126,0.5084793350074179,0.2842869929221253
0.21554042748255708,0.4622057562091871,0.2875903626307654
0.22076527998360476,0.5077835101338968,0.3240031746715736
0.21766173049698614,0.5222776106786969,0.30431502180681835
0.22286143294182437,0.5046972093360838,0.3460360874388251
0.21502777687750818,0.4973732737850392,0.2962330735893464
0.23470864978568737,0.5293255194304078,0.3405306379947634
0.21921016470637839,0.4989134735526243,0.3170303248856884
0.22238245085412678,0.4973732642565538,0.32392374432992865
0.21684248510538448,0.4982095451540428,0.2908551389385044
0.21865474532968335,0.4933872911983832,0.30418644135784645
0.2245749435202124,0.535053518008501,0.3383524669731656
0.228749509683846,0.4870294900591577,0.3228134990640595
0.21800639230045302,0.503342637324263,0.30659005544062834
0.22320896597828255,0.4880794706795436,0.3409376586600212
0.21606844325802502,0.5110316697093823,0.3115761392957769
0.22749741883592856,0.5203936991880678,0.32821448289209193
0.22564860842681017,0.5055694061541302,0.3196504365017047
0.22077083560273905,0.5125643637458644,0.30244836418383797
0.21930266338709425,0.5088634768416942,0.30791817019415296
0.21626676355225083,0.5254140485074712,0.29768924619007153
0.21805086959111702,0.4902116556578751,0.3282803938207957
0.21456228599809785,0.5204962730777926,0.31757106102121324
0.21729524652623475,0.485043422055775,0.31736998899700425
0.22581531646887654,0.5161153732201677,0.3280898265234844
0.22009901959584233,0.5255957471747699,0.3369034381126675
0.21457695641472094,0.5205656690445313,0.3073373214170694
0.22355778593992398,0.506990584964139,0.3215182149238065
0.21741241584810633,0.5100963678428394,0.2871727503042857
0.21930271196750076,0.4619305439245759,0.3004711560364923
0.2166767721010695,0.4911255616796488,0.319139577056317
0.22123498056221436,0.5022833567144942,0.3020897796543839
0.21594687766557175,0.5048696326875738,0.2831712774557964
0.22060067092734,0.4763780320926281,0.3824359785102359
0.21546597549289764,0.5064966829511818,0.3296368366689711
0.2181377543909852,0.5054308480158436,0.30948435601357804
0.21917528877384448,0.4941050115045914,0.3068293875478426
0.22186709410301922,0.4885388134665968,0.340824763758908
0.2157151450715122,0.469165944023862,0.3539898705876935
0.2267537205107924,0.5108100014993944,0.3450430546925285
0.2194976024192034,0.5162733978445869,0.3214340749607809
0.21570373879440005,0.499021874511099,0.2977963688714635
0.2149015731483407,0.4938563101293447,0.29554792988771816
0.21869335956812083,0.5247420178747925,0.3097838839059683
0.22493545186818195,0.525842478314789,0.3043525716876696
0.22201263000026558,0.4967265209751154,0.32932446528087866
0.22011709082955014,0.5045290244994941,0.3054085668678846
0.21769145032947357,0.512992480702335,0.3012999541438837
0.21726556097097022,0.5134656450256349,0.3260045390743733
0.2234341796613673,0.49740803525798405,0.3097975809159166
0.21828701525055244,0.5083226458447956,0.3085276002459026
0.2201950306336259,0.505017387639296,0.32386194694889026
0.21971508868024248,0.5101544965848465,0.3049773681148264
0.2280591179664482,0.465265028534896,0.30991622024823323
0.22543395652877535,0.5314925244810431,0.3142517565996961
0.21853727597700076,0.4938481045476628,0.3359432971927181
0.21888630974552534,0.4729423067780844,0.3371176280470787
0.22288744058965107,0.503286446282055,0.3024789089703867
0.21834567223532822,0.5120115843091234,0.3162324557976157
0.22508392982769698,0.4773173135760174,0.3104313064368811
0.2331922957912241,0.5022517530200125,0.3517394377860304
0.22326134769975858,0.5173767107296439,0.3234421805667708
0.2269712700657967,0.5002892090976825,0.32174444206162084
0.22752291018465925,0.5203664688570119,0.3030013888472681
0.2253938180098246,0.4999040830844448,0.3160073148339435
0.2137454521032198,0.5109677108609134,0.3079057919617132
0.22417071173258996,0.5060353585811479,0.3084071557741621
0.22192565194574015,0.5089225949302587,0.3649211945282941
0.22769902652062296,0.5120477824927954,0.3107658618746124
0.2293958198931365,0.5183647323131777,0.3571067517702066
0.23775644519403,0.5060545254570156,0.4139703372533128
0.2222555778892377,0.5118317710334542,0.2994484061650404
0.2143791005936414,0.4810732554054925,0.3501239225308786
0.2213135565677164,0.4824337937433919,0.3371451535235566
0.2253453324520006,0.5127224274018398,0.3109824462119569
0.22587447172262215,0.4799981191216621,0.352165937918002
0.21812915144799103,0.5153438599647551,0.3150783113800462
0.22996465690941867,0.4808983880128818,0.31776655477937
0.2327624414856588,0.5307311632691295,0.3700526591193761
0.23200509555233303,0.4884705832063089,0.3314335780356015
0.23593416081723503,0.4990884844951367,0.4062382135942659
0.22150673803387172,0.4663386070963568,0.3132932603454804
0.22688266120229483,0.5054168547969813,0.3423601538802475
0.22688393500839665,0.493716151991352,0.31448083135263866
0.2221374238059119,0.483679754960307,0.35471286841226796
0.22955954887289023,0.493535185278669,0.3318393754925949
0.22635711276599743,0.5028155132830406,0.3419675860376544
0.22411006942696032,0.5053206464495873,0.3507507421398573
0.22489624044512133,0.4941380215170912,0.3220327571534794
0.23310517982481171,0.4594597224407627,0.3567617153557099
0.2225806443142325,0.4984940197584675,0.34913544230434285
0.21971494147574597,0.4956885517409553,0.2929933976781359
0.23167497019450634,0.4978496507642586,0.3658240323332079
0.23153250025641112,0.4922812989599542,0.3607878120315831
0.23568287554859102,0.4829609192969044,0.3684577496128171
0.21702507932811688,0.5052006674508701,0.2868051663136413
0.22944368081312597,0.4681744127197258,0.3450670641072292
0.2284200168791057,0.5025702433391285,0.3343550630848134
0.2237585619186894,0.4862678885503202,0.3150482605717105
0.22677476077148312,0.4979323439691661,0.3361406212755364
0.2267375115964173,0.4898278695288525,0.33717357177556145
0.24103682550736688,0.5081436764150901,0.38846027855025106
0.23920362017155633,0.5183729240701173,0.3572708804718923
0.23006570983234959,0.5049424956689349,0.3761415088948472
0.2291254204763045,0.4972186962064285,0.2999000816827461
0.22822840165782918,0.5175097906205522,0.3374456026822849
0.23562429162238507,0.5124156081818476,0.3945066860965657
0.2274585607652157,0.4738925946779088,0.3553714829527035
0.2200663393954906,0.5110161258126705,0.3098490492579926
0.2244909331345227,0.4928184242172928,0.3365864594365594
0.22970988327659037,0.5180820869761704,0.318245090958074
0.21902278562016672,0.4965188347384629,0.32925610568878466
0.2294414962802481,0.5357115841928654,0.3291867212862841
0.22726775251293993,0.5259580414122336,0.37982694209198825
0.2275449057698045,0.5203695241818334,0.3133249252411623
0.228284159809908,0.5204298297755974,0.3807258639288434
0.228723556344867,0.5096526552693237,0.34835816662600705
0.2275614117885175,0.4982467405345264,0.33786594873085546
0.2263459517083695,0.5156714270911791,0.328608913355375
0.23673736589527883,0.4874821880760799,0.3624502114267614
0.22724003736157894,0.5108694771915094,0.3330657466970007
0.23513001241148374,0.4986568134150471,0.338933072033432
0.2273814690112606,0.5061189288325516,0.3337554424946005
0.23194391784980822,0.4985903640897133,0.3380613990629022
0.23050000373757892,0.4757892011921304,0.34181220489719183
0.22097345630286316,0.4871313404665604,0.31308772230648285
0.22475286106803744,0.5062673329912998,0.3286406596627273
0.2423311622611014,0.5196552267901837,0.4310362303285345
0.2288094827776466,0.5359781865021561,0.33038809740982195
0.23845726380662313,0.5053804045769705,0.3734419345776113
0.2236132715383337,0.5063723661281694,0.3426629352642045
0.23062584698306615,0.4949162804061643,0.3407569773797375
0.24963901899374427,0.5198167345022643,0.42559698768167
0.22770469635550014,0.479615579462339,0.3632177033632286
0.23203697250865019,0.5027637425045639,0.3723554525201167
0.22623993901376782,0.5165321851830434,0.34214775101108025
0.2277805626998727,0.4745097739039999,0.32975729422619393
0.23170337062436508,0.4981581850506685,0.36107001592917903
0.22968506784025203,0.5055815659436661,0.3270186809977497
0.23691793740469066,0.5102583647331101,0.33958955913216804
0.24119403571537132,0.4923907461094541,0.3646963781424541
0.23025790711732072,0.5334765578489334,0.3383752639510107
0.23032241220095162,0.539487876133969,0.3294790459492917
0.23144595476221191,0.5107239554837958,0.3432148877502821
0.22745260821943225,0.4940291442302416,0.33524968810864786
0.22859726446064826,0.4924427418817472,0.3531616795139748
0.23449007130433105,0.4944718900237442,0.34546565784123845
0.23905212256462716,0.5316220413858332,0.355655208690197
0.22573684427706922,0.4886717159898935,0.3077591233695963
0.22414778725183587,0.4851379992405941,0.3359198885129237
0.22647638379163393,0.4992724080545903,0.3363742810863388
0.23051914119379724,0.4917256920972203,0.3412998987484961
0.2345766356042535,0.5214182265816466,0.35521523024060725
0.25609731939367897,0.5062320955027847,0.3987439031083324
0.2349968008545612,0.5028251825291459,0.34837965474638616
0.2283148312495404,0.4851009420613766,0.3565283581098958
0.23291545294895805,0.5131752921344702,0.38278720468809335
0.22564491993982982,0.5092497163185831,0.37101546221079995
0.2311807512043436,0.5102271512017433,0.3454800116394157
0.23501065345995462,0.5208126388413085,0.3245545330682925
0.24023484326323546,0.5287880196979378,0.3474472481988001
0.2513418379699097,0.4952082772689688,0.3766322540783933
0.2315252552495176,0.47865705898836897,0.3527215307363969
0.24112614040342314,0.5316177301390465,0.3909106037159065
0.23459791209172592,0.5212670661085155,0.3394983283501505
0.23265154990842057,0.5118478073135172,0.35983462757413576
0.2252404337554984,0.512169442619128,0.3682457018906865
0.23828091294128007,0.4988115317094142,0.3473303795489344
0.2452327885415531,0.5021694644484552,0.3620161349155807
0.24422189545668438,0.5017299980111519,0.3837308059858846
0.23537196206914707,0.5174733740637099,0.3783628128213181
0.2362816129200818,0.4903182242895126,0.39751633211487103
0.23461489582061212,0.4920868153328666,0.3610207827110101
0.23600346389476648,0.5061099835574633,0.34599955587080444
0.2373015289208486,0.4825855274246548,0.3615698185545531
0.23420917587586085,0.5211748516810932,0.3621797449989879
0.23980755907831383,0.5153811960639789,0.36302667682051576
0.23812239215237851,0.5190273476260345,0.3614641050010213
0.23958988096811196,0.5257489571756984,0.3841775565497864
0.2380915464162652,0.5108426824717441,0.3528272582348525
0.2434982037222595,0.540816416603814,0.3640994086697983
0.23205954727638128,0.4965260172261026,0.32119446249265865
0.2387466351926604,0.5051507311198158,0.34492286587380105
0.22899561511229877,0.5269351914897565,0.32911192024341723
0.24530288790371194,0.5077759408650784,0.42941874952867787
0.23519831565264177,0.5147001752608665,0.35922529703037354
0.24073660109715408,0.4932286553143432,0.35302663067101203
0.23836835955018973,0.4850344045535202,0.36289786552755793
0.2434199608448372,0.5259861108073584,0.3925224463106729
0.23196306321209895,0.4995515885404385,0.3486884145333979
0.24186202604365437,0.4893045762693552,0.3556000570732294
0.23267098480034287,0.5041488994492618,0.3667461411679708
0.24068700513493343,0.4954104703858668,0.35935801923545513
0.2321607365029595,0.4704557905021009,0.34377796033336977
0.22151299361033036,0.5102982164610492,0.33313337789194963
0.23158679906226617,0.496865433758773,0.34003318874890576
0.23572154379508192,0.4952179167952194,0.3662745595138521
0.22513830793205386,0.4919876602611719,0.34763410074428536
0.24652632921001377,0.5097440411396803,0.35460973184980665
0.2425941266141863,0.490284561943578,0.3668851058916164
0.2342180544629989,0.4821901675755428,0.3541978559851497
0.24603953216240484,0.5042417925541246,0.35447713751086235
0.24542037263499744,0.4943512900320941,0.3494239925762125
0.23583860819046484,0.4896119037147133,0.3388587209125178
0.24433371800977524,0.5195021774864805,0.4070259871442413
0.24555926110793513,0.5268178809098746,0.4452025242372225
0.24584250833864146,0.4647927616691364,0.3922498213870208
0.2432405559485872,0.4916644884001089,0.38206928402692414
0.24680998292846643,0.5004289012626609,0.3605902504568225
0.2493231017886252,0.5196901872639461,0.3801733731136875
0.2510995658129754,0.4942722962053512,0.4111595212135198
0.237145992966648,0.5105933565451091,0.35699869729394385
0.23304472263033787,0.4949563255845242,0.3521298388979824
0.23827574710815008,0.4964868156732718,0.399096284073562
0.2324828931024179,0.4831204153463276,0.4204953754046107
0.24078201712375868,0.4950503796808806,0.3823978057053976
0.24362737735021064,0.4955230275220432,0.38314754394559947
0.24599383438049696,0.5113748355775051,0.3641184250198359
0.23945209001068093,0.4932786377065866,0.3822812298312894
0.23431320870334305,0.5046296028407803,0.3658163677637868
0.23015882652540562,0.509538164798598,0.35017440702257857
0.2391241062393675,0.4889219609694823,0.3573990651792419
0.24917850996671223,0.5149352204715982,0.3585574078032661
0.24325985709595227,0.4997634730954783,0.3723554610282268
0.24451287391791254,0.5223218400873397,0.3686886644359389
0.24580508172683213,0.5055731194269715,0.3666699102555783
0.24959848222796835,0.4756957308156886,0.3735308432455262
0.2458255697314917,0.509694278063608,0.3505315970684197
0.2541925686537895,0.5145852638800321,0.369513049386226
0.25178538333292055,0.519264885530363,0.42038175880341655
0.2365773187839736,0.5005768118886251,0.3252325525141365
0.2362322500662007,0.48424457560885,0.3931428438343448
0.22984083930482646,0.4951882335421566,0.4209041074645285
0.2452096510475132,0.5160983597163022,0.3784884635014667
0.23936060590454708,0.473620385260888,0.3644087882909781
0.23896603352781873,0.5068666692557984,0.3546035474181944
0.2465878703683066,0.5289551862473149,0.380181734665992
0.236692053139197,0.5186620597138796,0.3814318502583955
0.239021845051868,0.5045959599368264,0.3444747461226323
0.24436972512640465,0.5225253212375384,0.3892180775128435
0.2445559543698546,0.5071458733848284,0.36524184095322737
0.24057987679478907,0.5041896708052037,0.4085075070800187
0.2430052498087949,0.4736186846636461,0.4091282535751379
0.2400216986495561,0.4848859777609751,0.3877553357778808
0.24178278107257747,0.4913983283818944,0.4240398856712682
0.24208991402121405,0.4785493719741574,0.43860013601090747
0.23719895906335065,0.4924760990858551,0.4060787827943211
0.23865098655761674,0.489155919230017,0.33489450658604986
0.24534858751359695,0.5179140264683597,0.3919834838266357
0.24820708055543328,0.4982573873974207,0.382555085169904
0.23942323784752909,0.5168638841619775,0.3788043988950808
0.24722315493864502,0.5027769690975968,0.3686650282518091
0.23305085552702193,0.5216915443506316,0.3669962613114029
0.23352643009828647,0.5191076949415976,0.3975349846828041
0.2454514539642617,0.5098789706932688,0.3799752010572018
0.24322714993056724,0.5196225938307915,0.37239313233157595
0.2496931053930932,0.4892561081732909,0.3847368978945059
0.24462003891664388,0.4923046180009982,0.34635116560845985
0.2466102887344726,0.4926867892202785,0.394006692953524
0.23936689797018396,0.5138465486354569,0.3428550456603497
0.24751142814549454,0.5237793679983023,0.3666233855202182
0.24362608726885823,0.5076646230513638,0.3712972933455511
0.23854777642339023,0.5001175623276379,0.3841334848438365
0.2583630450180829,0.5149651110439785,0.4226658638321283
0.23533748045516384,0.4976747588722518,0.35799447646680577
0.23588066514633077,0.5068516379827436,0.3494021176811104
0.2444691435577445,0.5206988938367282,0.39714636700676936
0.25712638833398516,0.5161609969438962,0.4470958590466374
0.24934933479278631,0.4965567187583638,0.4532775193806972
0.24159921225307732,0.503348314772406,0.3469161856968385
0.24367067093867342,0.5028924124043612,0.3971624205461145
0.24076196482134735,0.4877131284406194,0.3985517757444361
0.24474593377924841,0.4921737397907336,0.3485199081956665
0.24843403785554727,0.5377690795510186,0.36070898952405
0.24658622844301875,0.4904719421000323,0.4604931293538083
0.24147463232149097,0.5089068657939861,0.3660971378072913
0.24973768587923625,0.4848012712703273,0.4309758050703505
0.2470169604900802,0.5042125501320548,0.3856480003935571
0.24916858182440843,0.5026567129606115,0.3708527822753467
0.2433374642587328,0.4974709495180467,0.3845531847450296
0.24530895131491512,0.5203358202923872,0.4736794038657772
0.2410083887564169,0.5060558993346257,0.3822385516951462
0.2507429256936004,0.5171718630833716,0.39160681900812017
0.23830522948903812,0.4843520991591227,0.3528158225071387
0.24422862233827358,0.510551809822012,0.3568683086237203
0.2497448509812871,0.5254223763387585,0.4105586801360874
0.24331761104337318,0.4835136059134637,0.4405224073020033
0.24182275883416915,0.5044895359997371,0.3732853016946355
0.23910257538429072,0.5141172897438576,0.4355885399361352
0.24290681497121505,0.5166677176493409,0.3536612392098515
0.24174759511521293,0.48577562401686897,0.3969683235853741
0.24215251396583773,0.49599118442802603,0.3731849089817168
0.24788463000490008,0.5096795674814506,0.4264624783727362
0.2430530763167822,0.4959376892206926,0.4369089391995329
0.25521408739655876,0.5142023119214197,0.4267352073376452
0.2462555026912416,0.4929790226884832,0.37291916544586573
0.24599298288256016,0.4955200393853959,0.3960216765425426
0.24667822506595222,0.5077924736774009,0.4376622269241829
0.2457452036407367,0.4930775511289368,0.3880932719107909
0.2505974835657613,0.4910043411415703,0.3800303287849484
0.25179421387312534,0.4744827040356202,0.4424468466451056
0.2553084930992583,0.4891901312382405,0.4012171396421163
0.2467186948527298,0.5301405988802992,0.3744753546525447
0.24297823529001938,0.4782116247810558,0.3854657548119294
0.25842244480380805,0.5121914131138133,0.471959521627948
0.2474223537755295,0.4639205945172064,0.36122523388371997
0.24829056456990128,0.5125471284873596,0.3987878962975785
0.257031075131748,0.5007955147242126,0.4371762204691314
0.24560974210377873,0.4848199747379606,0.3714715091880829
0.2530499246229719,0.5017130965069664,0.3893472528923131
0.25305966771746974,0.5098719123855181,0.4025228628907784
0.26579985862914723,0.4785477309475724,0.4280476291519987
0.24061828432576873,0.48779113711090005,0.3795328897715527
0.25109879145691183,0.5406342139478161,0.39479656466738383
0.251220327632941,0.4921749817587773,0.35901826998268355
0.25487788286650426,0.4652092307759138,0.399823782031411
0.25009455791444707,0.4905051143919688,0.36097646039258136
0.25770302964707675,0.5157662521573582,0.4155354500301545
0.25467418786353435,0.4928953313975589,0.3868617026152024
0.25902843990011,0.5081928222071752,0.37465359670451975
0.25378170450789966,0.5184828795225327,0.4075237469810667
0.250643944899012,0.4947879331370089,0.4333794493622241
0.2527291243142628,0.531835193579996,0.3935731111658584
0.2503273774933677,0.4919443167262086,0.4457050095486691
0.24790732420828207,0.479623604022721,0.3920240155514202
0.2569885404870858,0.5010151489641431,0.43649645428567213
0.24886638410883793,0.4963951895157449,0.3934154709827114
0.2522372206221787,0.4913375018981733,0.3855455568895713
0.2471736730653496,0.5003475516784455,0.405599614614609
0.2631133327576989,0.4823344427502328,0.3950009769927065
0.2579776254919578,0.5237294403622116,0.40210474893287945
0.2531036915214311,0.5074700057708512,0.3857824671435424
0.25424572393952016,0.4958466399660106,0.3895517939557396
0.2529771676683006,0.4887563070125623,0.4244513875828186
0.2564303130424545,0.4850885427834248,0.4371118812409128
0.2526187718910879,0.5204219095553649,0.40142140443138014
0.25371210967890606,0.5036703316318009,0.4075510476403224
0.24960874991396423,0.5151371626371637,0.3987509137011993
0.25846120441364173,0.5167068521464182,0.3935717161636022
0.25897245089431353,0.5058112865072938,0.3768605244589341
0.2452525377481073,0.4815012727197205,0.4364941464774599
0.2570049449060128,0.4666784845392286,0.4241478202670133
0.2466630937971794,0.4670097963668818,0.4179996704596543
0.2559590812155592,0.5095918998938367,0.40472170920551065
0.26618497997293344,0.5472250454511286,0.3707945855349588
0.24868701903922144,0.5063130249717697,0.3941429635558105
0.26800796957393674,0.504124447780966,0.3807140318566812
0.24883277608108959,0.5051772543169224,0.3780613011048222
0.24962083687493788,0.4713578610522612,0.3975905937591844
0.2610155605621646,0.5188606807546366,0.4234218795058788
0.2688266866248177,0.505724116082764,0.44214630493873536
0.25431903609827144,0.51457003168548,0.3815239825595528
0.2574444700912945,0.5020527518060398,0.43493482749731294
0.24744352557903834,0.4884292147865142,0.39950285444651695
0.2660506330206671,0.4761037052313744,0.5089002303426334
0.2640327725010259,0.4962502720643596,0.4375939891305742
0.2645968476083807,0.4959112358544318,0.3931366221457889
0.2582032736824728,0.4998292954565146,0.4418017075052028
0.2530492662759461,0.4887484693554219,0.4101386024877038
0.2540942603326837,0.4896288161094674,0.3891212248447439
0.2573972791701753,0.5186125414150912,0.4113792581740015
0.26581842681479206,0.5037087153500243,0.4549763028400282
0.25495959359765785,0.5121477019637249,0.41499217134888894
0.25304763478957476,0.4968700819643976,0.41950817367340576
0.2565728965406817,0.4985970737183479,0.4082290233626136
0.27145786745038974,0.5066694828065337,0.5401302047802696
0.25482251213838053,0.4930389188081341,0.4416072651082136
0.25916430535059254,0.5223818729348699,0.46302288479153403
0.2526649427237928,0.508825462470045,0.4467782947838848
0.2602059869673981,0.5118508815757482,0.4493110385384255
0.2484771793597749,0.4987158672286167,0.3875680117780617
0.25211598882403086,0.5073481275203882,0.42646667687891865
0.2513695995433386,0.5062119017134793,0.3974080171267989
0.26122245132498995,0.4935711887409472,0.434642472797698
0.2571108548319067,0.5019996424071808,0.4120805611031635
0.2652937135168447,0.5163006419616428,0.39042841379005
0.2627768415713704,0.5260941162827908,0.4367555379276293
0.27014972488017924,0.5059842129575816,0.4134374258292908
0.2594812613225995,0.5171264778090174,0.4368385331006891
0.25976625949813587,0.5129597441738863,0.4615910723773918
0.2558733429447585,0.4866739187785367,0.3684497999061898
0.2538756987660791,0.5098564095335552,0.3564513526431499
0.2634831045572956,0.5217318322536834,0.4355519772166479
0.26841514401322913,0.5073318339004163,0.4829396917990214
0.2580739264323868,0.4809392167962948,0.4314469419280691
0.2532252908136748,0.4761804612845311,0.40646197435690185
0.26284676242529087,0.5151886473389864,0.4068750642721907
0.2695592646956312,0.5227894847500788,0.4011014448676294
0.26149436801100423,0.5004766513456718,0.3726103518615579
0.26246501840975667,0.5056557827915511,0.4219611127921825
0.27119577086883645,0.4989992285815888,0.4706246688787056
0.25941499489136816,0.5021056701702574,0.3908510920599039
0.26805804341500394,0.5094729947158873,0.42027277555598697
0.26545924150936506,0.5160747497907948,0.4174808855956919
0.26378747090039845,0.5196807736925502,0.43316174241857147
0.26081071651059373,0.5079813186452415,0.4284067664397287
0.26324782571309635,0.4768453521401928,0.39984787678159456
0.2571504580740423,0.5262627095247175,0.4252876370021484
0.2642274741726014,0.5064971679524933,0.41299047580841
0.26211114176393996,0.5138567347563803,0.4589843433775956
0.2656982804814358,0.4780192426799729,0.4020388032419703
0.2731973869196518,0.5040701932190308,0.4317411224858659
0.26424173652722105,0.5222174484232552,0.4727664117671167
0.26127290037756123,0.5050352010627293,0.40397521978105216
0.26045074105411825,0.4903082608373004,0.5200610666210391
0.26329529317666767,0.5055373098155339,0.3894224531070228
0.2687127610765838,0.5078131049597628,0.5066217882451354
0.25568661478469606,0.5509231798842602,0.4096956748678336
0.2648948757035714,0.5047396013163431,0.4011679345450249
0.2620695883774699,0.4971151526385029,0.43284478313576463
0.26169372779678973,0.5351358708578378,0.4168291610490485
0.2658715158920146,0.5038624563588315,0.4266535900649657
0.27379559686872557,0.4892690755434536,0.5623409074299697
0.2698935161526609,0.5152168947114437,0.4697559272661329
0.2614035770165205,0.5134505759863854,0.4286514858955034
0.2556406487748525,0.507657696707062,0.3817145668420354
0.27816428652976705,0.495609864686959,0.4582127061938096
0.2611817986101046,0.4955889801573929,0.4207296767339567
0.2627394465693556,0.5136058294920435,0.3977264236279581
0.24859642920330668,0.4898623156993741,0.409357004956062
0.25854913149499736,0.5001043130765556,0.4062799084969772
0.2622682544251373,0.5151555512920571,0.4023700270266632
0.27109037908661937,0.5120751078500155,0.4266971057095923
0.275738120386539,0.5095099664496494,0.5061614565049795
0.2762129087591315,0.50136812075946,0.484940655035444
0.2653324199897724,0.5244350508083029,0.4458885673450782
0.26148239647281063,0.4783100894801937,0.43780070088057343
0.2823822135979644,0.5011245132245775,0.5533632621685425
0.2583075114625553,0.5264579162111298,0.4103154967012482
0.25730768376393154,0.5121385168541963,0.4801561122946302
0.25958428603108713,0.5060866951533292,0.44622308034100105
0.26920342172327627,0.4987715100814837,0.472183191678379
0.26907238289747215,0.504675364315052,0.5234780278225437
0.2580905382589673,0.5181773353529511,0.41186046729925296
0.2722944802138615,0.5290426135884079,0.41734836935298597
0.265138336777026,0.4827822774715134,0.434999811066208
0.2768544462037075,0.4959833519511242,0.4385825902572192
0.26828363442585434,0.4935441856603656,0.43499498604984904
0.28605762170431076,0.5008771159720308,0.5912071546008582
0.26016151306179053,0.4760428736035548,0.4504680801083011
0.2624047391108538,0.4898749231472961,0.4221284092069759
0.266699870261541,0.4745500703217682,0.412596597204312
0.26313885396839665,0.4873546178996091,0.4269863175592038
0.26931941996260994,0.5117207280404787,0.3895472412194339
0.26930942741591785,0.5016591170084034,0.4016650331981448
0.2661304457620297,0.5092382087919851,0.42286367702217853
0.2698114293821051,0.5300398315766851,0.4437875408354751
0.2616013070703051,0.4922983120008325,0.4214260139148177
0.2594811953813,0.5010961100300055,0.4125175517024413
0.2634732011465726,0.4861263269685786,0.4503023320336489
0.26830855114801344,0.5168482787154176,0.4444114291141659
0.26716709933111793,0.5125728255655865,0.4471397494130165
0.26175571514476986,0.4912406963005525,0.4933180779252342
0.2633140299062071,0.5106390924042218,0.4169419847164218
0.2677783053104272,0.5246041560296997,0.49968849204314797
0.26510785224132016,0.4741125033722082,0.502592629667915
0.2628791243193174,0.5188013135634579,0.42938455239943707
0.26364202419127103,0.4850736013370915,0.4676614486575528
0.27023125732441433,0.4920516579161518,0.4563124859010997
0.26889424867338013,0.5243364523450993,0.39909995262368503
0.28243893259315944,0.4866224081861302,0.5171677557180334
0.2683184148317989,0.500302187076383,0.4389150239607816
0.2581990472251391,0.5156889315829812,0.4186110664006869
0.27514687201022736,0.5117383512581672,0.4596201348519108
0.2660258991056144,0.5077689836846586,0.4206049521807874
0.25442618084164015,0.4950931398107894,0.4394740930453803
0.2677710794356746,0.4930015224963218,0.4562911009763188
0.25883961522160426,0.4826267339945257,0.41668434775728747
0.26332517399174976,0.5086303478791785,0.3922583784469116
0.27040517607576703,0.5222497093984907,0.4485005358774243
0.2759260442201701,0.4938901666216064,0.4753888751393323
0.274971873815777,0.4790200563942682,0.4547630674024742
0.2834250158706518,0.5043013982905851,0.4797956148102762
0.2758719719527032,0.491945359939832,0.4573279506655426
0.2680021382263613,0.4860018603969957,0.4118438724697927
0.2835253518217783,0.5125681348890943,0.4631452602118109
0.2620719386200275,0.5231214603979306,0.4577219888375792
0.28023619040660863,0.515111780953326,0.4313275031705857
0.26952134876294986,0.4954603289476696,0.4407635691789323
0.26504052855784743,0.5166274319136129,0.4606292352306944
0.26833364469489307,0.4684093089888784,0.5339305860593835
0.2735473620803882,0.4843162442921109,0.4535945792064988
0.26926840678575786,0.4927132495245076,0.519147773773354
0.26752694583903536,0.5030979273184221,0.424750542526587
0.2644365233268674,0.5287738607274143,0.4371339321645105
0.2772901729774573,0.5067022278778215,0.46816102577168894
0.28178733745731877,0.5055746515073906,0.4332483416169611
0.2826609940282703,0.5179009502071024,0.4375722833219349
0.279448208838819,0.5293927644037132,0.481258566530789
0.28227502514023906,0.4817539697671336,0.5141698852430114
0.26545293656833524,0.4787225503180432,0.4344770345986565
0.26981224833726886,0.5142687830536802,0.4203187664401632
0.2697380427357721,0.5119545439878674,0.4142554464901253
0.27111175279754973,0.5239689366120468,0.462252763474264
0.2815639659437567,0.5020278648649761,0.5295957598669879
0.2582346409818094,0.4924021403037815,0.4078393845109369
0.2646348090263891,0.5061921516137253,0.4026125993628827
0.2767385216791225,0.509248929421435,0.42796975678201
0.2773635277798028,0.489381127771354,0.4596741329706064
0.28246773569051276,0.5052804893132805,0.5481056692363528
0.281815150622738,0.5019984912704125,0.4268586223560507
0.2747086752476919,0.4960336258457419,0.4826204894515205
0.27775438047970774,0.5054970717652341,0.465854717006523
0.27765980687530073,0.5295774454503756,0.4404321609039916
0.28180971847650244,0.5274670954511985,0.4218996083259928
0.26880564405755314,0.5096373572318108,0.4337582851560369
0.2664284908023225,0.5028431133764175,0.4540390746766162
0.2781198730224276,0.5129640675537105,0.4381536183309018
0.26948906496412767,0.5029092907725645,0.5077103289143771
0.2759997723232329,0.5121087564478581,0.4248529212304633
0.2720451051401886,0.4980458062388332,0.4658547997533554
0.26607242951671617,0.4739266361170019,0.448320592870493
0.2740854932767915,0.4821838428040872,0.4444039142341065
0.28110953842579606,0.5174173763902903,0.4539203656432636
0.2770585013034141,0.4988085555416255,0.4164746849995773
0.27481797347614856,0.5005617834452489,0.4523712570602763
0.2778157014717063,0.5131214106645712,0.4644534376799282
0.2871535221635402,0.5174715778875332,0.5195823803315239
0.2828026409257185,0.4948507566795198,0.4437337371227754
0.280601555782594,0.5222142897409736,0.4311265262500194
0.2818550245831231,0.5311376502484777,0.4725873563876428
0.2773455968630221,0.5070008260487068,0.4942357437271291
0.2830902553426411,0.4891501777835105,0.5551557311716433
0.27633552506112463,0.5342100828884553,0.4198060533503382
0.2883432538917613,0.5051641428653325,0.4892121278554214
0.2768636485489947,0.4905808260783772,0.4457499530993986
0.27231052714179177,0.4976762343802552,0.4930648004857186
0.26876974968651857,0.5095312335932856,0.4631212555954554
0.27789923477361494,0.5136033035510735,0.4399779380355032
0.28096274217764594,0.4769254478286246,0.4330965941878317
0.27826551520015197,0.5104486152875846,0.4138121861903871
0.2890854342167536,0.4955314842866382,0.4439042042270195
0.28695997555156705,0.4827317288179445,0.4749750654401973
0.2916424501124468,0.5279456003218517,0.4673637376550076
0.29349607828708707,0.4973372416487664,0.45000766263623293
0.2879907779631458,0.5085531374664027,0.5569769711168002
0.28802435284540645,0.5491421455452956,0.4895644429887197
0.2854280011498135,0.4882069702998297,0.5160385539511344
0.28665927624339205,0.498645750755063,0.5119984014454707
0.28953336894292575,0.5109005559897608,0.4806063400251258
0.2794437504646403,0.502971336110691,0.4778868083431819
0.29196767043158267,0.509395619480834,0.5634011691527602
0.28978012916730334,0.5171533544785075,0.4747393638234182
0.2777842507021439,0.5170579217708439,0.519490508284441
0.28242244129055744,0.4971069079842666,0.4928064677791243
0.2760335445349612,0.4974828842099995,0.4540210593803238
0.28219160198802384,0.5239462194005438,0.4397021643108701
0.2870842973251907,0.5002447673589157,0.44956017063503706
0.2732429779392114,0.4805205407695727,0.4813471310958095
0.2906518663717952,0.5015597775243769,0.4623064346178306
0.27106849387525,0.494432462600489,0.425205410924648
0.2769959903192636,0.5285967095642845,0.45573547895751393
0.2855515507913229,0.5327699688975163,0.4527203340345395
0.275838111878222,0.5106554939520737,0.4897396181705616
0.26990512122529353,0.5055222736676914,0.4336643697607761
0.293418225017531,0.5013155912384873,0.560149496480923
0.28170857598245935,0.5054592417098174,0.4402862983256817
0.2846568326031334,0.5412819426601281,0.4584114513335222
0.28131736778681715,0.4813088397632903,0.4575645601995554
0.28722084000306713,0.5060729867136303,0.4893649033701977
0.2803290171660489,0.4834322861923791,0.4573137385042302
0.27901728326558467,0.4984879404604616,0.502302099295957
0.28146911437167976,0.5342195522441506,0.4468058173652121
0.2836821855106015,0.5056201786834799,0.4516221756243025
0.2742194705899727,0.4835365361086633,0.5215177140561711
0.2749172642186056,0.5023019598051643,0.4958609474856458
0.2879190780056148,0.5201167310464373,0.5003077335888729
0.30142554244685454,0.5290868491134721,0.5532597779427497
0.2870215251434635,0.5109121796802274,0.4673632639665199
0.28006079267928774,0.4767047693573197,0.4751184535157115
0.2850560434836961,0.5008329614909758,0.4709452317167087
0.2907188345509751,0.4902720769858273,0.5703328821745756
0.2879883894504411,0.5053032558105129,0.4485912293402392
0.27854046186127185,0.5109733919782816,0.4704666043603442
0.2754879871645246,0.5138476239133545,0.4666712905727142
0.2787045564972287,0.4692822590960132,0.4161419849891616
0.2872598731194054,0.5195093857064683,0.5323065306185859
0.27278733053687243,0.5129267904983638,0.4584763400844173
0.2865010255600506,0.5321550057447131,0.4583241626940482
0.2885057203343417,0.512461828744088,0.5558621994673267
0.2933084564878653,0.5449696445110817,0.4980116910747477
0.2831679541622283,0.5205970292462387,0.4746518111785895
0.2797633680812099,0.4885209103213308,0.4653168417853806
0.2907831836208955,0.5053524713387717,0.4886873797548849
0.27918237651873395,0.4921892582173806,0.4978017232925705
0.28460625161697267,0.4916529321081169,0.4631381379393805
0.28270630002858493,0.4850010282353587,0.5081588273959673
0.28956202504837736,0.5060927039953717,0.5306307616892999
0.29080896698391423,0.4696874177013839,0.5337593141043389
0.2782942796509455,0.5107841528941384,0.4908457307072654
0.2801276068581512,0.4968946491320533,0.4561410065304614
0.2959729103128343,0.5104045227641977,0.5394220559518375
0.2805253438438122,0.4963709027743144,0.4550105250220543
0.29334874721059623,0.4849706519643759,0.5158606036804094
0.29458028671951925,0.4892164380521665,0.5279030888396509
0.2826704507530186,0.497230198718303,0.4826082577851725
0.29352167580434113,0.4998751652576874,0.5351090157179279
0.3037112438947217,0.4951238219349569,0.544464013424942
0.2949035187907381,0.5025225055179713,0.5017049462777381
0.28881362144059675,0.5025398220275998,0.5019198566445187
0.3055376782384181,0.4984056196878193,0.6234444189793208
0.30104604856372313,0.4919030701881348,0.5267949814204961
0.2976409813424396,0.5199583679000772,0.5175873870486342
0.2941601433136747,0.5041368398453161,0.5405528318832711
0.28886072223396975,0.5070462957451752,0.4532282222873733
0.2910081572672532,0.4608635858036837,0.5273116440801965
0.29878693081187235,0.4944234001994867,0.4698594891570558
0.30564240267500603,0.5156631326144218,0.4888063300274602
0.29267009325135435,0.4890497181609917,0.4501497940850517
0.2939311585272046,0.5031470874639979,0.4998476557630759
0.3041947492535173,0.5100402231879687,0.6324327231664074
0.29306578720123705,0.494131929277412,0.6013122425586551
0.30570475627763144,0.5131737421546512,0.6626112500099229
0.300888176220529,0.4959701029401314,0.5333698429779367
0.3028306861601971,0.5023814159147267,0.5455401106255061
0.2951233962208429,0.5127785473021693,0.4739421144598805
0.29726493443891966,0.4796198144744639,0.5088707841456708
0.2933505811262377,0.510148713909089,0.4503981449079241
0.29058449261219665,0.5437228369625848,0.4701903456543362
0.2903009804696317,0.5109466619130248,0.5307422009107549
0.28663013979479485,0.5125336545320229,0.4894171406672033
0.3029871406771976,0.5026597547590902,0.5270759941824454
0.2916996089666389,0.5064615217941743,0.4576032168029725
0.3005468129870214,0.5110704688001532,0.4833128146587506
0.2914523535689399,0.4925887930547073,0.5432341011531682
0.2901578478072893,0.5083149098685267,0.4806056115016149
0.3102375367467114,0.513964369531503,0.5818081504563427
0.29828221299626523,0.5116453094018921,0.5227175634280989
0.30624721019372964,0.5112417899093785,0.5230470479480044
0.31567378101613247,0.5274308180742643,0.569573011177394
0.2928948603702747,0.5072432993652712,0.5700883577932203
0.2874453279872381,0.4880026386029301,0.4619815405661937
0.29328632000575977,0.4907588773914995,0.5083376825032075
0.28260886406393615,0.4888727558106222,0.5220227040314538
0.2954939102201653,0.5205104613210986,0.5602420516686311
0.29015641326938746,0.4844452006335721,0.5083818383060318
0.30520440600231524,0.4953649491760216,0.5143233717649358
0.30072443712532965,0.5020796492762174,0.5021341068171771
0.3015099484773439,0.5003515615611919,0.5024524798972149
0.2927957766303009,0.5221575102691296,0.5135859036015485
0.3071695920579723,0.50985010003335,0.5517192700740768
0.3014683074326923,0.5165430188242581,0.5228454413934712
0.3056703042286227,0.5304852940021574,0.492678748523716
0.3431113573753785,0.5187802752318265,0.6071396744064544
0.30533814770728257,0.4955851738689407,0.5845738616309344
0.30896338947635504,0.5071274011082822,0.5290700252885944
0.30317252686046137,0.4933622965036394,0.4772083704362765
0.2926606114491942,0.4949040089457506,0.5272940111151221
0.2990275580052865,0.4848140721871356,0.5395779879338909
0.303066310344398,0.500936711536706,0.4993043263722051
0.3126466275101874,0.5151019043467283,0.5617571308663006
0.30376525243639013,0.4919725120420296,0.5146379079908676
0.2973018019069794,0.4841526602077909,0.5000165916132653
0.3093706971875201,0.5206476384932793,0.5201849913328682
0.3025193390184922,0.5114904480577461,0.4750931120485653
0.31769135276420885,0.5266121684625559,0.5291645763009556
0.2941116713292691,0.5046256001072915,0.5024795335532327
0.3049867795316947,0.5172255042073685,0.5181859353234863
0.3037459183085073,0.5218343426344294,0.4948105534485819
0.3202894299861332,0.4899624306556058,0.6412384504908156
0.30147033649108795,0.5257318187787656,0.492051711623806
0.29780053565049064,0.5048848576583829,0.5286620358945756
0.3008981749856332,0.5008091134578043,0.5260936543148221
0.29645365508013954,0.4795331223207187,0.4820036612942759
0.3078906796862577,0.513237809934517,0.483560742640847
0.29825314187084745,0.4861402621026788,0.4984666215004545
0.30498860109439413,0.5173730419811096,0.6219191854372773
0.30144555636116044,0.4984298144632968,0.5157250950967007
0.29891539607649664,0.5103997006845051,0.5157921332068774
0.29938386267674205,0.4815009837654376,0.4864212061159459
0.2983154396461876,0.492818737939836,0.4903515328031816
0.31223637447322705,0.5171308406907624,0.5140989391323612
0.3101975461009983,0.49505110494351595,0.5217014858392277
0.29604912820616863,0.4694283609091824,0.5436919661355456
0.29770109929724986,0.502913896771351,0.5592921917152209
0.292432885449788,0.4586564363168778,0.4821616092735834
0.29517518437985457,0.4851612183847553,0.4948238959163046
0.31516942882013316,0.5082003171094869,0.6115370965880957
0.30202112980276286,0.5102556559565312,0.5566465229716118
0.3174463492761604,0.5085549226790651,0.5456435820843725
0.30068753361763845,0.4776244211936891,0.5571020613544921
0.30986800656884095,0.5081807310700306,0.4893116697344475
0.30984014713163743,0.4857032858427599,0.5113018866429675
0.30850126148517476,0.5235469668947449,0.5911880919204362
0.30446351780497677,0.4896112118357097,0.5072726302555605
0.30893293593476673,0.4855524895038698,0.4935208053457195
0.30220070564329815,0.4843752487151866,0.5333253387180628
0.31713594175313825,0.5184836952105296,0.5084778752048578
0.3165992600546373,0.5040648753429671,0.5606093191544295
0.3161655961659598,0.4983946238628272,0.5062882987437455
0.3252036030955686,0.5627050179526198,0.4994509176815621
0.30640212530977706,0.5020256533826283,0.4617566159864821
0.30748623758629207,0.5153156028906902,0.5089986747246915
0.3116876782604932,0.4901503778591986,0.5855402001161948
0.31487564051897593,0.498073385327202,0.5591023567919656
0.3234503575822179,0.5141039701282074,0.6640975376891387
0.3162485247269223,0.4982797136930159,0.5227401033127599
0.3249098398916809,0.4948771316465786,0.5808517077196581
0.311131229731069,0.5193542859132944,0.6165454427075734
0.3095962300117599,0.5140907856676806,0.5199954060844028
0.30190458777828505,0.489838050646386,0.503511147181674
0.3081496665281286,0.5163798330379727,0.4685306620815765
0.32035198945715493,0.5006070932725258,0.4988996136531907
0.3262783084178211,0.4999282773733204,0.5023259336117339
0.31809167744087047,0.5129456149446745,0.47518285272131505
0.31932024282699734,0.5181180778882145,0.5662628146396567
0.327724819227515,0.4999371159501901,0.5949659640945487
0.3282445401149323,0.5137859851600218,0.7317602571994167
0.3106758463263328,0.4995456338459954,0.5195330744335016
0.3213898790389604,0.5215167806189581,0.4915163311698274
0.31629267197181676,0.48578975180925,0.5422062785959192
0.31301335846244294,0.4849063028646644,0.5633525710600191
0.31201035737029026,0.4987326022150856,0.5303519583957589
0.3220669037922852,0.5139060841025183,0.5813129474265153
0.31800954598323683,0.4744474909722914,0.5189013414401307
0.3259605723709674,0.5201515136093637,0.5013750251417461
0.3241720368460449,0.495734659318691,0.5658693703089879
0.3291647735037694,0.4974609522462717,0.5348286866729974
0.3192424357690451,0.504442217033639,0.5751033237181649
0.3221726224033331,0.4936642675017397,0.5364975110588728
0.33069165986361343,0.4978670190953012,0.5860661448623614
0.33113210277166844,0.5159120698283801,0.5270241663445577
0.3214119344244232,0.4980782310238353,0.5471627941143667
0.32376707243203967,0.4961796239430945,0.5415213208228908
0.3340907739374744,0.5166131188545553,0.6218952893836375
0.3322728286327841,0.4986515780021533,0.5590058114737048
0.33054138062511407,0.5176515448837903,0.5789040960197621
0.32786674883884176,0.5069889796373912,0.522832070336806
0.32863176786362003,0.5014282009324105,0.530055844238565
0.3318631798528891,0.508730271160108,0.6329093667935737
0.3284421706806047,0.5024699278377674,0.6393160217737385
0.3312437513838934,0.4856350577132398,0.5485417915942022
0.328834719215899,0.528522925007302,0.6640203538941214
0.3238994655048829,0.487719238502857,0.5161160586677926
0.3342567300325206,0.5115816561904204,0.6579483446314258
0.31818137858618867,0.4985843782107095,0.5700498681429911
0.3278775866037187,0.4894590454255801,0.5483049471562316
0.3243080577466634,0.4914207190515982,0.5174962957582536
0.33058225864422425,0.5029198438196478,0.545914294157867
0.31836558033346835,0.477373424605246,0.5599665809076729
0.33713481906866577,0.5213116794777622,0.57335325874037
0.3293238727840047,0.4906155976004532,0.4788674538993852
0.33347863450135107,0.5091645167318196,0.5658239084471496
0.32899196352630483,0.4896925327895858,0.5498710212740895
0.32450073849266226,0.5025450947811929,0.5570253935455463
0.32939856939630785,0.5317745149655381,0.6288647191035878
0.32618310703837605,0.4787731369911818,0.5428632311582114
0.3408102410318801,0.4844973324281303,0.6081474433845249
0.341120596693883,0.5228933002056059,0.5355778014357224
0.334720751414195,0.4671683664385789,0.5685319508195572
0.3410576242189451,0.5207603088024336,0.6082073142272114
0.3355227909250068,0.5112961549475494,0.5502088861806073
0.33929210467756776,0.4998348536111586,0.5779247368270928
0.3346774837088828,0.499532730805557,0.5567448686737487
0.34832179378371,0.4963934386650394,0.6230604236375761
0.3326638345577188,0.4853948754688656,0.5417313320037856
0.32467590292482557,0.4835417697129863,0.5384388466140155
0.34727742042965515,0.5046703618782094,0.617857687186833
0.34745621831559065,0.5235128389079567,0.5616940702991902
0.34263841869052103,0.4967512213590886,0.5782028036960731
0.33734247654491845,0.5272805689254869,0.6006865162800259
0.32989172981921255,0.4916829573005532,0.6658012163451569
0.3273644782494006,0.488476814003045,0.5949767648177154
0.33739570822022735,0.486280702154251,0.5751410169351969
0.335305376116834,0.5140315645584471,0.5311812563469974
0.3345006700847529,0.502865118493245,0.5342328896140254
0.339227189875673,0.4808140905106398,0.5592425361959876
0.3484101691667966,0.534454783502686,0.6568132896886644
0.3380300666624039,0.5045026860922274,0.5765183807248963
0.33451653281112903,0.5207129287917457,0.6083271077983332
0.31765685256551995,0.4904538688760434,0.5394365177467368
0.3424445183298123,0.5004879729835541,0.6876251024812363
0.34352993752257766,0.5069074286821807,0.6997254851952406
0.3376286631926255,0.511978673846601,0.6294378498069636
0.3502856592269177,0.5122620819060965,0.6220221683836666
0.3387408690358461,0.5147518138619184,0.5933817519219184
0.3359502436756275,0.5104779145989551,0.653179886213523
0.350165828104097,0.4874158152729541,0.6899356308992175
0.33700150716864136,0.484112201981097,0.5750334505059103
0.35354729057887824,0.5387771083171429,0.6216274562458622
0.3449366011945113,0.5091740504204247,0.5851577600810356
0.3399073901621376,0.4893939929385076,0.5864963267267909
0.3422380992353082,0.4959309751115854,0.5845673919393001
0.3488346328368502,0.5022375076358476,0.6028399829750485
0.3566603817610233,0.4978632911025784,0.6161479587728598
0.3413709233216876,0.4981839793804554,0.5563258435756702
0.34312138275027765,0.5152937529500271,0.5695741823591828
0.33993909564988833,0.4595147108668819,0.6255782095310627
0.34590142903411203,0.5262750836233419,0.5808488840557472
0.3536213244899627,0.5376255421541951,0.6151597719551457
0.33536245099466455,0.4755556714215138,0.6358681646380554
0.3457163718542283,0.4929580533396065,0.702077382636036
0.3403118900470608,0.488875604439205,0.6315709618681451
0.33026496620161644,0.5154461429722276,0.6171159695536835
0.33047144448994037,0.497018194851275,0.5664701898454063
0.3317943511488326,0.5272363179598245,0.6266995670668645
0.3398442046795583,0.504240877480687,0.5803620765937858
0.35157980190419025,0.4983249886131019,0.5624819487577309
0.3453344919965271,0.4957264881894876,0.5804617380617564
0.3407832934169598,0.5042478627253143,0.5765259162852188
0.34405396290580614,0.5049452957240801,0.5547480906824306
0.34664076099300006,0.5000247464315547,0.7496313619284733
0.34458043889708206,0.5240436568752627,0.5665171179476737
0.3348180580350528,0.4794995892427563,0.5830454110893717
0.3437778426291313,0.4819699787694472,0.5650383814075708
0.33915173842708457,0.5142206026165416,0.5520015063975632
0.3304710215804867,0.4870522185758106,0.5907858633992963
0.3616843640407859,0.5197733521093082,0.6366027358452386
0.3333950101489986,0.5037958902013003,0.5571797841736894
0.34178007700171364,0.4912222374775584,0.5431614133811195
0.34224930976237256,0.494168346275852,0.6009481265297935
0.3416397909858294,0.4795039158171776,0.6171536271331156
0.34306954202562545,0.4878797336273175,0.545131785610216
0.34134043925221774,0.4923903931593155,0.6402407366331931
0.35533359011166865,0.4946104990631848,0.6833372274505236
0.3461287106360966,0.5066141211131711,0.5587033485391693
0.34480944841653755,0.5302151664016599,0.5872574685435744
0.34119696111228065,0.5083770003770799,0.6028237058035787
0.33797860053557743,0.4809327651779299,0.6875932955813946
0.34731618911508677,0.52819334070261,0.6848878465179026
0.33978088077465673,0.5144386486704989,0.5880501228079466
0.34177958456062735,0.4844590014898599,0.7075098714884973
0.33913339980387036,0.5030655993845081,0.6606105106843423
0.33141510110807487,0.5009330342773581,0.5819002474527721
0.32554765327603336,0.5296436335449903,0.5663444393962541
0.32169620074776106,0.4877644792750447,0.5308141813023632
0.3241063995934607,0.5079686281303776,0.6009622868025052
0.3297002889835264,0.4875019399395468,0.6102993010780486
0.3330272134718508,0.5124205370550421,0.5963252498891414
0.3322990423708368,0.5237158586238032,0.5417284403113741
0.3457710033741905,0.5265552701137302,0.5985979721247724
0.3325222723483974,0.5157619874958219,0.61717030685022
0.3444385940888802,0.5334190202152151,0.5418522888134752
0.3380756145309376,0.4928907834650713,0.7840345392318099
0.35379822271370637,0.4939990405461873,0.7398913152560536
0.3592845124788818,0.5286310507656145,0.6865708327305329
0.33730215849099776,0.5010610764937978,0.5994619576610075
0.34160494539014363,0.50241641843128,0.6129523156154515
0.3491343060031484,0.5345744722821518,0.574139649877281
0.34303881141125175,0.4904533258529876,0.7267693748545321
0.34053758094419473,0.4915111455294804,0.6252990797135074
0.3427483546482374,0.4943273858267703,0.5878192699895626
0.350837846239477,0.5030436337511238,0.5884051977666529
0.3565664983157971,0.5388564440080855,0.5986157239430364
0.33667819384065856,0.4836220500642817,0.672068334464156
0.34996445914327046,0.499170278562202,0.6208547195720798
0.362313991765866,0.5008228207418857,0.7552697880098894
0.3432910111329109,0.4921157447023773,0.6478700029014646
0.3557745942172877,0.5114801400813633,0.5743846941760709
0.3362707823963123,0.5100119815143174,0.5627061608406766
0.34843014648101517,0.4979694129707173,0.5651224784675244
0.35242691517571356,0.5326911863730146,0.6734214385355735
0.34364476120164966,0.495485573470489,0.611520764808157
0.3506731130299166,0.5050384831157286,0.6430535627130647
0.3543417860036341,0.4806711744012465,0.6977421030778381
0.34603529946632783,0.4899522595589342,0.6191521830907328
0.3421995181110254,0.4959991701132248,0.6256637936325068
0.34329256371522004,0.5070469711178083,0.5990272430994211
0.3487274256661637,0.5116277879504224,0.596075533207405
0.3522248106548939,0.5191818817454057,0.6310566869329098
0.36264686484191594,0.4802776100240252,0.7495022758577399
0.34914772161945445,0.4924559858299747,0.6540371633481216
0.34260395162351776,0.5070701089201838,0.6174065692902367
0.35192574331455295,0.5144081264511428,0.6286467779338559
0.35206334797974603,0.4975775293598568,0.5881557438042446
0.3627352622644222,0.5031709301596075,0.7912965305298079
0.3571232590698788,0.5193158923152048,0.6786768621089747
0.36065068398802597,0.5351688684320427,0.5907000352262646
0.34364862665840434,0.4802346822067588,0.6496740772538083
0.34910741830668196,0.5207985425149844,0.6164395388703582
0.3367742589824967,0.4978390686033585,0.551743120712448
0.33908625193024844,0.4870859313916234,0.6055849623198217
0.3382936098296063,0.5038201978727787,0.5961180311361172
0.355224775765587,0.4969737970958074,0.6630778736366834
0.34226290150663646,0.4766312083514949,0.5815414293537221
0.3565032694719459,0.5055644968201447,0.6619808763510115
0.3528210737019377,0.4926653939740103,0.6417245289236839
0.36399890362996573,0.5040707124847877,0.6082679669526905
0.35923874469014694,0.4972616280809157,0.5782097354149823
0.3428764715315155,0.4623130210530563,0.6146934138717199
0.3627021878379646,0.4917286326560478,0.6161831333065949
0.3662652203266666,0.5302114488298165,0.5856262083166746
0.35361966751830465,0.4734068868113629,0.6098874866834413
0.3585314125595464,0.4999229370013784,0.6235003444730348
0.34167251794277465,0.4926017423637593,0.6307499789540882
0.34926013683485885,0.4819381701248565,0.603300100919125
0.3550925147070247,0.4960758005690257,0.7577871351723436
0.35442310888369344,0.4814473554965782,0.7449311770189736
0.35591374869348896,0.5040800656306963,0.6072764381597673
0.35099262312656265,0.4996478983391784,0.6622628431690285
0.3608089165155601,0.4896449901000807,0.7452853332288886
0.3486865925440136,0.4708492155407227,0.6252977792212602
0.3807295860773289,0.5373677112552583,0.6313375049504891
0.37342344277872613,0.5121602799567929,0.6495005742453838
0.37144649462026136,0.5060803272668941,0.6530477151576751
0.37277934845716637,0.5143208186570324,0.6273907388123221
0.36369579948533654,0.4946878776862434,0.6337153319436898
0.3669907531976313,0.5094746091238934,0.6577566254492713
0.35679078395718805,0.4880608274685455,0.6390465935652275
0.3858122434357232,0.5040117524862611,0.7752984300228901
0.3501840003550488,0.5024403102369567,0.6277607447686545
0.37801320181543374,0.5356883394841006,0.6676525305128581
0.3517618569636952,0.4950451183986733,0.6555370055572359
0.36352379402421947,0.5146520186338784,0.6297826073006121
0.36200622385055625,0.5106804065640024,0.5764925460672932
0.3573005882926361,0.5055505870320857,0.5872306647253513
0.36100931460999325,0.5151398033456461,0.7208162249771103
0.36303578763980354,0.5063266830057149,0.7440601409446659
0.3388061687815272,0.4821982866526782,0.6705768933803528
0.3512130715523465,0.5177648805722637,0.564963193861766
0.36226067834504,0.4802310337791554,0.6228846147993341
0.3470715198095666,0.4818206713921404,0.5938436655203292
0.3577892942031054,0.4985165933105484,0.6907015829229364
0.3492713564179779,0.4884485707104765,0.5879964812053697
0.3669508460319332,0.5084866173658991,0.7779974132234685
0.3478105705563912,0.5065433954632302,0.7575896478364492
0.3621909305002887,0.511538570138974,0.6566972209260264
0.3543126197534036,0.4821473743177969,0.6907253503243871
0.36408034880564716,0.502595907182391,0.7048290051297633
0.3555200810412255,0.505475295631055,0.6509642056638976
0.35517845899094547,0.4859005915622118,0.6650257318804763
0.3428451256309589,0.477191984614376,0.6345157352717363
0.35938448960847674,0.5057582627774295,0.6354566833712182
0.3494297195534568,0.4964465643953432,0.6625860296317236
0.34465325622784265,0.5086387796789591,0.6181601214455523
0.36225205813372263,0.4977188560803061,0.7604386401427097
0.3548014427042046,0.5030692572896686,0.6775752379618041
0.3567126178808164,0.514435516733345,0.8859796737399201
0.35087857487263835,0.4827417148192704,0.7739149524887402
0.3614819718495926,0.5164094851907007,0.6797637877418188
0.37499480581494693,0.5039400149970796,0.6944387036247069
0.3671175181897921,0.5219968211529593,0.7048131404395739
0.3621866997414658,0.5240572418704995,0.6883306392757369
0.36052544161493094,0.5056979227478151,0.6220475380232773
0.3601236259924576,0.4938449803247916,0.7007420455448874
0.3620238347939807,0.5022687977885546,0.748002448485146
0.35642129765060915,0.4973103080319883,0.7271454981236927
0.3497396073038017,0.5044080316252829,0.6703460310817139
0.37551021746783886,0.5043564443207771,0.7655762055945388
0.36893183861276413,0.5080965247657027,0.6414216999352249
0.35972328957176836,0.5204364107987288,0.7478031614050766
0.3657206693154737,0.502109991240874,0.6773146576445137
0.3706686122175209,0.5159592111602961,0.681874963143047
0.3640218858528065,0.5095930459522495,0.6564362700116132
0.36437806702811343,0.4966726193227111,0.6633311338144398
0.3715145623726341,0.5177833402997928,0.7234309086975163
0.36236224241425874,0.4714376851521856,0.6552725334157343
0.3606512453532329,0.5017662247085881,0.6305003955212355
0.36807901614395205,0.5379020830431158,0.8537936902060883
0.3568410483054862,0.5102207501042401,0.7104446779201438
0.3592942136912296,0.5154305680526883,0.7852677148134097
0.36444714419258273,0.4916367351493783,0.6628774523453705
0.3732636389534132,0.5229765498646334,0.6908812444591114
0.36714196773547914,0.5001783683776394,0.631235112384201
0.372128232510823,0.5203443214209932,0.7379275848447961
0.3947481694161706,0.5121611422667517,0.9073351265476359
0.3849111498873525,0.5176690263146471,0.7544114486950013
0.37868087919354465,0.5306519898081635,0.6507785054609486
0.37648936448033327,0.5148485948647394,0.7130073280019815
0.39537776620486853,0.5449980909644895,0.6636447786608737
0.39266606328300424,0.513951267093955,0.6931866340526728
0.3935955321709615,0.5270126592186738,0.7603240103169071
0.4114085620791554,0.5090926532539858,0.7271662399395489
0.39900021569368915,0.5387122071100452,0.6378400213572338
0.4128907788942398,0.5545108643595517,0.674094041857948
0.3946301430933763,0.5347139619393426,0.806697150695292
0.4049902884912056,0.5296243787393836,0.6905078056168249
0.4090936685650257,0.5322543998648713,0.7164380996429474
0.4144773954076673,0.5280159186439553,0.74806900419082
0.42365178600026243,0.5479055640715033,0.6478511711771999
0.4091516466791913,0.5367086305625671,0.7041680915364124
0.41546225786688223,0.5403658881055662,0.7868897238931298
0.402791906666744,0.5413181349159211,0.7992616364455695
0.4017453195131748,0.5372880384493481,0.7035857358671674
0.4209181448796083,0.5721533722425282,0.8550618158334838
0.4096702683012112,0.5240275233177564,0.7672256358821048
0.4022025151586752,0.5426028746930978,0.6952469626545866
0.40708476939737764,0.5096810184852806,0.8553329757782565
0.40775322781294987,0.5580221405215373,0.6998219501540749
0.4053248341031776,0.5455279771095559,0.7873295378337101
0.417330748803015,0.5308267140291063,0.7522444105967765
0.41243775558119666,0.5173991926545327,0.6885568646681981
0.41238638553539103,0.5278745402077692,0.6590962480381927
0.4010534258428064,0.5301571826170244,0.7106288218006712
0.4056573206690953,0.5413946414785179,0.7510715568026367
0.4161073794459619,0.5285614938373535,0.684572392639161
0.4118194406605474,0.5304875062205088,0.7174362053156158
0.4263984276085296,0.5453610555707045,0.7905161755916809
0.42417858353395915,0.5712338916789579,0.7733420361881403
0.41482589833000383,0.5576352392356418,0.7822963898019972
0.42973282196452883,0.5729278861089345,0.7874141742020067
0.4146162735724866,0.521992742055805,0.7651864238354813
0.41820137913091626,0.5504564786114104,0.7905065850448186
0.41894459211027396,0.5555744577694578,0.6935469048948225
0.40752642842146697,0.5395446561309071,0.7401397257936277
0.4258739435580933,0.5552233243014157,0.8450377237092315
0.4353359428565948,0.5606708595878195,0.8185496933137546
0.4129348596667802,0.5453786681729773,0.6778116808931409
0.4213193424885391,0.5542514503888563,0.7091481235291175
0.4172565060314817,0.5715057960004972,0.7592312142526619
0.4235072797694474,0.551387296346205,0.7745337081500927
0.4364969594388382,0.5534912177987631,0.7839796104090201
0.422149127315606,0.5646215315492781,0.7867859595664646
0.43380247530799815,0.5909291444176522,0.7574517348911636
0.4308290683202566,0.5523253882659822,0.8047727812340529
0.4210031006078626,0.5866408203324509,0.8031620767734838
0.4384586552356818,0.6026616851517109,0.834247636827041
0.451414630309505,0.5689708956525583,0.8474196981548611
0.43544138084152734,0.6193046172374147,0.7131527530724833
0.4314512792480664,0.5735854367233086,0.8855699844377527
0.43992858361959064,0.5732968488918327,0.7086962764703997
0.4479118495203585,0.5676001550286326,0.7979605947678757
0.43651036033931,0.5933391394609798,0.8005639215029018
0.4484630404530195,0.6041614351415564,0.7754169877364752
0.4437222942808608,0.6037669200905428,0.8108698346955387
0.44541051529797465,0.5959515927638112,0.7636567292760356
0.4467694449621671,0.5798349088637832,0.7282459779342115
0.4453585062316406,0.6015906548155234,0.8607672584252093
0.4374650802905816,0.5788882323672894,0.7748217619573246
0.4573265223136665,0.6162213361634019,0.7758355003408178
0.4326244351084679,0.6050555036878467,0.8763114896616291
0.4475773083632841,0.5878813904464895,0.7777794746831713
0.4359243652387787,0.5775957106418781,0.7647077837477607
0.4382091885592568,0.6294968843387764,0.7342496999232307
0.4574242176488501,0.6195099868101326,0.8822131350426892
0.4659213705634683,0.6138720733331745,0.8341932424067738
0.4864758640632111,0.67028705282856,0.8505434093871679
0.4653723691460555,0.6474771640559134,0.8148223517766433
0.47283355253040793,0.6455984786881074,0.7521008984299139
0.4777497460245006,0.6297475985708505,0.8211537286258769
0.4656915083148247,0.6251586667679906,0.7804817851348753
0.4649809636113378,0.6313906042607854,0.8447650787921581
0.4759097115613152,0.6394091750713864,0.8596207941157248
0.4753505705334857,0.6617708946047471,0.7604633339537789
0.4593009947927824,0.6332469618216805,0.7972670316980305
0.4734835596268903,0.6485488360478516,0.8003164405192684
0.502229234320515,0.7025941592369901,0.8273923792030808
0.47567369664539355,0.666098752082705,0.8021336586879318
0.48755268591531886,0.6633562380071634,0.749518111952788
0.4806288985189283,0.6600668945440283,0.8248978607920147
0.49125092080011684,0.6551583273586742,0.8162000337283045
0.48539957514599835,0.6604779903408103,0.8794503740463593
0.4954720994541772,0.6522014009656592,0.8203878643364311
0.5051375165934046,0.6695493696953068,0.8790918197058586
0.5210356026914585,0.6788248424440725,1.0083795188694262
0.4929658555379836,0.6871045797981327,1.1574308588603406
0.49960573719452867,0.6907951275887612,0.8395968650981662
0.4993787776770479,0.7012062289318456,0.8148334965777653
0.485264840134893,0.6880975092055621,0.8306782781710615
0.49960339217883887,0.6840258405934148,0.8281023880024384
0.500916208471549,0.7165265421167522,0.9376790626551906
0.5265816555312484,0.6988941912409878,0.8930698894018683
0.4934269470758849,0.7127452399760168,1.011788487108192
0.48410884439931834,0.6711838042911472,0.8095272990331926
0.517102260827921,0.7210396559656944,0.8292692159133965
0.5269991572571601,0.7148673771516093,0.7782198693792359
0.5239765903599033,0.7008991011169471,0.8547448535237738
0.5219426289213588,0.7380251958900216,0.9015361994030952
0.512316509008724,0.7564557085655843,0.92224856554614
0.5366105583117944,0.7399682416866834,0.8954114750747109
0.5430606521085608,0.746736596157747,0.992383297255808
0.4985703928872084,0.7137842465466792,0.7937195996082704
0.5413135028695198,0.7632649859405141,0.8697623394616986
0.5594325835467469,0.7162379281524488,0.9703721346492854
0.5802747262096453,0.7629771621219652,0.919376279366446
0.6037827574452586,0.7701100601358054,0.975456028270968
0.6444171112964494,0.8230867430404714,0.9746219071043016
0.6081377879733085,0.8390655403486929,0.9404742845739692
0.6403863690763738,0.8307952854167753,0.8968374802062153
0.6576276010639465,0.8724320243235744,0.8765448180776342
0.6276608623910875,0.8679979092150921,0.9952297510834621
0.6600314304276182,0.8961876948360706,1.113972413886783
0.6346660626166002,0.8803108318173171,0.9839843872547006
0.6229610830451706,0.9104685741693548,0.9450649268800936
0.6697546650339106,0.8612734574511492,1.3428275209336824
0.6722530971878936,0.9280726831557692,0.9685639869172
0.6316642456276275,0.8850718320947926,1.0253305329718645
0.6416358947602495,0.9000181783169061,0.9900722601129311
0.6169107965202448,0.9118090087225066,1.0270059675667174
0.6500734873383432,0.9038671185028168,0.9017771209594814
0.6273109332518737,0.8861255505688423,0.9851905656069694
0.6546038454830448,0.9258453153915212,0.9767478833244688
0.6406690207759567,0.9010404061702232,0.9828575800218896
0.6730250542745214,0.9048969078245771,1.09818351665878
0.6751736631173134,0.9425748329892482,1.2787944753942118
0.6614036079987425,0.9529168699239507,1.083706794854322
0.6442199474198936,0.9129677522832428,1.1468526499884475
0.6521485612143647,0.9506214222668236,0.9488516567519392
0.6564133198822407,0.9690295208931016,1.1243973687357995
0.6097378389652082,0.9300834701014006,0.9312894739891052
0.6110864970725249,0.9399953695136364,1.0604111987352902
0.5837699630903084,0.9958675015759868,1.0376701685212923
0.5703577502138863,0.9774748370447042,1.273447235848532
0.7128110004207417,0.9878659782895084,1.0169933085932434
0.9023120266508188,1.0604531171584852,1.110753029976066
0.9939519287652411,1.0839147825402833,1.3838984251601008
1.1909578401447445,1.2098315253819174,1.533183356040268
1.2475470635819528,1.2964743029800447,1.459788227598044
1.304319492472219,1.3897107013815515,1.5350705410734289
1.2413313416298577,1.2465463059108808,1.5316262379090246
1.26103647586547,1.3283045533418978,1.468477866291365
1.2379759298323016,1.2834521579025917,1.4735126528477545
1.216674237372698,1.220881600149809,1.490560213216752
1.2345815010733208,1.3328228588144413,1.4470608373506804
1.2696355726186495,1.295993248242484,1.4857905858716782
1.204126559346518,1.230660631670384,1.5886345731598992
1.198226163744203,1.2313970324977097,1.3843522848809442
1.1528694759093876,1.2799228221959398,1.4229854908836497
1.2240640227908053,1.3098939445829074,1.3513668398732241
1.252700344851769,1.2660185097747871,1.6729415534441656
1.242472777463587,1.2617526364188212,1.5360303599238905
1.216375048230151,1.3019572589848452,1.5320552916992451
1.16572204129072,1.2164841288023118,1.4943947248244998
1.2350158855414328,1.2213085851758951,1.5426292712473093
1.2255564163937485,1.2336145321940828,1.4071936891615917
1.2246668748785106,1.2412589029695298,1.4556312288857836
1.1936059842873636,1.2281073747412434,1.5532915732155193
1.2368008774474961,1.3032786351919927,1.6780752451990066
1.2033797588199677,1.2173807876133336,1.6735510162481684
1.2485893822089005,1.280299276744019,1.4407028137543043
1.2214530340363918,1.2250132403311154,1.5100252627867983
1.2613700521884161,1.2346415255105976,1.6271702563299832
1.2275491967172698,1.3011705485131912,1.4685769489989893
1.2614433708969386,1.2435498725687022,1.798874624535001
1.2117784820991013,1.2379272917647872,1.4390190414860036
1.2418498718499327,1.2278580520194189,1.5518118321778231
1.2083499418949841,1.2576878683583743,1.4092298447411156
1.2136468846644104,1.2736862756780185,1.4529717240519389
1.2409827671648126,1.266130641377725,1.6121005454653303
1.2162820119131599,1.2331572573244491,1.5572482603323166
1.2101162872551354,1.2357417456441189,1.4770153955893282
1.2318896945393774,1.2823705936853715,1.5459152003756629
1.263360024775912,1.3056677106286865,1.4580708021553648
1.2727024468530788,1.3255115207356585,1.4790219039617991
1.1738908891917945,1.2315851667186852,1.613181657303976
1.1923197953606868,1.2739794418771853,1.4976451103636577
1.2365130172791634,1.3046880429892824,1.3876053675670537
1.2772010385427757,1.3599207550469958,1.492264642876752
1.2439718488471074,1.2399141830935512,1.5116743811574918
1.2992144130038747,1.3122194716773803,1.5121630583931762
1.2198955226740427,1.2225428054804983,1.4759462297983827
1.27184991350722,1.3006115649542804,1.5081337490225355
1.2716333636263955,1.3507475727333982,1.5731142765645283
1.2351860866625424,1.2874038113280313,1.5308367922408361
1.2577503415952151,1.285724597973786,1.4846825004401665
1.2772977668791996,1.295420146332626,1.5527317544440962
1.2252178198232249,1.2526900529688674,1.3695367186916028
1.2600999676456908,1.3001970394981148,1.4498689242745677
1.2690720394393664,1.29322142626015,1.5209653662578149
1.2162046343130422,1.2274203580501206,1.5080821876323287
1.180812097583245,1.2727665073092609,1.6075095660617214
1.2350244301956643,1.2781912038575265,1.4316589351718836
1.2174103548624229,1.246830355808334,1.5384460459959743
1.2041818825338786,1.250121931196308,1.380581870139136
1.1903226816769807,1.262513956423944,1.4574375076087152
1.1677994353435244,1.2195865092315905,1.4612866195958776
1.1677974206228283,1.2572302223866911,1.4091925673016326
1.1870969845082453,1.2002706874143714,1.3719033138158379
1.1777036685919116,1.2017796572067885,1.804327881052757
1.1954635208335918,1.2442994111915415,1.3569750343951208
1.2055647784481769,1.1930108131126538,1.5891384437844087
1.1909295376398006,1.216808913943675,1.4058640513477356
1.1970411997935306,1.2501041989223107,1.357643071725049
1.1428059429256399,1.1573541513626824,1.4639019601961536
1.1924168924407759,1.2248555322212358,1.3598220636184348
1.173907727474498,1.2090117812181451,1.3473950393359002
1.1796211118760553,1.1868853763291631,1.408109535706426
1.173763821098728,1.2245494525247391,1.4015490567672535
1.1852640023798682,1.22497905380917,1.3564596590985116
1.176979103402915,1.1941207263524438,1.3546760160372011
1.203067038949319,1.2175053720565243,1.6763497726628611
1.1683001118446754,1.2742331709328634,1.4074446502101268
1.1964314711447375,1.3174460824437313,1.4503359338527002
1.1659277085916384,1.2154630345484887,1.3609729109501645
1.1807927600871737,1.1997964560273064,1.3391591243942742
1.149138146184786,1.19515460368689,1.3786343566273382
1.2224517852917747,1.2434642888007603,1.794328791005212
1.1553730491866003,1.2582992423485502,1.3003072611890087
1.2013686704008562,1.2371361912182666,1.536737635822612
1.1530017985043688,1.221488696547704,1.319264224767518
1.1285994376231157,1.1751833727989152,1.3471492164576353
1.1424035471361915,1.1855317045814346,1.3419294216495334
1.1419379498921316,1.1977262247086318,1.4127422057205086
1.083921453629011,1.13627171826852,1.4511773438386313
1.1243098608065325,1.1741443745319269,1.4285206121919385
1.106615373770905,1.175159610123919,1.3645798891413927
1.0529345254447058,1.1280401373640672,1.2627315316621317
1.0995525572719425,1.1426918385957752,1.334269474434985
1.139196247642696,1.1957082616933423,1.4534508721356398
1.0824764160982443,1.1137740183278606,1.3435619212654464
1.1033222491712729,1.1653159670501925,1.3352448909682608
1.0856677432364463,1.1064454843766107,1.3476679709520152
1.0144209386788325,1.133028488621746,1.6138689345619324
1.088139153961756,1.1367930406909794,1.2543837943115164
1.1036373439328404,1.1231600881635948,1.26730217245117
1.1077725519461785,1.1032112413602413,1.5291831316371325
1.0898165035893563,1.1316844457802555,1.2918454383024258
1.076562631354077,1.1182895416089629,1.33621578571837
1.0806081655854265,1.1393104294491698,1.282045799959929
1.0931676012054974,1.171258474659624,1.3298403286900768
1.0926010549115275,1.09755598248741,1.4240570259613758
1.063609690567307,1.1793267335568454,1.4608073087040132
1.0810035109093394,1.1243865162241855,1.341314239864905
1.0720669630351376,1.100658408413751,1.2143717830885767
1.0948468126322404,1.1456708290477065,1.2557976669514168
1.1250727029402454,1.1796909790179,1.3432175742485557
1.1135580676668377,1.13153419256355,1.365340653651368
1.1355253922982724,1.1538572600337198,1.4231718511773694
1.029753035341211,1.1377875347300592,1.666764427888631
1.0787644148459485,1.137592938366115,1.3063692384731616
1.1153820320227543,1.158900347520364,1.2577713837848248
1.107961311188225,1.1179186581067728,1.351139672400422
1.11026358016729,1.203307789577178,1.3880907551039667
1.1000661785857468,1.1144902229028315,1.2903518188427026
1.1261571664836112,1.152061861794388,1.4581978667838291
1.1260670426480694,1.1566384353527766,1.3155509692902232
1.0980041344966178,1.1651348583199337,1.3419805691065445
1.1166024812594608,1.1345310162289155,1.3175278625471103
1.1088697116971107,1.150857930197904,1.3010348536674288
1.0586468618797318,1.1275259947678602,1.367671937083934
1.0716523822045543,1.1267030993881808,1.4452845959063632
1.105188121603505,1.1068784927599298,1.3816870222055715
1.0964986749592378,1.1131884114707444,1.2592796765470688
1.0894132399965324,1.1154812564942935,1.2412042945999708
1.0882349476874231,1.1199582070806675,1.2625403626116871
1.0984639058868217,1.1271987878598868,1.266655888835829
1.1109470998426518,1.1845355973499598,1.2672832500244229
1.0982893174808241,1.1523511543754226,1.33742450223092
1.072903486513851,1.144407566494568,1.5112308986453422
1.080985587761515,1.1525055881219588,1.2423864910488351
1.130349264188144,1.141783474137888,1.4200406316741745
1.0439183099359335,1.0908413004976625,1.3197490533763383
1.0850912155040704,1.109428717361575,1.2762671808932384
1.0811200907957121,1.1556148084181153,1.2327314375849796
1.0866202287532567,1.1139737546933193,1.2257894008109265
1.0561404157556027,1.0930903401481191,1.221607901965883
1.0285212832741264,1.097690641877843,1.447641980650494
1.0201420568701136,1.0823465089498596,1.2332347350946442
1.003577996401548,1.0333658667172632,1.2723807566763297
1.028374442588342,1.0801504566730011,1.255933533153646
1.0186875155696107,1.0393823736108585,1.2729765338794643
1.043546765666696,1.0977732745683475,1.2567854935672145
0.9971597006182651,1.0342714189912745,1.281759711315662
1.0132707345672824,1.0653871595071784,1.4670911151496568
1.013416364438381,1.074611490763495,1.2469177034803354
1.0077934334023961,1.0740736250650569,1.4264305141084688
1.0054406217965317,1.0601828977586143,1.327370237690352
1.0275314126211341,1.0644735637374136,1.2088940059296405
1.0080030492614898,1.0244171977165517,1.307042735498814
1.0172758879471315,1.0706537524123811,1.1541726050580148
1.023014613051897,1.0690054080827602,1.2930834483854958
0.9974791940419102,1.0517635438256074,1.1788508531571535
0.9839949410253087,1.0082351943614372,1.4293073711960234
1.008573977574456,1.0473713590098237,1.2340213753186604
0.9935776689629495,1.0146530657320647,1.1846565321723093
0.9896313721266773,1.0320093532429688,1.1667113280326598
0.9849903327341016,1.0667813461393183,1.3164918274919497
0.9800541630384313,1.0187081341136386,1.1598740436007355
0.9882166648219248,1.0345499030814609,1.2240847390720375
0.9731404128240362,1.0186557164504817,1.202541683793004
0.9665850975640106,1.0207149437563827,1.4102217683272442
0.9644458142162131,1.0167150672285026,1.1735757437626562
0.9521671665290435,1.0038789609135732,1.1214417388669415
0.9589908273709472,0.9823381944338644,1.327180555079054
0.9251519671177582,0.9828963861265264,1.6058433180025184
0.9343557544973322,0.9989323047564248,1.1710908404351148
0.9558415720328116,1.0459869387096434,1.1575853576851454
0.9373420464826817,1.0005986622941279,1.1802614145424852
0.9358313244697523,0.9845398715116204,1.2639999851182817
0.9380924768038694,0.9888050098797252,1.1373045534773112
0.952160602413834,0.9970036533728692,1.2380244681005304
0.963010381221561,1.006212902460637,1.2170803702020627
0.921769141126504,1.013031600803548,1.4382559465471705
0.972214589355209,1.020423265191456,1.1792815396595648
0.9620385949525689,1.0196865884433697,1.1201174915633942
0.9480193890919112,1.02570268986966,1.3726145097312386
0.9622501127699559,1.0198111824821638,1.3451996449703072
0.9537516448599157,1.0123047211471865,1.1798707863754765
0.9432029532765938,0.9825866558819364,1.1886046174280538
0.9291983746254877,0.9890835662268892,1.37603053781894
0.9815331104442364,1.0090487869630795,1.351070451190192
0.9527094902745571,1.02556909611932,1.1580558453186325
0.9526006216431526,1.0022438217545706,1.1575163924899097
0.9475227633450628,0.9758060139462728,1.1231497654762548
0.9689714407254628,1.019276516344152,1.3456983368874176
0.944222092879476,1.0447412556643323,1.2463478400400645
0.9419853199331638,0.9711068661705664,1.1701033562596768
0.9419513607533042,0.9785785258704248,1.2310560895417142
0.9349913830561928,0.9843001221868488,1.1432724873089146
0.9158085500044473,0.9902097267351776,1.1121806722593406
0.9255835608017537,0.9965956903250586,1.1602959850413566
0.9288198716070977,0.9912755823101256,1.3059889853056066
0.9257673111955478,0.993677133250546,1.1653064754272542
0.9307230016094772,0.9682419911133155,1.1323270396927223
0.934482467709602,0.9886135580244596,1.1525027452842396
0.9301157118122555,0.9765131210610966,1.1111047198876691
0.9344271813534384,1.0008310643469245,1.0896178869092603
0.9356621314977116,0.9919732222490214,1.1620283674487308
0.9257338310936407,0.9677868162463324,1.1368009592660229
0.9342775894357855,0.9978838120532512,1.150937042464501
0.937071478582308,0.9899527428340459,1.1726994447819843
0.9405882364874008,1.006590608379236,1.1850395961806797
0.9150144035900086,0.9726821209526862,1.1181283628380327
0.9385995342869593,0.9986042780872856,1.1917396155416204
0.9186943663666107,0.9973108042732446,1.1657692257134658
0.9411368096214264,1.0004855670531971,1.1163797184796365
0.9253179886005544,0.9646351777044454,1.0983681336213886
0.9446907189862886,1.0005091731206774,1.1176415403837503
0.909243985181817,0.9573283055548416,1.202749149985464
0.9172966298423385,0.9760463026707452,1.0993418354224722
0.9404268266924413,1.0014940079784704,1.1833644718089842
0.9267179833544344,0.987388438841498,1.1141028967279878
0.9201978481905755,0.9616773052647992,1.1655649003663096
0.9207771942921664,0.9859082538324442,1.4521548826589452
0.914338106118249,0.9940016104210634,1.0553558214056646
0.9171160854997253,0.9737413235117924,1.0875468600676652
0.9225546004875048,0.9998909983012022,1.1056285718561103
0.9356353522591755,0.9990043045824522,1.1981209151401626
0.929520623926077,1.0295494258868196,1.1830431013800775
0.910556498524687,0.9801357452786064,1.194479665562647
0.9187099442866264,1.0073312472632436,1.243558851297579
0.9068045442353957,0.9764200748667204,1.0679453435011483
0.9067992987980764,1.00497406255688,1.1094580387031667
0.8955110219554411,0.9485957583699534,1.0965655935685354
0.9214418033448533,1.013948629151881,1.1366324398885514
0.9170348048576625,0.9844544495732416,1.0915562577616542
0.9051557888888608,0.9987676823981384,1.0522234039967366
0.889166471720579,0.9367019987232535,1.0456966105911976
0.885356559023941,0.9467160091653138,1.0938026047014888
0.9027196680295836,0.9982182054974658,1.0943650214701692
0.9088917695208301,0.9913100243106076,1.1358326739298759
0.89220266172637,0.9554093188241594,1.0597362653995328
0.8922560976199702,0.9705012072423002,1.25774432385833
0.9053776192151273,0.9529480720876502,1.2684336872384234
0.8747391346587844,0.9498171013513396,1.0736429770806089
0.8841826710804673,0.9580632795257408,1.1840720045625381
0.8702272298007635,0.9136626656546016,1.1332381477512794
0.8750416110640192,0.9368197243080107,1.1276064253659963
0.8491076228423114,0.8976315427345053,1.2102015761147575
0.8343034237084064,0.882663048871682,1.041993333259682
0.8196511314679132,0.8820040067688382,1.0177799715192544
0.8151546927993624,0.8748271281813704,1.0304348923280071
0.8199267591587858,0.8797160104509311,1.2319738395069273
0.8072967985333142,0.8674263716710772,1.15503054864308
0.807594241377489,0.9215338581799682,1.094073189199348
0.8090283248654826,0.8673461176965289,1.0435421030435543
0.814268986317286,0.8752489790066948,1.0276537015858234
0.8111397689628711,0.8854441698479348,1.0815043280493275
0.8113228729791682,0.8688997538502599,1.0868784195077703
0.8037079735137431,0.8935797300730556,1.194692842959525
0.8006454399556019,0.8547263176549373,1.0050096514189941
0.8116750420041692,0.8904283729105003,1.014837683415924
0.802907681266847,0.8691110571615946,0.9907452173411516
0.8094394314211543,0.8539287434909021,1.040828065937576
0.8114363865470342,0.8820778730217669,0.968862877636554
0.8080775758092931,0.8727296340867587,1.02548499690726
0.8077531516626411,0.8799235560726043,1.0187591812235126
0.808538086598294,0.8655173319415793,1.0336098728116034
0.812095501800691,0.8748140431118694,1.0579662449481966
0.8041800647376411,0.8794221040091016,0.9385708263001804
0.8089407705581242,0.8867136597566158,0.9945989194320556
0.8117262968441905,0.8763751317130318,1.034358547245308
0.8113472838097695,0.8619525660615001,1.20928571775724
0.8181611319714461,0.8990168842161081,1.129583231331704
0.8076726338529988,0.8620669054480555,0.9730821087014628
0.8098791263821125,0.8883420142020516,1.0030144676963073
0.8121385689202956,0.8750233745237196,1.1615033917648994
0.8118156507569978,0.8985342235456629,1.2527752015703202
0.8091164361181086,0.891182089673364,1.0087658089466125
0.8076940741606391,0.8816923464209516,0.9784871267322184
0.7957863129570274,0.8482264936385406,1.080629925710304
0.7932957809199987,0.8573267644463425,1.0792898376277933
0.7823168575802025,0.8467040446439594,1.0389542121052775
0.7779747848866557,0.8698753332069172,0.9840762603892292
0.7792584387407089,0.8498233775415557,0.9232416151876676
0.7711473950381565,0.852261528471774,0.9708053886698771
0.7825485758915369,0.8628586551333968,1.0828053714569488
0.7787474044893926,0.8969236070475385,1.1024238738861454
0.7781807468892156,0.8464248035403908,0.9768170657094256
