window_size_1_MASE,Exp_w200,Exp_wAll
0.31634562555418144,0.5485042063286414,0.4323173311112857
0.3161247912335433,0.5215653233898839,0.4350164935737056
0.30827011695089107,0.5655478209976491,0.40594346785670304
0.3263600860841431,0.6137888685652024,0.4379087150319173
0.3397623441158326,0.5841682699919661,0.4581425832737827
0.3286770794170477,0.5907578018886596,0.444015245596456
0.3441764735790314,0.5508993978995239,0.4711074082300801
0.33338591199705164,0.6122999923538747,0.43989130972437857
0.3497583052537215,0.6037311175475216,0.4852109589848376
0.331565352916732,0.6083155366218803,0.44017600576538
0.32932590119848015,0.5803677929795671,0.4271459199492358
0.300261522005897,0.5973680058082169,0.3972015508328879
0.3247760646019752,0.6121029458773536,0.4280375851901419
0.3331721138196639,0.5911222015290221,0.4417597350550153
0.3169126440578196,0.5443537085159654,0.4415635349708376
0.3146747919152321,0.5633346737318603,0.42466073333814497
0.33155111577551205,0.5584106397332997,0.45376574877016296
0.3434994375465713,0.6124204231398533,0.4661146377839278
0.3136468184615872,0.5453498942734009,0.4199463790676387
0.3345609269146616,0.5827686196721261,0.469047878918197
0.28726879499193936,0.5591602788105137,0.381352267784785
0.3313707883377853,0.5573514873572365,0.4527791810109318
0.3321169829064037,0.5505068323015739,0.4610232819417485
0.32612152893249813,0.6367361881494306,0.4298121808556079
0.3270021402439194,0.5833905162623495,0.45992361084587396
0.3347453124182802,0.5802096456940816,0.4546143599337873
0.3454503081035095,0.5538499695761641,0.4985540845336725
0.31122464505554676,0.5592553565145315,0.4085796938893125
0.3274619645879843,0.6394610648506145,0.4334323087726936
0.331187840601457,0.6070408112949546,0.4342962162227073
0.31833987951412945,0.5576073381442709,0.4305136165955645
0.3158916749937362,0.5699418500960394,0.42356214142487614
0.31923734959775024,0.5882361746194826,0.4264728897021744
0.30121198190951326,0.5802524008387074,0.3874693693541799
0.33857181023299726,0.5649323407913914,0.4651126931029619
0.317564152103861,0.5739319435239879,0.40988249556857975
0.3187520843984311,0.6250534931175029,0.4211467527468621
0.3417567485586086,0.5929914010561244,0.4650985776108534
0.33140078044893967,0.5844316393133421,0.4510244882649628
0.32859473190746663,0.6066428250142628,0.4484939464173697
0.319983627528613,0.5665041757607898,0.4430476179211228
0.32183525174268446,0.5386051440109407,0.4516456649572973
0.3220708058346433,0.5680520877163837,0.4347115884869794
0.3168800698603181,0.6100322604774409,0.4212658237555839
0.30993502710473125,0.554931434752247,0.4002154954009904
0.3339396346832643,0.5928241825042494,0.4337014507583569
0.3188831029458517,0.5668809360850484,0.4367333204559025
0.3166266192190903,0.5609336074285114,0.42841826204067207
0.3184327351528826,0.5748964014485771,0.4418554474378973
0.3366860527504191,0.6031128598718526,0.4529186644137321
0.3360448347233862,0.569489850312793,0.4667907008635673
0.3174614497688027,0.5618135923161273,0.4389449140027744
0.3268972229739447,0.5243253082820882,0.4427942276609734
0.32412638503679425,0.6211491352094997,0.4353857568996419
0.30551264880101414,0.5828803508778959,0.4062064021163546
0.32418723679332134,0.5622031910909591,0.4435094798974217
0.30140699957888256,0.5676645252318104,0.3998526766103005
0.32331389562058477,0.5698189014951116,0.4461357615756997
0.31645645550643153,0.5733541467428956,0.4379841782673804
0.3271999783111156,0.6004726503438313,0.4472842758057603
0.3486164019554962,0.6001028426843721,0.4771541415822746
0.30719744375010516,0.6129856359603787,0.4136337207331575
0.32412488712284926,0.5578065429285877,0.4451857494551819
0.3284023679845085,0.6050298999785783,0.4272621587576528
0.31904862821002916,0.5890221839198228,0.4376528228545803
0.32157307513340005,0.588514572035875,0.4249247314275402
0.32129092118938063,0.5548864971557758,0.44549754411441467
0.327646463562115,0.5270477493826633,0.4556735113406804
0.31672405474383103,0.5469644597119386,0.4255654899056357
0.3233086559857425,0.558962796221093,0.44778709241293796
0.3189275320949937,0.5918357090905139,0.4296720930989221
0.31387896155583656,0.6019880136339149,0.41354040014478977
0.31928315499175697,0.547113814290781,0.44536722851516536
0.33079978098106877,0.5654641958133722,0.4358424426572687
0.3411031373802115,0.6060784291958897,0.4738827649467121
0.3085811464245804,0.5606206029770242,0.4342898441285677
0.2968013476540333,0.6024582621442501,0.3808841950167951
0.3328811161029799,0.5582979153336989,0.4604067259162438
0.308025161316174,0.5680993396533663,0.4221234714368503
0.33094151357439516,0.5798100899110409,0.4508627168437888
0.3229437218367096,0.6006776654687415,0.4297129130160647
0.3155297604984216,0.5855922025062401,0.4363180858947435
0.3143862047713518,0.5714679463979673,0.43069402414058905
0.31265437429740445,0.5793294860621312,0.4208745737868051
0.3388171238670486,0.5549357790089274,0.4737395168133798
0.3049941252341556,0.5656338067749339,0.40148305317366817
0.3113267299321556,0.5538941191493454,0.4288759591872849
0.3225226146419691,0.5578623943844889,0.4399201353645572
0.32666249748027026,0.5580133975069053,0.4550773012128845
0.3331992012424039,0.6155353025596135,0.4581600634482091
0.3162497090969258,0.6719979345080321,0.4452193734606576
0.3097880812583753,0.5629382684273443,0.4284122231240937
0.3044778139298569,0.5435341813258194,0.4071467059021928
0.3226439317486039,0.5580232304927621,0.4600175619412691
0.3283521316471155,0.5791434151951699,0.4532981365014813
0.295948245305945,0.5856432795496473,0.3892939471252623
0.32498985030693484,0.6286875451828028,0.4379628952885168
0.3006062813072621,0.5474113120342059,0.3994976030102708
0.3071477121640833,0.537058724119498,0.40717374504170784
0.29419734543233245,0.5906328401287383,0.3839301123042035
0.3072690360423001,0.5494993132905607,0.4152839038719479
0.2962834848368744,0.5629648884275383,0.3856657093273688
0.32848066398535336,0.6112519350215981,0.4653374640330538
0.3051647092093728,0.614584867660667,0.3984895418432049
0.30611434631122736,0.5716059444951632,0.4102938629243724
0.3261071466708442,0.5538939413983378,0.4563978473190054
0.3277836188873504,0.5900919948979785,0.4443830882018467
0.3057432704628367,0.5829158987622933,0.3951062867288211
0.3084331258448052,0.5748094007482228,0.41621401110112827
0.32589125062458946,0.6060625328084434,0.4333489580220597
0.3278778351781225,0.568610881158432,0.4603554679744616
0.3256742476477956,0.5784904158096293,0.4508570301747217
0.3283139171508109,0.5362965077629408,0.4562351488917952
0.31905312413795944,0.574009003596821,0.4402281983556661
0.3215787350202721,0.5778580080371486,0.4308592648440723
0.3079925102105224,0.5541473605191573,0.4106243812248263
0.3274851251532336,0.5692596101058558,0.4451285500527492
0.3371100928684171,0.5540239294207182,0.4659711865039857
0.3109738131531261,0.6007497262325036,0.4175247737358937
0.31412761804969674,0.5714013121466233,0.4309232302955936
0.3236387442373584,0.5634773675027391,0.4450035740681265
0.32053052957053596,0.5814984227890438,0.4390346206701883
0.32845120960888946,0.5449127528486937,0.4736068403345062
0.30226192538302293,0.5824274364012045,0.3992460791575829
0.3455523672210233,0.5782212995546367,0.4941191202445603
0.31847649404019834,0.6054162613130006,0.4443301462188917
0.2889699115392208,0.5449914841757783,0.3818074197333942
0.321912380909795,0.5643325172599447,0.4393746858020161
0.325889923597173,0.6174364307110042,0.4377638186154904
0.30324371247065707,0.563079392909826,0.4089541260826443
0.3278695376736261,0.6046254068485125,0.442964610895068
0.3230932646541859,0.5795721498326566,0.4320921355924388
0.2945113322638619,0.5748359811861757,0.3765444434211586
0.3165336723169214,0.5721089799333927,0.4411514022827723
0.31311232593392285,0.5730715303376115,0.4228602265378779
0.3185319619089117,0.5775228907684944,0.4332580034374612
0.31769572522727474,0.5923438756979849,0.4372416395710916
0.34295410449252806,0.6133510980644451,0.4705738204065663
0.3291316683498108,0.5637982138165959,0.4473273319531139
0.3232845980889264,0.5811205701401834,0.4333927798742113
0.32739425590733334,0.5938419140039926,0.4222291070088121
0.3043750368415317,0.5656953399915592,0.4184442092386439
0.31510630374008736,0.549296945900101,0.4194265932724848
0.3141670097431843,0.5912574189966056,0.4237608307196284
0.3261196516661468,0.5639507939668237,0.4473390170358264
0.3256471014907639,0.5404593902147707,0.4439996690393183
0.3265299628767979,0.5696096728960605,0.4500581301498633
0.3141306680421029,0.5987336500464631,0.415420087427154
0.33302246538729885,0.5849928604292695,0.4510079694617224
0.31293626680431097,0.5946103915336954,0.4128602989708546
0.3136610834853816,0.5857925461907242,0.4131556540737487
0.3287618616357515,0.5698211847213576,0.4529349503044578
0.32389367801609914,0.6344036421527018,0.4376882148553126
0.3228045099834664,0.5995943092811686,0.4293864729815257
0.314373012365408,0.5394768130666779,0.4434015939876804
0.3013682972854282,0.5808030679454536,0.417099851318561
0.32488644227615526,0.5938127125459755,0.4362436157569842
0.3412876100831468,0.5695003674380815,0.4763559634634893
0.310569398165461,0.5656445952616574,0.4103016370754408
0.33311636659170374,0.5880445886216384,0.447031271663886
0.3138172586220324,0.5949663053706766,0.4107969547038132
0.30985221057683643,0.5621612283212432,0.42139166472822537
0.31757972836950216,0.5885611965857261,0.4135376343122079
0.32085747701406403,0.6162921266987625,0.43687132824653613
0.32499313679292824,0.5830836119697633,0.44426884325822624
0.3258025463282314,0.5726183149898988,0.4442877219946724
0.31955774176140445,0.5626095650117183,0.4343803248744332
0.32128768415080605,0.5930593169555087,0.4319807805753826
0.3349442211420394,0.5879624749936556,0.4588120871500505
0.31727396145657477,0.5420683447291595,0.4313694694880235
0.3063749571426511,0.584551762650056,0.4147430603626847
0.32383562959988976,0.5647075508893394,0.4415194514054621
0.3280431595424435,0.5923914860589433,0.4509312533525667
0.318768417805395,0.572756521587097,0.4363005193848036
0.3175204695885106,0.547501830808978,0.4509238743204815
0.2974787832795619,0.5534260306589157,0.42051660268524826
0.3114488089089792,0.5508302769955652,0.4373050404497101
0.32743433956096474,0.5604467086958137,0.4570222303683592
0.31121127889007005,0.5210201402536819,0.4507676732725651
0.33720884749557384,0.5715431973455523,0.48247726134236296
0.326113481280836,0.5533419295403206,0.4456952613912689
0.3293140552140417,0.6086776293059458,0.4547525220974016
0.29642941401402384,0.5607880476731262,0.4081347627447041
0.31631540789239254,0.5413023632333795,0.44157063610099256
0.30434219500226556,0.5326282007940477,0.4069943626062975
0.3342424328902556,0.6263597182110225,0.451795015209636
0.3180470947874055,0.5879185688096644,0.439882611101473
0.3155387494061779,0.544381872081376,0.4296037916585563
0.3268393057236409,0.5998405689527979,0.4400255259164487
0.32265192022144407,0.5221409082507056,0.4435109840664804
0.33582002952918033,0.5958640172566073,0.4805997546242018
0.31584849357883144,0.558822035024003,0.4375241648751584
0.3077836601029416,0.5966094732846368,0.41980097051292026
0.31558847913019616,0.570782293165187,0.42642733671917343
0.3098169201573517,0.575330679755008,0.4189527766500156
0.3186760273960713,0.6076602429131154,0.4426338073771893
0.3181145164030624,0.5405351670924842,0.4480370978467009
0.32765408465091683,0.5749727232145174,0.4505468781925834
0.3326529499320277,0.5836748279140178,0.4686688117037859
0.3100234565083635,0.5605973508100299,0.4155719148842827
0.30682335216141177,0.5639348537348805,0.4216221151296233
0.339518258289159,0.5944688529192051,0.4776901329126256
0.3051636224157014,0.5689275588508147,0.404528949539899
0.3326940978919329,0.5495166736248442,0.4769649885486512
0.3570349285318446,0.6142585040941799,0.4988278170108703
0.30750333752328474,0.5914059217808264,0.4171534225723725
0.3322823100985448,0.5758699131517055,0.4556351107579949
0.31812167384854634,0.5701685380358721,0.4373061058012756
0.33151117950269543,0.569119845231972,0.4636038494398671
0.3264863464756448,0.6142287581153011,0.4541102897236488
0.3149365970474897,0.547516409870493,0.4404011227149249
0.3336473388665294,0.5878893256774057,0.4637984074444156
0.32361749330970907,0.5788098487882055,0.4556342777464734
0.3339873668791888,0.5768099354751758,0.4644396443369784
0.3201966265415062,0.575448779298599,0.4414634950925179
0.3096534106220194,0.577982245487729,0.4258438801968802
0.32141586359184204,0.5823431364342404,0.4289572125123892
0.30836527065738073,0.5737074287770065,0.42084214420033467
0.3072387458385546,0.5415220044851351,0.42394047110601796
0.3390468292893638,0.5800813302780967,0.4715812825759407
0.3010768791182026,0.6153183824830738,0.41193648362602026
0.3255568702301909,0.5621308971015777,0.4518586006150638
0.338245674353913,0.5954917728763897,0.4606367068745776
0.32914516326417353,0.5769444782451609,0.4693916221987775
0.31012662679683184,0.5907647909235966,0.43559190091773536
0.31219776660909704,0.5716490678355644,0.4213002455905599
0.31259392818462817,0.5789223076359284,0.4267942252927219
0.32669562189631635,0.5755750802707262,0.4446803821987204
0.31010936637955344,0.5864806329089969,0.4222765212554905
0.32508791553758115,0.5421517469731477,0.4548288137054192
0.30871918649245017,0.5546259514548387,0.4273319590104638
0.323123423032701,0.5822341049216917,0.43457719188296506
0.3242408560577208,0.5717699407199502,0.4412954834284703
0.307003927171893,0.5640797693451772,0.4094709828665649
0.3126815591605039,0.5625807595895947,0.4387845537751969
0.3102666770915789,0.5433879768465185,0.4230334217058296
0.32081297754947813,0.597142359473969,0.4226877827197728
0.32818426031439357,0.5664448691121274,0.4535045691357986
0.2994257410524411,0.6022245312893303,0.3985266349843247
0.3264713307396365,0.5463205634121622,0.4717890264349421
0.3240386728972119,0.55380686358686,0.4574947348916096
0.32746462150214745,0.5879858002482405,0.4402674406796995
0.32642567354011676,0.5836355873320396,0.4490243699895224
0.3226218306201282,0.5646876921997983,0.4445644595539694
0.31973605772957603,0.5600942345572635,0.4472889546563239
0.3033947737058061,0.5549481780494212,0.4071117924361104
0.34512578430221963,0.6188653052850044,0.4768179397563358
0.3471063724764477,0.5560733699910797,0.5037921514269523
0.2924945879139347,0.6038900264515593,0.37707397901085776
0.3040937678330979,0.5576004680086362,0.4049243784961003
0.30974977085502786,0.5833803252422434,0.42703197015967503
0.32492741491950594,0.5763903773683454,0.4671700045559452
0.3172137306277134,0.5469417224178555,0.456518500526631
0.3343577701045754,0.5432016194065176,0.4647043013187737
0.3079964192403765,0.5671890622681262,0.4147539085696916
0.3057815461551518,0.5486495349699119,0.4316492540926854
0.3175211160350649,0.5914419847134851,0.4240771260507678
0.31098165926019694,0.5648250096993735,0.4267330674109679
0.3324146194561838,0.6215273062637111,0.4567687205344346
0.3054738766872809,0.586525701766653,0.4020739358913005
0.3387836410556697,0.6088214433952346,0.4785933484326872
0.31137021201701454,0.5848924425997866,0.4359790854283765
0.32140129501704223,0.5926860845465263,0.450329339429578
0.34618849755091474,0.5909213783378691,0.5081373700894093
0.3255202904914409,0.5866674411734629,0.4576226744372587
0.3302516477381168,0.5887517759894644,0.4601044705928725
0.34633809989102377,0.5454553360266263,0.5097140769535984
0.3257460169457547,0.5560168811446892,0.4619811199726213
0.31730726763288436,0.6036063448380397,0.4310115770029592
0.31042159413870796,0.5745528063857602,0.4448496911065303
0.32518490915455994,0.5631871203375333,0.4592326700214989
0.3031449282239308,0.5922195183086586,0.4216927628486856
0.31628455016023693,0.5539078510311402,0.4387538911376711
0.3434804351382158,0.5862879763083567,0.4884271153155308
0.3157418695982471,0.5379769273522014,0.4320154170074396
0.33106035470969,0.5632659010412534,0.4559550016628453
0.33968262465397614,0.5516372605809223,0.4961075667268474
0.32444737678084323,0.5983817576457467,0.4511535682434655
0.3354089434603102,0.5655663007455203,0.4757536094867605
0.31704121161038473,0.5940426363920913,0.4314080269098589
0.3298836317681374,0.5928985242629959,0.4573009568746715
0.3190389676553264,0.566250280439241,0.4371366033189221
0.2903487446934008,0.5654907394341082,0.3919096489886645
0.3350279204916795,0.5702426608387691,0.4777069537957921
0.3075355352170425,0.5813888263346989,0.4276676626512023
0.320220524113191,0.5725143158184108,0.4614293399598454
0.31664470103977055,0.5684441185652607,0.4428922684207518
0.3136247274307222,0.5886674335167794,0.4344285322234019
0.3304615089465145,0.5473890106930631,0.4804793536169568
0.3100349154932448,0.5896447928546202,0.4244810905834809
0.30498804265922463,0.550215443036623,0.4107075263026681
0.3379999001447876,0.6109388238957425,0.4592404030591788
0.32056511884440697,0.5918788025503581,0.4494538354233776
0.3079058022942535,0.5797630965014544,0.4096269391871034
0.3116813799265045,0.5905862216962204,0.4143340269666895
0.3293390428160496,0.5930788460496841,0.4736233748083454
0.323002048205201,0.5613840396176795,0.4484438105753161
0.33570708633092683,0.6177221516825697,0.4662749008549541
0.32464726855875997,0.6055566918461723,0.445319864483708
0.30323106685398243,0.5685226080252616,0.4155353934524567
0.3271763365258807,0.5735200909673791,0.4546724029328458
0.3014339686846462,0.5717447406886003,0.4050035721352019
0.32387069236225474,0.571424167061371,0.44586457362337584
0.30220547239223366,0.5706548437736876,0.4116255766790599
0.32277885331734735,0.5635122495350061,0.46498230247566497
0.32519685877280347,0.5812794967345516,0.4650699915443012
0.31282719036525786,0.5665071437741694,0.4317345790631986
0.30421044457377455,0.5902159554365487,0.4085032878585835
0.3042753808850125,0.6151913516131675,0.4143120593749423
0.3168612475297723,0.5703619075716254,0.4486942536115499
0.31232492757201524,0.5716150850375029,0.4380634759592686
0.33350372400180833,0.6064549178006634,0.4782265163787732
0.3164318724384367,0.5706802523382151,0.4491840232076251
0.3133561501575614,0.5611795351481635,0.4346517988889269
0.30225480643242736,0.5791584474047842,0.4210313758907799
0.32134213813804136,0.5475213223230236,0.4708837393290157
0.3209426261048173,0.5150075458805834,0.4540480975380836
0.2994370528196805,0.5444466394914841,0.4215795132014179
0.28784954134671425,0.5793623055246836,0.3865975061787414
0.33804707135110135,0.6278425363764228,0.4866451157487742
0.31911943060797365,0.5912896043823452,0.4400200984423707
0.29406926870877803,0.6238205168611121,0.3990642193149189
0.3233974880991503,0.5784972221257424,0.4593293747884922
0.3170982564708842,0.5310322069288584,0.4432469738280922
0.33051938527219094,0.6082305858995121,0.4822807434029099
0.3264264576109218,0.6384526599257003,0.4516645693044126
0.3186200540401353,0.5890782323546213,0.43257038363203376
0.30630288482220425,0.5769739118317411,0.4132521798659963
0.32640310147753987,0.5754874246610843,0.4655594520722681
0.30070621421781835,0.553167867417747,0.4012232239694851
0.3035616739407495,0.6344394977138123,0.42558902056257497
0.3215809277368348,0.6082114742405993,0.4448946892344911
0.32214361210370185,0.5670371247105433,0.4553538733187858
0.3042380219755046,0.5814037974990749,0.4150267602320785
0.30848601818262067,0.5712936050509034,0.4261977043887233
0.31557600016374465,0.5922382265209678,0.441337818423505
0.3077092399316063,0.5780349576803596,0.4274316918188631
0.3450276411705599,0.5835538754559019,0.4635629194168217
0.3074069872060175,0.5488736914827761,0.4130235006098167
0.3297888596775411,0.6227492156371645,0.4407064102450553
0.32959551747793214,0.5405451353372573,0.467760844859177
0.3163802775821249,0.5778250999482764,0.4217258032449569
0.3343161865597347,0.6197746386421887,0.4600273400847116
0.31605233649823317,0.5667362134315449,0.4488519120394017
0.3087968133244951,0.5483487361578415,0.4328447633362721
0.3133139559962032,0.5755698916975498,0.44536325428834295
0.31211303070008034,0.5845573638738688,0.421190524771302
0.3190616811188168,0.5629747549087502,0.4319886356676261
0.3163629173214096,0.5703362206493143,0.44409317453834063
0.34752918343988454,0.5622706365433858,0.5017171727124803
0.3038282958940242,0.5790792753363678,0.436617314776256
0.30249701252266753,0.5605803977109558,0.401032666759492
0.30853928543040626,0.5801537038715007,0.4347038697508345
0.32948823717136394,0.6076286974183563,0.4304353366719911
0.33929802201333215,0.6002806895072148,0.4802248502595552
0.3279592587406615,0.6180866745160682,0.4695280688956537
0.3378989527068352,0.5671355175991242,0.4758744016980074
0.3084877617548482,0.5497358501051096,0.4171758066780985
0.3152602459236969,0.5880204263311011,0.4433846511062237
0.3270492464837041,0.5823610247642633,0.4602560207882916
0.3040226263525709,0.5477168390612861,0.42136998189289016
0.3167807509441731,0.5828002004757096,0.4295948929838827
0.32664008545766765,0.5922848239996565,0.4447009988659343
0.31999273773190223,0.607143202504098,0.4401137393239079
0.29483576855133287,0.5889273980868853,0.4098399683744859
0.30348058369887737,0.5815631926519889,0.4206150192857301
0.32410076298251966,0.5631481983729345,0.4533195714301793
0.3077780748738917,0.5542390207439681,0.4299089215337738
0.3039000169534502,0.5609172547711498,0.4118834007845008
0.30707397984093354,0.5457205683636592,0.4166004245808411
0.3296661756725531,0.5721313056502318,0.4683497191931441
0.3010178761768865,0.5913033406812813,0.4018376795614093
0.30847713492671963,0.6256588524940042,0.4038151246080839
0.29884341418268884,0.5710879060056626,0.40935951721847796
0.340568512768924,0.6206319803235569,0.4641291202255334
0.3203089004062559,0.575343013825396,0.44606301686215305
0.33165380021627056,0.5725079857053029,0.468745573697657
0.3122732915650749,0.5735938466608721,0.43091118175626064
0.3155112982607607,0.6503745948288906,0.4296176626539085
0.3214411156311151,0.5751717375775454,0.4432488982628257
0.3178351280573056,0.6220447344909146,0.4300372061844713
0.3196169933474624,0.6104863840806666,0.450700421034154
0.3015617292051017,0.5373387616329608,0.4215946186895227
0.3191719785511716,0.5636620390464409,0.4541427487650668
0.29269852920738393,0.6086999147837232,0.3900780678337827
0.3316728043025752,0.5624158908599779,0.4658873491710239
0.32751254399915064,0.5546261422523338,0.4574992243036869
0.3148376503103185,0.5776990764558443,0.4341306837201227
0.3199331588407041,0.576865426655979,0.4500471900387679
0.30840768471872665,0.5634010189786774,0.4152701872419417
0.31000809103936605,0.5733353671648181,0.4141805739735808
0.2986618845304932,0.5511074918897598,0.4000444107973997
0.31090486322922917,0.5657685086456031,0.4423738176513845
0.31377876626069595,0.5660772928282657,0.4465960211486399
0.31937475541470617,0.5994787639692035,0.4478078319763286
0.31508856897366866,0.5499476160448438,0.4328121724979617
0.31605338002436595,0.6060954362756771,0.4344790205214613
0.3094813181383354,0.5552811275683089,0.43001474932728456
0.32154495807437333,0.5438327454595101,0.440736217894304
0.3160911965435096,0.5793711627593181,0.4204940378439985
0.3503118228321406,0.5948087793788432,0.5069367392680585
0.3105594886035135,0.556908504817745,0.420323189961192
0.297685076951428,0.5783495189430041,0.4102902088971438
0.3175085092920122,0.5805599656852386,0.43692752068054813
0.2933126302505962,0.5760343545628309,0.4034235474308983
0.3279984588089534,0.5595884467144284,0.4413888682002208
0.3041775704447362,0.5493085286711807,0.4193809313770773
0.32539911540924693,0.5935482071835713,0.4538653731059408
0.3105047891437777,0.5867841024949358,0.42126407055367865
0.31714340404018265,0.5947281714671946,0.44226381857458624
0.32722151287928286,0.5623876810756251,0.4694802490681396
0.28522345439784486,0.6124209396967862,0.378970137102846
0.316854502685837,0.557454246514193,0.4617554362997364
0.3033676697719406,0.5750176716686303,0.4188603859863981
0.3236788024951373,0.5680059144104151,0.4653562536958347
0.3258653151457871,0.591371645486165,0.4518151520086689
0.32150929713802756,0.5936950341772192,0.4403535336614847
0.3283366070506845,0.5971236840127079,0.4512393568929249
0.30367506661820987,0.5758237610809969,0.4003148121871942
0.30024540997162946,0.6113801546748512,0.40386291730972795
0.3104015323595457,0.5641380013770488,0.4120217446232928
0.3279026129863313,0.5777265145650793,0.44810551079615424
0.3069184751872719,0.5828738218714423,0.4122944616670312
0.3123458010286369,0.6124581489534505,0.4368688845899543
0.3285036590280018,0.62885731987133,0.4575015962547446
0.299156072092602,0.5504662441784226,0.41035753120378665
0.3143214761910499,0.5665433764176939,0.4427171792915099
0.3231702254091536,0.5583915334603142,0.44692780357074297
0.31201857966567387,0.602299877004334,0.4164634272083812
0.31633964378709406,0.581962931729509,0.4201370702926121
0.32499502855653684,0.6122586026772932,0.4593036571753508
0.30230580928795353,0.548973570595031,0.4002501335119109
0.33805394841525094,0.6231881275315232,0.4698690463765026
0.30561787242528177,0.5720147859277587,0.4095881661708261
0.313084741251623,0.5950300091636959,0.4167065566708444
0.318513516179856,0.524836193696159,0.4539604810767484
0.31239827568198386,0.609883691018976,0.4252393243141915
0.3191506087088507,0.5939767730770098,0.41886166817490456
0.31103167805540854,0.5628703177494585,0.4155726658939278
0.32494319702266933,0.548793888445703,0.4561183351309538
0.3307021300235883,0.5529641070285313,0.4621733013231151
0.3099151320161156,0.5574102373216178,0.4313672348894426
0.31437502267013273,0.5785268288949047,0.42538389532335535
0.31433490761386396,0.5327965796993953,0.4250630597639216
0.30651092922634215,0.5659856331815493,0.4275696655891885
0.3298138924302033,0.5788980428039323,0.4506989055899229
0.31099714802596884,0.6049954974595089,0.4207057072627532
0.3282797129925859,0.5760440333899483,0.4604177024597781
0.3330762688644306,0.5840782763813855,0.453522708187873
0.3223746419365394,0.5751049182963791,0.44356730594371024
0.32993574822900135,0.5509579992428756,0.4663419483896423
0.3103416506572899,0.6161851036842583,0.41638570386530377
0.31710005582537265,0.6241300268074965,0.4241332032018982
0.2983751609175296,0.5536625074699676,0.4016251433551077
0.33215576112919076,0.5654362009965468,0.4628516033246505
0.3118181444904804,0.5976728886151212,0.42298791764808974
0.3277877526715126,0.5642860023125129,0.4416349450886629
0.3028144909932514,0.6271966890898544,0.4012607309992081
0.3097828306307185,0.5769671451335722,0.4131215379447242
0.3107572229986832,0.6123502562932363,0.41971835521307854
0.32071793965317386,0.5706926587000071,0.44287613222239003
0.31453658420404773,0.622242110145296,0.4399647406132643
0.29533325642211616,0.6204086082040775,0.3685388774419731
0.28957418742941765,0.5478140822430455,0.3867709275547884
0.32247543001951684,0.5811916883344314,0.442403688277412
0.3167617160243953,0.5952401955455131,0.4265375690291143
0.3027557611140821,0.5931676426599499,0.3946032294778348
0.324176375291065,0.5977417280964652,0.4534829084908363
0.32329783348811264,0.5794361652678537,0.4475579110727069
0.32759175197780477,0.5772598679392817,0.4467762514291047
0.28631261636329314,0.5292625686201486,0.3869496722314863
0.3192220928473698,0.5759199974675212,0.4347932840728802
0.31795432974089133,0.5390483105301008,0.4445439406435349
0.325173202135907,0.6258121009941421,0.4430229643454111
0.3038387776332655,0.5481478233973409,0.4137039784678085
0.3114733151609974,0.5976188806625936,0.4268432700368428
0.33429482797096305,0.5854109665622639,0.4676373932959211
0.2937799024357684,0.5438482864825671,0.38829559318186896
0.30634466971467506,0.5986792713277751,0.420300393740395
0.31425427489783303,0.5713963870192205,0.4268797454857707
0.3001693564302031,0.6064037212212137,0.4013144667545289
0.3216632065572112,0.5739598521183157,0.4405546372006555
0.2985566336252511,0.5843613086163348,0.39942621714745774
0.3221324315273158,0.5711656609919415,0.4353534437224888
0.3006931384196547,0.5409812307268146,0.4073867178758245
0.3140614263149648,0.609049859251879,0.4267453758990839
0.2949528798291042,0.6208485070740799,0.3874297868040234
0.3206226953215174,0.6216341994194541,0.43958588381211255
0.3283466870327271,0.639094331082472,0.4579818744918012
0.32119199797525794,0.589653710639572,0.4310054819789947
0.28613975437270767,0.6260896269884825,0.3720465336389085
0.32592847867064767,0.5583290335367077,0.45017763338674427
0.3014964232727593,0.5878041620396178,0.4036639664550447
0.32255746718481487,0.5848980284455501,0.4446094362817833
0.33492778906706816,0.6181700217392557,0.4565766047095577
0.31072648855185725,0.6013219671496955,0.4141690534358212
0.31686379503118856,0.5569509776287235,0.4310549928476394
0.32355280280760923,0.5767579847017622,0.4525872088742649
0.3155082879813922,0.5501154936681987,0.44318018794416
0.330844418299111,0.6056160359738102,0.4576176356074624
0.32456554083490446,0.576343160249054,0.4641080190052044
0.3163404726763758,0.5361520356770347,0.4420713494101593
0.3094366443245029,0.5688416812852154,0.3962576197762273
0.3202130814367175,0.6167254602521062,0.4265532906067888
0.3127360460950982,0.5496398988107715,0.4285281915922885
0.31229887886459456,0.5820119727765906,0.4110710361471878
0.3166040052982881,0.5821181381146012,0.4140322736424401
0.30673175353556614,0.5889572522990678,0.40235313914390747
0.30510510261504464,0.5559734494300634,0.4104435881788522
0.3212595262033564,0.5974201785423376,0.4369473045764875
0.3404100538801721,0.56961043153768,0.4849329444286848
0.30882327031651713,0.5185646713349413,0.4413522312027053
0.31233609619305513,0.5885257643689438,0.4146469594712601
0.3091461763859511,0.592403886155413,0.4120597046854563
0.3145567373923259,0.5280612165159589,0.4373272047846202
0.31441202260138307,0.5764994529037142,0.4252595038843523
0.31827723422579784,0.5878491154439056,0.4431058413303233
0.3155032535506122,0.5509947962645068,0.4408819459044572
0.3084248298732388,0.5669425742066183,0.4334701473680573
0.3252283536198419,0.5809930336440504,0.4506679860999613
0.32428723363862444,0.5664809002347568,0.4458264961751055
0.3249110017545864,0.5639943907473477,0.4551702966876794
0.31187838725952666,0.5609112446920799,0.4335065706286992
0.3198634414370771,0.5823595168760778,0.4302059469000431
0.3203658900016504,0.5813242044138498,0.4247485728546815
0.3353047692536055,0.5760350836551335,0.4573009501445415
0.33551769813654914,0.5999784184513594,0.44096022412203867
0.298593026892049,0.5938480110488163,0.4127816875997234
0.302812103686062,0.6052924156684437,0.3954200370719739
0.3089094062858417,0.5703152968172825,0.41735787872766905
0.3141132867518232,0.5706880014545871,0.4213480880281617
0.3048059507302826,0.577011356741639,0.417220048373096
0.33087796073717,0.5643044905377471,0.4530159629895888
0.32354010023917035,0.5569305257006968,0.4445006435217412
0.3252714937259529,0.5813333984438848,0.4688938324073363
0.30944483994386496,0.5685669288109723,0.4102723543393718
0.2966261030317816,0.5736889683876295,0.3871337440980708
0.305001099516638,0.5580950528571256,0.4343710549961457
0.300228246830245,0.5449717762754864,0.4073954455424497
0.31098223044038065,0.6038158163556064,0.4228402634079271
0.3200600515060232,0.5745473425083659,0.432660522801161
0.3080710009712039,0.5739750937945037,0.40891610281807506
0.313958679924138,0.5918710542573337,0.4337697109118788
0.30842397643542424,0.5776127451008679,0.4168455433003096
0.31808422631521666,0.6029016229612368,0.44002385805119615
0.3191076612440203,0.5652344977124275,0.437061184797784
0.30367065699195006,0.5682251607498989,0.3980664476113679
0.3293687656669291,0.6237689896115929,0.4423915039121597
0.2954569625114455,0.6121423367999391,0.3951649884564034
0.31278421407446383,0.5667577512476241,0.4371043130315818
0.31760868446394586,0.6133187943655893,0.4295031522610709
0.30615053222522226,0.5639301058537391,0.4089636471117241
0.3149323429654516,0.5623516336314732,0.4576203433798102
0.32004640303997844,0.5518372513238695,0.4504356249826113
0.33780982018310324,0.5634850800166301,0.5005933204843005
0.3322894838490623,0.5691124565461326,0.4621221622395353
0.2846393232591257,0.5416523610563962,0.3788924213367371
0.30973465342372875,0.5726404791862226,0.4499090624127022
0.32014753085678566,0.5774133067761011,0.4430268149733035
0.3143138975174237,0.5574706898548893,0.4515785823228573
0.31974247817791235,0.5987984923955708,0.453273313077141
0.31804245173175666,0.5147487365796497,0.4531785878863957
0.3083421342734466,0.6188120035049652,0.4241941599355462
0.29998845921150363,0.5906236865676842,0.4020475688734359
0.3018025682377333,0.5745509167712417,0.4056814900044139
0.30796188417357023,0.608331113513851,0.425089301331897
0.29041676114836384,0.539382310804834,0.3840941323442239
0.33712634089079513,0.6378233150740884,0.4814389958484462
0.3205189975511316,0.5682518109206667,0.4540019417335157
0.31209154820508084,0.5822255125889534,0.41708562602647214
0.3119335778114581,0.5554843915780663,0.4172599089138713
0.2990484121430437,0.5875430989015211,0.40018293934654736
0.3274532777310155,0.6285876849717736,0.44027025693704
0.3207625673638966,0.584006150530604,0.4359562018554807
0.32930845407059633,0.5741079996224037,0.4559836478258237
0.30978360588164633,0.5520120158938184,0.42238364006785895
0.3129281351647169,0.5803828777438743,0.4159650270402384
0.3207228250278122,0.5671770388162666,0.44855325354997533
0.32127662505558846,0.5455507670355291,0.4398940589264949
0.3078891776093077,0.6060384578179956,0.4032557277645624
0.3204009436685739,0.5890331822051255,0.4449513450633695
0.3227176415638154,0.5371567636000245,0.45290802701998906
0.30563765557009676,0.5613734618045884,0.4081196818503278
0.3082899071259896,0.5477043126855122,0.4237612569589424
0.2882998676559706,0.5366907952078688,0.397806435128745
0.31082037862619005,0.5742669154073333,0.4233039624154856
0.3186628367057917,0.6062649728637346,0.4146977988080357
0.32221184093628835,0.5596941303867748,0.4587773678434405
0.29560450527276083,0.6009758148474968,0.3900303532703638
0.30037873572362533,0.6256979410725095,0.4131734308073728
0.33364986797720375,0.5590730129948305,0.4734679653796373
0.32190859139199474,0.6163394719900447,0.44044375638122574
0.302671387813612,0.5426845573786602,0.4098016391414053
0.3115976286749435,0.5924761466923725,0.4242970393970084
0.3164414583024213,0.5642745930202544,0.4351027473123414
0.3057805361660181,0.5787938841403006,0.4087791065026168
0.3068569943966412,0.5874679971102367,0.4047356605934984
0.3235208370001916,0.5715643862803439,0.4563978966275084
0.31034707958883134,0.5657706907002649,0.4261591199478106
0.30296665353689195,0.5588807076677342,0.3989076468621419
0.3128951311724499,0.5574214426504286,0.4424761075558088
0.3403992634140504,0.5596789523499314,0.4951070715160257
0.3369421130498139,0.5758357694473261,0.4764208910463178
0.32703171723187346,0.5811893165416699,0.4611532244287762
0.30732690141471847,0.5928039041521994,0.41922356404952793
0.29788157537039317,0.5364475523570419,0.4056897628373046
0.31865249830559184,0.5682285244042058,0.4316870738339793
0.3186526545733621,0.5681480957100846,0.4374032918597828
0.310779720152585,0.5843436127828339,0.4128897299411515
0.3105682593110185,0.5673493260111109,0.4380480955495013
0.3109339757291001,0.5235566046688073,0.4283122559248453
0.3187518701985631,0.5946152077291308,0.4412297643837904
0.32357239978154667,0.6261949138770988,0.4553053464232517
0.2914789505115565,0.5982604216038674,0.3722474078695116
0.3205734175110899,0.5731345470168807,0.4472732070068545
0.3360806310106662,0.5470007138115265,0.4884321171872226
0.3189071845601496,0.542853668337765,0.4577092050876127
0.3146443793843027,0.5546555733332678,0.4190301711642247
0.3160652136024798,0.6027666045384162,0.4196612383752882
0.3179594356702312,0.5675701295673532,0.4394803739100099
0.3089732864899458,0.5657986912777588,0.4064288211209913
0.3150137444608698,0.5831193282357678,0.4244744032081841
0.331327435316094,0.6015416242370856,0.4461367598630045
0.3055112509021236,0.5798319080119304,0.4131376852529899
0.32182889792458835,0.5728777127298571,0.4419060633333976
0.30584211187862886,0.6300055779024274,0.4014953761365235
0.31828327943251905,0.5610364565618845,0.43219726366444855
0.321353440942245,0.584082508139357,0.4562562543063062
0.31303827007287965,0.5800730278188276,0.4474726288451847
0.31200273013697594,0.5930077113894734,0.4370795983364008
0.3017000357000574,0.606095505844569,0.3982707358458111
0.31484549033939563,0.5470593417116776,0.4412279362430852
0.3137704186527589,0.5550791685484533,0.43434896202595297
0.3165347799805726,0.5447931085486111,0.448194326259428
0.3062517101182749,0.5851968188222443,0.4213191469596762
0.3227456099275953,0.5647910020547563,0.4797226186480828
0.30764650102783675,0.6016261341870918,0.4207831691822196
0.31759870786661504,0.6262463254679905,0.4525228906286933
0.3155352475630683,0.5631395306723941,0.44692836837676303
0.3039563322546571,0.5764435073349022,0.4308594108309852
0.3155652818631116,0.576180952509973,0.43152086131357736
0.30586487278195595,0.5441458329691301,0.4267938042451647
0.3113933899497785,0.5490688781029788,0.44541622797095576
0.3191168243472104,0.5665707670616076,0.4511801041417205
0.31667799518621054,0.5916375801980128,0.4471524548162815
0.3164981952465856,0.5778754475047752,0.43924217643047
0.30921449069463164,0.5466345442607546,0.439527759060307
0.31904383632605926,0.5795709714468091,0.4587796056211338
0.31803054684046694,0.5774383195220573,0.4735960675177792
0.3018432876194794,0.5861362120493582,0.4043820352191592
0.3054295106473083,0.5601286320948511,0.4314853022684696
0.293427463970801,0.5898614632986582,0.4117828601237647
0.29081492984842405,0.5662644952278675,0.39597490051785295
0.31266168272606654,0.5866496959039934,0.4349654399041358
0.3038300206787831,0.5860637006377314,0.4256029253565192
0.30794215569106903,0.5959229074817262,0.4305890759571571
0.2917458554970333,0.5576996770340318,0.38718409380169133
0.3187173845290135,0.5451016158991931,0.4396804288814604
0.31499507230981705,0.5927520267270534,0.4352236652185473
0.31837336200853544,0.5641636249343194,0.4308223466567225
0.30711823645487557,0.5535744169072623,0.4248195300053022
0.33049014725109194,0.6063127582656719,0.43918695110504297
0.2871233224937001,0.5628867692951393,0.3761961238095157
0.3172121582260605,0.5708078303502002,0.4411792163252586
0.31904205199238567,0.5716552334068685,0.4399068487931174
0.31626656298137773,0.6339215672344086,0.4583350152466134
0.32783216727425873,0.5821477361263395,0.4677613096905692
0.2959637451540345,0.5787695900300343,0.4049880460748595
0.3235334451210469,0.550995410363551,0.4787534912900039
0.3191409290783714,0.5795720221350836,0.463447789185331
0.2814535672704188,0.5569302643693388,0.3845141904452597
0.3064862428719691,0.5610410546395859,0.4096955365146671
0.2942921793317093,0.5740556324295677,0.4088237714152285
0.31454042282786365,0.5983720444939739,0.43690454877154855
0.32189261290047083,0.5447931970840706,0.4623492821524394
0.3109078083794408,0.563777874765277,0.4349353423095143
0.29996646056779314,0.5979202875694408,0.4178028906103484
0.30262167670205026,0.5814755573589212,0.4290797464891407
0.3334510659655329,0.5785059655505165,0.5004151827957629
0.2948463198352296,0.5620863155046059,0.41735207873927793
0.29251525925312594,0.5830803223453912,0.40985955728427614
0.3272372756432675,0.5862208813266594,0.4693496660829608
0.296889725075527,0.5690216114469281,0.3998512480203197
0.31218840370347956,0.5681857868449639,0.4416145130355813
0.3175876652402358,0.5824998932825921,0.4445893956578758
0.3241006196121251,0.5702897492943387,0.4777963280313268
0.3105090930603256,0.56181320833869,0.4424098969377612
0.33879876518297225,0.5792899995276136,0.4864274944168156
0.3168091536307926,0.5914627733636995,0.4452191214861913
0.308857274759067,0.5613088501324338,0.4395969592264978
0.3189268825138739,0.5956422634012634,0.4352224738649712
0.31693754092556276,0.6012113638295208,0.4617796984890084
0.3153331337151485,0.561950723352072,0.4519765008954247
0.3077083605935005,0.5728035054865532,0.4328660745341791
0.31753389828498574,0.6104944001618322,0.4486764531191932
0.2921772929379425,0.5902438116187211,0.3909950490972433
0.31532062237946334,0.5566692213804982,0.4451558316342325
0.313776175225286,0.55809925296102,0.4451978810138141
0.3041270126506509,0.5598902738114018,0.4306170873988085
0.3081737939488994,0.578098980770114,0.4359064508645038
0.29658946791778035,0.6251477513042927,0.39932185121051533
0.29458453585511285,0.5587583927586147,0.4083428404435889
0.3001262789628543,0.5400490137242682,0.42802803190689104
0.3090252703811012,0.5627335952224063,0.4414556049140983
0.29836523535227,0.5797370976949268,0.4036892381702915
0.311952599267335,0.5276517486829194,0.4525964929363054
0.315138239484597,0.5984334613185234,0.4437327370783594
0.30276670430870845,0.5776760695247963,0.4200495658988776
0.3024039229207697,0.5511897159658433,0.4153501940131325
0.32273048752490985,0.5485027015928139,0.4793482965253187
0.3120549206460233,0.5653685486967254,0.4416131364885462
0.32855150053887827,0.5762486297602181,0.4596502691324344
0.31711829733296254,0.5929286526946302,0.4509985116802808
0.2977698965309141,0.528848435230445,0.4071683977339937
0.2958661031506042,0.5460854359745795,0.4085636066274262
0.3239358863558347,0.5710535206568228,0.4746684125412275
0.29440811958495716,0.5756940403106587,0.4046595771866451
0.33801794157981263,0.5725617554749587,0.5051770887600091
0.31221185542269614,0.5719893570619048,0.4342821982111109
0.3315290969926737,0.6158747770756289,0.4700135255191201
0.3017675671427058,0.5747698356169267,0.4160926744564801
0.3275900900430486,0.570894783379606,0.4631697035673426
0.30972351612961946,0.5850211097893526,0.4331128348172734
0.31316122948106295,0.5752173998447541,0.4332155991549454
0.31385450703415796,0.5380365522794197,0.4563493781746917
0.2824521246806061,0.6125589598642193,0.3880175355955665
0.3082829540482865,0.5605154888004911,0.4426839812079672
0.31181241935585846,0.611272550961352,0.4389670731516708
0.32857014648059346,0.5743585082080144,0.463052640490864
0.3229906827519426,0.6031880652101818,0.4538370291203364
0.30849026442243555,0.5827377157871471,0.4446704356292005
0.2976013224303753,0.6048903372191451,0.4087103144487628
0.2911626494191227,0.5887370211289041,0.4129110497320267
0.29279678525673364,0.5807305955645915,0.4080206879487686
0.33706696820345916,0.6064038757465291,0.486062756565001
0.3192625865376024,0.5625603838939097,0.4494300019280726
0.2960816652171198,0.6304372812064558,0.4236346806708594
0.2938724153571121,0.5406267238418837,0.4062460882571836
0.32787397496514986,0.5979772749543164,0.4707443835986236
0.30780504316890833,0.6061416403770942,0.4227215898214034
0.33182835604203137,0.5699169404889903,0.4772213453793439
0.30208676875207474,0.6125620945692615,0.4266811452011247
0.29640434717721553,0.5998027775422697,0.3977481615306715
0.2942381235404697,0.5645962881694282,0.4069865872445685
0.3225591114160942,0.5814256763413007,0.4662197434685527
0.3225325451282337,0.6165498985349821,0.4504579504784666
0.3215002674839396,0.5480579875884117,0.4532083483611072
0.3052934662237363,0.631241554043866,0.4151887749342436
0.29695464277061784,0.5365025251161216,0.4201948258307735
0.3185715465843678,0.5606925833751091,0.4596294650965597
0.33237345100592,0.5971855027930091,0.452217436989603
0.30141242780947236,0.5531711637003931,0.4015071627178404
0.30488060955049634,0.5954726076199575,0.4196722228910015
0.31544915912738575,0.5977115859645203,0.4346028206864424
0.3083828150918841,0.5672820543239152,0.4466265482525128
0.3185162150322752,0.5751806932574215,0.4400079629035351
0.3189538485513391,0.5827307268665048,0.4394098083183994
0.31938802531004096,0.5586571539412714,0.4582993475396873
0.29590888193269477,0.6205099324512721,0.4019450003551479
0.31555232411728085,0.5752726405034089,0.4337178846348129
0.31796887334993207,0.5862527125087683,0.4543810435053741
0.30358755152370454,0.5899236079324562,0.4294262393385522
0.3146791569704568,0.5751546181154449,0.4478770816722845
0.3030009796628177,0.6008456901141176,0.4050182198012777
0.32485068228361924,0.5927994932328591,0.4613919184233734
0.3157649833056925,0.6123583950750907,0.4565252602097435
0.3258689753894907,0.6184217076392675,0.4390882037470507
0.3072231126509132,0.6210712458031987,0.4140191530469626
0.3038197618526551,0.5873150949512639,0.4331569435985773
0.3174517856113334,0.5491998093950671,0.4476715591009658
0.32068787315977865,0.5579645552102376,0.45110272820853203
0.3102237567673514,0.5745024281691411,0.4348031707345037
0.29724913930580127,0.5579207358550411,0.3977225028565205
0.3144123815392215,0.5873467189936205,0.4570491658831578
0.3295058568812214,0.5920994125328256,0.4648187132832344
0.3069476831422277,0.5416743475950959,0.4268389164682144
0.31867905593571605,0.5695379558182233,0.4410941486896451
0.3425753601233963,0.6584951395956806,0.4925782883076337
0.31445687043115833,0.5949545697901687,0.4416888485977501
0.2997660344437571,0.5579472027119108,0.410449644386501
0.3046318958513444,0.5739167322545415,0.4123325401317471
0.30189172129615977,0.5866452609632699,0.4205618276303305
0.2982193650215664,0.5495777389997097,0.41843509692463005
0.3146259087403795,0.5969107849994129,0.43723142506799134
0.31794330141766497,0.5624186336182236,0.4671312166528612
0.30745040002356694,0.562131837709212,0.4529586202347449
0.3041666421384283,0.602617162808851,0.4220552728528521
0.2778618728453599,0.5752591125627865,0.38260646145074256
0.29379422892986645,0.5358302121257781,0.4035198663798301
0.30165611473161713,0.5881012876585503,0.4118599688357073
0.3006206743184012,0.5698868820726443,0.4258149558068332
0.3001774442273624,0.5730661166644254,0.4163775464634157
0.2943600084050066,0.6116363739015789,0.4140384795208336
0.3106428300494749,0.5721578018534662,0.4351780775896625
0.3037105745897986,0.5731645311839448,0.4306796206321814
0.30133957083999974,0.5922063972462789,0.4107589030961744
0.3133293792502081,0.5891134235549517,0.4395458277353611
0.2995097627111916,0.6158280814408043,0.41049827240937214
0.30292304760061123,0.5973303231672943,0.4151048453012666
0.2989631101898954,0.5691083523605553,0.4233029334789608
0.3000154970895212,0.5461605232123347,0.4109434729256989
0.29459739191670614,0.574089239425101,0.4180670018468514
0.2982129873527881,0.5397090543821733,0.4078509832562917
0.29684786516631545,0.6016458445812289,0.4237652565440995
0.3081242499530498,0.6011528202473134,0.4228819552008721
0.2946258607048637,0.5741004127705529,0.4016986919804033
0.31077859989781287,0.5386091603632353,0.4468475750191412
0.2968651999017512,0.5674690002579137,0.3905676255256245
0.31047276074342206,0.6015150292904715,0.41117993135776615
0.29840765729560514,0.6239653383352278,0.4157550208931801
0.32203249575467247,0.5802606208315391,0.4345178422889519
0.298466032387553,0.5923430028145416,0.4202460042482685
0.2891546997501967,0.5405656027140043,0.3865322859086494
0.29597349765590947,0.5964522634439345,0.4126905828426889
0.33062280527782734,0.6540776840367322,0.4777063516029017
0.3066420374837042,0.5604573777406839,0.4384480482966665
0.3219014956699413,0.6022645233521338,0.484531965216824
0.31022714853589983,0.5431283546039543,0.4568203916705792
0.3079757754305604,0.5848997236091533,0.4229816613600028
0.32024064978134065,0.5800384162409888,0.4557295386756606
0.30178029231866,0.5646955560954787,0.4178089374668281
0.32754328064713734,0.6066858995880247,0.4635223387827637
0.2904173543194885,0.5635940564377071,0.3836234664286843
0.29969753205721816,0.5660875231194996,0.420908371208791
0.3031460934684517,0.5586228535919732,0.4211568831526965
0.3216795858835571,0.5915292017987828,0.4610733619834368
0.3235271651840088,0.6045863861559401,0.4480236876445214
0.3064270530029021,0.6101928171483921,0.4153742690542016
0.3070654590353534,0.558736103321063,0.4732312167702627
0.30304338208108744,0.5733704901540869,0.4251323537857003
0.32127050945871133,0.5714461364400385,0.4691901909200933
0.3031647229222999,0.575866205501703,0.4249571096581882
0.3166035617941267,0.5396015075850402,0.4655284611980888
0.29295543811268554,0.5647366221388121,0.3925262025669485
0.30644617831382703,0.5791066540448707,0.4293768704649512
0.31410431108134956,0.5775579182160264,0.45136773350919795
0.28994662387832126,0.5678315896789503,0.4071506187283928
0.32919352456495715,0.5711760853846798,0.4634347189395822
0.31675997278716667,0.5774144738265199,0.44317303581265466
0.31118962589834326,0.5686195079761306,0.4492929055623249
0.3148093656853807,0.5773644233429123,0.4497913397658835
0.31713066439182247,0.596049838285284,0.4527729204128212
0.3111899697743839,0.6030482399004505,0.43043011925165264
0.3197868357552433,0.6075415730853755,0.4430927687927707
0.31327799836968656,0.5989697025844877,0.4351213614135915
0.30026008410955074,0.5725705351519592,0.4087475301702279
0.31947163582179144,0.5908051855255817,0.4499437833610657
0.3266186860045269,0.5840831966321589,0.445966629695323
0.3170576483641636,0.5625833504211727,0.4542534982708346
0.31142714735940585,0.5966163760240193,0.4235802446636092
0.3157676345508159,0.5825525967292431,0.4335296659326875
0.319312942957637,0.581693419331753,0.433411280470645
0.3042452908186388,0.5729767310515017,0.4137261620793183
0.30960818918946453,0.5844406939127886,0.4297715071109868
0.308669971166506,0.5896735746991193,0.4210567352543924
0.31711854708947484,0.5820613212444343,0.4329194240770323
0.2993072467909412,0.59397022455964,0.3970059990700744
0.3144840900771343,0.6073980431680919,0.43232643888171984
0.303963123353255,0.5939207224716695,0.4055046861120043
0.2982857998424288,0.5789601368444867,0.4060559094941153
0.3150341427781175,0.5695545302716378,0.4402893736678085
0.3139570197093872,0.5543161812657574,0.4458346704112045
0.33150124414825,0.5562795756183843,0.4851132891263367
0.3117895212812579,0.5828912239970487,0.4346381465694804
0.3117510105627005,0.5811509270922994,0.4495933938838253
0.30867916379367577,0.5794235469128194,0.4194807269847679
0.3065587595239567,0.546563673639487,0.43059093119353054
0.3098790033002136,0.5424785942131178,0.4437729861390112
0.30791484696178517,0.5469163959037012,0.4388413108294118
0.29324736752547553,0.5905211888251874,0.3967495242919011
0.298906592823372,0.5653530027947448,0.4094336162595582
0.3175186801822243,0.5625647793019476,0.4436078544448685
0.32331615851259293,0.5796440683437735,0.4663077130301251
0.31100786530564933,0.5523465373485444,0.4382049238939825
0.31560179891613266,0.6346189562433717,0.4332374126835312
0.309268815602262,0.5827184353237688,0.4309908153199111
0.30601421692223085,0.5475509061224213,0.4137701135383032
0.31761608855428014,0.5483758961001598,0.4513929446125813
0.30637691164050274,0.6058940571258592,0.4245065269153365
0.3079765990848853,0.5474831742790304,0.4333289389157332
0.29448999697894607,0.5516524681197987,0.4067912764063564
0.303909452266016,0.5735524948218319,0.4205449139220864
0.31521641319125676,0.5797439299187416,0.4322230349964949
0.31267459867570074,0.5773537755246427,0.4438725641808005
0.32927413606944805,0.5631485893775399,0.4646660276208076
0.33219021689545924,0.5752580959821263,0.4717570282678982
0.3086947994905995,0.5582805196670759,0.44628868232053337
0.2939146182551415,0.5839135381829514,0.3997026446226536
0.3101080133430767,0.5449414828752001,0.4305613608413168
0.31143135148153744,0.6010828353755966,0.4345761603168908
0.3232164363627528,0.5752055388346006,0.44984070087392425
0.3077043560049234,0.5750909481110217,0.4372033726332151
0.33571787996990854,0.5920114070373139,0.4934328935216415
0.31127424271881915,0.5909893482069829,0.4340625890468828
0.3064739169796227,0.5820934621840774,0.4020949214855621
0.29896503229844335,0.5899690039175383,0.4122200828170775
0.3150679748510074,0.5802729893094962,0.4484207865226363
0.3103613944828304,0.5672121561090292,0.4473322277914271
0.3198610493654035,0.5879154376510488,0.4509975660465415
0.3080441537415775,0.6030285080450505,0.4287588753656859
0.2895654050657059,0.5618578849197029,0.3851139924243433
0.29734940498741413,0.5563408064739724,0.4202421916951819
0.3141798045859964,0.5626383771783225,0.4431101182807937
0.30330316378999755,0.5332761184128547,0.427478721094176
0.3187194263207865,0.5768874253317022,0.4626550776043985
0.32623713538171956,0.5917390838975419,0.4609319301640027
0.3266778534898387,0.5833607998210373,0.4655037762798544
0.29720154298450796,0.5746748717204094,0.4117932345293863
0.309681403170148,0.5499295270533608,0.4183904780124464
0.31183941656766073,0.5403367899259235,0.4519849340117729
0.31403732566512593,0.5926010533465864,0.4204034197106578
0.3032764228956805,0.5843723243256619,0.4154197952596713
0.3153491178850219,0.6007635700997396,0.4523047852050066
0.3010236407028409,0.601096468236083,0.4329531729372289
0.31625162427625186,0.5552859033347771,0.4544692205487523
0.29136813578498666,0.5877271661528249,0.3849272620631723
0.3122285332576965,0.5660656530529987,0.4431419448114197
0.2844417267244618,0.5651866374774932,0.390973776546981
0.30578879057337316,0.560951056440636,0.4295303701509557
0.2986439720634518,0.5661346251936067,0.42852803024620856
0.3199581847839806,0.5897943616441946,0.4354402804353556
0.29047393777249164,0.5768501528916857,0.3945035377306156
0.3158027863568249,0.5730232770699962,0.44073640571538825
0.31039726653532773,0.5848890786033248,0.43742830328154975
0.3043504019928829,0.5832653526268374,0.4304386685972881
0.3225502405316172,0.5583470182886081,0.454031798869327
0.3194570443573792,0.5568573468448763,0.4576736035436266
0.30475738012201004,0.5190432292836694,0.4205036603462524
0.3211789214383909,0.5760817217370826,0.4774246560858314
0.3172099589153666,0.5663103125054412,0.4376607241294617
0.30928021047035126,0.6087289519381551,0.42687411637375056
0.2952868699816075,0.5825380955713145,0.38822503133391817
0.33191310809992786,0.5942810768273753,0.4748785164988469
0.3130177721856625,0.5632104890815615,0.4448356724574383
0.2924989285124903,0.5818570785144397,0.405332647914275
0.3087425351493794,0.5436636818170928,0.436684824009431
0.3068461169496553,0.5674503436967439,0.4217275276416684
0.3441266096352065,0.5862613684952449,0.482060810363037
0.31135749096560483,0.5778534142863233,0.4415895641841948
0.3117618173666708,0.5886240890474452,0.4297946137158999
0.3083021663750425,0.5657633972986738,0.4138372132969236
0.3098911245455942,0.5748718878212857,0.4572600800695157
0.33319239699088454,0.5760334490485668,0.483894063758084
0.32265571778594776,0.5943417569947864,0.4564116036764449
0.32073197159943106,0.5992276420500356,0.4459463814454615
0.3300006508651181,0.5359638313940871,0.4942329277241183
0.31013467372463477,0.5935912998852575,0.44260198960862857
0.3274811883449036,0.5964246657521759,0.4641625367131199
0.32073157204379676,0.5707727682407517,0.4356108738650321
0.3029729666982063,0.6188252545853454,0.410720440305546
0.30864156674253734,0.569127574423208,0.4299284126750792
0.3057416837705351,0.5844332215982763,0.42234227739700825
0.3018088433189114,0.6225923606726534,0.4250997645108157
0.30082989979355707,0.5683207372671046,0.4148818279749956
0.3157978402896593,0.5863904485124682,0.4352623947294753
0.3004634865494969,0.5957236705391318,0.4284513102384189
0.31361995101394596,0.5682164049129835,0.44128793313909903
0.3100318476779603,0.6044290830541152,0.4240532204701827
0.3175344256180191,0.5757779265727997,0.4510944599081603
0.3148996734974301,0.6061106447040118,0.455809427711828
0.3184508039626208,0.5866606757271405,0.4594229498841042
0.30421822214572414,0.563604513456201,0.4379371513735956
0.3064397319856208,0.5399928090156298,0.4318057527397013
0.31034533764222827,0.5470425426931677,0.42972796791245504
0.29501853848084003,0.5833885905924981,0.3998107841996203
0.31900609942013025,0.5794640490818083,0.4369623485745947
0.31589825147384026,0.5692413619415273,0.4429549331997581
0.2978009869458054,0.5720662949175543,0.4257794830487529
0.32991211781878277,0.582683282403396,0.4641098244481411
0.2912857596579533,0.5671418791987519,0.3942659675018773
0.30597702268014954,0.5470761531700234,0.4261620108941647
0.3252740537340247,0.5715100055996793,0.4641881893436956
0.3224731445674153,0.5861602001755087,0.4583367354266914
0.3162588354574587,0.5813557656537992,0.4307695525982133
0.28871232634993793,0.5501427010708413,0.4105640118705513
0.2928308292473587,0.5862678122312357,0.4157923171843467
0.2984129381563698,0.6096372368757172,0.430399170506875
0.3161076902619099,0.5642169554828783,0.4456958040094658
0.3224140955786447,0.6266051455531717,0.4463961503778617
0.3021410022618764,0.5745939626418116,0.3976348124303054
0.33141966505472453,0.5800579464383749,0.46623543419904606
0.3030714705001185,0.5639132384979321,0.4091160539086824
0.31172060140238417,0.5685910065334511,0.4393089457622479
0.3010366629411947,0.5831568536342613,0.4199581465812889
0.33094660826679095,0.5521391787624684,0.4849813044411938
0.32891345762025104,0.5785424425298118,0.4754052384472643
0.29894991758976086,0.5800563669704311,0.424526420848556
0.30609106620270593,0.6206515085138298,0.44412973980665105
0.314838443823696,0.560240981037082,0.4571811196711929
0.3144304399676583,0.5820049590832104,0.4505316859221924
0.32197893635471336,0.595310419266845,0.4675528073180996
0.30718098609766104,0.5811656399974454,0.4363934408487917
0.29639347234429,0.5462780149136462,0.402309297135294
0.30025013562950564,0.6001278649709798,0.3945313975248703
0.29725989269986414,0.5706040015013988,0.4028499329929266
0.31522075390937027,0.5609119293696696,0.4465201493182887
0.299071697523155,0.5571844281366739,0.4013815481450721
0.2999284775278075,0.5846611642010572,0.4213781195596579
0.28109250062595514,0.5817378005604731,0.38342812423198347
0.29751638176127776,0.5612435563430379,0.4229370916825468
0.31061226276122533,0.5910111947692257,0.43118529921644944
0.3090078371170729,0.5936078201091002,0.4314485510792948
0.31171254959435063,0.5885001244196109,0.4139878406957492
0.2966982023460496,0.5728637277736078,0.3969243787288535
0.3124486319011269,0.6060764733621109,0.4254312689473158
0.29449268824976715,0.5675067690002848,0.4096292233585692
0.29839926068466033,0.584608217473536,0.4171660352533733
0.32392136308387537,0.58518033565635,0.4690687842654144
0.3320333576709883,0.6089125315628697,0.4666444373795464
0.3327842280002285,0.5600099759786804,0.4738951346783011
0.29491502771446765,0.58197282077393,0.404821914343728
0.3291672713093455,0.5497559734070245,0.4842381533878266
0.3235164110524343,0.5600310340773332,0.4727306903562561
0.30683941798333647,0.5688104901181704,0.4353771115946724
0.3042124160467364,0.5488251230627763,0.43801238659081176
0.3136664663083421,0.5775014741249168,0.4420769037410637
0.30408013448984617,0.5739415387736042,0.4161180166008413
0.30017852173979626,0.6054939259134177,0.4032525281380179
0.3026524348006301,0.5358322414418099,0.4162009059140525
0.29676817867949656,0.5735969278751135,0.4119999179418326
0.31356533604950787,0.580183501466478,0.4391336912369523
0.29176144284540845,0.5471205555835449,0.4059964758778104
0.30253843932370617,0.5849655981831193,0.4158645817141626
0.32857331387288596,0.5835127841391132,0.4744442814360828
0.3145219994799639,0.5327736273242489,0.4528355181653431
0.3081060021911103,0.5788954387423828,0.4369885706672095
0.32323349430973863,0.5874223364704714,0.4786989728949521
0.3178720431472299,0.5746547932291097,0.447077284452816
0.3046732684332589,0.5701767025748329,0.4435149168078146
0.29073673450731574,0.5833425118108349,0.4131516493971752
0.30404830459067694,0.5840757522972105,0.41980611401374057
0.30422959433189223,0.5570065551009069,0.4439268780154949
0.2988335644648847,0.5413550718609802,0.4334035212157971
0.3137750962873225,0.63461188968902,0.4508346282462016
0.2990009646460918,0.5765505017824397,0.4196624009737961
0.2906170890159325,0.5640834135384231,0.4117224361056971
0.30345250720247013,0.5734857645065837,0.4143094538258944
0.3216806572361247,0.5492972530457292,0.4636873197106053
0.30566268591421475,0.5935487444706657,0.4151114381473084
0.2917390605739973,0.6431071577682631,0.3997769136989151
0.3015982272441265,0.5539100336026385,0.4298780801087638
0.2911385521082731,0.591299881930386,0.40585536027892055
0.2886629602823478,0.5419279933919016,0.4041262932738339
0.31578670736731446,0.584732049077388,0.4463206469260282
0.3192208134629262,0.6098745059297427,0.4524205102566842
0.3140670908898831,0.5959913967541879,0.4596201279242885
0.30498409006658905,0.5979715762515306,0.4087419722713934
0.32570956878818264,0.5820527074936398,0.4567659816298978
0.3145110636059266,0.5616185020030265,0.481767453937026
0.3104298316452784,0.5732043493539952,0.42884281323395096
0.31765828854195294,0.5865889678232596,0.4584684513619661
0.300512550912003,0.5864934032019511,0.4140400867585346
0.31334425968981067,0.5865785267161454,0.4494802625925508
0.30313974193799786,0.5677124751438335,0.42413308910657066
0.30014519672401146,0.5626716757697647,0.42994818371964144
0.2854902282221847,0.5594316525970263,0.39907008660639703
0.30900040385467037,0.5289200154785548,0.4628154451757023
0.29460477434856885,0.6183731450004959,0.4096181632349573
0.2927695382873776,0.5763927851039179,0.3948997155441541
0.30073680867983976,0.6092231302333344,0.44867775897626705
0.31645164355088645,0.5399613428045879,0.4650012179237819
0.3065597116554915,0.5623631350209309,0.4491446484920631
0.30054325957879297,0.5648740042431077,0.4506543544827597
0.3040927457810183,0.5222340064444507,0.4247273335617943
0.29637042463624325,0.532317966431044,0.4018406125539248
0.30172044128607334,0.5667678772835564,0.4238700094853866
0.29485458266634906,0.5363955508666018,0.4274982882088102
0.30681562382083294,0.573650601000808,0.4429507261465437
0.30242974154747837,0.6173408285586381,0.44277137635342617
0.29981585904400704,0.5728021780079383,0.4261242229376513
0.3006874054631893,0.5750749673628739,0.4339161550609449
0.31087478312827466,0.5821639145842525,0.4604667200982952
0.3182994156923579,0.5550369848804209,0.4694229794466043
0.29419611948340063,0.5534293410512556,0.42284112945528507
0.31291760524129936,0.6072010417098742,0.4570717788143797
0.29398086629268,0.5723850335926629,0.4228206133451885
0.31053713669914806,0.5742419187751714,0.41238875777568496
0.31094939532166505,0.631761414349857,0.4484069020067775
0.3016053382134762,0.5680126804195266,0.4391067008320267
0.2899240340105454,0.5442289694034463,0.38379726085101146
0.32188266370635105,0.599029688400452,0.4617479622715821
0.3249795668494879,0.5926538954431129,0.4772897321294193
0.3036185281915041,0.5822053256135288,0.4281303939024629
0.31350486880588124,0.554071104151901,0.445213121797843
0.30870329385234085,0.5764743124861493,0.44868436026652997
0.2941803391420647,0.6197152571961099,0.4130318662746632
0.3068996884447356,0.5887691067493246,0.425241766144309
0.30096618326650604,0.5607809811082952,0.4284665376134292
0.3180878355943024,0.5432628875993903,0.4530430096738901
0.3011134583935895,0.5610178791042262,0.44589163968163376
0.29981383988598775,0.6227563092365349,0.4069361389282528
0.3002122295059847,0.5952893172477819,0.4341213898614877
0.3088293896203801,0.5969475510135694,0.4394745681139501
0.3217434483462007,0.5910168872582581,0.4638143433196503
0.308518237716,0.5764989886142808,0.4399715556666809
0.30265310870565876,0.5880472592901884,0.4167134984562909
0.3175761502465385,0.579543825340592,0.45018819344260896
0.30731870006974443,0.5686806391381178,0.4440578548791983
0.2988613102440375,0.5742889050527153,0.4299338497572722
0.3146935211203672,0.614795833108912,0.4556308053470676
0.2956007684197136,0.6181082409681689,0.40950156448223735
0.30467969732491296,0.5991195793397239,0.4239301886854717
0.3071552100197663,0.5767066260115223,0.4153322788205789
0.3166816828054091,0.5842839117258268,0.4616249225750274
0.2875838328735473,0.6195307998533683,0.3774865882569272
0.32542305632876684,0.5634259418144169,0.4977339915202383
0.31142041618026395,0.621749801964814,0.4289361548260924
0.3156289622041658,0.6026260403289582,0.4352376444236401
0.30554045893222914,0.5732925473736445,0.4110596773261992
0.3093564303515307,0.6251700002234913,0.4295397339432859
0.29432718360369864,0.6052690272957283,0.40489242414326426
0.30892826945103496,0.6208140348112039,0.4209384292797824
0.31917309711474756,0.5489468541592573,0.4459745776739416
0.3333099793999337,0.6071741039230739,0.4737868115402153
0.3282490054231462,0.5671402780777646,0.4871280567258132
0.3087513419151838,0.6191328646770942,0.4224920413875526
0.3212426065275409,0.569707149275093,0.4493264310127279
0.3121407238905938,0.6250739680386264,0.44130340163628096
0.32416421869319917,0.5638620599665843,0.4798614523024301
0.3035904471765295,0.5596011040185332,0.4249675414294851
0.30277826592126755,0.5869036879140329,0.4135396993262266
0.3114125831175597,0.6036218612482196,0.4285409032869046
0.28022965430369007,0.567508723436695,0.3735071852821312
0.28716263175315826,0.6094326118226501,0.37926572402331815
0.28912573252513246,0.6224526769412959,0.3849259217339322
0.3230387470118777,0.586675117882068,0.4690565317445695
0.32601718657169615,0.6117849270980085,0.4556898037307816
0.30925308020360776,0.5836088706305257,0.4368414665834909
0.29977217689025865,0.5853537747013872,0.4136164153729521
0.2967331134858517,0.6023789642148378,0.4196017477312637
0.3029160723203291,0.5462781279294615,0.4190014796031716
0.30536476353751396,0.5511810111033892,0.4314296483587489
0.32735367286668393,0.5958877074385253,0.4463045331861447
0.324594829501237,0.5786064301364483,0.4651982773821951
0.32450924275570353,0.5783841520065398,0.45914912399202
0.3110458141366648,0.6452157945635161,0.4133302114902419
0.32169454952686777,0.5611149179764019,0.45893019295680204
0.321493902363408,0.5932294770960074,0.4551654458884422
0.3229959336035202,0.6176733785587186,0.4485784779719173
0.3209544520142647,0.5864211235523462,0.4370839234504935
0.308616694035842,0.5789574689163728,0.413129873033696
0.3133362903526626,0.5894865540257149,0.4123533941686771
0.30580328473726864,0.5712837467844821,0.41508850627089294
0.3106964112648087,0.5690247778058216,0.4405139634764382
0.32439352271350147,0.5635951814189872,0.4622543385022632
0.29878028245675525,0.579666049711241,0.4016940266492186
0.3052644519714888,0.5755366972714695,0.4310467673414051
0.3165038022814561,0.5857070308623283,0.4457080039874414
0.3035420529072191,0.5626984370702081,0.4060050239175205
0.2978427638705121,0.5802011942529642,0.4090070779032985
0.31066892087740383,0.6048465900708664,0.4359434205020541
0.30996330185619975,0.6103900408969312,0.4409929475071538
0.30633875643065467,0.5965042341116579,0.4116046073388249
0.3134705382451535,0.6179221243026461,0.4372339231342439
0.32100915085958276,0.6038284268820721,0.448381286419524
0.30684954968238487,0.6255496826652964,0.43915185279692615
0.3200287557377958,0.5737646211381705,0.4636648428694386
0.3060031777537175,0.5699457542381418,0.4392852588475808
0.3196343765300553,0.6015393970484729,0.4434487158411269
0.3174182060072708,0.5863457004427084,0.4519087136029082
0.2997900452696725,0.5882856578721707,0.42309558048241735
0.3021538238458135,0.6130993713231296,0.4319744449086758
0.3015791824501342,0.5606008772315019,0.4479882806133525
0.2898126911538813,0.5868273443437906,0.4379619821318673
0.29570579217424386,0.5653356872813893,0.4475551056841184
0.31001021949712165,0.6351511894824541,0.437630601988533
0.2906317843424772,0.6046287911580154,0.4238493008193865
0.29356049740281576,0.615905977362697,0.4127631129600994
0.31982635236122,0.605355004159536,0.4815789755533464
0.3125481368067385,0.5913062044144032,0.4674485676095194
0.30324555426031985,0.5997937628699589,0.44957823550133225
0.3176614024317084,0.6031773550118387,0.4462928107311669
0.30984774125983416,0.6107423337910375,0.4255448894157279
0.31320350058681024,0.5919636043297539,0.43711455041916736
0.338606568547804,0.6895585221513546,0.4713718736575812
0.3213772153875985,0.6094655839153759,0.4417309602947123
0.3188369144973426,0.5851851901107643,0.4525439991700696
0.33987907039761195,0.5821285066230376,0.4938023606335885
0.3287368004348774,0.562644809111595,0.4333425310035414
0.3460371837219206,0.603977296974263,0.4686116245266282
0.3508440134875845,0.5993034243671247,0.4806297934712663
0.33596196368949016,0.6081057138760259,0.4981268622966498
0.339685354344321,0.6045871876538462,0.4867121468434078
0.3222023706852815,0.6291329292532105,0.4623682442269559
0.32038088674836535,0.6049969204798562,0.4533931595202034
0.33784578849970276,0.5648321902258447,0.514463459583542
0.33690769253060737,0.582062697495851,0.500088597678511
0.30087190013763854,0.5892269231319255,0.474147489751932
0.3278951742228491,0.5873243603894172,0.5690501688119769
0.3067862217129984,0.5548555122477143,0.5243352684724729
0.2951072780675941,0.5643586408574383,0.5315477022507549
0.31984023942462125,0.5746305320742284,0.5324094389610482
0.3291167060088122,0.6000366582303619,0.557479305832103
0.3183937785054617,0.5819373205784424,0.5351083450077393
0.31544526996962746,0.5830413610679598,0.5766519400032208
0.31822143912185114,0.5552666187434652,0.5757072663507161
0.31641451975833246,0.6239733786782942,0.5518264640830961
0.3129479174286999,0.5841658562679971,0.525599980715099
0.3125134676973777,0.6073128779661693,0.5856763023109246
0.2831928741144519,0.6042879751662562,0.5878295766585268
0.2649922462634164,0.5919062680355046,0.5901443247814812
0.2839285039071452,0.5538400837264686,0.5788638465338644
0.3338681125372387,0.6312173662610849,0.5608092729931771
0.29027688853109335,0.5566383323970865,0.5792311555187798
0.29170814978659704,0.5678922819713054,0.6137693991740649
0.3358034198542471,0.605238336460946,0.5884270903523803
0.3221466194881995,0.5667125813617401,0.5726612449795739
0.31114032915074824,0.6568732895897259,0.6100023047795579
0.32019245079406633,0.5933090542345459,0.5950658028738836
0.32829253686395105,0.6404035246042552,0.6023601806380507
0.33145364639985997,0.5869355610527858,0.6272544968026527
0.31647229953769196,0.5664283861457663,0.6213902038576881
0.302664409821113,0.5742065558181961,0.5617490376812211
0.3262227920767412,0.6030727161019377,0.637675297050265
0.3032677609804922,0.6279707866405952,0.6721277138847079
0.3439429175989398,0.5811661182848767,0.6216861971970331
0.33298724952734604,0.6323886972061014,0.6618656214392448
0.413176487617461,0.670115173436434,0.7190358266863558
0.3998524414956073,0.6444423543220862,0.6703659909128795
0.4386784620145879,0.7183340376912366,0.7251009515469042
0.39900602899092447,0.6692638584461086,0.6779433056877683
0.3741204058683533,0.738351913570787,0.700956936705028
0.41619333832818894,0.6403635016513012,0.6422989100935442
0.4013723072998407,0.6890172216333584,0.7144904500397926
0.4082076929190211,0.6872495630393187,0.6664378993525156
0.41287771538712414,0.7086803636820609,0.7168143680816179
0.4262145566314649,0.728682815981476,0.6922469984886771
0.43829327055192424,0.6996116298544289,0.6925729629200947
0.4145441968411802,0.6828964527670309,0.7329109518281273
0.45543979609331414,0.7640288605078871,0.6645415241220318
0.44717075042711124,0.7089618655480251,0.703771709200518
0.4588890797947743,0.699694495106898,0.6665609127985147
0.500158027530289,0.6873926783053195,0.7181765997805938
0.5065654025461819,0.7008978826808687,0.6547435974688928
0.4649698446995575,0.7001864248913898,0.6629587460938977
0.38157402280317215,0.7408177697770582,0.6994832863487517
0.4050178905998709,0.6898176169642126,0.7183535762460305
0.46102561427282374,0.7174303936627786,0.6765614980009609
0.5076876700560728,0.7309387104598112,0.8974663874228966
0.7570027310398616,0.9126011584424948,1.2186796846535979
0.5745392358526137,0.7312804553506651,0.9094870637495776
0.9382310100017582,1.0091017090633854,1.2866093967516137
1.346075502420759,1.3021747330726547,1.6361716874040446
1.3009782911973504,1.2831629615040807,1.5579906471600882
1.3154898294610626,1.3091503200834742,1.554419247835891
1.2970535906760583,1.2951007628412228,1.5427608654872542
1.2770949994873113,1.267670969907123,1.5300840532504705
1.293343428281288,1.3031177587442366,1.4969657519388375
1.2945695064911897,1.2870750618515217,1.4957744826869956
1.348644837133296,1.3716678797116382,1.5221077627448112
1.2530787817570141,1.2426152711857514,1.4849152770866554
1.2985405273925352,1.3023002833362014,1.5032287948799736
1.29132988189849,1.3029967127368132,1.4978876586819274
1.2790070480436944,1.2984935771119512,1.4902245142762933
1.2431689740279064,1.2774142348969368,1.4641162151266798
1.291128256298031,1.2905432128095204,1.490243257897456
1.2885190444854067,1.2985732299426325,1.4745249377912844
1.274079820603301,1.295467789985408,1.4785677579138643
1.3024153330585315,1.2947020325488738,1.496498265888328
1.2613895306394827,1.2656729105687219,1.4753014576889705
1.2700798665762745,1.2951154640452076,1.4778250571247051
1.2953204316162208,1.3098049080397385,1.4997275262616427
1.280034776689576,1.277902575046375,1.507422289047519
1.2867515475851354,1.2684464396569652,1.5370197775040737
1.303509529277026,1.3071156047167318,1.5021095619240932
1.2752331169032838,1.2660337501543184,1.509470701447838
1.2741393637617333,1.293690371942836,1.4607393447459849
1.275639713854723,1.2740283971249673,1.5133302692867894
1.3222947282016588,1.3244624261059348,1.532948705375666
1.2915128217972356,1.2962836484885951,1.5161967880274936
1.282085134398764,1.2733345965994305,1.5158639523387094
1.3043657728894147,1.3049203590919414,1.5016634267472322
1.3062094669496422,1.324756681934237,1.502423431272403
1.3168034695987574,1.328297628877226,1.4885943026439674
1.2846243353218874,1.2906346746357524,1.5080679314442895
1.2955194606029568,1.2766717132877476,1.5316583506671229
1.3348564995091243,1.3644171564077563,1.5101208983108887
1.2821021896320552,1.292878708938911,1.5141370461719077
1.294094288855028,1.3005041722286723,1.509151258593788
1.284519179414371,1.2797935722384686,1.4910025874499897
1.3097212149405493,1.3029580004957844,1.5400858890465141
1.2800412901792637,1.2898094695394802,1.4850476275333326
1.3104103765306039,1.3118637422436223,1.5176483260144644
1.2981382516514288,1.3098015270396837,1.5219750349279446
1.3098655466521916,1.2851567975531593,1.5311705787204288
1.306088497096396,1.2882021056779125,1.5381450817315132
1.3392585355100772,1.3504354822887599,1.5295504258186101
1.3110134626181813,1.3160658599212731,1.4977239641015845
1.3056208577651764,1.3029650710709757,1.5087241585388051
1.2965341165888364,1.287142480523063,1.4999491848849411
1.2765324100922215,1.2849094684137616,1.5075790135861822
1.3220220244323315,1.3193765933843011,1.5269398343681704
1.3395943889301996,1.340180528082893,1.5405120585236074
1.324441961416086,1.3114970568482287,1.5347907079200769
1.31525978029184,1.3061413010562972,1.52384160145852
1.274846660700329,1.2670669069942186,1.502918412797046
1.2832351713527959,1.2901311724318365,1.4789065918180575
1.2914327690187282,1.305297217343056,1.4948353996206143
1.2814104293354958,1.2845220492707647,1.4802691389419966
1.2978991451953215,1.308223331687297,1.5183974801004014
1.2683284089362816,1.2978442986182868,1.431236738208061
1.2594916326573584,1.24926468096552,1.5040669705879692
1.2619562958838366,1.2740158500403358,1.4529640096876673
1.2442544870368142,1.2553424314615256,1.4268239684336308
1.263348093210989,1.2869007301740245,1.4545812871847985
1.2452481253257996,1.2640256302829334,1.479509424175461
1.2192392651233723,1.2459846176142642,1.428817991458193
1.2345981112548194,1.2493087959391624,1.4468309928343177
1.2279189643726063,1.2613883986267371,1.3968211145579297
1.1936498335000956,1.1973982980718962,1.4104930106576037
1.2318555973572594,1.2567986501191235,1.4147555782821557
1.2107523090240448,1.2277995436993598,1.4114861219691957
1.2120249268965668,1.2309532799413638,1.3855848906098194
1.2103951089054155,1.2237486142194245,1.412435823285238
1.2214719581402966,1.2408840791191522,1.407792421178565
1.2152075296946017,1.2365611660934874,1.4291512557420274
1.2201639272713825,1.2250062084790838,1.400481655440496
1.2374403145080874,1.2543256236399756,1.4170282228644364
1.2366024270046438,1.2637839591501474,1.4301289328854891
1.2137317912118732,1.2147880941770706,1.4342382506123794
1.2078303043546532,1.2258248921652737,1.3971206601685249
1.2370670893703517,1.2787166989169487,1.3976882132562525
1.1772447883411836,1.191109054260688,1.3949600946144154
1.1993239132190274,1.2144671074933664,1.4143656888035017
1.1982577189505945,1.206372526266738,1.399355663779966
1.1820861822936142,1.2066185646113403,1.37689387146611
1.180487784433073,1.219955432138074,1.3590682038420114
1.1523715183841114,1.1615250960391612,1.3650381197122392
1.1536223320611265,1.1796864092155972,1.351779347678611
1.1695311274275642,1.1964927728294206,1.3448482770009205
1.1608782124029278,1.1994164080623029,1.3148699481444392
1.1173169162266012,1.1628954141425825,1.3235914395473674
1.158008534750069,1.1822004897115987,1.3739362136678404
1.1246053427772191,1.161363924529238,1.303197582438593
1.1434032657401496,1.1940447168741413,1.301139789430001
1.1476104336148358,1.1864511314534103,1.3366935662122577
1.1629593348579004,1.2155437958645223,1.33583710610248
1.1415180804889622,1.1860815563450646,1.3136926578841388
1.1267700853281029,1.169706792505318,1.2951411777284418
1.1232736087126785,1.1435610531155136,1.3260803125770697
1.1203481107440378,1.1811359629916751,1.2722162292145969
1.1000780764618465,1.1643993642639214,1.274625137228427
1.1087200020588743,1.1381057957289922,1.3044134804903564
1.105806361955594,1.1437547380703743,1.2791632035635727
1.1215949132954801,1.185473609220975,1.287898150148015
1.098253636852836,1.1565069640070178,1.2720378775222227
1.1483302547702872,1.1877913977965515,1.3188910335256423
1.105505628387772,1.1454138251559578,1.281173690839968
1.1174023768538819,1.1477681896437573,1.3039820679525658
1.1299223586064522,1.1659398246823167,1.3052198978097875
1.1307583032923834,1.1575969968224016,1.31580359593543
1.1366060709597037,1.176379854941538,1.3187954700255835
1.1236818697366957,1.1496222101949871,1.3092623999252992
1.1317420737507868,1.172326555709972,1.3094792682548524
1.1397565289862026,1.1923324188386435,1.2977108514091495
1.1350196590803188,1.1830994063940707,1.2954191508685688
1.1387213767264641,1.1750615429647209,1.3256977985516305
1.1411122894037218,1.1678668310845115,1.3375589051628385
1.1190691567914721,1.1576748577495375,1.3082709455325596
1.1241986725009259,1.185151175450741,1.2928558004054893
1.1209991238164065,1.1650728020840324,1.2954024154404222
1.14012603653635,1.1873946688680879,1.298475496971753
1.1350020180519875,1.1714569332255058,1.2977091102751392
1.1365028637832695,1.1789696858877996,1.2921360954713583
1.1392536121571564,1.1827568691047037,1.3091606089975687
1.1490262834231886,1.1999197856225945,1.3247648401997123
1.1555827441826165,1.2176297981364228,1.3224512330047036
1.1322360446748443,1.1737284703838942,1.3143085981891138
1.1287515374910038,1.1778504048901473,1.3207691333574183
1.1263245867852054,1.1652872993805479,1.292970460779319
1.1187227204377321,1.1746887196530889,1.271949754075162
1.1178470080637968,1.1642124067396296,1.3099480871643008
1.142229174955095,1.1867481628543533,1.2998264263177008
1.0965739043732219,1.130974815934393,1.29963583490777
1.1216913801342745,1.1735275654402018,1.2802140271399247
1.1135234456624254,1.1585570083722638,1.2950086528163394
1.1053505198742448,1.1493821729120968,1.2925746470219606
1.107735758109787,1.1721158826092872,1.2765036448231837
1.110634205577349,1.16887946932376,1.2641911949727371
1.0949933419726445,1.1386446866335065,1.290480966786029
1.0811349146312133,1.1433348582176923,1.2448925771198174
1.0761554506536313,1.1390898344916092,1.257510934069124
1.051051094821717,1.1242057919750101,1.2108963214797033
1.0524049101569615,1.1036953438989123,1.2250010876085224
1.0704372383980012,1.1203712110756088,1.2340861041424078
1.0359824084583982,1.0848776796412316,1.2160987048539484
1.0310743519597187,1.1006601409451493,1.1981509518142233
1.045002529280847,1.13156623648428,1.199177835762821
1.0511208191859098,1.1305446058934816,1.2086555467936768
1.0350033728873822,1.1031815058684125,1.198854708682896
1.0329512665037068,1.0920262544858463,1.1874203910428087
1.0248901685473832,1.0919207687225423,1.1949557996677715
1.0536723112834705,1.123770150130463,1.1995717478569643
1.0353580965502365,1.0816654034682711,1.1982981678616498
1.0243005781307113,1.1191355818018511,1.1617975753708345
1.0281738819882176,1.1105025063910474,1.1768209533237919
1.0259598320182297,1.0906524430874347,1.1877614917243895
1.0153359943602984,1.094277395578243,1.1756238575578088
1.0091013866679968,1.0639932650553012,1.186447317111858
0.9966218178877932,1.057475577348878,1.1806347960843415
1.013855203115224,1.092498002204757,1.1697869909935907
1.0221886774371705,1.0957746470693843,1.1771875651844317
0.9992823837183166,1.0774115084017195,1.1713593149524857
1.0224655368205042,1.0972704809659908,1.1959157632517516
1.006115839374464,1.0954646481572077,1.166559036887268
1.0170255056845594,1.0753900413406323,1.1961277695382375
1.009254697316512,1.0956339659404892,1.1609757349814875
1.010114590828715,1.0843966360195747,1.179826041164305
0.9837683754776078,1.0702232394105713,1.1690101775410129
0.9818393221443629,1.0646220927607193,1.1678180224515815
0.9799845394487786,1.0624566325861833,1.163538248247023
0.9816471633982684,1.0517838740996277,1.1442904457804346
0.9734659497836339,1.066677356273427,1.1299915293966694
0.968535209887421,1.0571221075944266,1.1459583291239952
0.9735147300725857,1.0434849495316507,1.1433621267083545
0.960586812645723,1.0535248235073538,1.126632422846837
0.9712372565073953,1.0463344504776038,1.1465971824943957
0.980734147523619,1.0597644891502795,1.1434924270693931
0.9692848649864422,1.0469982562206273,1.1116442169433316
0.9570143513903221,1.0443403456717677,1.1266927102117412
0.9814810220903943,1.0719222978107517,1.1360894430546469
0.9686060122529654,1.0346675687379154,1.1327425618299949
0.97777513218425,1.0627327832694209,1.1371295135943718
0.9861954915989386,1.0803765772004186,1.1463271655884966
0.9784180241252648,1.048525934268281,1.1376033030845776
0.9861300580864892,1.0614573403552359,1.1523131329860987
0.9620503181423377,1.0287016584816826,1.1376208079373809
0.9585852831496393,1.0478670920180777,1.1412397443278308
0.958175564703287,1.0411484504095658,1.1294061276632938
0.9538777738456429,1.0344074151921487,1.1378193372397805
0.9553533048770313,1.0525339197139432,1.1005527917360638
0.9578781920537716,1.0431930621637941,1.1149798884337023
0.9380110342746597,1.0355847785617065,1.1123252685942604
0.9307626555150833,1.0259298359745264,1.0887232918894816
0.932525450869785,1.01525116702786,1.0915327145511602
0.9354391707402595,1.0253026738801163,1.0866746896363044
0.943260353161979,1.0563047801276475,1.0922192744078196
0.9311318980867589,1.023753093220279,1.0829402258046894
0.938843288826756,1.035966693249044,1.1106199248395854
0.9319980652523037,1.0219960715408671,1.0777813127409632
0.9443291545577569,1.0275832427965974,1.1049063302509956
0.9493399491066944,1.0530940399674542,1.0932419396948736
0.9491901105144084,1.0556271516140183,1.0788773200348438
0.9495691877112918,1.0276553211781168,1.1052177614388172
0.9434613022195508,1.0322141139022245,1.090633678144138
0.9529420828969114,1.0364893310152743,1.0944807080329813
0.9572516810158129,1.0350054683106595,1.1130591130336898
0.9658367043308078,1.0367208051590378,1.1173535054854082
0.9614509470250652,1.0438158288750243,1.1294193315891778
0.949939343909781,1.0512778052983305,1.1170767478707124
0.9568334723391765,1.0499349967198786,1.099882013381798
0.9551124606259358,1.0411224462075106,1.1177806700287185
0.9471711491003291,1.0305595374179148,1.1208734813153731
0.9565811836563509,1.0647228858784927,1.0906333816901028
0.9451253786929894,1.0334736555502757,1.0998917755116324
0.9570519508189312,1.0498386350239697,1.0944995196757097
0.9604335942205736,1.0510257429960368,1.11247410418708
0.9457309642735787,1.0306380451781414,1.1006498509273526
0.953884166290468,1.0394047552223364,1.1061445102359764
0.9533820831543616,1.0597737788801729,1.1000258898913418
0.958570682613889,1.0441478644526336,1.09442620951717
0.9589166470741065,1.0404069222171406,1.1262108031856508
0.960315280615464,1.0496413470034214,1.1160350340443443
0.9539426978754895,1.0445615279011782,1.1136236731918396
0.9504767478840023,1.0473557405217755,1.0955547456168055
0.9569109695940631,1.039352514978367,1.1253423153196267
0.9478949463568617,1.0425830767559303,1.105662432319523
0.939984896198666,1.0401564965359338,1.086239768004465
0.9323850808641759,1.0145230519518598,1.0895102319076926
0.9346747143639937,1.0265647706302097,1.074864897335343
0.9427456631393801,1.0478699921534538,1.0895070419393234
0.935761507957902,1.0450362495859429,1.0889845726153071
0.9260918189115808,1.0231108681168075,1.0666917842621528
0.9314205716994095,1.0320192862801187,1.0825606284729528
0.9282558315942058,1.0177802864954333,1.0876096091922094
0.9315579676622997,1.0280435984547869,1.0755405445069144
0.927017196032848,1.040241952955158,1.0748428994855828
0.924452210627395,1.013173916228991,1.0886995343261794
0.9206555997012729,1.0282470742821632,1.0617877016362929
0.9140410578071294,1.0124015753301596,1.0816644178047212
0.9074242008589292,1.0015463842097896,1.052207047156967
0.9096674149585274,0.9977224334011999,1.067175496051547
0.8979275980768605,1.0012562657396682,1.0569610475818385
0.8706623327895124,0.9656780622710948,1.027250505007164
0.8607674584146848,0.9681664654015408,1.0296320974285564
0.8594451571364456,0.9630728054762244,1.01266207176255
0.8460804794160075,0.9684644095021824,0.9903443317056876
0.8336026276825429,0.9554020235158162,0.9784562154846204
0.8305061240041935,0.9655950652350797,0.977010987443492
0.8263177481918711,0.92122450771069,0.972759681699282
0.8294678192768562,0.9388649509235336,0.9817243122296804
0.8356588871032745,0.9441108755739656,0.989068879256999
0.829063651999231,0.940184354306134,0.9861690958296212
0.8356139756975725,0.9484491836940464,0.9820640884184876
0.8273519246200532,0.9494839706814228,0.967954562005382
0.8288788424329305,0.9455836670659542,0.9684221859972321
0.824676547279976,0.9303076494757748,0.9759051719310464
0.8275855728982691,0.9332399253487534,0.975214431389278
0.8298845248371949,0.9484142656418508,0.9715482548561084
0.8286289547098842,0.9479672510885476,0.9774965138632368
0.8198082285331847,0.9160787589536636,0.964248295724326
0.8235707854695272,0.93849994358476,0.9691680798031004
0.8379013349330175,0.9534710816909304,0.9797322076730882
0.8299273218541066,0.9482992461266794,0.9679409873010376
0.8276126558104875,0.9544180376479284,0.955816481827085
0.8338001599756315,0.9301294289758152,0.9895533702533448
0.8307689555315422,0.9331614312847539,0.9830666128188952
0.8298153345733849,0.9314250614395048,0.977791791676064
0.8326282826946328,0.921216106797016,0.9838647303706484
0.8324824854913265,0.9220639943097376,0.9761652023911592
0.8335958051320469,0.931360001433742,0.9777703742031832
0.8289352921504147,0.9284100737574364,0.975131046779761
0.8328420364862745,0.9337097826699812,0.9807819563435908
0.8271472837241355,0.9335241886935968,0.9782559639970018
0.8257877337561239,0.9186805968486976,0.9916826350601304
0.8193832276332289,0.9284832981478008,0.9648431686339058
0.8058437400153676,0.9125887647416152,0.946575944310304
0.8005830658456472,0.9096357474243509,0.9397258217033824
0.79537309474462,0.9166985326401216,0.9335978685271012
0.7962215890010742,0.9118194918108152,0.9394820858478244
0.788571516764346,0.9255026536677196,0.938679625524543
0.7906370625110377,0.90440971426871,0.9312931556532028
0.7935043266853954,0.9124139218967342,0.9419475828483276
0.7933726741171716,0.9114304497967216,0.9290783326517792
