window_size_1_MASE,Plain_wAll,Exp_w200
0.21226736506216062,0.27040924430040475,0.5485042063286414
0.2119871831252727,0.2913964603672175,0.5215653233898839
0.20965699963047243,0.2758463622027686,0.5655478209976491
0.20783146289164342,0.2795339027856497,0.6137888685652024
0.20709215505292236,0.28001441374968955,0.5841682699919661
0.20632387141771397,0.28621170707214216,0.5907578018886596
0.203645802367666,0.2756709851785163,0.5508993978995239
0.2177676587933384,0.2972063260005388,0.6122999923538747
0.20724351777186506,0.2754862571794423,0.6037311175475216
0.2047982479344029,0.27176556431122256,0.6083155366218803
0.2046994622313489,0.2738509943503193,0.5803677929795671
0.20645056403663184,0.301476930630645,0.5973680058082169
0.20026169581291534,0.287731217788796,0.6121029458773536
0.2112892855501894,0.2839691079579583,0.5911222015290221
0.20779463696450534,0.26426384726884083,0.5443537085159654
0.20862087089845313,0.2771081719611909,0.5633346737318603
0.2038300174389233,0.3036835417932125,0.5584106397332997
0.2027260227324561,0.2820331644777031,0.6124204231398533
0.21375115255463714,0.33045815999724937,0.5453498942734009
0.2164453640096867,0.312770857802053,0.5827686196721261
0.21709517895866517,0.3144782859668669,0.5591602788105137
0.2154940943691334,0.28232700230806185,0.5573514873572365
0.22338793308779856,0.3427894188380436,0.5505068323015739
0.2241281829479239,0.3037442385040624,0.6367361881494306
0.22068636040663442,0.3069271425706463,0.5833905162623495
0.22902287659686266,0.3166320962465501,0.5802096456940816
0.21982616470625096,0.29542014756675355,0.5538499695761641
0.22104900346000433,0.2860329805069277,0.5592553565145315
0.2189715287689374,0.3073587099339091,0.6394610648506145
0.2149184922905556,0.2693565398113782,0.6070408112949546
0.2153707726822157,0.30380478849973663,0.5576073381442709
0.22148697397632702,0.3123964370656174,0.5699418500960394
0.21855722967877056,0.29496765822765225,0.5882361746194826
0.2209577218112636,0.2927816358912299,0.5802524008387074
0.21727419390946656,0.2997740559501155,0.5649323407913914
0.20930872545382695,0.3207665481009461,0.5739319435239879
0.21959284186779157,0.2908717039198148,0.6250534931175029
0.21900389888793523,0.2930937555088217,0.5929914010561244
0.22556125333425447,0.3195852458054882,0.5844316393133421
0.22231668354568473,0.3017416801937749,0.6066428250142628
0.2210910283445602,0.34327366338049464,0.5665041757607898
0.2153263398651596,0.2880771634430705,0.5386051440109407
0.21240186516228857,0.28249288124780103,0.5680520877163837
0.2165249066365687,0.3031904256469488,0.6100322604774409
0.21762581813771603,0.30619159837023224,0.554931434752247
0.21808673363858014,0.3091764730460332,0.5928241825042494
0.22023908671148543,0.3197663760916709,0.5668809360850484
0.21286343433157676,0.3106337112895694,0.5609336074285114
0.21948287428061541,0.2989521679268265,0.5748964014485771
0.22407704700933848,0.3137352599634425,0.6031128598718526
0.22093049230882275,0.32143446807622184,0.569489850312793
0.22060453491407422,0.321760966025682,0.5618135923161273
0.22400775834966502,0.321316590968743,0.5243253082820882
0.22346770076048372,0.316396724255736,0.6211491352094997
0.22468671927940753,0.3097567800212765,0.5828803508778959
0.22017240839382984,0.3307706300884326,0.5622031910909591
0.2259337768041883,0.3868307168180706,0.5676645252318104
0.21594077048850246,0.2982579023968108,0.5698189014951116
0.21352091632374923,0.32318889209630425,0.5733541467428956
0.2268622111709671,0.3175727522846608,0.6004726503438313
0.2233475019192559,0.31904325407730105,0.6001028426843721
0.21919262633489417,0.3076178153932308,0.6129856359603787
0.20682486086617602,0.3176638639598461,0.5578065429285877
0.21775779720616853,0.3488823542675757,0.6050298999785783
0.21939753843878876,0.3084690428555543,0.5890221839198228
0.21732893096370656,0.3419018378704844,0.588514572035875
0.22382177835214218,0.3141187677183685,0.5548864971557758
0.22048891416499977,0.2959106150853587,0.5270477493826633
0.2139788936263345,0.3183146041467457,0.5469644597119386
0.22254304630113717,0.3063369327199018,0.558962796221093
0.2274530536542359,0.34386365515537665,0.5918357090905139
0.2274691678012882,0.3194933629787641,0.6019880136339149
0.2178913383650506,0.29994319304803296,0.547113814290781
0.22445039432287486,0.3213827814228287,0.5654641958133722
0.22826534092585213,0.3292107946575555,0.6060784291958897
0.22323027066063994,0.31609159571660184,0.5606206029770242
0.2200593976738645,0.3953545645852571,0.6024582621442501
0.22437333117755068,0.30593654020254546,0.5582979153336989
0.2110884491406702,0.30019491206250665,0.5680993396533663
0.2231812720712157,0.3156802492900596,0.5798100899110409
0.22462915057369615,0.3809559584282705,0.6006776654687415
0.2236788033634963,0.3181508066905829,0.5855922025062401
0.2239058229581614,0.3032031538735958,0.5714679463979673
0.21848696366424608,0.3192271572991977,0.5793294860621312
0.21705143486460401,0.3138739208146677,0.5549357790089274
0.23168756036437224,0.3377086646853011,0.5656338067749339
0.2230791611253683,0.3431452957911877,0.5538941191493454
0.22284750708232828,0.31055096377833324,0.5578623943844889
0.22891630570051869,0.3191723946501166,0.5580133975069053
0.22449937911949644,0.31286145239757635,0.6155353025596135
0.22809392891913902,0.37284996297691736,0.6719979345080321
0.2202560510426271,0.3215589288389517,0.5629382684273443
0.22298400985663505,0.31352206122279475,0.5435341813258194
0.22349721938271347,0.341944344933426,0.5580232304927621
0.2276265417224867,0.31080610092282496,0.5791434151951699
0.22565610183471393,0.3106741302371738,0.5856432795496473
0.21740517926911196,0.29546538405347084,0.6286875451828028
0.22554856286024708,0.314408068031878,0.5474113120342059
0.22584413699013786,0.3195950347432115,0.537058724119498
0.2298525010438551,0.3230314535068892,0.5906328401287383
0.22699945240240596,0.3461422284047549,0.5494993132905607
0.2249411780751868,0.31021921010848946,0.5629648884275383
0.22721176025525466,0.3377740418003575,0.6112519350215981
0.22928473055346507,0.34431213390726434,0.614584867660667
0.23005796603038298,0.3155811564790259,0.5716059444951632
0.2263085102291952,0.3528373964005638,0.5538939413983378
0.23413445560254648,0.3372943034590239,0.5900919948979785
0.22814511508189306,0.3488477892351965,0.5829158987622933
0.228880041915197,0.32853580111575875,0.5748094007482228
0.2238548359422089,0.33130872092301866,0.6060625328084434
0.228444391577288,0.3356038158698818,0.568610881158432
0.221613186612053,0.2903029046509938,0.5784904158096293
0.22088566805859913,0.3657292612192112,0.5362965077629408
0.22248578453556025,0.34322004263424616,0.574009003596821
0.22903077242766554,0.3378632537313947,0.5778580080371486
0.23601073149861665,0.3683660129683048,0.5541473605191573
0.22888087176207939,0.3024605851379953,0.5692596101058558
0.2271777775799486,0.32561857756142226,0.5540239294207182
0.2246846581751299,0.3445156507798716,0.6007497262325036
0.22348443479915162,0.3288759149116144,0.5714013121466233
0.23692368065749975,0.3443082212477904,0.5634773675027391
0.2330261383337907,0.345789055201435,0.5814984227890438
0.23105322006007684,0.34451207179637,0.5449127528486937
0.23079222524413281,0.3646784227959806,0.5824274364012045
0.24110994935817742,0.3190188146370732,0.5782212995546367
0.2265173474228156,0.4018731888200622,0.6054162613130006
0.22989334600813052,0.3470110018626184,0.5449914841757783
0.23150354081990954,0.3341072965914523,0.5643325172599447
0.24076057618978625,0.3797111782115956,0.6174364307110042
0.2240411140590989,0.32163992128158697,0.563079392909826
0.23117499597697364,0.3164939303278869,0.6046254068485125
0.22723375332898876,0.3391287800064831,0.5795721498326566
0.2325224865997764,0.3341475767786313,0.5748359811861757
0.23449124663232546,0.35323045371492,0.5721089799333927
0.2309993623761019,0.4242067063323784,0.5730715303376115
0.23153193994214283,0.33573070975836444,0.5775228907684944
0.23580777140025283,0.3872835363276744,0.5923438756979849
0.23458236420715792,0.36825192356157305,0.6133510980644451
0.23629808029393362,0.3572841340566397,0.5637982138165959
0.24315058539335432,0.40531929364930586,0.5811205701401834
0.24388361785285184,0.3700993934946601,0.5938419140039926
0.22682114273207063,0.33456332351004364,0.5656953399915592
0.2354085920782783,0.3550503206886062,0.549296945900101
0.22736322563864042,0.3599246996453945,0.5912574189966056
0.23852102713281512,0.3838014552228475,0.5639507939668237
0.23371887409704217,0.3763191056273735,0.5404593902147707
0.22859146188380156,0.3339603832262339,0.5696096728960605
0.23489995311987008,0.33499657574843344,0.5987336500464631
0.240839511254361,0.3865596964150621,0.5849928604292695
0.2375988209462009,0.3260846516205768,0.5946103915336954
0.2375140681951806,0.38589364510301416,0.5857925461907242
0.24021216405556678,0.3275753071904782,0.5698211847213576
0.24123976323960336,0.3771828051988518,0.6344036421527018
0.23484170293272413,0.3651787007002544,0.5995943092811686
0.23545028510802332,0.38187294211119577,0.5394768130666779
0.23448377915232668,0.33880579127927496,0.5808030679454536
0.2479157705743882,0.3528052393625252,0.5938127125459755
0.23662232167929573,0.34260614994053834,0.5695003674380815
0.2348657431962665,0.3248116170301679,0.5656445952616574
0.24811851731052187,0.3671244147297708,0.5880445886216384
0.23925229417676946,0.3837853939625667,0.5949663053706766
0.24031612937690197,0.3742835189854745,0.5621612283212432
0.2364400529281429,0.3313458795974117,0.5885611965857261
0.24084847367750073,0.3371034581735598,0.6162921266987625
0.23555694131115432,0.3312389034342006,0.5830836119697633
0.24401290691797312,0.4143841089983553,0.5726183149898988
0.23766204560822488,0.3595713292805099,0.5626095650117183
0.23774821155497702,0.3646953223198505,0.5930593169555087
0.23887833842284734,0.38209542420954107,0.5879624749936556
0.24469506155557424,0.4573679329787234,0.5420683447291595
0.2275825362777843,0.3504184516012364,0.584551762650056
0.2323494129794664,0.360180220956325,0.5647075508893394
0.23252220696438378,0.3534925647965324,0.5923914860589433
0.2413780440262144,0.3659499310459931,0.572756521587097
0.24648658003512552,0.3674047195135231,0.547501830808978
0.2454880783852561,0.396632606422564,0.5534260306589157
0.2384123917505023,0.3557106008858129,0.5508302769955652
0.23333197463571953,0.36823823536772,0.5604467086958137
0.23711163956622788,0.3460755206511044,0.5210201402536819
0.2384397920035632,0.375722674783595,0.5715431973455523
0.2329354333852712,0.3306754329910116,0.5533419295403206
0.24687508467487743,0.4028778538100184,0.6086776293059458
0.23508410396407178,0.35286978242858064,0.5607880476731262
0.24260983893889965,0.3476500217231174,0.5413023632333795
0.24659288409146196,0.42364231236034205,0.5326282007940477
0.2429698422142922,0.3488414036268929,0.6263597182110225
0.23827842544251326,0.3646354764701024,0.5879185688096644
0.23446236750176552,0.3659124446269792,0.544381872081376
0.24846639534709666,0.3772082460035831,0.5998405689527979
0.2452100554636572,0.35450778591112303,0.5221409082507056
0.2383992020672858,0.34983783813793606,0.5958640172566073
0.23454864361349925,0.34678219209612393,0.558822035024003
0.2304065292464923,0.3997389015216526,0.5966094732846368
0.2469230621249482,0.4052265463654575,0.570782293165187
0.24272525565751046,0.3805228726335349,0.575330679755008
0.24315690851011573,0.3641537983754199,0.6076602429131154
0.24983581512931582,0.4276916616814247,0.5405351670924842
0.23517401296340268,0.3813467054009829,0.5749727232145174
0.24705127520464487,0.3635372012221548,0.5836748279140178
0.24184703833491472,0.3835103866028568,0.5605973508100299
0.23457910507285631,0.3341160955449952,0.5639348537348805
0.23858262653249873,0.3402882847735523,0.5944688529192051
0.2411811546851842,0.3500592607189443,0.5689275588508147
0.24422771200027352,0.3879614913383485,0.5495166736248442
0.2512603813614718,0.34704572390014543,0.6142585040941799
0.24970211353518462,0.3724354435202048,0.5914059217808264
0.24482820877272515,0.3743924898199996,0.5758699131517055
0.24298488068889817,0.37441636094457,0.5701685380358721
0.24763636234277953,0.3767653302768467,0.569119845231972
0.24551673172695987,0.3824766641373996,0.6142287581153011
0.25596028612421645,0.4898630978891583,0.547516409870493
0.24575456344118338,0.3720013180548398,0.5878893256774057
0.2431729768298268,0.3678230057294451,0.5788098487882055
0.24833781727416848,0.3683665470339298,0.5768099354751758
0.2402171568184066,0.4084225962353408,0.575448779298599
0.24738031784221934,0.3730677390319437,0.577982245487729
0.24194643583416195,0.3655097098264746,0.5823431364342404
0.2376368951384816,0.41135666893646494,0.5737074287770065
0.24011259145931774,0.3921132898802439,0.5415220044851351
0.2393868950942563,0.37162798712559614,0.5800813302780967
0.23372104134112143,0.3632813853723391,0.6153183824830738
0.24430092046665883,0.3954163952951973,0.5621308971015777
0.2465726050373279,0.3567478904780147,0.5954917728763897
0.24827167791035637,0.4338037962645979,0.5769444782451609
0.2445060231541306,0.3598473313177864,0.5907647909235966
0.24110142303920973,0.3732919693054864,0.5716490678355644
0.24756781198504535,0.3614250673190891,0.5789223076359284
0.24766291403437507,0.3673636540681202,0.5755750802707262
0.23852602436868064,0.35315908962940434,0.5864806329089969
0.23676106292593588,0.3939212503477146,0.5421517469731477
0.24143705119259173,0.33539673928645064,0.5546259514548387
0.2406896308885816,0.3871464315675885,0.5822341049216917
0.2529282614667698,0.40605840078113536,0.5717699407199502
0.24668201136036091,0.37600477091568413,0.5640797693451772
0.24610296082861305,0.36033412059967,0.5625807595895947
0.2495527152886177,0.3726898921302199,0.5433879768465185
0.23899634726228183,0.3933485288828792,0.597142359473969
0.24317838807891085,0.38099147953751256,0.5664448691121274
0.24500977433222115,0.3420008173610408,0.6022245312893303
0.2429500239782597,0.3946003207779505,0.5463205634121622
0.23865826643706192,0.3492735367695605,0.55380686358686
0.24798315153547734,0.3612669056888732,0.5879858002482405
0.24484588911267863,0.34400766503450586,0.5836355873320396
0.2466206324722522,0.3817509885788112,0.5646876921997983
0.24247568159970406,0.3774688145602528,0.5600942345572635
0.24608535904979117,0.4001593956773999,0.5549481780494212
0.2472432133876046,0.36267651614667373,0.6188653052850044
0.25392803901397465,0.4553767193841266,0.5560733699910797
0.24589165945588867,0.3661953164443512,0.6038900264515593
0.2386813534332355,0.4026186700100744,0.5576004680086362
0.25047371481453234,0.4145082185277759,0.5833803252422434
0.24099844730000297,0.3819977026094557,0.5763903773683454
0.24544776046199934,0.44941275064289227,0.5469417224178555
0.23986304685762827,0.38285504315521857,0.5432016194065176
0.24098627841912346,0.3959398168369917,0.5671890622681262
0.24591773229731528,0.3899603390217043,0.5486495349699119
0.23916883023806343,0.3679562698065272,0.5914419847134851
0.23679391109548867,0.3856232005987515,0.5648250096993735
0.2500792000098984,0.4004617531696898,0.6215273062637111
0.24620291598352026,0.3826350891316848,0.586525701766653
0.2571331572964729,0.44126760800430576,0.6088214433952346
0.24554516163942772,0.35436693127031405,0.5848924425997866
0.2409437892828728,0.3680834475283693,0.5926860845465263
0.23924893745918577,0.3775259992457651,0.5909213783378691
0.24455256247125398,0.36621511314069866,0.5866674411734629
0.24273681950945622,0.3870461064803672,0.5887517759894644
0.2474667168313255,0.3979889688772311,0.5454553360266263
0.24222888547943822,0.3473713046511435,0.5560168811446892
0.24378197601599955,0.42455826669908736,0.6036063448380397
0.23029976962004542,0.3684143515371232,0.5745528063857602
0.23642246946353015,0.3871548223216565,0.5631871203375333
0.2452072551410915,0.3731658593018494,0.5922195183086586
0.24681139995530668,0.4196459563401422,0.5539078510311402
0.2541476941549016,0.39745544346693307,0.5862879763083567
0.2576279302738867,0.5513063070972657,0.5379769273522014
0.2403277289694711,0.3560299042708919,0.5632659010412534
0.2575368018951053,0.4023832391006106,0.5516372605809223
0.25055654213599743,0.4842541290403328,0.5983817576457467
0.25174724633606244,0.4030922819508039,0.5655663007455203
0.2513920382533155,0.37720865944398896,0.5940426363920913
0.24190708480043469,0.4143081210605937,0.5928985242629959
0.24618889876867198,0.3887437670957036,0.566250280439241
0.24861849073315112,0.3824022850933949,0.5654907394341082
0.2701853123416015,0.489083465341744,0.5702426608387691
0.24306228757741727,0.3853402796111321,0.5813888263346989
0.2490903428528923,0.3869693710228443,0.5725143158184108
0.24250827425394234,0.3972998259188452,0.5684441185652607
0.2459509177075293,0.3924080564996413,0.5886674335167794
0.2497922832489113,0.3936138291181143,0.5473890106930631
0.2480908968379125,0.3801122323139157,0.5896447928546202
0.27130034788688834,0.485190911863866,0.550215443036623
0.2523207154326021,0.4529654154538232,0.6109388238957425
0.24968890024285875,0.4215538099395049,0.5918788025503581
0.25463423583083644,0.4330688835649209,0.5797630965014544
0.24511198020546948,0.4010964105768949,0.5905862216962204
0.24561094695398578,0.4116577213552698,0.5930788460496841
0.2705908995751334,0.4990790851560933,0.5613840396176795
0.25486015341544216,0.4915049743980512,0.6177221516825697
0.24685923403888105,0.3823762777032349,0.6055566918461723
0.25294232472732864,0.4004482268187569,0.5685226080252616
0.24511065460218917,0.3910956013520312,0.5735200909673791
0.245191859646391,0.39618966401493017,0.5717447406886003
0.25503737306845575,0.41140638825223136,0.571424167061371
0.25077766115359823,0.4472518798727044,0.5706548437736876
0.2529390023837024,0.4294869235484735,0.5635122495350061
0.2477077745015114,0.3979143589549923,0.5812794967345516
0.24707306832168874,0.42485850782939655,0.5665071437741694
0.2500892075603164,0.4021284628763538,0.5902159554365487
0.2553410482029939,0.4536656262904085,0.6151913516131675
0.24012404770455853,0.4572306520021731,0.5703619075716254
0.25047552854314203,0.3944244780701735,0.5716150850375029
0.25317475480573687,0.4837208224517518,0.6064549178006634
0.24801136479258254,0.4252010761956439,0.5706802523382151
0.24141582848886048,0.4004450048778305,0.5611795351481635
0.2485939706695433,0.3842164473669929,0.5791584474047842
0.24852868836466005,0.3999457560642937,0.5475213223230236
0.24837836578604616,0.4760244536739037,0.5150075458805834
0.25093398546493306,0.5016149326786471,0.5444466394914841
0.24773078359193618,0.4118000548685978,0.5793623055246836
0.24543154795605965,0.3948192575910077,0.6278425363764228
0.24755581840876695,0.4171761347012334,0.5912896043823452
0.2541930410629639,0.3978558312328784,0.6238205168611121
0.24308904322170832,0.4664347836129353,0.5784972221257424
0.24783318948636512,0.42219118096833136,0.5310322069288584
0.23659298380694857,0.35234497444556273,0.6082305858995121
0.25746599070731563,0.4202258335817253,0.6384526599257003
0.25972600491628806,0.4763677687516909,0.5890782323546213
0.24326565170357053,0.3838312257442139,0.5769739118317411
0.2526839239779485,0.41002918402169297,0.5754874246610843
0.2660609136945314,0.5296010823828299,0.553167867417747
0.24761845175806171,0.4496290597864208,0.6344394977138123
0.24796853595889698,0.38705730689314827,0.6082114742405993
0.2476538119933044,0.38508071429906604,0.5670371247105433
0.25194108668689474,0.4400571293399602,0.5814037974990749
0.24088097030762076,0.38799599573021104,0.5712936050509034
0.25411411629088126,0.5019054574461502,0.5922382265209678
0.2385809619031531,0.3853366772651413,0.5780349576803596
0.2758688287076737,0.5055536198260121,0.5835538754559019
0.24969838256869664,0.4351576831961089,0.5488736914827761
0.25886670641338305,0.42401416471035935,0.6227492156371645
0.2586770375837848,0.4807612695750058,0.5405451353372573
0.25882710330721886,0.4593419582126305,0.5778250999482764
0.237104944318875,0.3686889971814205,0.6197746386421887
0.2558425424874383,0.38360273760516334,0.5667362134315449
0.2475200454159695,0.42165744199116056,0.5483487361578415
0.25229166325359886,0.3841204687410253,0.5755698916975498
0.2514935234192117,0.4254389069717979,0.5845573638738688
0.2533678884095657,0.4301598088160288,0.5629747549087502
0.24826729291382538,0.4304367800767471,0.5703362206493143
0.25229438077768784,0.4756475854493623,0.5622706365433858
0.2528454709276934,0.4303956010056066,0.5790792753363678
0.2557157528818216,0.4306328685923841,0.5605803977109558
0.2504197070220081,0.4221432965725326,0.5801537038715007
0.25983678942320365,0.4314950663887756,0.6076286974183563
0.26083255326885935,0.4388109448862956,0.6002806895072148
0.26404505403475254,0.4610484546924982,0.6180866745160682
0.2510555789242661,0.4349786297554491,0.5671355175991242
0.25475723488410934,0.40181340313736535,0.5497358501051096
0.24916360518250194,0.4226039648258976,0.5880204263311011
0.25904647748170684,0.4707071604600906,0.5823610247642633
0.25103476778119793,0.4159311899305228,0.5477168390612861
0.256320817766311,0.4874565831962674,0.5828002004757096
0.258125012916062,0.435978793132844,0.5922848239996565
0.2658518167422148,0.5058785892136332,0.607143202504098
0.25674509047544164,0.4685191096425161,0.5889273980868853
0.25957849638967856,0.4145205089978294,0.5815631926519889
0.2589271378534223,0.4309030178769157,0.5631481983729345
0.2670006699460927,0.451771730221272,0.5542390207439681
0.2666937307712739,0.4302027401631319,0.5609172547711498
0.25736676821759596,0.40030598892978897,0.5457205683636592
0.26404416197424213,0.4440316481760295,0.5721313056502318
0.25729239092849754,0.4030277408709636,0.5913033406812813
0.2612251458937226,0.4089468131781852,0.6256588524940042
0.25679745296327816,0.4234418522724772,0.5710879060056626
0.26721235329690457,0.42262554595803903,0.6206319803235569
0.26609879093110117,0.4476021949479742,0.575343013825396
0.2649334422909142,0.41574663086212543,0.5725079857053029
0.26428596085092054,0.4154135879750492,0.5735938466608721
0.2564634375386428,0.40060487240948817,0.6503745948288906
0.260043820872505,0.4263897756046653,0.5751717375775454
0.26483587515139484,0.4215107037773197,0.6220447344909146
0.26057782659965667,0.4068540617981893,0.6104863840806666
0.2793007111719903,0.5280043688854699,0.5373387616329608
0.25332249414240837,0.4201270532165759,0.5636620390464409
0.2664129535345736,0.4251974420923571,0.6086999147837232
0.2656127821794048,0.4359767223450449,0.5624158908599779
0.27150469643991576,0.5589463069961375,0.5546261422523338
0.2557412016472732,0.4700099006267717,0.5776990764558443
0.2608852436233445,0.4219080890584185,0.576865426655979
0.262889076173297,0.4445597703610725,0.5634010189786774
0.26905775799914977,0.4011676294604936,0.5733353671648181
0.25627567290597314,0.4886474039102602,0.5511074918897598
0.2626946711060899,0.4490133812890273,0.5657685086456031
0.2582665855566425,0.4240708576049412,0.5660772928282657
0.25629301892591205,0.4547250945792458,0.5994787639692035
0.2564252026338586,0.442204861885738,0.5499476160448438
0.2496844738859656,0.4367652386423292,0.6060954362756771
0.2502577056544694,0.4052199656219024,0.5552811275683089
0.2521215199320783,0.4194588149217367,0.5438327454595101
0.2575215048573415,0.4748569380206731,0.5793711627593181
0.26022382795276217,0.4814044637357896,0.5948087793788432
0.264109531233084,0.4563828966121548,0.556908504817745
0.2477549730480733,0.3905560147536221,0.5783495189430041
0.26056380498341714,0.4781063954382788,0.5805599656852386
0.260659802340673,0.4344298512130937,0.5760343545628309
0.2579187989241161,0.4213706733283628,0.5595884467144284
0.26443624895735235,0.4467427913997983,0.5493085286711807
0.2526168537790013,0.4064624804223591,0.5935482071835713
0.264710028179348,0.4628299027647103,0.5867841024949358
0.2662874607555203,0.4461574739570415,0.5947281714671946
0.26850008628158956,0.5262765317780425,0.5623876810756251
0.2625281034026719,0.4438818409709782,0.6124209396967862
0.2547727379687089,0.4579459750283221,0.557454246514193
0.2680864413556965,0.4507585447997892,0.5750176716686303
0.2617456750739777,0.4602221821375991,0.5680059144104151
0.26732225083225725,0.4860655607763444,0.591371645486165
0.27023373657986466,0.5035533454709659,0.5936950341772192
0.2676198478923359,0.4133958140479087,0.5971236840127079
0.25367306097387643,0.41346491059837226,0.5758237610809969
0.2760055959497992,0.5389123304919579,0.6113801546748512
0.26983595168529373,0.4975979320996864,0.5641380013770488
0.2679368109439607,0.515091792474831,0.5777265145650793
0.27430461004582785,0.4504555198833752,0.5828738218714423
0.26253515196043403,0.4354160719342064,0.6124581489534505
0.26472462094706023,0.4059877052322806,0.62885731987133
0.25188979790754545,0.4311078810256751,0.5504662441784226
0.24783918799818275,0.47643073542478204,0.5665433764176939
0.26925192230372796,0.44930079608512696,0.5583915334603142
0.28625086397009175,0.6144427474749495,0.602299877004334
0.2794386089253219,0.471935375255665,0.581962931729509
0.268773650992554,0.4510945430619485,0.6122586026772932
0.2732587456342348,0.4603855724670741,0.548973570595031
0.2706387491418711,0.4909517443203085,0.6231881275315232
0.27252911595849644,0.43468356526743857,0.5720147859277587
0.2758673753932534,0.43332905411907374,0.5950300091636959
0.2733336406671867,0.5120917313023666,0.524836193696159
0.2603672387369403,0.4774493149519284,0.609883691018976
0.26400376233514117,0.4341289342791623,0.5939767730770098
0.26739457958920454,0.4644676488987488,0.5628703177494585
0.27526064245939275,0.5068659061578901,0.548793888445703
0.2652476057096298,0.5086178856771082,0.5529641070285313
0.2654431144837413,0.4520346418094969,0.5574102373216178
0.2718328412911834,0.4483892060090032,0.5785268288949047
0.27375021353336715,0.4941069424324472,0.5327965796993953
0.26304094725256905,0.4429203318845276,0.5659856331815493
0.26581137229611385,0.4615002321030744,0.5788980428039323
0.2637659614553464,0.4621674330234018,0.6049954974595089
0.26047125641156277,0.4633359831887699,0.5760440333899483
0.2647739614489535,0.4436006991843473,0.5840782763813855
0.2693413254718161,0.4832790646488275,0.5751049182963791
0.2783730763246185,0.4832483388447685,0.5509579992428756
0.28089811180441726,0.5078045705815065,0.6161851036842583
0.26849371584341136,0.4437310023431705,0.6241300268074965
0.2711453558671527,0.5806814965064602,0.5536625074699676
0.27170702994263557,0.4868594803851718,0.5654362009965468
0.2805902304636436,0.4680396920986498,0.5976728886151212
0.264504982425744,0.47867201478843896,0.5642860023125129
0.27666897149095937,0.5087587748062485,0.6271966890898544
0.2798641697809659,0.4693681132940182,0.5769671451335722
0.28522746769605767,0.5225501722049756,0.6123502562932363
0.2752874503693166,0.4601760603737909,0.5706926587000071
0.27219043498812745,0.5657735683189465,0.622242110145296
0.2776198086134551,0.4849163269319389,0.6204086082040775
0.26310859667567166,0.5479743718982831,0.5478140822430455
0.2703800606476291,0.4712458429897506,0.5811916883344314
0.27097139273227344,0.4980896457102712,0.5952401955455131
0.2868341986670087,0.5511363896430914,0.5931676426599499
0.2716812988678953,0.4458532158233645,0.5977417280964652
0.2754393889162223,0.486214624462916,0.5794361652678537
0.28117099789081124,0.5048440145903456,0.5772598679392817
0.27562657511263156,0.4158281122733472,0.5292625686201486
0.27310585797054715,0.4656293429722478,0.5759199974675212
0.2807696414261185,0.5283392251648604,0.5390483105301008
0.26917795954432167,0.5458207897637821,0.6258121009941421
0.26977153419780536,0.5316774653188633,0.5481478233973409
0.27002914416129903,0.4597708002684342,0.5976188806625936
0.2812566244285262,0.4546845026617778,0.5854109665622639
0.292432904752653,0.6653935115735767,0.5438482864825671
0.2825222831846581,0.4884863013712996,0.5986792713277751
0.2708592903761616,0.4391392771119476,0.5713963870192205
0.27057281351068097,0.4260834700390076,0.6064037212212137
0.2714854884091004,0.4758910079222015,0.5739598521183157
0.2729064557255215,0.4641906681364034,0.5843613086163348
0.27853313208883806,0.4595451901215054,0.5711656609919415
0.2675443847124832,0.4348330600796736,0.5409812307268146
0.2810032433322539,0.4748562089948493,0.609049859251879
0.29404765644019204,0.54699859643895,0.6208485070740799
0.2822433137511278,0.47206543656063,0.6216341994194541
0.2778475537372611,0.493458236700726,0.639094331082472
0.27425305552634127,0.4878399073010942,0.589653710639572
0.2783485179434756,0.4956287446440538,0.6260896269884825
0.27624937865792654,0.4270728459142484,0.5583290335367077
0.2810578762762939,0.4623436888768133,0.5878041620396178
0.2897557046975091,0.6601406050249606,0.5848980284455501
0.28566481055245296,0.4523965499111208,0.6181700217392557
0.2905605609862541,0.6005212301480332,0.6013219671496955
0.2766714224963537,0.4583037378430999,0.5569509776287235
0.2785312269364063,0.4771855608558622,0.5767579847017622
0.26661018387310664,0.4804279439704082,0.5501154936681987
0.2879072600329733,0.5293039232507545,0.6056160359738102
0.27311910766619546,0.5056734084248319,0.576343160249054
0.28503964399657616,0.5183615771345358,0.5361520356770347
0.27504132333603437,0.4753775525101343,0.5688416812852154
0.2815880039394912,0.5230898686974539,0.6167254602521062
0.2700367693335026,0.5075871201335146,0.5496398988107715
0.28247241342260304,0.5153349431205786,0.5820119727765906
0.27085975034666804,0.507431904983306,0.5821181381146012
0.2883551024813604,0.4784338517897101,0.5889572522990678
0.2891768223241333,0.5559751096575015,0.5559734494300634
0.2858598134009702,0.4764139596588042,0.5974201785423376
0.281394984249757,0.4718327759301152,0.56961043153768
0.27728053287723814,0.494327636760267,0.5185646713349413
0.27249234326538674,0.4694192738798434,0.5885257643689438
0.2786624666223143,0.5054579718358763,0.592403886155413
0.28442315488492204,0.5321994367834149,0.5280612165159589
0.28113913318654155,0.5473345151507046,0.5764994529037142
0.2681856704469921,0.4956053447965049,0.5878491154439056
0.27351838020877656,0.4965535485125536,0.5509947962645068
0.2716156475628187,0.4552302015748045,0.5669425742066183
0.28296832372305697,0.4619321788480527,0.5809930336440504
0.2718319408583135,0.47061728992228596,0.5664809002347568
0.28395747576360286,0.463224095899668,0.5639943907473477
0.28141108756900995,0.5298599796728414,0.5609112446920799
0.27781157014271846,0.4797336090305245,0.5823595168760778
0.2796287000941325,0.4599896733948538,0.5813242044138498
0.2909239932732364,0.6617414987709596,0.5760350836551335
0.2860368556021096,0.5048116473973893,0.5999784184513594
0.27701432589267866,0.4763806603782082,0.5938480110488163
0.28558695060097866,0.5161217358893557,0.6052924156684437
0.28713296139439787,0.6173158316796813,0.5703152968172825
0.2756836336973338,0.5426619378047455,0.5706880014545871
0.2766247837805779,0.5572967669692865,0.577011356741639
0.2722414658052029,0.5323619917528949,0.5643044905377471
0.28073140200518876,0.5020785334442531,0.5569305257006968
0.29143245926542577,0.5517811640375164,0.5813333984438848
0.27634202810753605,0.4674378366921406,0.5685669288109723
0.28696886891616175,0.5207049583249029,0.5736889683876295
0.27779407039007303,0.4978400530502299,0.5580950528571256
0.278199489203767,0.5067747897842748,0.5449717762754864
0.2857832757579953,0.5956336141939975,0.6038158163556064
0.2819980959280426,0.4709461806954622,0.5745473425083659
0.27814896166941716,0.500270009308308,0.5739750937945037
0.3022468106031142,0.625919896222566,0.5918710542573337
0.28299758869738234,0.5171298952898995,0.5776127451008679
0.27981525509280153,0.508049503211959,0.6029016229612368
0.2860538482024289,0.4783331112102278,0.5652344977124275
0.2862771593720261,0.5612160796545403,0.5682251607498989
0.28659480011098354,0.490700663525564,0.6237689896115929
0.27470260239902683,0.5300692102508556,0.6121423367999391
0.28308375122438034,0.5285206773863884,0.5667577512476241
0.2760424573363517,0.4753914169026338,0.6133187943655893
0.29022178852215236,0.6603570752967431,0.5639301058537391
0.2695035219924416,0.5101235599165403,0.5623516336314732
0.2747053102037257,0.5410856806102716,0.5518372513238695
0.27036704605407813,0.5917206087169695,0.5634850800166301
0.2846974589987029,0.4731114436563898,0.5691124565461326
0.27215688688719214,0.4747989413125102,0.5416523610563962
0.283042043589166,0.4750699772926935,0.5726404791862226
0.29589062290440993,0.6370430970670887,0.5774133067761011
0.2880310006439737,0.6037357580676292,0.5574706898548893
0.2820910625834705,0.5506292830965404,0.5987984923955708
0.265836008493398,0.4833082830908252,0.5147487365796497
0.27994341746967094,0.4756208418194047,0.6188120035049652
0.2808177569152781,0.5818416996212474,0.5906236865676842
0.28616358328805147,0.5384682264480427,0.5745509167712417
0.2838776388370707,0.563947676761557,0.608331113513851
0.28773417324064576,0.5442299901578908,0.539382310804834
0.28648462374715467,0.5698960646864264,0.6378233150740884
0.29373173729738034,0.5272525967051306,0.5682518109206667
0.28234771441414663,0.5348180800406562,0.5822255125889534
0.27853681141062564,0.4975702547504208,0.5554843915780663
0.28145158287914945,0.5589534119801852,0.5875430989015211
0.2971543033500079,0.5020089477599585,0.6285876849717736
0.2748624477982282,0.4572547398711068,0.584006150530604
0.28304764836430885,0.5040303304402814,0.5741079996224037
0.2773736177111645,0.536994193178966,0.5520120158938184
0.2850284935115679,0.542849251114582,0.5803828777438743
0.29125723583746244,0.5523804934160477,0.5671770388162666
0.2883028909941758,0.5886023449075051,0.5455507670355291
0.2887920442129657,0.5229514782418461,0.6060384578179956
0.28270357471104846,0.5003573340258985,0.5890331822051255
0.28667401437785694,0.6043543248797889,0.5371567636000245
0.28045793081619697,0.4669882016095201,0.5613734618045884
0.27993187300621597,0.4986868333179351,0.5477043126855122
0.2891394364036804,0.550102429203177,0.5366907952078688
0.2981549383334566,0.6906210351264532,0.5742669154073333
0.27563648012781505,0.4728392012072194,0.6062649728637346
0.2862115681282121,0.4884270981560148,0.5596941303867748
0.3064250259516147,0.6612338035304739,0.6009758148474968
0.28707189006807476,0.5535110597358364,0.6256979410725095
0.29038412414847053,0.5684336848109126,0.5590730129948305
0.30774075951649954,0.6147706311787031,0.6163394719900447
0.280700044004728,0.5196965705071911,0.5426845573786602
0.27492363950355325,0.4904471506043049,0.5924761466923725
0.27650319719816707,0.4705753643073994,0.5642745930202544
0.2849012868457367,0.5935430229558512,0.5787938841403006
0.28926484909541783,0.5453810802871726,0.5874679971102367
0.28361591947788495,0.4969138019647019,0.5715643862803439
0.30366657302510236,0.6447525957028805,0.5657706907002649
0.29112542102278793,0.5615455608669407,0.5588807076677342
0.29235164551887893,0.6137885660352153,0.5574214426504286
0.2898666120962631,0.493194755651552,0.5596789523499314
0.2845830003347321,0.5569197906974097,0.5758357694473261
0.28831913558699496,0.5825609841152353,0.5811893165416699
0.2992514420588694,0.6588080902073572,0.5928039041521994
0.2758323815544373,0.4669358635209763,0.5364475523570419
0.28948474776945154,0.5472508720509787,0.5682285244042058
0.2845250971707274,0.4782569805230042,0.5681480957100846
0.2880571059162122,0.512366940700524,0.5843436127828339
0.2698717223461242,0.4850743706400661,0.5673493260111109
0.2857542905608193,0.6162669981604685,0.5235566046688073
0.274330962504028,0.4885275044161023,0.5946152077291308
0.2961029203880763,0.613060910922748,0.6261949138770988
0.28525368505813253,0.5006164822587935,0.5982604216038674
0.2781785517057692,0.5032578269071264,0.5731345470168807
0.2943639429695925,0.6324114523017061,0.5470007138115265
0.27756883106780356,0.5801990601628111,0.542853668337765
0.2974240004187794,0.5058789930398413,0.5546555733332678
0.2794013074236444,0.5263655620571955,0.6027666045384162
0.27394607003248944,0.5227220791597166,0.5675701295673532
0.2905880155055357,0.5320334468129629,0.5657986912777588
0.28522029781283326,0.5444122726158686,0.5831193282357678
0.29014960690475955,0.5239037210904595,0.6015416242370856
0.2930417550367771,0.4834380655973228,0.5798319080119304
0.3023426549835714,0.4900870448710694,0.5728777127298571
0.2856615844990582,0.7331016594803831,0.6300055779024274
0.2885135134451135,0.5277388356545935,0.5610364565618845
0.32042187289013463,0.7290065961368092,0.584082508139357
0.29010712052855936,0.6430748135268185,0.5800730278188276
0.28909898618374347,0.5631828735366117,0.5930077113894734
0.2856497908182809,0.5738929928031566,0.606095505844569
0.28998904124495595,0.5553413262205007,0.5470593417116776
0.3067025981899614,0.6144955879103545,0.5550791685484533
0.2927865651109156,0.5121052142244356,0.5447931085486111
0.28080195645767286,0.4637094063756286,0.5851968188222443
0.28717245839208233,0.5170251205274178,0.5647910020547563
0.2905020145077811,0.4741557370364474,0.6016261341870918
0.29135202647742336,0.5225972767699516,0.6262463254679905
0.27769099284952825,0.5622854148294225,0.5631395306723941
0.30458578678851034,0.5412180294402205,0.5764435073349022
0.28577186480681344,0.5266611027295613,0.576180952509973
0.2775937161469491,0.5362438370932727,0.5441458329691301
0.2836912158810179,0.5249385318921965,0.5490688781029788
0.31384421620268116,0.6553616548085087,0.5665707670616076
0.2776007334177254,0.5560280593384788,0.5916375801980128
0.2792924562676397,0.5129106979742493,0.5778754475047752
0.28906962303534267,0.5706412936789692,0.5466345442607546
0.29989455008163474,0.6179758140232972,0.5795709714468091
0.2856929623456512,0.4990783800512954,0.5774383195220573
0.29480251556505704,0.5176735243707025,0.5861362120493582
0.30061999957565383,0.5318767479879741,0.5601286320948511
0.282448472385526,0.5391277626340751,0.5898614632986582
0.28736051776853644,0.5347448698586438,0.5662644952278675
0.2912594565330649,0.6227001563344289,0.5866496959039934
0.2857992350665595,0.535513638880779,0.5860637006377314
0.29438047552687563,0.5607364154369272,0.5959229074817262
0.28514568326875256,0.5534690199934692,0.5576996770340318
0.28584490655152867,0.5045442464197103,0.5451016158991931
0.3022743789509385,0.5950254860700899,0.5927520267270534
0.28648479359337076,0.5632587281660699,0.5641636249343194
0.29167621848754915,0.5608605973963731,0.5535744169072623
0.2921237111748175,0.5602020510802174,0.6063127582656719
0.29835012001908345,0.5411512252808716,0.5628867692951393
0.28969554466998615,0.580083755566043,0.5708078303502002
0.3109910455993387,0.6500109352472111,0.5716552334068685
0.2997908952227403,0.6494362192228916,0.6339215672344086
0.29714528597198614,0.5464058417008685,0.5821477361263395
0.3173752277761171,0.6278797285787328,0.5787695900300343
0.2877404736058736,0.5037397442788981,0.550995410363551
0.28602518818270267,0.5836281016109445,0.5795720221350836
0.2781261863825911,0.5240148122702655,0.5569302643693388
0.2926380290995194,0.5226374668665641,0.5610410546395859
0.2891905863851954,0.5014233283409009,0.5740556324295677
0.29553761359332126,0.6535214875735206,0.5983720444939739
0.3103210445060476,0.653515123848388,0.5447931970840706
0.30507265725052846,0.5288698559095103,0.563777874765277
0.3122791052988047,0.6732426218410029,0.5979202875694408
0.3045637080829506,0.5586073926589434,0.5814755573589212
0.2881037898859492,0.515874178922378,0.5785059655505165
0.2917496227754352,0.5578593931717875,0.5620863155046059
0.29698571244959265,0.5344170085148346,0.5830803223453912
0.31628194783063757,0.6894209501354044,0.5862208813266594
0.2951121308514711,0.5013760492154451,0.5690216114469281
0.2938726487571164,0.6431067330914415,0.5681857868449639
0.2973330355807771,0.5623118873585293,0.5824998932825921
0.30946586865232073,0.6967319057381506,0.5702897492943387
0.2929825070310631,0.5240920672454026,0.56181320833869
0.2968329184321323,0.5477041453507517,0.5792899995276136
0.34110083008488346,0.8014215041106497,0.5914627733636995
0.2872939993193061,0.5924809543740029,0.5613088501324338
0.3115301639909053,0.6400657426725851,0.5956422634012634
0.2953382021449993,0.6686321772914257,0.6012113638295208
0.29326059805741184,0.5233928222091816,0.561950723352072
0.29229355889496267,0.5792439509703697,0.5728035054865532
0.3058933673717916,0.5837488337217903,0.6104944001618322
0.29410104504663287,0.5541611581518022,0.5902438116187211
0.29740387862981876,0.5445346310152416,0.5566692213804982
0.29079201887141415,0.5712901583370182,0.55809925296102
0.2902816898089876,0.5451965382999099,0.5598902738114018
0.32907712921488647,0.7105154966396232,0.578098980770114
0.29205856176895667,0.6167665934937605,0.6251477513042927
0.29481039441095674,0.5135295799896361,0.5587583927586147
0.28969381807283895,0.5676700879398492,0.5400490137242682
0.3018390308225091,0.6149337425561985,0.5627335952224063
0.30260868991585665,0.6069862572398723,0.5797370976949268
0.28806466463078917,0.5168046014116008,0.5276517486829194
0.2943226631165773,0.4872047361166788,0.5984334613185234
0.3062710770293173,0.6292859388275068,0.5776760695247963
0.3141575332914309,0.6558670334373431,0.5511897159658433
0.29402246997049003,0.6330978756680719,0.5485027015928139
0.324805060327226,0.6990869865546823,0.5653685486967254
0.2877203195998762,0.5419382069569055,0.5762486297602181
0.2930409483253512,0.528937220480036,0.5929286526946302
0.3033408585535088,0.5489167843395414,0.528848435230445
0.2936174527767694,0.5651013918003126,0.5460854359745795
0.2980245104792684,0.5755362888847607,0.5710535206568228
0.30246901723123865,0.6033414397371453,0.5756940403106587
0.2919585547497244,0.5505847501712825,0.5725617554749587
0.2969946904174943,0.5931961096450306,0.5719893570619048
0.32293238709455546,0.7248035047300011,0.6158747770756289
0.30279013249577263,0.5975493077177072,0.5747698356169267
0.30145557639285064,0.6001993611322414,0.570894783379606
0.2971135756656904,0.5311202499807428,0.5850211097893526
0.30886566342603033,0.6389655308612496,0.5752173998447541
0.2914564850031202,0.5752479078026146,0.5380365522794197
0.2894151057858156,0.5195604384072925,0.6125589598642193
0.3009583585053396,0.6217047548211065,0.5605154888004911
0.2968167983286618,0.5593016328974915,0.611272550961352
0.30459243526559915,0.6024018574294295,0.5743585082080144
0.30140191233279373,0.5485694261390092,0.6031880652101818
0.3026063734405844,0.5718476836882848,0.5827377157871471
0.31601848238896224,0.7181944110651121,0.6048903372191451
0.2891641615693991,0.5300627178293289,0.5887370211289041
0.2955130343184998,0.516680723717569,0.5807305955645915
0.35959788872882226,0.8911219571886452,0.6064038757465291
0.31160472485239094,0.7014876743922072,0.5625603838939097
0.3028279583067723,0.5255854982347896,0.6304372812064558
0.30624094831676874,0.520187598481669,0.5406267238418837
0.3182111337389684,0.6386497685691427,0.5979772749543164
0.3114172646662676,0.6479890208948847,0.6061416403770942
0.30714114599044956,0.5879377679950946,0.5699169404889903
0.28771330192850564,0.5976351997102876,0.6125620945692615
0.3013587364198962,0.5033227340232953,0.5998027775422697
0.3003941854660501,0.5524393873059874,0.5645962881694282
0.2985763101965169,0.5635799023880262,0.5814256763413007
0.30756120130618514,0.6279146924948404,0.6165498985349821
0.2903487408957241,0.6109799160426004,0.5480579875884117
0.30410741450939954,0.5635370143231031,0.631241554043866
0.299453218237008,0.7216583374433853,0.5365025251161216
0.31598037545676244,0.670573303339376,0.5606925833751091
0.33156427974876107,0.7281360378477649,0.5971855027930091
0.30605930032817596,0.6000361779676807,0.5531711637003931
0.2956217305968791,0.5696591437993163,0.5954726076199575
0.319384935213981,0.6846312795933257,0.5977115859645203
0.30694391770394236,0.6791303619124218,0.5672820543239152
0.3105633998491826,0.6025417237856846,0.5751806932574215
0.310959016745124,0.7349640367754793,0.5827307268665048
0.33605598160404004,0.7864047247765114,0.5586571539412714
0.3093640082203602,0.5719780744497394,0.6205099324512721
0.35425170120532606,0.7441333025586536,0.5752726405034089
0.3156320259484872,0.5924628807910783,0.5862527125087683
0.3074919336336283,0.5769118042790563,0.5899236079324562
0.3101235661370434,0.6001764914742662,0.5751546181154449
0.30329262159285897,0.519348587702678,0.6008456901141176
0.30928560799420235,0.5715935927448403,0.5927994932328591
0.3015079010644,0.5463492168204294,0.6123583950750907
0.3071502434757146,0.555735545209266,0.6184217076392675
0.32245924091109984,0.6265948127477573,0.6210712458031987
0.3044792335473883,0.6437611625802988,0.5873150949512639
0.31971582570155066,0.7565791603503758,0.5491998093950671
0.30525384420874674,0.5847212165325997,0.5579645552102376
0.3065471527270364,0.5833843735584089,0.5745024281691411
0.3101809707250051,0.584390545923838,0.5579207358550411
0.3120015656389995,0.6450324811802507,0.5873467189936205
0.31372328907721203,0.6247274643954941,0.5920994125328256
0.3165039365488098,0.6253121865405401,0.5416743475950959
0.31718906102005895,0.7183920606419774,0.5695379558182233
0.3035495849583631,0.5895059229613885,0.6584951395956806
0.30965933205597557,0.6030686488561487,0.5949545697901687
0.3092044870650964,0.5833099451391084,0.5579472027119108
0.3133101537683252,0.5818681135623995,0.5739167322545415
0.33391654427668116,0.7907376031870266,0.5866452609632699
0.33157121523586547,0.8496190744277908,0.5495777389997097
0.3117450761284707,0.5306268190584087,0.5969107849994129
0.3177474383049773,0.6394844270617137,0.5624186336182236
0.31092322939005107,0.6509062370880325,0.562131837709212
0.3313025478863244,0.8678250326433873,0.602617162808851
0.30268871425050664,0.5781094533666543,0.5752591125627865
0.2991923274176389,0.5963922466372941,0.5358302121257781
0.31597021335989944,0.6203700519952905,0.5881012876585503
0.32066205828329086,0.7671817228525211,0.5698868820726443
0.32582373302511264,0.6799287402584993,0.5730661166644254
0.3098332743430158,0.6200307872260187,0.6116363739015789
0.32052874775568285,0.6175741771067564,0.5721578018534662
0.31045497341870176,0.6639676665659267,0.5731645311839448
0.31609774946650954,0.5716250061710171,0.5922063972462789
0.31485334832023065,0.7101660301289958,0.5891134235549517
0.31126847102795474,0.5579481181564853,0.6158280814408043
0.3142467514370628,0.5995413223099859,0.5973303231672943
0.31194438032657373,0.5525461208571761,0.5691083523605553
0.3252152929350322,0.7412491981478463,0.5461605232123347
0.3026354040254253,0.6483974370216365,0.574089239425101
0.3166226871765614,0.6659452730528946,0.5397090543821733
0.322754490586324,0.6185221062318164,0.6016458445812289
0.31156751696480317,0.5416110036982758,0.6011528202473134
0.31212702448984564,0.5552759700394857,0.5741004127705529
0.30149124237717195,0.5776357553457209,0.5386091603632353
0.3145327267438465,0.6008146832718655,0.5674690002579137
0.31096026028678303,0.6769690820910317,0.6015150292904715
0.3168708628552723,0.6478173953498658,0.6239653383352278
0.3428501416847369,0.7501196724683254,0.5802606208315391
0.3106405927217734,0.6058542792520754,0.5923430028145416
0.3000312474386084,0.5445797998156583,0.5405656027140043
0.305024194358099,0.6407308012658504,0.5964522634439345
0.3205526086851888,0.5521288241432429,0.6540776840367322
0.3062759822612426,0.6065541434970647,0.5604573777406839
0.31280702180565867,0.5853250920140911,0.6022645233521338
0.33302784922924644,0.7720292282066087,0.5431283546039543
0.32576014266042763,0.6007483703867961,0.5848997236091533
0.31937039697232633,0.5978372684963322,0.5800384162409888
0.31525904700141255,0.5493199395575303,0.5646955560954787
0.3202523688836754,0.7252203694396759,0.6066858995880247
0.323685344566876,0.6113845984334665,0.5635940564377071
0.32066567463618084,0.6125031128707988,0.5660875231194996
0.31841151762112263,0.6343997191303876,0.5586228535919732
0.37292641442338825,0.8872106177809349,0.5915292017987828
0.3224416286574086,0.6617976141722269,0.6045863861559401
0.334789525778354,0.6821002453434207,0.6101928171483921
0.3378002760520962,0.906476311195504,0.558736103321063
0.3227660780038357,0.6481393083707111,0.5733704901540869
0.3147940482154576,0.5879958996649784,0.5714461364400385
0.32631708274538873,0.6182422924728129,0.575866205501703
0.3393584472333168,0.7400759242654196,0.5396015075850402
0.32304987351263614,0.5669895887075215,0.5647366221388121
0.3254028227081464,0.5677913245061057,0.5791066540448707
0.35594787480261486,0.8280364319823812,0.5775579182160264
0.3229954007311769,0.6428535371740406,0.5678315896789503
0.33487098005145344,0.7338315113156171,0.5711760853846798
0.335641835803175,0.6433738414472558,0.5774144738265199
0.36216786962013414,0.8478773346968069,0.5686195079761306
0.3207667841585601,0.5571501587928626,0.5773644233429123
0.3409186598085086,0.7715224624298876,0.596049838285284
0.33409337268743594,0.5967099224614251,0.6030482399004505
0.3354884222714651,0.5597616729159463,0.6075415730853755
0.3455938282313448,0.706474604906968,0.5989697025844877
0.33625564600698005,0.6176843246206617,0.5725705351519592
0.3286751037989579,0.5851323992299361,0.5908051855255817
0.33020895296531705,0.6190687836376303,0.5840831966321589
0.33103054502814244,0.5834936525410911,0.5625833504211727
0.3293037998307704,0.5745488823422403,0.5966163760240193
0.32532586183350476,0.6078952276356394,0.5825525967292431
0.3325782230315044,0.5818266595690824,0.581693419331753
0.317668323649086,0.5638669189365665,0.5729767310515017
0.33556390313535717,0.6113057726012542,0.5844406939127886
0.3377433966338774,0.6407775544032114,0.5896735746991193
0.3320936103731054,0.602167463253201,0.5820613212444343
0.33751274758724664,0.5647131822949765,0.59397022455964
0.3449803532058826,0.6724717323462712,0.6073980431680919
0.3296955750869032,0.7019298341277376,0.5939207224716695
0.33247758146113954,0.5803643586655101,0.5789601368444867
0.3411499053223981,0.6134877475372058,0.5695545302716378
0.33139721146833734,0.7055183448965698,0.5543161812657574
0.33343276333033856,0.6566762831692023,0.5562795756183843
0.3325661072767751,0.5783145937380504,0.5828912239970487
0.31812785019351525,0.6427545617060839,0.5811509270922994
0.3309857632246256,0.6197325490725989,0.5794235469128194
0.3365257217504549,0.6350694965301517,0.546563673639487
0.33832684597295354,0.6378482524619036,0.5424785942131178
0.340599438884889,0.62346381782077,0.5469163959037012
0.34370500746288424,0.6429809357835238,0.5905211888251874
0.33727649811631727,0.6340820397904633,0.5653530027947448
0.34136134995916856,0.7584206372996678,0.5625647793019476
0.3585546067032799,0.7941651187941428,0.5796440683437735
0.3426286751673,0.8222809925076523,0.5523465373485444
0.3328226976992983,0.6026766790617253,0.6346189562433717
0.32894600414699426,0.5939531319882329,0.5827184353237688
0.3375798527023545,0.7063255069812339,0.5475509061224213
0.32641627528009515,0.6105141138826625,0.5483758961001598
0.336065344500541,0.6279785411747194,0.6058940571258592
0.3274993828143233,0.6219128061855951,0.5474831742790304
0.37993543167977706,0.9677831525923618,0.5516524681197987
0.3425172486843699,0.6195294579724695,0.5735524948218319
0.34537659317333325,0.6400244676921488,0.5797439299187416
0.33939480406373007,0.6150205179744114,0.5773537755246427
0.34938343207041433,0.7539242506903867,0.5631485893775399
0.3357407119335477,0.687304318914443,0.5752580959821263
0.33659092031646415,0.6164757162893584,0.5582805196670759
0.3440769475630314,0.5982895928505,0.5839135381829514
0.3396252037996421,0.8153493804580644,0.5449414828752001
0.34860163696469976,0.5910160798314632,0.6010828353755966
0.3421625679447541,0.6743211353690753,0.5752055388346006
0.35538576350988277,0.6383956143466945,0.5750909481110217
0.3704940564608634,0.7819837045252293,0.5920114070373139
0.34106328132849884,0.6060294517726192,0.5909893482069829
0.3561316291430188,0.6414440781802156,0.5820934621840774
0.3603902657190396,0.7438204898685636,0.5899690039175383
0.34373775287371133,0.6570104896793538,0.5802729893094962
0.3581480866666695,0.637933079710599,0.5672121561090292
0.34543007476629983,0.6363517756263407,0.5879154376510488
0.3507259027554227,0.7108821226463005,0.6030285080450505
0.34002627328152923,0.6142715651368745,0.5618578849197029
0.34296949106765345,0.5855444792272673,0.5563408064739724
0.3515278574096849,0.6793680920955119,0.5626383771783225
0.35488923134756034,0.8071868977208012,0.5332761184128547
0.3588516575712919,0.6259006942369179,0.5768874253317022
0.3579208002015748,0.6931879342736984,0.5917390838975419
0.3480529182630302,0.6586387650257276,0.5833607998210373
0.3606747559001003,0.7150685754805912,0.5746748717204094
0.34114781928141497,0.6352325387719513,0.5499295270533608
0.36637334643921093,0.8712689540348141,0.5403367899259235
0.34987880561467594,0.6946702639735274,0.5926010533465864
0.3453171128673175,0.6872325550553912,0.5843723243256619
0.3524958142867296,0.630209677546497,0.6007635700997396
0.3417219176940074,0.5978549271796606,0.601096468236083
0.34615773404196504,0.6053957500865272,0.5552859033347771
0.36004713988667275,0.6487579931496638,0.5877271661528249
0.35251264492753087,0.6756460723039729,0.5660656530529987
0.3361020681828444,0.7075326537607244,0.5651866374774932
0.3474152422639661,0.6826879504305982,0.560951056440636
0.3550997392002129,0.7468095297733334,0.5661346251936067
0.3557153131896579,0.6046998897672758,0.5897943616441946
0.34972603183290213,0.6676645529265861,0.5768501528916857
0.35829732215833004,0.6433135607139309,0.5730232770699962
0.35725647389681625,0.6859619772658495,0.5848890786033248
0.3577739085386051,0.6365885550227183,0.5832653526268374
0.3699211601835078,0.7108140324907185,0.5583470182886081
0.3562112724142358,0.6659591142950448,0.5568573468448763
0.33962015115886884,0.6593490423291553,0.5190432292836694
0.355157356500479,0.7163549970737509,0.5760817217370826
0.3468575277548841,0.7540801890356026,0.5663103125054412
0.3601492507470306,0.6991013579281855,0.6087289519381551
0.36235670178414403,0.6114111678812757,0.5825380955713145
0.3634978532745957,0.6656414735710798,0.5942810768273753
0.3469433083975747,0.7430664079461322,0.5632104890815615
0.3509765998604131,0.6406905680702876,0.5818570785144397
0.3547176907875093,0.6930121695823189,0.5436636818170928
0.3349867281575928,0.6784144416583944,0.5674503436967439
0.35258953322460185,0.6327145431137255,0.5862613684952449
0.34808657001241355,0.6068580549030752,0.5778534142863233
0.3631351717442537,0.6326436668725425,0.5886240890474452
0.3545084217320338,0.6664500570068076,0.5657633972986738
0.3522052423615611,0.8555457944847586,0.5748718878212857
0.354084608135784,0.7212681791088421,0.5760334490485668
0.36914156054855374,0.8634327964219561,0.5943417569947864
0.36313664863281486,0.7265232790703944,0.5992276420500356
0.3497743970212811,0.627083052245831,0.5359638313940871
0.36163920001428823,0.6549505675692283,0.5935912998852575
0.3461374447807934,0.672453673286276,0.5964246657521759
0.3662233263775657,0.7656704603861999,0.5707727682407517
0.36929753200407234,0.7060103027578433,0.6188252545853454
0.3494422939887835,0.6682608128107798,0.569127574423208
0.35346064704822594,0.6413300585441088,0.5844332215982763
0.3452511047910488,0.738430203954123,0.6225923606726534
0.42033402925995134,1.179543522240429,0.5683207372671046
0.36162989881954305,0.7779440216641951,0.5863904485124682
0.35772666140356546,0.7162437341682316,0.5957236705391318
0.3814986241007937,0.9065498230684422,0.5682164049129835
0.3589809582883188,0.6527334708302734,0.6044290830541152
0.4205990883995651,0.9183569569109004,0.5757779265727997
0.38773747557092775,0.8713262324586788,0.6061106447040118
0.3605222042274255,0.733861271258202,0.5866606757271405
0.356452193435525,0.7901624515507406,0.563604513456201
0.3668527689265706,0.9467088297021304,0.5399928090156298
0.3525470072769106,0.6301727820478545,0.5470425426931677
0.3574839714736025,0.6561588894240141,0.5833885905924981
0.36452715566413474,0.6736810950328085,0.5794640490818083
0.35856655274622384,0.6416866005440179,0.5692413619415273
0.354056683794991,0.8302948670375997,0.5720662949175543
0.3470405059484997,0.6417281726994036,0.582683282403396
0.34251121392775263,0.6515417203949977,0.5671418791987519
0.347808627184772,0.628843803057198,0.5470761531700234
0.3473130775031873,0.6805228127066104,0.5715100055996793
0.34780302564935006,0.7061486374394051,0.5861602001755087
0.33721470600230274,0.7572321758679412,0.5813557656537992
0.34442649635824535,0.9192597205324574,0.5501427010708413
0.36563752500782115,0.7415752686606756,0.5862678122312357
0.33772899939393325,0.6465396859626655,0.6096372368757172
0.3534897501843254,0.6037196907641379,0.5642169554828783
0.3469375431685834,0.6770708244937542,0.6266051455531717
0.35524042745469336,0.6189120569499991,0.5745939626418116
0.35411857035301836,0.7399869725687505,0.5800579464383749
0.35052391224680596,0.6242777426647526,0.5639132384979321
0.3945429558436206,0.904061413314143,0.5685910065334511
0.3625079544330187,0.7222897255506546,0.5831568536342613
0.35056837505674787,0.7389622662966686,0.5521391787624684
0.3484172279064591,0.6332604538548628,0.5785424425298118
0.4116475555620319,0.8726887696149612,0.5800563669704311
0.3540062589393224,0.6329435746240379,0.6206515085138298
0.360044617232701,0.9522472414952364,0.560240981037082
0.3514568918275303,0.7151153046902544,0.5820049590832104
0.3778107202777734,0.8307094838063956,0.595310419266845
0.36893481010642254,0.7763448912456209,0.5811656399974454
0.35426708644984634,0.6445437124766074,0.5462780149136462
0.3727258476097032,0.8160199713480474,0.6001278649709798
0.35572390101995877,0.7623902625314575,0.5706040015013988
0.34127472383324514,0.7986916187539902,0.5609119293696696
0.3770841062444766,0.9627012755737278,0.5571844281366739
0.3766298975748947,0.9149473315855884,0.5846611642010572
0.3478678417485165,0.6484527170504043,0.5817378005604731
0.38166018546751984,0.9177006521355452,0.5612435563430379
0.3471787467838052,0.620325310479478,0.5910111947692257
0.36493839691638996,0.7509185176680176,0.5936078201091002
0.3876191607564593,0.9737653050512292,0.5885001244196109
0.35509589256404483,0.6730052064568893,0.5728637277736078
0.343502062469434,0.6582502341627453,0.6060764733621109
0.3483163795163118,0.675616696129666,0.5675067690002848
0.35222467016691256,0.6633250954998701,0.584608217473536
0.36740233609388084,0.8198366193047613,0.58518033565635
0.3621318223930324,0.6573191018970053,0.6089125315628697
0.358053585874524,0.7194608238331875,0.5600099759786804
0.35809441978846096,0.6790219115571915,0.58197282077393
0.3508674511737658,0.6429931362644872,0.5497559734070245
0.34942433663568606,0.7133226645632876,0.5600310340773332
0.3559809428911413,0.6638224492778384,0.5688104901181704
0.3844651597853098,0.850850609475488,0.5488251230627763
0.3525560202487975,0.6410667568492755,0.5775014741249168
0.36767692268706226,0.7800044362030691,0.5739415387736042
0.38974901302773796,0.8745979707004259,0.6054939259134177
0.34927233344265446,0.7134651776118095,0.5358322414418099
0.35831215342590467,0.7421102307026246,0.5735969278751135
0.37531806411689056,0.7186706028653619,0.580183501466478
0.36329832743093576,0.7023292017022772,0.5471205555835449
0.38177793650003666,0.7538406629352886,0.5849655981831193
0.369561796068168,0.778426818481787,0.5835127841391132
0.3993184782289898,1.0562027390689042,0.5327736273242489
0.3701808219381595,0.8385988881171212,0.5788954387423828
0.3672652268140725,0.6521383597145184,0.5874223364704714
0.3678153789167979,0.7240455899115976,0.5746547932291097
0.37492059767956853,0.6309808421351971,0.5701767025748329
0.37290882298443995,0.8707973549082554,0.5833425118108349
0.3781405301431879,0.7533803344566274,0.5840757522972105
0.3545225275335017,0.8384368413390232,0.5570065551009069
0.40279524742831035,1.1235699928837637,0.5413550718609802
0.3785163876405218,0.8648200158383845,0.63461188968902
0.36239107030187356,0.8244799209975708,0.5765505017824397
0.383542506922165,0.8204550026405003,0.5640834135384231
0.37239672932911283,0.6878129871268509,0.5734857645065837
0.37934102074589676,0.6873050345421775,0.5492972530457292
0.3847312261542033,0.8178528209110927,0.5935487444706657
0.3843984918954098,0.7037549236924646,0.6431071577682631
0.38421922085202226,0.7746137310710446,0.5539100336026385
0.3873261343112994,0.7898137540908314,0.591299881930386
0.3639797966133089,0.6433126025274878,0.5419279933919016
0.3704961445231828,0.7040350998646496,0.584732049077388
0.38172992455663746,0.741045156977545,0.6098745059297427
0.3860490339596595,0.8769656923352439,0.5959913967541879
0.3707714002079996,0.7031033105232606,0.5979715762515306
0.3796653094998369,0.7260264578659356,0.5820527074936398
0.3669611997648565,0.7447240853694974,0.5616185020030265
0.3694719075824672,0.6778698405198021,0.5732043493539952
0.4598347303657255,0.9735543302497692,0.5865889678232596
0.37496674385090556,0.7334489167638604,0.5864934032019511
0.3707511635603234,0.7431411971982314,0.5865785267161454
0.3688540913513453,0.7588806889916954,0.5677124751438335
0.37562939509739396,0.7223399347811862,0.5626716757697647
0.41340504814190054,1.2231713497205041,0.5594316525970263
0.36449114998575455,0.7499013158285887,0.5289200154785548
0.3702701765409476,0.6829050745252079,0.6183731450004959
0.37240753232337254,0.7531611440198066,0.5763927851039179
0.4358298279823279,1.1563249741890933,0.6092231302333344
0.3730620651390648,0.8237912881650048,0.5399613428045879
0.37901329016693197,0.7597043655010023,0.5623631350209309
0.37095134590213513,0.7547575535526994,0.5648740042431077
0.37254101197728945,0.7805137659171977,0.5222340064444507
0.3658116593130704,0.6763510485576328,0.532317966431044
0.3780246062588361,0.8384218578971582,0.5667678772835564
0.3827138220597628,0.793703238612414,0.5363955508666018
0.3611337553738095,0.8255827242276461,0.573650601000808
0.37738342673969866,0.7117822463374895,0.6173408285586381
0.38795702115341013,0.7929208691395289,0.5728021780079383
0.35847587043937085,0.8998686854010987,0.5750749673628739
0.37500772649008296,0.6982545685310022,0.5821639145842525
0.37109251288866985,0.7241046755196969,0.5550369848804209
0.3671808395736412,0.7518448905277026,0.5534293410512556
0.36847468927005544,0.8123267544902252,0.6072010417098742
0.3521857628612042,0.7369465228461272,0.5723850335926629
0.36815216439929166,0.706182973361517,0.5742419187751714
0.39504195166899747,1.0016308836620482,0.631761414349857
0.37443626387761925,0.8481002249493197,0.5680126804195266
0.38048733120246153,1.012021372679674,0.5442289694034463
0.3843253059355682,1.0378043352285768,0.599029688400452
0.37506587119388696,0.7503919285723173,0.5926538954431129
0.3596750524071641,0.7493487355989653,0.5822053256135288
0.3637055483053003,0.8213922090931497,0.554071104151901
0.3698227665242856,0.7558236117326733,0.5764743124861493
0.3771802015070743,0.6855900716136862,0.6197152571961099
0.37975913741948164,0.7870899970484041,0.5887691067493246
0.36352954049893826,0.9043016895022103,0.5607809811082952
0.37192140616831837,0.8721576227380339,0.5432628875993903
0.3625955822746303,0.8099665519719956,0.5610178791042262
0.40575813510108477,0.9435200377138572,0.6227563092365349
0.3608004520318936,0.7427323381854147,0.5952893172477819
0.36946918186137495,0.6799504506274845,0.5969475510135694
0.3595735530472605,0.7342862099428866,0.5910168872582581
0.3609846085772757,0.7562662434308857,0.5764989886142808
0.3613650091643462,0.8570174304825068,0.5880472592901884
0.3704844016425996,1.036539706056795,0.579543825340592
0.3634453863034567,0.80492930123843,0.5686806391381178
0.3643805541213383,0.829473338004865,0.5742889050527153
0.3966718337715625,0.8381624896932169,0.614795833108912
0.3725013043635603,0.7515798189097683,0.6181082409681689
0.3682053179985781,0.7551486261341617,0.5991195793397239
0.3581491779547639,0.7895861402067316,0.5767066260115223
0.3592362981899906,0.7226002947361798,0.5842839117258268
0.3812348636370343,0.8020824884702002,0.6195307998533683
0.3613463714053309,0.7898150179968614,0.5634259418144169
0.3846146453937891,0.8185169321914348,0.621749801964814
0.37723210115864814,0.7536463741966348,0.6026260403289582
0.3814240636478419,0.8788787937335918,0.5732925473736445
0.37303390083838717,0.7213830832111762,0.6251700002234913
0.37089339475110605,0.7909570624427584,0.6052690272957283
0.38732465939104066,0.7340523089153379,0.6208140348112039
0.36696113670024083,0.884459827775798,0.5489468541592573
0.3903903158183978,0.8164683241094894,0.6071741039230739
0.37431048745554124,0.8442325103428978,0.5671402780777646
0.36552319753082846,0.7435153414569495,0.6191328646770942
0.37826012233282535,0.8572506261403064,0.569707149275093
0.38018010968761423,0.989274383273358,0.6250739680386264
0.36800233337371646,0.7705272271003188,0.5638620599665843
0.36599612507169893,0.7873741120107192,0.5596011040185332
0.3821841576579857,0.8441204622252511,0.5869036879140329
0.3912320558200307,0.8996913673667357,0.6036218612482196
0.3906798016492462,0.8668381493920022,0.567508723436695
0.3723127891942603,0.7583596265472599,0.6094326118226501
0.3765350229257403,0.7804610120585486,0.6224526769412959
0.39931680938910835,1.1742441635127978,0.586675117882068
0.3806045964023012,0.7115000143513744,0.6117849270980085
0.38724904831086426,0.8872122978984965,0.5836088706305257
0.37430915096622125,0.7198563793979359,0.5853537747013872
0.373713710064241,0.8706431259064809,0.6023789642148378
0.3855302762996488,0.9150830792727562,0.5462781279294615
0.3746824477891322,0.9067991923923244,0.5511810111033892
0.3832809263528978,0.9492230492313882,0.5958877074385253
0.3749249155245337,0.7433367527796132,0.5786064301364483
0.3804928585462013,0.9172978464756328,0.5783841520065398
0.3880943073139042,0.9016361168054264,0.6452157945635161
0.4351569650683743,1.1214981177741392,0.5611149179764019
0.3671321027368467,0.7776421714213337,0.5932294770960074
0.37094124885013835,0.7667871456525739,0.6176733785587186
0.3784370142243955,0.8565352592360307,0.5864211235523462
0.37144954167075966,0.7830199963348713,0.5789574689163728
0.37875491907244646,0.8195403245968903,0.5894865540257149
0.3639130272450143,0.9628725384116412,0.5712837467844821
0.3671224962303873,0.8572873464427242,0.5690247778058216
0.36186510344759426,0.7855274703226601,0.5635951814189872
0.38175654570947093,0.7634551989326559,0.579666049711241
0.4449727631477968,1.2688889709654645,0.5755366972714695
0.3701372926442694,0.7760625079437083,0.5857070308623283
0.37276862124409277,1.1768798660883093,0.5626984370702081
0.3766417786127923,0.8695776523191621,0.5802011942529642
0.36175689550719353,0.8366016365087492,0.6048465900708664
0.3921717616488209,1.0338966521122293,0.6103900408969312
0.356733294373405,0.7986944355450304,0.5965042341116579
0.3854082987010294,0.7623104126996842,0.6179221243026461
0.4097667651216282,1.1410296050604092,0.6038284268820721
0.3743430694126937,0.7942523982543219,0.6255496826652964
0.36857394213365074,0.9273210178025966,0.5737646211381705
0.36386579674296227,0.7667096714146627,0.5699457542381418
0.3827169719001585,0.7564756140510771,0.6015393970484729
0.37265750291244193,0.8254787449530607,0.5863457004427084
0.377465469785948,0.8076861770850968,0.5882856578721707
0.38099222612475375,0.8492068779170059,0.6130993713231296
0.3661550332667464,0.8342311791733131,0.5606008772315019
0.36860280598779965,0.8809884463841496,0.5868273443437906
0.37674738203323727,1.0166855840618279,0.5653356872813893
0.37658232251641816,0.8012293890618116,0.6351511894824541
0.387393939617761,0.9883105328307288,0.6046287911580154
0.3950528112834295,1.0298149950769904,0.615905977362697
0.37663875712599876,1.0458656337898289,0.605355004159536
0.39001463272901943,0.876018504189853,0.5913062044144032
0.41937391378428157,1.2003939145337206,0.5997937628699589
0.37265172195272334,0.8731018308547799,0.6031773550118387
0.37591800590443986,0.8134704020872099,0.6107423337910375
0.37176423614160004,0.9155731246128892,0.5919636043297539
0.3868934114523768,1.001932215046632,0.6895585221513546
0.3654699120428734,0.8864933810282905,0.6094655839153759
0.3879703681125116,0.947728188111414,0.5851851901107643
0.3772507129569519,0.8772786581861313,0.5821285066230376
0.36826671580125914,0.7604611334852449,0.562644809111595
0.3809468706733881,0.8615143171669836,0.603977296974263
0.44133524992776446,1.343540272831314,0.5993034243671247
0.39812639056505306,1.161275279888748,0.6081057138760259
0.3694986690314586,0.9778376499306156,0.6045871876538462
0.40319251073054024,1.123490135410137,0.6291329292532105
0.3674405151859881,0.9059676565488809,0.6049969204798562
0.3684284170759316,0.8472592780612114,0.5648321902258447
0.41022568649562346,1.1942955677837783,0.582062697495851
0.3793776893033818,0.8960518849026876,0.5892269231319255
0.3830154987338911,0.8395575368631687,0.5873243603894172
0.3952293689273455,1.1772886508738631,0.5548555122477143
0.3898206384928243,1.1765107914012534,0.5643586408574383
0.38441247168683873,1.0144411548292378,0.5746305320742284
0.38409270022087916,1.0185045168681126,0.6000366582303619
0.369597455314145,0.8958083294600289,0.5819373205784424
0.408901025424437,1.200536904861421,0.5830413610679598
0.3715068302335754,1.0822416962946415,0.5552666187434652
0.34632679416201667,1.1326357609080084,0.6239733786782942
0.3499168240272386,0.8613056293243442,0.5841658562679971
0.34220530186169484,0.9097816864292372,0.6073128779661693
0.35023632386585496,0.9919412037407888,0.6042879751662562
0.3224379107348377,0.9793809583819898,0.5919062680355046
0.31287523136050316,0.8774355344206026,0.5538400837264686
0.355798088417702,1.0021878493962542,0.6312173662610849
0.32225774237878224,1.0000221987003324,0.5566383323970865
0.36063120882592953,1.4209637264854198,0.5678922819713054
0.33913833375331637,0.8853501564011981,0.605238336460946
0.31393031161869694,0.9585783335199648,0.5667125813617401
0.33493587746948494,1.0529751257912652,0.6568732895897259
0.32860296265439864,0.9694464052228992,0.5933090542345459
0.33195287950361285,1.0226091003879658,0.6404035246042552
0.3400909498332449,1.1180403607091969,0.5869355610527858
0.3697001482073189,1.522735227683579,0.5664283861457663
0.34261058395921523,1.4237222380514722,0.5742065558181961
0.3469024286157519,1.3234572647445502,0.6030727161019377
0.3296084023978476,1.1821148929671486,0.6279707866405952
0.3181028297986048,1.229132163371743,0.5811661182848767
0.3552871979469323,1.3684860120322029,0.6323886972061014
0.3650626754091704,1.185188432338783,0.670115173436434
0.3502879505079575,1.0599206193024684,0.6444423543220862
0.3584706691874211,1.1457072547313136,0.7183340376912366
0.3560566519565628,1.1237813690427443,0.6692638584461086
0.3567820529111907,1.2023612715358676,0.738351913570787
0.36434990115664934,1.1774307151861632,0.6403635016513012
0.4027476797921446,1.4144774046066524,0.6890172216333584
0.4259238895102817,1.4852756243171492,0.6872495630393187
0.38174080491893364,1.1704858858936753,0.7086803636820609
0.3804423275382625,1.1190954552024663,0.728682815981476
0.38142224073230724,1.3407155719807553,0.6996116298544289
0.36648411845137624,1.0903681395505729,0.6828964527670309
0.4424968023075257,1.5499122691391332,0.7640288605078871
0.3755554284699813,1.1650419046710996,0.7089618655480251
0.3756660243721508,1.1035977782338326,0.699694495106898
0.377728673896809,1.0995594612527948,0.6873926783053195
0.4188531589680182,1.3805996246629797,0.7008978826808687
0.3719618219042819,1.1012340624729358,0.7001864248913898
0.44842270310847965,1.5668363742446003,0.7408177697770582
0.3877820426808597,1.0644933083847508,0.6898176169642126
0.38159814741677367,1.1747499318857848,0.7174303936627786
0.44568834036053206,1.4769482971493242,0.7309387104598112
0.701864314320645,1.3370015889897169,0.9126011584424948
0.557557951329565,1.4993920938586398,0.7312804553506651
0.9277322878449812,1.5780782868524093,1.0091017090633854
1.2740667301929647,1.5654368523864577,1.3021747330726547
1.2513013077815132,1.5816601035667872,1.2831629615040807
1.271636820626516,1.5486173350826289,1.3091503200834742
1.2680140809926173,1.5645010318277002,1.2951007628412228
1.2273645275065934,1.5423338568028417,1.267670969907123
1.279559628518173,2.365435915802536,1.3031177587442366
1.2538301993250596,1.5363628047150433,1.2870750618515217
1.2950349680080444,1.5308650042097494,1.3716678797116382
1.2127243807262453,1.44050309207248,1.2426152711857514
1.262331945714764,1.6009767366619878,1.3023002833362014
1.2370614085281277,1.6086331531136566,1.3029967127368132
1.230991337729121,1.4975791286151294,1.2984935771119512
1.222723888637188,1.7237257126383088,1.2774142348969368
1.2337992794468373,1.4528605004541049,1.2905432128095204
1.2193162381847922,1.6013087889334157,1.2985732299426325
1.2176927298750544,1.44766166321113,1.295467789985408
1.2193723465293942,1.6381218901037096,1.2947020325488738
1.1899888885177257,1.4786928402095834,1.2656729105687219
1.2337529118149981,1.4500755367879372,1.2951154640452076
1.1093545937121436,2.1411724796894958,1.3098049080397385
1.233584746585305,1.534351690198516,1.277902575046375
1.2131137172067616,1.4663034473834238,1.2684464396569652
1.236830135594405,1.4866485655328376,1.3071156047167318
1.2283740556779779,1.5845456296094764,1.2660337501543184
1.224876949067142,1.5795198878526164,1.293690371942836
1.2032974267871017,1.5098093606292118,1.2740283971249673
1.2620033321602375,1.5128470137572294,1.3244624261059348
1.239434789890405,1.5200589967341267,1.2962836484885951
1.2905706161025143,1.8357939323183323,1.2733345965994305
1.224682552704673,1.6119204365494912,1.3049203590919414
1.2512142620410664,1.5635082152254771,1.324756681934237
1.2775693449031522,1.54543605558202,1.328297628877226
1.2162327129590274,1.6156237402524027,1.2906346746357524
1.2810572654565249,1.8031276046292437,1.2766717132877476
1.3094855498277786,1.6808628718327498,1.3644171564077563
1.2467883626155707,1.6082851500703248,1.292878708938911
1.255697242455042,1.5839241888761932,1.3005041722286723
1.243653504876404,1.575924685939008,1.2797935722384686
1.2501509708098748,1.6199595891173777,1.3029580004957844
1.2400242635452392,1.5318095493239494,1.2898094695394802
1.2679335561634975,1.4739369619244886,1.3118637422436223
1.256112827770294,1.7356927077911382,1.3098015270396837
1.251338286117695,1.6704848364118796,1.2851567975531593
1.2504275705482975,1.5033315396525109,1.2882021056779125
1.2980763199321337,1.6161977413270991,1.3504354822887599
1.2686880237288072,1.4811650287921938,1.3160658599212731
1.26254297985563,1.6069472404980096,1.3029650710709757
1.2757665794570727,1.6901079190889894,1.287142480523063
1.2527973125698215,1.7222123876450213,1.2849094684137616
1.278235225211091,1.7319550224671003,1.3193765933843011
1.269690171416719,1.5190294081130304,1.340180528082893
1.269677486696403,1.543948312425535,1.3114970568482287
1.2530116430160354,1.7441611775248682,1.3061413010562972
1.227682035299608,1.4490000431632677,1.2670669069942186
1.2443877167953898,1.6864320207152392,1.2901311724318365
1.2675021553892094,1.5241503225635598,1.305297217343056
1.2201295828133276,2.002107822042796,1.2845220492707647
1.2436797407469726,1.4588303696814415,1.308223331687297
1.2201782129061352,1.5027789372170433,1.2978442986182868
1.2018771659106868,1.4849352101737199,1.24926468096552
1.2112508188424564,1.3794361875234795,1.2740158500403358
1.2063640140549055,1.5644087052022826,1.2553424314615256
1.2088559067835345,1.4838063610986447,1.2869007301740245
1.1823486654092412,1.8361523842622915,1.2640256302829334
1.1654752248305433,1.5937008470219405,1.2459846176142642
1.1760031572301748,1.362551218852446,1.2493087959391624
1.1850894506481149,1.5380738409504502,1.2613883986267371
1.150625238847938,1.4945269323586237,1.1973982980718962
1.175097440672227,1.3934726518417853,1.2567986501191235
1.17573013716513,1.7735372896269022,1.2277995436993598
1.2024234598663646,1.5539751007359115,1.2309532799413638
1.1523189652789323,1.495995570644095,1.2237486142194245
1.1533320683686399,1.644745053149965,1.2408840791191522
1.1805654333373519,1.545095829377393,1.2365611660934874
1.171576989581783,1.4358493070513212,1.2250062084790838
1.2265398866664365,1.5576421486819416,1.2543256236399756
1.0956540182656993,2.0775278760711897,1.2637839591501474
1.1426534270563349,1.5650343521356709,1.2147880941770706
1.1920591625100354,1.4822990421101727,1.2258248921652737
1.1523944710149487,2.0611632363806534,1.2787166989169487
1.1510982498327558,1.4334967859453664,1.191109054260688
1.1508001582710472,1.5182567987935192,1.2144671074933664
1.1574238206912857,1.4099563700811308,1.206372526266738
1.1639615283693532,1.466537194772931,1.2066185646113403
1.148478053146518,1.5104793986567508,1.219955432138074
1.1472271879282883,1.754488714617022,1.1615250960391612
1.1079683329832501,1.3878224296691173,1.1796864092155972
1.1342680031058725,1.3617565743503153,1.1964927728294206
1.1082731511201869,1.4347963374101493,1.1994164080623029
1.0875827020125954,1.3193574230467666,1.1628954141425825
1.1759961880102567,2.2363585974719253,1.1822004897115987
1.0980472252198805,1.4226207159268651,1.161363924529238
1.0197485689477916,2.297309665251852,1.1940447168741413
1.1252468472946646,1.4864269942105903,1.1864511314534103
1.1066234217115056,1.498458797719359,1.2155437958645223
1.1135718595252952,1.4254384833576348,1.1860815563450646
1.1145115541560418,1.5152018448681113,1.169706792505318
1.044043947394676,1.5667592032767936,1.1435610531155136
1.0866862377301332,1.4057177432117538,1.1811359629916751
1.1283490566446144,1.7748547621507902,1.1643993642639214
1.1000641282041306,1.6543434194248818,1.1381057957289922
1.0793631986223864,1.3465884928420893,1.1437547380703743
1.0518603967303584,1.445692099686257,1.185473609220975
1.0804980543896214,1.6041131519069367,1.1565069640070178
1.10410298979717,1.4134478748446415,1.1877913977965515
1.0892765263083741,1.8053995914287548,1.1454138251559578
1.0936215930669038,1.5020120239224195,1.1477681896437573
1.1110379284719665,1.5886969224730136,1.1659398246823167
1.1082101381126896,1.690434023808943,1.1575969968224016
1.1114358458058906,1.380441672012651,1.176379854941538
1.0919908402131704,1.4345572476703274,1.1496222101949871
1.1280573521733899,1.614376981160355,1.172326555709972
1.0982962389229405,1.5060217381495449,1.1923324188386435
1.1117836208720036,1.3084675336869038,1.1830994063940707
1.1021688533450074,1.3315338216284354,1.1750615429647209
1.1064097227024137,1.3064440859782485,1.1678668310845115
1.073650496781015,1.4880483708287557,1.1576748577495375
1.0863579201934062,1.8870266052255342,1.185151175450741
1.1054360265617817,1.4158057771990544,1.1650728020840324
1.096046189474926,1.3386455990359545,1.1873946688680879
1.1094972588438503,1.3256196329965844,1.1714569332255058
1.116990245782349,1.3850431410118496,1.1789696858877996
1.1040856339357734,1.3433981625865197,1.1827568691047037
1.131612643956982,1.4493818206589102,1.1999197856225945
1.1247170944953027,1.3061132599754652,1.2176297981364228
1.118789010954354,1.5137293913265517,1.1737284703838942
1.0873715361420642,1.3673166753390398,1.1778504048901473
1.0662273897239163,1.487674161580818,1.1652872993805479
1.0697471399620446,1.4202087730036348,1.1746887196530889
1.0850769502581317,1.3478563020771126,1.1642124067396296
1.115173698380532,1.3734338279423255,1.1867481628543533
1.0638077481915942,1.3005166699768926,1.130974815934393
1.077923865215555,1.4310482265235134,1.1735275654402018
1.0665885873247432,1.3626670728569328,1.1585570083722638
1.0989996916776175,1.3888004217576153,1.1493821729120968
1.093613898056689,1.4461064799079393,1.1721158826092872
1.0743453929350766,1.2311965864282677,1.16887946932376
1.0816478407914494,2.032466000105255,1.1386446866335065
1.0610975470305926,1.3474917750634283,1.1433348582176923
1.0810509880781032,1.4973047759202407,1.1390898344916092
1.029398411526441,1.3360924225242192,1.1242057919750101
1.021782858491281,1.3180904314677404,1.1036953438989123
1.047173509362534,1.257581518969842,1.1203712110756088
1.005289141958479,1.1933424674678421,1.0848776796412316
1.0257763991309166,1.502049129739783,1.1006601409451493
1.0379575952218552,1.2915962378978805,1.13156623648428
0.9952183902126522,1.4230245401776824,1.1305446058934816
1.0558758219770692,1.8066921791176036,1.1031815058684125
1.002943715268068,1.2667184836537841,1.0920262544858463
1.0012270652213988,1.2612044653238796,1.0919207687225423
0.9868784205609678,1.450659399678855,1.123770150130463
1.0051647347358348,1.3071104301896779,1.0816654034682711
1.0163503686262825,1.2143492441156185,1.1191355818018511
1.000147975550087,1.3018437579064226,1.1105025063910474
0.9940702987676266,1.6584041709769641,1.0906524430874347
0.9960938241135063,1.272992095862473,1.094277395578243
0.9852678255097911,1.3731628737481012,1.0639932650553012
0.9651443447351923,1.2458898229796425,1.057475577348878
1.002750797777973,1.2855949278014531,1.092498002204757
1.0128722774292307,1.4067925851852083,1.0957746470693843
0.9678421726450713,1.1939364373614094,1.0774115084017195
0.9857119986206666,1.159611922553321,1.0972704809659908
0.9803699191782153,1.1683403338458982,1.0954646481572077
0.9908219149495064,1.29173134497041,1.0753900413406323
0.9948369278714813,1.4239127043384512,1.0956339659404892
0.9971337485375846,1.4504610516103509,1.0843966360195747
0.9692692430616695,1.5890740501512193,1.0702232394105713
0.9402294007206052,1.1957533552177677,1.0646220927607193
0.9429824616109326,1.2815780123681308,1.0624566325861833
0.9515276641820165,1.2146544713350131,1.0517838740996277
0.9470603648360302,1.2194453879710725,1.066677356273427
0.915372584717865,1.4349303118885817,1.0571221075944266
0.9540237733215016,1.3357025364973232,1.0434849495316507
0.9393635247979684,1.240207445163206,1.0535248235073538
0.9522321135955367,1.178927688026894,1.0463344504776038
0.9795240363850942,1.3358499460092497,1.0597644891502795
0.954701847505691,1.1598585649407052,1.0469982562206273
0.9616795387089112,1.2414978502135754,1.0443403456717677
0.9770195652570638,1.2132007684416122,1.0719222978107517
0.9559816905612851,1.2573565055653029,1.0346675687379154
0.9690950778738275,1.2340181771254728,1.0627327832694209
0.9706205538887227,1.1760417522682665,1.0803765772004186
0.9724340385563798,1.211265223665206,1.048525934268281
0.9701700728878158,1.1878463940900787,1.0614573403552359
0.9483342472670933,1.2473033709853676,1.0287016584816826
0.9430152666355284,1.376382873639482,1.0478670920180777
0.9399239422716432,1.1869566543208956,1.0411484504095658
0.9367727955622507,1.1818865497032598,1.0344074151921487
0.9649698301253613,1.2316292868034726,1.0525339197139432
0.9435615404854387,1.1571408945765844,1.0431930621637941
0.9253056222665879,1.311778136994134,1.0355847785617065
0.9152804755424672,1.4734495210148773,1.0259298359745264
0.923341022223292,1.309123482374679,1.01525116702786
0.9065350498872032,1.1591254926285584,1.0253026738801163
0.9260618853330547,1.2478962954273622,1.0563047801276475
0.9187608336080673,1.1240942738762474,1.023753093220279
0.9303766612396258,1.081813751941173,1.035966693249044
0.9287422029537623,1.1266219480759927,1.0219960715408671
0.9276571971998504,1.2028396753936712,1.0275832427965974
0.9306527435134185,1.1477051112257284,1.0530940399674542
0.9442520859342683,1.3062740426314616,1.0556271516140183
1.008565266940461,1.911150964930109,1.0276553211781168
0.931797242737694,1.2076731304370545,1.0322141139022245
0.9365843400545841,1.2269174297178385,1.0364893310152743
0.9181322211635253,1.3069695943960045,1.0350054683106595
0.9383955047251165,1.1461638538803112,1.0367208051590378
0.9314211708709977,1.1983369479013668,1.0438158288750243
0.9386305754894689,1.2142795555506596,1.0512778052983305
0.9313670999300123,1.2389012697262356,1.0499349967198786
0.9267878947339762,1.252898331544699,1.0411224462075106
0.9248482130324763,1.1696901322569102,1.0305595374179148
0.9399906071861094,1.2260210327445362,1.0647228858784927
0.9314369510075443,1.216948315856381,1.0334736555502757
0.9332297602071259,1.139126815695215,1.0498386350239697
0.9255339104643344,1.1548275572672848,1.0510257429960368
0.9364847281704906,1.5269225354999938,1.0306380451781414
0.9236251577533526,1.210414007457468,1.0394047552223364
0.9290067810490992,1.0726073586471407,1.0597737788801729
0.9341197577137177,1.2609131063719994,1.0441478644526336
0.9397380308779492,1.420531147079896,1.0404069222171406
0.9391835242436528,1.3575253119462625,1.0496413470034214
0.9260596968737427,1.2824607376135233,1.0445615279011782
0.9360750544110167,1.4881542144278097,1.0473557405217755
0.931394711856573,1.2588879995691933,1.039352514978367
0.9272577331381132,1.4361786171240332,1.0425830767559303
0.9374588377348205,1.3825601111989263,1.0401564965359338
0.9108346340584987,1.1365369526599831,1.0145230519518598
0.9240766414453574,1.3239561840951648,1.0265647706302097
0.9115223219349694,1.1415899031823729,1.0478699921534538
0.9032634293180541,1.1284834112794258,1.0450362495859429
0.8980761172681625,1.0953284522749538,1.0231108681168075
0.9066396384240732,1.1943074378536394,1.0320192862801187
0.8965874331460233,1.2676568348080464,1.0177802864954333
0.9037522426579742,1.060235976629088,1.0280435984547869
0.8891360044823168,1.2893018555523101,1.040241952955158
0.9110939677308866,1.3382429017181088,1.013173916228991
0.8959298434692663,1.103419986842747,1.0282470742821632
0.876668883080165,1.0772068030768895,1.0124015753301596
0.8801445008635977,1.0768471077178101,1.0015463842097896
0.8783135305058808,1.201819132420641,0.9977224334011999
0.8646316905592993,1.181376972685671,1.0012562657396682
0.8440086402679094,1.0485934972114712,0.9656780622710948
0.8321571139268817,0.9880028246251708,0.9681664654015408
0.8334907476492177,1.2521049854265314,0.9630728054762244
0.8107737465245962,1.0713117233403822,0.9684644095021824
0.8089309425037527,1.123070651488436,0.9554020235158162
0.8045887631901114,1.1377039773925577,0.9655950652350797
0.8026602662111548,0.959932022788432,0.92122450771069
0.8057889843433453,1.0838380539469628,0.9388649509235336
0.8099091976938234,1.13436302472086,0.9441108755739656
0.8011830008188119,0.9501360191708834,0.940184354306134
0.8069133520326024,1.0476995497755577,0.9484491836940464
0.8111279946259771,1.0747063130402663,0.9494839706814228
0.8235072662373182,1.2824989301573868,0.9455836670659542
0.7983272596963829,1.0404507465687964,0.9303076494757748
0.7968586949450208,1.0278034131543237,0.9332399253487534
0.8086139650465745,1.175966646060492,0.9484142656418508
0.8081637139573234,1.30294810095766,0.9479672510885476
0.7941586036459032,1.0864836600875345,0.9160787589536636
0.8063118143290687,1.0492493867366846,0.93849994358476
0.8137718915640374,1.1901133441109162,0.9534710816909304
0.8110087928870655,1.0239434346417864,0.9482992461266794
0.796907820143952,1.1081145489555342,0.9544180376479284
0.801253202785228,1.343105880870639,0.9301294289758152
0.8011433028619858,1.1259215128753943,0.9331614312847539
0.8110967675285727,1.268008813176824,0.9314250614395048
0.8118769776711596,1.1190150752200367,0.921216106797016
0.8123703367701967,1.0720688846091186,0.9220639943097376
0.7991578490970912,1.2189364253199664,0.931360001433742
0.8060903169945012,1.0578072032146884,0.9284100737574364
0.8102267021015308,1.302299380505127,0.9337097826699812
0.8033048534164413,1.1294741506948505,0.9335241886935968
0.8217056768754496,1.4248689550666271,0.9186805968486976
0.798858991749089,1.2693220303358903,0.9284832981478008
0.7865285561684388,1.1031343282408388,0.9125887647416152
0.7809021477916102,1.2074239244292257,0.9096357474243509
0.7676408248863971,1.0864802600175545,0.9166985326401216
0.7764936691418083,1.0114413623900036,0.9118194918108152
0.7712984086964927,1.0089568054467934,0.9255026536677196
0.7722350228728532,1.036730487071137,0.90440971426871
0.7711016382600789,1.2096130167016248,0.9124139218967342
0.7839282195677061,1.3345296463034313,0.9114304497967216
