window_size_1_MASE,Plain_w200,Exp_w200
0.3956624104768337,0.4876435401735815,0.5485042063286414
0.3794292965357547,0.4712536893593996,0.5215653233898839
0.4163264594252494,0.5037865674623973,0.5655478209976491
0.42563311776087104,0.5076743815542275,0.6137888685652024
0.4205730576113082,0.5027818597624112,0.5841682699919661
0.4390312777692478,0.5272601204358994,0.5907578018886596
0.42318472159161075,0.5258262350182256,0.5508993978995239
0.42714581216291964,0.4914967513125502,0.6122999923538747
0.4127669213595429,0.4945625953448314,0.6037311175475216
0.40862958346583966,0.4948915694474478,0.6083155366218803
0.42789263828896845,0.5076934838593684,0.5803677929795671
0.4190980616502861,0.491455878653255,0.5973680058082169
0.43843344170242765,0.5376941542012859,0.6121029458773536
0.4310962171344494,0.5131236752337308,0.5911222015290221
0.39543893476801256,0.4738881407585782,0.5443537085159654
0.43920311864527134,0.5188371711800808,0.5633346737318603
0.42292630845690665,0.5206654275799056,0.5584106397332997
0.43030550346782753,0.5040296673496578,0.6124204231398533
0.4036656047584904,0.4964498863994102,0.5453498942734009
0.42071450694953927,0.5126486645636249,0.5827686196721261
0.40956609616135864,0.4994103614863142,0.5591602788105137
0.4112756825605504,0.5010911500762538,0.5573514873572365
0.40986315620841224,0.4899022639588521,0.5505068323015739
0.42763407130447634,0.5086475941548897,0.6367361881494306
0.4179689707991072,0.4918591867013373,0.5833905162623495
0.42052855906749925,0.4861620302205138,0.5802096456940816
0.4236187838416724,0.5246601068524204,0.5538499695761641
0.4146130466103161,0.4956083743773473,0.5592553565145315
0.4313009969240255,0.479177905759484,0.6394610648506145
0.44974351859185857,0.5236708506106578,0.6070408112949546
0.3993517342058652,0.4868290383659011,0.5576073381442709
0.4096096998901226,0.4898468340018454,0.5699418500960394
0.42823918179162107,0.5021213818475279,0.5882361746194826
0.4294013623937586,0.5146955653689385,0.5802524008387074
0.40835888311923724,0.4739970451755848,0.5649323407913914
0.4239850111730046,0.5061825009849007,0.5739319435239879
0.4332468122585784,0.5210200384365308,0.6250534931175029
0.42765168572221923,0.5040031083922079,0.5929914010561244
0.41927960596424285,0.4914134296824551,0.5844316393133421
0.4239732855568698,0.4992285286201127,0.6066428250142628
0.42395178908892844,0.5224096441231967,0.5665041757607898
0.40918049974085646,0.5123016269551731,0.5386051440109407
0.42897819291168426,0.5131311299141461,0.5680520877163837
0.42888604515131573,0.4937558725604188,0.6100322604774409
0.4007286648206481,0.4950236411480702,0.554931434752247
0.44563753810943213,0.5426291869112132,0.5928241825042494
0.4248136708490209,0.5187964492770638,0.5668809360850484
0.4227067164353971,0.4977380981821218,0.5609336074285114
0.41815556248457625,0.493255449120085,0.5748964014485771
0.42383601371380486,0.4774823429669239,0.6031128598718526
0.41107581903994084,0.4824379296515962,0.569489850312793
0.4108274791368302,0.49465034672883795,0.5618135923161273
0.40172666373440974,0.5164313957014189,0.5243253082820882
0.4296166376498317,0.5118837181917394,0.6211491352094997
0.41825296602930806,0.4967648714637972,0.5828803508778959
0.39819517549893635,0.4857273286212914,0.5622031910909591
0.4366729421865068,0.5381877788631111,0.5676645252318104
0.4295980060000067,0.5148809529412209,0.5698189014951116
0.4342967763588581,0.5238827270267435,0.5733541467428956
0.42039556222494256,0.4891987486469925,0.6004726503438313
0.4392547009850067,0.5179588092963437,0.6001028426843721
0.41764740252640953,0.4932890629715597,0.6129856359603787
0.41260570575753236,0.5071656006249152,0.5578065429285877
0.42955437917710215,0.5028983373211525,0.6050298999785783
0.41848726528107993,0.508716275843414,0.5890221839198228
0.4179687719210001,0.4764036064159883,0.588514572035875
0.41023486154834493,0.4986630216341135,0.5548864971557758
0.4056094724645547,0.4972730305423772,0.5270477493826633
0.40777297661103723,0.5105565790414703,0.5469644597119386
0.41938380547198034,0.5209097270797077,0.558962796221093
0.42504968262509907,0.5047223453081557,0.5918357090905139
0.43795546971676147,0.5123034421383106,0.6019880136339149
0.39581032210319916,0.5111793265983452,0.547113814290781
0.4275710015800993,0.5250038015310914,0.5654641958133722
0.4261919075768905,0.5080910012880421,0.6060784291958897
0.40629034825454147,0.5021033873785998,0.5606206029770242
0.42453370963245574,0.5007406326447851,0.6024582621442501
0.41828638152665365,0.5041839923457154,0.5582979153336989
0.42886304765051636,0.5179364483373814,0.5680993396533663
0.4155267956211546,0.4986368705085321,0.5798100899110409
0.43250014091127953,0.513093391638356,0.6006776654687415
0.4152132546480571,0.5032979109814658,0.5855922025062401
0.4064201487489839,0.5125749443312694,0.5714679463979673
0.43216073742908306,0.534608150921156,0.5793294860621312
0.3953752088188769,0.4859031401593208,0.5549357790089274
0.4136089218195301,0.5003213182777749,0.5656338067749339
0.40790234828413263,0.5022243900925475,0.5538941191493454
0.4137322197003676,0.5155889367712119,0.5578623943844889
0.4027000129512555,0.4817507309439217,0.5580133975069053
0.4327051435875632,0.5205795173501933,0.6155353025596135
0.42223506338694317,0.4956592008289562,0.6719979345080321
0.40901237482844877,0.4793328660231088,0.5629382684273443
0.4164690008618539,0.5135882076624679,0.5435341813258194
0.4187216871304838,0.5086581239423595,0.5580232304927621
0.43766596289492,0.5207517740918409,0.5791434151951699
0.40674739254472264,0.4936729898476929,0.5856432795496473
0.45486079225843723,0.5410715895527795,0.6286875451828028
0.4168530259334689,0.5097092499011894,0.5474113120342059
0.4091764559046604,0.5112703296128164,0.537058724119498
0.4239489676608772,0.4967021010069637,0.5906328401287383
0.42357358508337156,0.5164429896653219,0.5494993132905607
0.4090866135070357,0.4940310369191501,0.5629648884275383
0.4378522798867956,0.5163838219095792,0.6112519350215981
0.42245066135263243,0.4830469304314585,0.614584867660667
0.4082889629427038,0.4881172148346043,0.5716059444951632
0.40374472820767354,0.4942606754183205,0.5538939413983378
0.43314249089845425,0.5329682043637676,0.5900919948979785
0.41427705849089613,0.4821886368026608,0.5829158987622933
0.42265876877816494,0.4989874613011897,0.5748094007482228
0.42553043926803186,0.4948658185645528,0.6060625328084434
0.4136480358537129,0.48232182743317,0.568610881158432
0.42862529246711234,0.5267485049763659,0.5784904158096293
0.4211495730463404,0.5211201830527115,0.5362965077629408
0.4182911039813447,0.4862431755860285,0.574009003596821
0.4440686815483768,0.5486067721592953,0.5778580080371486
0.4160544612922353,0.5185930128283708,0.5541473605191573
0.403307032317089,0.4766206445079159,0.5692596101058558
0.4314961074580137,0.5319784229850477,0.5540239294207182
0.43652246101526254,0.5262375963132703,0.6007497262325036
0.4260524688679691,0.5045401400405141,0.5714013121466233
0.4193994896031217,0.5067997721063775,0.5634773675027391
0.4310228355824328,0.5416878845641705,0.5814984227890438
0.4077687664783153,0.5128858320196029,0.5449127528486937
0.4122044497249662,0.4893715649847376,0.5824274364012045
0.4158531011868451,0.5036816243535568,0.5782212995546367
0.43109042183106444,0.5092129851404626,0.6054162613130006
0.39692234716987157,0.4787815166092699,0.5449914841757783
0.4070949779893136,0.4863876822195057,0.5643325172599447
0.44763941990269884,0.5135088108388749,0.6174364307110042
0.41367699195258417,0.5080491584294463,0.563079392909826
0.43732508233948253,0.5023755357363503,0.6046254068485125
0.4217707628499236,0.4988725072840778,0.5795721498326566
0.41684760362090906,0.5086876300120321,0.5748359811861757
0.40043172235114893,0.4821105214832627,0.5721089799333927
0.44031783394383867,0.5364491435945264,0.5730715303376115
0.4140863439122133,0.5032968501478879,0.5775228907684944
0.4353550248862764,0.5103242609179136,0.5923438756979849
0.435283945646048,0.5215481133390848,0.6133510980644451
0.4181712670795749,0.5040219116852677,0.5637982138165959
0.41731424756889557,0.4970749675883392,0.5811205701401834
0.4115878861866731,0.4708161215960611,0.5938419140039926
0.3860644028867503,0.4750883995932009,0.5656953399915592
0.3903614474434183,0.4686343711629091,0.549296945900101
0.40792263640622045,0.47917372306771,0.5912574189966056
0.4139934771788801,0.5020444288968113,0.5639507939668237
0.4050499724501616,0.5084793350074179,0.5404593902147707
0.392557419443272,0.4622057562091871,0.5696096728960605
0.4332547742708823,0.5077835101338968,0.5987336500464631
0.44291762380644056,0.5222776106786969,0.5849928604292695
0.43258253202960373,0.5046972093360838,0.5946103915336954
0.4209444037202158,0.4973732737850392,0.5857925461907242
0.4325441947469973,0.5293255194304078,0.5698211847213576
0.42416813148741267,0.4989134735526243,0.6344036421527018
0.4263750455963573,0.4973732642565538,0.5995943092811686
0.4001377447493094,0.4982095451540428,0.5394768130666779
0.4106185518086521,0.4933872911983832,0.5808030679454536
0.4450957283787568,0.535053518008501,0.5938127125459755
0.4099266896114168,0.4870294900591577,0.5695003674380815
0.4019599955289179,0.503342637324263,0.5656445952616574
0.4217894384850954,0.4880794706795436,0.5880445886216384
0.4314542671979862,0.5110316697093823,0.5949663053706766
0.4319567439840483,0.5203936991880678,0.5621612283212432
0.42890833769425213,0.5055694061541302,0.5885611965857261
0.44086572505916954,0.5125643637458644,0.6162921266987625
0.4265723902397233,0.5088634768416942,0.5830836119697633
0.4372029692012718,0.5254140485074712,0.5726183149898988
0.4088804255688984,0.4902116556578751,0.5626095650117183
0.4210955599720333,0.5204962730777926,0.5930593169555087
0.40921382977607124,0.485043422055775,0.5879624749936556
0.4239243508971267,0.5161153732201677,0.5420683447291595
0.42849685379688807,0.5255957471747699,0.584551762650056
0.42764176058800957,0.5205656690445313,0.5647075508893394
0.42870779121854485,0.506990584964139,0.5923914860589433
0.4231103378339432,0.5100963678428394,0.572756521587097
0.39610617458735314,0.4619305439245759,0.547501830808978
0.3939162088797603,0.4911255616796488,0.5534260306589157
0.41596345064400764,0.5022833567144942,0.5508302769955652
0.41026132931452886,0.5048696326875738,0.5604467086958137
0.3812198483364389,0.4763780320926281,0.5210201402536819
0.41894119418847725,0.5064966829511818,0.5715431973455523
0.4102523866940053,0.5054308480158436,0.5533419295403206
0.42917529031702595,0.4941050115045914,0.6086776293059458
0.3993967457372939,0.4885388134665968,0.5607880476731262
0.3819863463916029,0.469165944023862,0.5413023632333795
0.4056358340630142,0.5108100014993944,0.5326282007940477
0.44109667577860584,0.5162733978445869,0.6263597182110225
0.4101374508763385,0.499021874511099,0.5879185688096644
0.40975467994518555,0.4938563101293447,0.544381872081376
0.431622828658802,0.5247420178747925,0.5998405689527979
0.3951997361178406,0.525842478314789,0.5221409082507056
0.4073994346884227,0.4967265209751154,0.5958640172566073
0.4216992908875898,0.5045290244994941,0.558822035024003
0.4214470380301437,0.512992480702335,0.5966094732846368
0.4253052991555769,0.5134656450256349,0.570782293165187
0.417555539098425,0.49740803525798405,0.575330679755008
0.43368233354352,0.5083226458447956,0.6076602429131154
0.4035010298957391,0.505017387639296,0.5405351670924842
0.41147940825862833,0.5101544965848465,0.5749727232145174
0.39702458297915383,0.465265028534896,0.5836748279140178
0.42790135123147793,0.5314925244810431,0.5605973508100299
0.40668921866687024,0.4938481045476628,0.5639348537348805
0.40901316299395846,0.4729423067780844,0.5944688529192051
0.4109250324268666,0.503286446282055,0.5689275588508147
0.4041678793422268,0.5120115843091234,0.5495166736248442
0.42168912477315684,0.4773173135760174,0.6142585040941799
0.4257068782336338,0.5022517530200125,0.5914059217808264
0.4284656148793317,0.5173767107296439,0.5758699131517055
0.42438241356914075,0.5002892090976825,0.5701685380358721
0.42869414840841136,0.5203664688570119,0.569119845231972
0.428269981837763,0.4999040830844448,0.6142287581153011
0.4134710207436943,0.5109677108609134,0.547516409870493
0.43227166606726136,0.5060353585811479,0.5878893256774057
0.4227629840395123,0.5089225949302587,0.5788098487882055
0.4262787345156937,0.5120477824927954,0.5768099354751758
0.4261356637170383,0.5183647323131777,0.575448779298599
0.40948215651223324,0.5060545254570156,0.577982245487729
0.4162813691725695,0.5118317710334542,0.5823431364342404
0.40641582682874744,0.4810732554054925,0.5737074287770065
0.39502619008513706,0.4824337937433919,0.5415220044851351
0.42412464484500917,0.5127224274018398,0.5800813302780967
0.4137611636293867,0.4799981191216621,0.6153183824830738
0.42790738843367676,0.5153438599647551,0.5621308971015777
0.4106236092407353,0.4808983880128818,0.5954917728763897
0.4094221083101309,0.5307311632691295,0.5769444782451609
0.4171569134536327,0.4884705832063089,0.5907647909235966
0.4159879667901828,0.4990884844951367,0.5716490678355644
0.4020977432616509,0.4663386070963568,0.5789223076359284
0.42383240196852284,0.5054168547969813,0.5755750802707262
0.4128530556964879,0.493716151991352,0.5864806329089969
0.39813803754911314,0.483679754960307,0.5421517469731477
0.4075480444986635,0.493535185278669,0.5546259514548387
0.42992171387032074,0.5028155132830406,0.5822341049216917
0.41276428838732365,0.5053206464495873,0.5717699407199502
0.4125045035565533,0.4941380215170912,0.5640797693451772
0.39175427532020746,0.4594597224407627,0.5625807595895947
0.40722809983865743,0.4984940197584675,0.5433879768465185
0.42088535431358076,0.4956885517409553,0.597142359473969
0.40219861328449596,0.4978496507642586,0.5664448691121274
0.42126690713220555,0.4922812989599542,0.6022245312893303
0.40126325209561126,0.4829609192969044,0.5463205634121622
0.4083949848912575,0.5052006674508701,0.55380686358686
0.40596254144851984,0.4681744127197258,0.5879858002482405
0.42458310472993416,0.5025702433391285,0.5836355873320396
0.3957009630534579,0.4862678885503202,0.5646876921997983
0.4135956750830191,0.4979323439691661,0.5600942345572635
0.410076407574701,0.4898278695288525,0.5549481780494212
0.446895311258739,0.5081436764150901,0.6188653052850044
0.41971174215853674,0.5183729240701173,0.5560733699910797
0.4245949720606565,0.5049424956689349,0.6038900264515593
0.40573129607830183,0.4972186962064285,0.5576004680086362
0.4287897941967973,0.5175097906205522,0.5833803252422434
0.41728625858120566,0.5124156081818476,0.5763903773683454
0.4018405280634332,0.4738925946779088,0.5469417224178555
0.4003773369206122,0.5110161258126705,0.5432016194065176
0.4130644731705072,0.4928184242172928,0.5671890622681262
0.4174185833563982,0.5180820869761704,0.5486495349699119
0.42360229857144915,0.4965188347384629,0.5914419847134851
0.4302391432515489,0.5357115841928654,0.5648250096993735
0.44287840699715403,0.5259580414122336,0.6215273062637111
0.43919529842701577,0.5203695241818334,0.586525701766653
0.43701103264493396,0.5204298297755974,0.6088214433952346
0.4262051886648489,0.5096526552693237,0.5848924425997866
0.4298293060552114,0.4982467405345264,0.5926860845465263
0.42561160240492996,0.5156714270911791,0.5909213783378691
0.4192582381782419,0.4874821880760799,0.5866674411734629
0.43055271279359686,0.5108694771915094,0.5887517759894644
0.40975682088955395,0.4986568134150471,0.5454553360266263
0.41634038126629547,0.5061189288325516,0.5560168811446892
0.41828340820849624,0.4985903640897133,0.6036063448380397
0.40244713073659455,0.4757892011921304,0.5745528063857602
0.4045445846704939,0.4871313404665604,0.5631871203375333
0.41745829251488575,0.5062673329912998,0.5922195183086586
0.4090670821013098,0.5196552267901837,0.5539078510311402
0.44330412785867274,0.5359781865021561,0.5862879763083567
0.4139763910247284,0.5053804045769705,0.5379769273522014
0.4166671274311714,0.5063723661281694,0.5632659010412534
0.4066236373744826,0.4949162804061643,0.5516372605809223
0.44693466504331697,0.5198167345022643,0.5983817576457467
0.4056632177138303,0.479615579462339,0.5655663007455203
0.42976703094696084,0.5027637425045639,0.5940426363920913
0.4366209723456602,0.5165321851830434,0.5928985242629959
0.40368256427945304,0.4745097739039999,0.566250280439241
0.409960528664278,0.4981581850506685,0.5654907394341082
0.4195479623922166,0.5055815659436661,0.5702426608387691
0.42532665345808524,0.5102583647331101,0.5813888263346989
0.4172265832794171,0.4923907461094541,0.5725143158184108
0.43116711422459447,0.5334765578489334,0.5684441185652607
0.4390317156539443,0.539487876133969,0.5886674335167794
0.4190108983715642,0.5107239554837958,0.5473890106930631
0.4246829921299477,0.4940291442302416,0.5896447928546202
0.4060407756701601,0.4924427418817472,0.550215443036623
0.41588794909287513,0.4944718900237442,0.6109388238957425
0.42766645033434963,0.5316220413858332,0.5918788025503581
0.41130541654525316,0.4886717159898935,0.5797630965014544
0.4119742125862926,0.4851379992405941,0.5905862216962204
0.41926397121269426,0.4992724080545903,0.5930788460496841
0.40788086576869065,0.4917256920972203,0.5613840396176795
0.4398609006606566,0.5214182265816466,0.6177221516825697
0.41850838278594893,0.5062320955027847,0.6055566918461723
0.42344303244676906,0.5028251825291459,0.5685226080252616
0.404908765673707,0.4851009420613766,0.5735200909673791
0.4190840656579164,0.5131752921344702,0.5717447406886003
0.41956684042614667,0.5092497163185831,0.571424167061371
0.4212759523346932,0.5102271512017433,0.5706548437736876
0.416872750707014,0.5208126388413085,0.5635122495350061
0.4401869317180635,0.5287880196979378,0.5812794967345516
0.40891007182177685,0.4952082772689688,0.5665071437741694
0.4191371763546771,0.47865705898836897,0.5902159554365487
0.4438703873875808,0.5316177301390465,0.6151913516131675
0.4257690255866219,0.5212670661085155,0.5703619075716254
0.4219408338828265,0.5118478073135172,0.5716150850375029
0.42860042613178956,0.512169442619128,0.6064549178006634
0.4174448472390454,0.4988115317094142,0.5706802523382151
0.4214397123521579,0.5021694644484552,0.5611795351481635
0.41763688474170124,0.5017299980111519,0.5791584474047842
0.4187106988475115,0.5174733740637099,0.5475213223230236
0.39901202187775114,0.4903182242895126,0.5150075458805834
0.4099080447982469,0.4920868153328666,0.5444466394914841
0.4215831973334974,0.5061099835574633,0.5793623055246836
0.4221799549743738,0.4825855274246548,0.6278425363764228
0.4325297486586902,0.5211748516810932,0.5912896043823452
0.43526278674497326,0.5153811960639789,0.6238205168611121
0.42166604359786647,0.5190273476260345,0.5784972221257424
0.3978349150636565,0.5257489571756984,0.5310322069288584
0.42598900633540615,0.5108426824717441,0.6082305858995121
0.4560239031031955,0.540816416603814,0.6384526599257003
0.4215903147784882,0.4965260172261026,0.5890782323546213
0.419729555625233,0.5051507311198158,0.5769739118317411
0.42740160875002103,0.5269351914897565,0.5754874246610843
0.41492223038949905,0.5077759408650784,0.553167867417747
0.4401789853520608,0.5147001752608665,0.6344394977138123
0.4180800035975041,0.4932286553143432,0.6082114742405993
0.4062209091697966,0.4850344045535202,0.5670371247105433
0.4446982297946683,0.5259861108073584,0.5814037974990749
0.40889688992466994,0.4995515885404385,0.5712936050509034
0.42119299606371596,0.4893045762693552,0.5922382265209678
0.4267999171404259,0.5041488994492618,0.5780349576803596
0.4205727431078505,0.4954104703858668,0.5835538754559019
0.39930345719149346,0.4704557905021009,0.5488736914827761
0.43341636186639976,0.5102982164610492,0.6227492156371645
0.4002544990026834,0.496865433758773,0.5405451353372573
0.411111446864292,0.4952179167952194,0.5778250999482764
0.41548995336967437,0.4919876602611719,0.6197746386421887
0.4128981048095959,0.5097440411396803,0.5667362134315449
0.40762766153980495,0.490284561943578,0.5483487361578415
0.40094430743823695,0.4821901675755428,0.5755698916975498
0.4243538009011789,0.5042417925541246,0.5845573638738688
0.4116684066300336,0.4943512900320941,0.5629747549087502
0.41067335278938083,0.4896119037147133,0.5703362206493143
0.415351254133665,0.5195021774864805,0.5622706365433858
0.43014580207795733,0.5268178809098746,0.5790792753363678
0.3901436831597225,0.4647927616691364,0.5605803977109558
0.4072224488966642,0.4916644884001089,0.5801537038715007
0.42709068657940563,0.5004289012626609,0.6076286974183563
0.43392841381817276,0.5196901872639461,0.6002806895072148
0.4308071181264809,0.4942722962053512,0.6180866745160682
0.42258130341531386,0.5105933565451091,0.5671355175991242
0.40516604560727587,0.4949563255845242,0.5497358501051096
0.41067951527411056,0.4964868156732718,0.5880204263311011
0.4133141032954798,0.4831204153463276,0.5823610247642633
0.39985296256605096,0.4950503796808806,0.5477168390612861
0.42816363935511204,0.4955230275220432,0.5828002004757096
0.4248496122476958,0.5113748355775051,0.5922848239996565
0.4224135715582749,0.4932786377065866,0.607143202504098
0.4324961999241738,0.5046296028407803,0.5889273980868853
0.4132415268925877,0.509538164798598,0.5815631926519889
0.41152574271092895,0.4889219609694823,0.5631481983729345
0.42448528793811735,0.5149352204715982,0.5542390207439681
0.4017705411061716,0.4997634730954783,0.5609172547711498
0.4113381182259079,0.5223218400873397,0.5457205683636592
0.42471514760567963,0.5055731194269715,0.5721313056502318
0.4170013576110682,0.4756957308156886,0.5913033406812813
0.438005442333298,0.509694278063608,0.6256588524940042
0.43314746666458354,0.5145852638800321,0.5710879060056626
0.4324726274210169,0.519264885530363,0.6206319803235569
0.4085360774194848,0.5005768118886251,0.575343013825396
0.418795451319737,0.48424457560885,0.5725079857053029
0.40749135075993637,0.4951882335421566,0.5735938466608721
0.4443115883460989,0.5160983597163022,0.6503745948288906
0.4039787967761575,0.473620385260888,0.5751717375775454
0.43485572498571984,0.5068666692557984,0.6220447344909146
0.44111558425465247,0.5289551862473149,0.6104863840806666
0.4081114431143483,0.5186620597138796,0.5373387616329608
0.4173837799813836,0.5045959599368264,0.5636620390464409
0.4459306975949845,0.5225253212375384,0.6086999147837232
0.41562422097366486,0.5071458733848284,0.5624158908599779
0.4104126238384634,0.5041896708052037,0.5546261422523338
0.3977511338205059,0.4736186846636461,0.5776990764558443
0.4133857003806945,0.4848859777609751,0.576865426655979
0.4039201860591952,0.4913983283818944,0.5634010189786774
0.4077477936405253,0.4785493719741574,0.5733353671648181
0.411627758714081,0.4924760990858551,0.5511074918897598
0.4141249958165284,0.489155919230017,0.5657685086456031
0.42127546261974486,0.5179140264683597,0.5660772928282657
0.41678118847476836,0.4982573873974207,0.5994787639692035
0.4201445861462992,0.5168638841619775,0.5499476160448438
0.42243050643226254,0.5027769690975968,0.6060954362756771
0.4266065748207532,0.5216915443506316,0.5552811275683089
0.41289133422308366,0.5191076949415976,0.5438327454595101
0.4283487896246083,0.5098789706932688,0.5793711627593181
0.42533296601122766,0.5196225938307915,0.5948087793788432
0.40656820278045513,0.4892561081732909,0.556908504817745
0.42143698192523116,0.4923046180009982,0.5783495189430041
0.41669473592224043,0.4926867892202785,0.5805599656852386
0.42087915371651424,0.5138465486354569,0.5760343545628309
0.41735855995978044,0.5237793679983023,0.5595884467144284
0.41536686579393595,0.5076646230513638,0.5493085286711807
0.4175526538921045,0.5001175623276379,0.5935482071835713
0.43833194142643395,0.5149651110439785,0.5867841024949358
0.41722016515371935,0.4976747588722518,0.5947281714671946
0.4079005312870173,0.5068516379827436,0.5623876810756251
0.43294874052551313,0.5206988938367282,0.6124209396967862
0.4195857585746883,0.5161609969438962,0.557454246514193
0.41522412419916577,0.4965567187583638,0.5750176716686303
0.3997517321534656,0.503348314772406,0.5680059144104151
0.42872129471538317,0.5028924124043612,0.591371645486165
0.4116404028768022,0.4877131284406194,0.5936950341772192
0.427397368387861,0.4921737397907336,0.5971236840127079
0.4392710056186704,0.5377690795510186,0.5758237610809969
0.41458431988860367,0.4904719421000323,0.6113801546748512
0.41774109637861545,0.5089068657939861,0.5641380013770488
0.41008195859356195,0.4848012712703273,0.5777265145650793
0.4251173149348217,0.5042125501320548,0.5828738218714423
0.4257770022774633,0.5026567129606115,0.6124581489534505
0.41298620943560516,0.4974709495180467,0.62885731987133
0.40405226567683655,0.5203358202923872,0.5504662441784226
0.41577440054260806,0.5060558993346257,0.5665433764176939
0.4144394777286376,0.5171718630833716,0.5583915334603142
0.4228277302269492,0.4843520991591227,0.602299877004334
0.43137784290791237,0.510551809822012,0.581962931729509
0.4455876176709916,0.5254223763387585,0.6122586026772932
0.40242780455818944,0.4835136059134637,0.548973570595031
0.43482692645380455,0.5044895359997371,0.6231881275315232
0.4094833674205912,0.5141172897438576,0.5720147859277587
0.43272750472138993,0.5166677176493409,0.5950300091636959
0.3939857306505018,0.48577562401686897,0.524836193696159
0.4200023707834557,0.49599118442802603,0.609883691018976
0.4313994156578741,0.5096795674814506,0.5939767730770098
0.40685174233192184,0.4959376892206926,0.5628703177494585
0.4230796317297071,0.5142023119214197,0.548793888445703
0.4131508623472361,0.4929790226884832,0.5529641070285313
0.41220906002379065,0.4955200393853959,0.5574102373216178
0.4321085238007789,0.5077924736774009,0.5785268288949047
0.391178794517687,0.4930775511289368,0.5327965796993953
0.4100661386442692,0.4910043411415703,0.5659856331815493
0.4067728134897102,0.4744827040356202,0.5788980428039323
0.4125415925372605,0.4891901312382405,0.6049954974595089
0.4403987494504763,0.5301405988802992,0.5760440333899483
0.3939007365542439,0.4782116247810558,0.5840782763813855
0.4151185199426078,0.5121914131138133,0.5751049182963791
0.3965716336487178,0.4639205945172064,0.5509579992428756
0.4338126376265113,0.5125471284873596,0.6161851036842583
0.4338154251951849,0.5007955147242126,0.6241300268074965
0.4080506393152802,0.4848199747379606,0.5536625074699676
0.41771839003667366,0.5017130965069664,0.5654362009965468
0.4250616546629567,0.5098719123855181,0.5976728886151212
0.4114079382980267,0.4785477309475724,0.5642860023125129
0.41319719281073475,0.48779113711090005,0.6271966890898544
0.43548444178294377,0.5406342139478161,0.5769671451335722
0.4233873484901548,0.4921749817587773,0.6123502562932363
0.4097319231441937,0.4652092307759138,0.5706926587000071
0.41410559494309074,0.4905051143919688,0.622242110145296
0.4473785444782416,0.5157662521573582,0.6204086082040775
0.40716781342876596,0.4928953313975589,0.5478140822430455
0.42515467892808034,0.5081928222071752,0.5811916883344314
0.42997877930340406,0.5184828795225327,0.5952401955455131
0.4175352281930419,0.4947879331370089,0.5931676426599499
0.44043365273852303,0.531835193579996,0.5977417280964652
0.41045414177198625,0.4919443167262086,0.5794361652678537
0.4122675615980589,0.479623604022721,0.5772598679392817
0.39435434694029053,0.5010151489641431,0.5292625686201486
0.4205947716105027,0.4963951895157449,0.5759199974675212
0.39772922250461984,0.4913375018981733,0.5390483105301008
0.4290245690011439,0.5003475516784455,0.6258121009941421
0.40270605790356767,0.4823344427502328,0.5481478233973409
0.4408949304234662,0.5237294403622116,0.5976188806625936
0.4252605224903665,0.5074700057708512,0.5854109665622639
0.4055277508501166,0.4958466399660106,0.5438482864825671
0.42373919575954877,0.4887563070125623,0.5986792713277751
0.3994531790499592,0.4850885427834248,0.5713963870192205
0.43074009205262276,0.5204219095553649,0.6064037212212137
0.418701506754671,0.5036703316318009,0.5739598521183157
0.43631217340914236,0.5151371626371637,0.5843613086163348
0.42464570149793235,0.5167068521464182,0.5711656609919415
0.4049215721940702,0.5058112865072938,0.5409812307268146
0.4237465157022065,0.4815012727197205,0.609049859251879
0.4098097080726001,0.4666784845392286,0.6208485070740799
0.4066525872214725,0.4670097963668818,0.6216341994194541
0.4208518119770286,0.5095918998938367,0.639094331082472
0.4346257558546957,0.5472250454511286,0.589653710639572
0.42876631043237273,0.5063130249717697,0.6260896269884825
0.4109320955577086,0.504124447780966,0.5583290335367077
0.4275162549592618,0.5051772543169224,0.5878041620396178
0.40286334281797775,0.4713578610522612,0.5848980284455501
0.4569342231958549,0.5188606807546366,0.6181700217392557
0.43163420920994855,0.505724116082764,0.6013219671496955
0.41530651024737636,0.51457003168548,0.5569509776287235
0.41523253673882793,0.5020527518060398,0.5767579847017622
0.3964801176955637,0.4884292147865142,0.5501154936681987
0.4114996319362429,0.4761037052313744,0.6056160359738102
0.4104050552428844,0.4962502720643596,0.576343160249054
0.39590796294298014,0.4959112358544318,0.5361520356770347
0.4202252465597603,0.4998292954565146,0.5688416812852154
0.42671497730002683,0.4887484693554219,0.6167254602521062
0.4146981178941832,0.4896288161094674,0.5496398988107715
0.4289527190948321,0.5186125414150912,0.5820119727765906
0.421644187785043,0.5037087153500243,0.5821181381146012
0.42896664912474164,0.5121477019637249,0.5889572522990678
0.4087844358009829,0.4968700819643976,0.5559734494300634
0.42624974075711264,0.4985970737183479,0.5974201785423376
0.4232094299391623,0.5066694828065337,0.56961043153768
0.38684420013757226,0.4930389188081341,0.5185646713349413
0.40901448615228836,0.5223818729348699,0.5885257643689438
0.42266237201506907,0.508825462470045,0.592403886155413
0.41385051753659297,0.5118508815757482,0.5280612165159589
0.4257867808440299,0.4987158672286167,0.5764994529037142
0.4334662310929494,0.5073481275203882,0.5878491154439056
0.4203076240210798,0.5062119017134793,0.5509947962645068
0.4151242968656723,0.4935711887409472,0.5669425742066183
0.42658377496912336,0.5019996424071808,0.5809930336440504
0.417325863526829,0.5163006419616428,0.5664809002347568
0.43058353806349275,0.5260941162827908,0.5639943907473477
0.4176857151046876,0.5059842129575816,0.5609112446920799
0.4339560083536238,0.5171264778090174,0.5823595168760778
0.43006102283624825,0.5129597441738863,0.5813242044138498
0.4083295551198656,0.4866739187785367,0.5760350836551335
0.43239427372513495,0.5098564095335552,0.5999784184513594
0.43785165569967616,0.5217318322536834,0.5938480110488163
0.43789070163963645,0.5073318339004163,0.6052924156684437
0.41245748687608225,0.4809392167962948,0.5703152968172825
0.4055751930073569,0.4761804612845311,0.5706880014545871
0.42748011342869563,0.5151886473389864,0.577011356741639
0.4288677070726402,0.5227894847500788,0.5643044905377471
0.4122476311426783,0.5004766513456718,0.5569305257006968
0.42506491875634567,0.5056557827915511,0.5813333984438848
0.42127258479586627,0.4989992285815888,0.5685669288109723
0.42101640836194365,0.5021056701702574,0.5736889683876295
0.42094992176861495,0.5094729947158873,0.5580950528571256
0.4192372930903891,0.5160747497907948,0.5449717762754864
0.441588948687527,0.5196807736925502,0.6038158163556064
0.41591355397935037,0.5079813186452415,0.5745473425083659
0.39662875351470134,0.4768453521401928,0.5739750937945037
0.43997574093120356,0.5262627095247175,0.5918710542573337
0.4315223967832507,0.5064971679524933,0.5776127451008679
0.4305465815967907,0.5138567347563803,0.6029016229612368
0.4105258839965801,0.4780192426799729,0.5652344977124275
0.4185056631740904,0.5040701932190308,0.5682251607498989
0.44332534202510177,0.5222174484232552,0.6237689896115929
0.44220096637405976,0.5050352010627293,0.6121423367999391
0.4113015824237155,0.4903082608373004,0.5667577512476241
0.4332411953679218,0.5055373098155339,0.6133187943655893
0.41367657897312765,0.5078131049597628,0.5639301058537391
0.43297207801477766,0.5509231798842602,0.5623516336314732
0.4054232020296568,0.5047396013163431,0.5518372513238695
0.4152057558281246,0.4971151526385029,0.5634850800166301
0.4274282005794214,0.5351358708578378,0.5691124565461326
0.4157780823175261,0.5038624563588315,0.5416523610563962
0.4158355167892399,0.4892690755434536,0.5726404791862226
0.4346412443643824,0.5152168947114437,0.5774133067761011
0.41092041866630213,0.5134505759863854,0.5574706898548893
0.4287326846261989,0.507657696707062,0.5987984923955708
0.3897653370037038,0.495609864686959,0.5147487365796497
0.41803643185267503,0.4955889801573929,0.6188120035049652
0.4471048033441062,0.5136058294920435,0.5906236865676842
0.41505986442785003,0.4898623156993741,0.5745509167712417
0.4219247238886329,0.5001043130765556,0.608331113513851
0.4052382423886583,0.5151555512920571,0.539382310804834
0.4393210399295206,0.5120751078500155,0.6378233150740884
0.4141101654754853,0.5095099664496494,0.5682518109206667
0.4215957514043651,0.50136812075946,0.5822255125889534
0.4244559049889768,0.5244350508083029,0.5554843915780663
0.41238127806302805,0.4783100894801937,0.5875430989015211
0.45254248857602236,0.5011245132245775,0.6285876849717736
0.4180456883625351,0.5264579162111298,0.584006150530604
0.42367159527421877,0.5121385168541963,0.5741079996224037
0.4078469795949492,0.5060866951533292,0.5520120158938184
0.4227469974577702,0.4987715100814837,0.5803828777438743
0.41483462725640735,0.504675364315052,0.5671770388162666
0.4074421629564942,0.5181773353529511,0.5455507670355291
0.44053282760250695,0.5290426135884079,0.6060384578179956
0.41303715889330833,0.4827822774715134,0.5890331822051255
0.3895123693608518,0.4959833519511242,0.5371567636000245
0.41199815253227556,0.4935441856603656,0.5613734618045884
0.41275646464248283,0.5008771159720308,0.5477043126855122
0.39820545183871453,0.4760428736035548,0.5366907952078688
0.41426630330136577,0.4898749231472961,0.5742669154073333
0.41462250061914985,0.4745500703217682,0.6062649728637346
0.4096471347823478,0.4873546178996091,0.5596941303867748
0.43026902752297785,0.5117207280404787,0.6009758148474968
0.42591434983145104,0.5016591170084034,0.6256979410725095
0.41168942553077187,0.5092382087919851,0.5590730129948305
0.44298617391954764,0.5300398315766851,0.6163394719900447
0.39567465628564946,0.4922983120008325,0.5426845573786602
0.43044893190826367,0.5010961100300055,0.5924761466923725
0.4066423510891361,0.4861263269685786,0.5642745930202544
0.42412509614830113,0.5168482787154176,0.5787938841403006
0.41991470270051356,0.5125728255655865,0.5874679971102367
0.4144365839038099,0.4912406963005525,0.5715643862803439
0.4276457842315967,0.5106390924042218,0.5657706907002649
0.4271408060694242,0.5246041560296997,0.5588807076677342
0.3990831358154031,0.4741125033722082,0.5574214426504286
0.42196227414312076,0.5188013135634579,0.5596789523499314
0.4134938699580467,0.4850736013370915,0.5758357694473261
0.4276982413747942,0.4920516579161518,0.5811893165416699
0.4496045346709603,0.5243364523450993,0.5928039041521994
0.3958760669913202,0.4866224081861302,0.5364475523570419
0.41004445733027095,0.500302187076383,0.5682285244042058
0.43082245587159973,0.5156889315829812,0.5681480957100846
0.4289513970976591,0.5117383512581672,0.5843436127828339
0.4159003456317938,0.5077689836846586,0.5673493260111109
0.39572310950439876,0.4950931398107894,0.5235566046688073
0.4189097476964512,0.4930015224963218,0.5946152077291308
0.42267741101499695,0.4826267339945257,0.6261949138770988
0.42613160618578005,0.5086303478791785,0.5982604216038674
0.4303433058146887,0.5222497093984907,0.5731345470168807
0.4105453734621407,0.4938901666216064,0.5470007138115265
0.4025696410108269,0.4790200563942682,0.542853668337765
0.40467373740247475,0.5043013982905851,0.5546555733332678
0.4236597814737468,0.491945359939832,0.6027666045384162
0.39675466229053796,0.4860018603969957,0.5675701295673532
0.42849890491143894,0.5125681348890943,0.5657986912777588
0.4198681058771103,0.5231214603979306,0.5831193282357678
0.4402379662602993,0.515111780953326,0.6015416242370856
0.42377835642258416,0.4954603289476696,0.5798319080119304
0.42683810625289736,0.5166274319136129,0.5728777127298571
0.4081483687925404,0.4684093089888784,0.6300055779024274
0.4020655048843578,0.4843162442921109,0.5610364565618845
0.4266237448086848,0.4927132495245076,0.584082508139357
0.418746076659023,0.5030979273184221,0.5800730278188276
0.4372315164700927,0.5287738607274143,0.5930077113894734
0.4324410970864765,0.5067022278778215,0.606095505844569
0.4043875255173092,0.5055746515073906,0.5470593417116776
0.4190203206856236,0.5179009502071024,0.5550791685484533
0.42423215779830514,0.5293927644037132,0.5447931085486111
0.4119426947368679,0.4817539697671336,0.5851968188222443
0.402832468530583,0.4787225503180432,0.5647910020547563
0.42024589544642216,0.5142687830536802,0.6016261341870918
0.4379488170898195,0.5119545439878674,0.6262463254679905
0.41644228452022547,0.5239689366120468,0.5631395306723941
0.42612247429091676,0.5020278648649761,0.5764435073349022
0.41752212139502914,0.4924021403037815,0.576180952509973
0.40628723185568844,0.5061921516137253,0.5441458329691301
0.41336982792376054,0.509248929421435,0.5490688781029788
0.41791301796078206,0.489381127771354,0.5665707670616076
0.4276575134307977,0.5052804893132805,0.5916375801980128
0.42283941809215264,0.5019984912704125,0.5778754475047752
0.4017621638848277,0.4960336258457419,0.5466345442607546
0.43115909335245545,0.5054970717652341,0.5795709714468091
0.41758271791024015,0.5295774454503756,0.5774383195220573
0.43226534824298907,0.5274670954511985,0.5861362120493582
0.4204140265070062,0.5096373572318108,0.5601286320948511
0.42189006583284944,0.5028431133764175,0.5898614632986582
0.4248225776159849,0.5129640675537105,0.5662644952278675
0.4257835327658601,0.5029092907725645,0.5866496959039934
0.4235195766833394,0.5121087564478581,0.5860637006377314
0.41590584357938,0.4980458062388332,0.5959229074817262
0.4023355100148362,0.4739266361170019,0.5576996770340318
0.39254629993882534,0.4821838428040872,0.5451016158991931
0.43653854196895175,0.5174173763902903,0.5927520267270534
0.4145266415092584,0.4988085555416255,0.5641636249343194
0.40515610782411954,0.5005617834452489,0.5535744169072623
0.43609599171939306,0.5131214106645712,0.6063127582656719
0.42282797633247327,0.5174715778875332,0.5628867692951393
0.4166493793099204,0.4948507566795198,0.5708078303502002
0.43574624153657254,0.5222142897409736,0.5716552334068685
0.4241887155115947,0.5311376502484777,0.6339215672344086
0.4219774275787944,0.5070008260487068,0.5821477361263395
0.41198892705380297,0.4891501777835105,0.5787695900300343
0.4251997298630764,0.5342100828884553,0.550995410363551
0.42454530179747585,0.5051641428653325,0.5795720221350836
0.4009676609615477,0.4905808260783772,0.5569302643693388
0.40603791501869596,0.4976762343802552,0.5610410546395859
0.4259497904239836,0.5095312335932856,0.5740556324295677
0.44022608040534505,0.5136033035510735,0.5983720444939739
0.39512906243783363,0.4769254478286246,0.5447931970840706
0.4230629301398086,0.5104486152875846,0.563777874765277
0.4179726095701,0.4955314842866382,0.5979202875694408
0.4116564496618673,0.4827317288179445,0.5814755573589212
0.447187337825364,0.5279456003218517,0.5785059655505165
0.41100559329992636,0.4973372416487664,0.5620863155046059
0.42030348956512903,0.5085531374664027,0.5830803223453912
0.44994731083954775,0.5491421455452956,0.5862208813266594
0.41378965284673536,0.4882069702998297,0.5690216114469281
0.4153674395571233,0.498645750755063,0.5681857868449639
0.426943369316066,0.5109005559897608,0.5824998932825921
0.41539760991721136,0.502971336110691,0.5702897492943387
0.4171428074854449,0.509395619480834,0.56181320833869
0.4278410579707605,0.5171533544785075,0.5792899995276136
0.42670765591844784,0.5170579217708439,0.5914627733636995
0.4175426824812397,0.4971069079842666,0.5613088501324338
0.42033948825081685,0.4974828842099995,0.5956422634012634
0.4330319589159889,0.5239462194005438,0.6012113638295208
0.416340434553925,0.5002447673589157,0.561950723352072
0.39076440447931327,0.4805205407695727,0.5728035054865532
0.43027139527760766,0.5015597775243769,0.6104944001618322
0.4229447055108686,0.494432462600489,0.5902438116187211
0.42381918187668416,0.5285967095642845,0.5566692213804982
0.4276750591929047,0.5327699688975163,0.55809925296102
0.41931434611503804,0.5106554939520737,0.5598902738114018
0.41948485910136457,0.5055222736676914,0.578098980770114
0.42471384227691955,0.5013155912384873,0.6251477513042927
0.40903975360502903,0.5054592417098174,0.5587583927586147
0.42109637987946813,0.5412819426601281,0.5400490137242682
0.4162775726599753,0.4813088397632903,0.5627335952224063
0.4263050346369993,0.5060729867136303,0.5797370976949268
0.39176821177942267,0.4834322861923791,0.5276517486829194
0.42534551365532475,0.4984879404604616,0.5984334613185234
0.44768461565649836,0.5342195522441506,0.5776760695247963
0.41275091475588854,0.5056201786834799,0.5511897159658433
0.3969396567800393,0.4835365361086633,0.5485027015928139
0.4135147631332863,0.5023019598051643,0.5653685486967254
0.43713230372666795,0.5201167310464373,0.5762486297602181
0.4356550023539769,0.5290868491134721,0.5929286526946302
0.4022608690092156,0.5109121796802274,0.528848435230445
0.3960642397661326,0.4767047693573197,0.5460854359745795
0.4085649896517011,0.5008329614909758,0.5710535206568228
0.407679954856204,0.4902720769858273,0.5756940403106587
0.407036186561329,0.5053032558105129,0.5725617554749587
0.423739832142291,0.5109733919782816,0.5719893570619048
0.43775315784584296,0.5138476239133545,0.6158747770756289
0.4054607118699714,0.4692822590960132,0.5747698356169267
0.4263410864586767,0.5195093857064683,0.570894783379606
0.4237626761786191,0.5129267904983638,0.5850211097893526
0.42532790284837413,0.5321550057447131,0.5752173998447541
0.39433310653365494,0.512461828744088,0.5380365522794197
0.45674949225921196,0.5449696445110817,0.6125589598642193
0.42436348886662956,0.5205970292462387,0.5605154888004911
0.4131156958626518,0.4885209103213308,0.611272550961352
0.4133796821995144,0.5053524713387717,0.5743585082080144
0.42079154811705494,0.4921892582173806,0.6031880652101818
0.4232869571036468,0.4916529321081169,0.5827377157871471
0.42184538409306266,0.4850010282353587,0.6048903372191451
0.41377801652252216,0.5060927039953717,0.5887370211289041
0.40154892251674523,0.4696874177013839,0.5807305955645915
0.43545642306491955,0.5107841528941384,0.6064038757465291
0.4144024073144953,0.4968946491320533,0.5625603838939097
0.4305220091379727,0.5104045227641977,0.6304372812064558
0.40624596196835766,0.4963709027743144,0.5406267238418837
0.4190937400699585,0.4849706519643759,0.5979772749543164
0.4154160978365266,0.4892164380521665,0.6061416403770942
0.4141733038293193,0.497230198718303,0.5699169404889903
0.42539365377472094,0.4998751652576874,0.6125620945692615
0.42496883672940766,0.4951238219349569,0.5998027775422697
0.4238516928289697,0.5025225055179713,0.5645962881694282
0.41957209783755745,0.5025398220275998,0.5814256763413007
0.43333310307229994,0.4984056196878193,0.6165498985349821
0.4119165315269906,0.4919030701881348,0.5480579875884117
0.43646541759607815,0.5199583679000772,0.631241554043866
0.4058752025877038,0.5041368398453161,0.5365025251161216
0.41347701600801096,0.5070462957451752,0.5606925833751091
0.40690049253113403,0.4608635858036837,0.5971855027930091
0.40506831187876247,0.4944234001994867,0.5531711637003931
0.4315101236602632,0.5156631326144218,0.5954726076199575
0.41903834862829514,0.4890497181609917,0.5977115859645203
0.4046926942242067,0.5031470874639979,0.5672820543239152
0.427831367581243,0.5100402231879687,0.5751806932574215
0.4259548292056259,0.494131929277412,0.5827307268665048
0.42732401305812573,0.5131737421546512,0.5586571539412714
0.4228064080127348,0.4959701029401314,0.6205099324512721
0.42194070309355847,0.5023814159147267,0.5752726405034089
0.42976685304117523,0.5127785473021693,0.5862527125087683
0.4198952676588467,0.4796198144744639,0.5899236079324562
0.42563421356343667,0.510148713909089,0.5751546181154449
0.4421187209271605,0.5437228369625848,0.6008456901141176
0.42810191327222347,0.5109466619130248,0.5927994932328591
0.41915877486935676,0.5125336545320229,0.6123583950750907
0.4364289636299341,0.5026597547590902,0.6184217076392675
0.43670358327999453,0.5064615217941743,0.6210712458031987
0.4290529840240363,0.5110704688001532,0.5873150949512639
0.4051627883779251,0.4925887930547073,0.5491998093950671
0.4116974805726916,0.5083149098685267,0.5579645552102376
0.42330939537148654,0.513964369531503,0.5745024281691411
0.4149833872900207,0.5116453094018921,0.5579207358550411
0.42027546993575643,0.5112417899093785,0.5873467189936205
0.43314858027862546,0.5274308180742643,0.5920994125328256
0.4136951984493324,0.5072432993652712,0.5416743475950959
0.40580806468812525,0.4880026386029301,0.5695379558182233
0.4343847676748649,0.4907588773914995,0.6584951395956806
0.41933104141594313,0.4888727558106222,0.5949545697901687
0.4192032078749549,0.5205104613210986,0.5579472027119108
0.41451387385280397,0.4844452006335721,0.5739167322545415
0.41411425345311925,0.4953649491760216,0.5866452609632699
0.41475154235722966,0.5020796492762174,0.5495777389997097
0.42155770484923394,0.5003515615611919,0.5969107849994129
0.4190926708474116,0.5221575102691296,0.5624186336182236
0.420720127736752,0.50985010003335,0.562131837709212
0.4299205965042702,0.5165430188242581,0.602617162808851
0.43831674508515817,0.5304852940021574,0.5752591125627865
0.41968025602273334,0.5187802752318265,0.5358302121257781
0.41756103604765465,0.4955851738689407,0.5881012876585503
0.42082155807506366,0.5071274011082822,0.5698868820726443
0.41481462402046404,0.4933622965036394,0.5730661166644254
0.4206187486444621,0.4949040089457506,0.6116363739015789
0.40758675637097086,0.4848140721871356,0.5721578018534662
0.4200914364454158,0.500936711536706,0.5731645311839448
0.43006758074207385,0.5151019043467283,0.5922063972462789
0.4199736416432866,0.4919725120420296,0.5891134235549517
0.41268605234059863,0.4841526602077909,0.6158280814408043
0.4445139151923883,0.5206476384932793,0.5973303231672943
0.42500409504033876,0.5114904480577461,0.5691083523605553
0.41391425389623976,0.5266121684625559,0.5461605232123347
0.4249125184849252,0.5046256001072915,0.574089239425101
0.409042433277846,0.5172255042073685,0.5397090543821733
0.4385450532002406,0.5218343426344294,0.6016458445812289
0.4196789305254138,0.4899624306556058,0.6011528202473134
0.4345017859718864,0.5257318187787656,0.5741004127705529
0.4051855956496226,0.5048848576583829,0.5386091603632353
0.41917254081768135,0.5008091134578043,0.5674690002579137
0.4162656377993994,0.4795331223207187,0.6015150292904715
0.4324587520530592,0.513237809934517,0.6239653383352278
0.4101486472879209,0.4861402621026788,0.5802606208315391
0.4237403925499521,0.5173730419811096,0.5923430028145416
0.4056881279542545,0.4984298144632968,0.5405656027140043
0.40524614927423824,0.5103997006845051,0.5964522634439345
0.41173513518674065,0.4815009837654376,0.6540776840367322
0.4012035333578321,0.492818737939836,0.5604573777406839
0.4401421618472769,0.5171308406907624,0.6022645233521338
0.3982886570877593,0.49505110494351595,0.5431283546039543
0.4064361597817273,0.4694283609091824,0.5848997236091533
0.42548405480857204,0.502913896771351,0.5800384162409888
0.39108731059159374,0.4586564363168778,0.5646955560954787
0.4087679943206551,0.4851612183847553,0.6066858995880247
0.41768887845577896,0.5082003171094869,0.5635940564377071
0.41530638377920226,0.5102556559565312,0.5660875231194996
0.4162676481055002,0.5085549226790651,0.5586228535919732
0.4176819881088663,0.4776244211936891,0.5915292017987828
0.42331570688613385,0.5081807310700306,0.6045863861559401
0.426271533067249,0.4857032858427599,0.6101928171483921
0.4130594126600519,0.5235469668947449,0.558736103321063
0.40012015929363387,0.4896112118357097,0.5733704901540869
0.4060762029877491,0.4855524895038698,0.5714461364400385
0.40568554295253384,0.4843752487151866,0.575866205501703
0.4188344834623324,0.5184836952105296,0.5396015075850402
0.4112535182173339,0.5040648753429671,0.5647366221388121
0.4289500226759946,0.4983946238628272,0.5791066540448707
0.4483014569314283,0.5627050179526198,0.5775579182160264
0.41093820106070056,0.5020256533826283,0.5678315896789503
0.42464004303923586,0.5153156028906902,0.5711760853846798
0.411685085400809,0.4901503778591986,0.5774144738265199
0.4229053973266294,0.498073385327202,0.5686195079761306
0.4165927972299568,0.5141039701282074,0.5773644233429123
0.4175211101460162,0.4982797136930159,0.596049838285284
0.42905640179649546,0.4948771316465786,0.6030482399004505
0.44701646218101415,0.5193542859132944,0.6075415730853755
0.43175309252971295,0.5140907856676806,0.5989697025844877
0.41652271673763636,0.489838050646386,0.5725705351519592
0.42636888802320383,0.5163798330379727,0.5908051855255817
0.41704253882718945,0.5006070932725258,0.5840831966321589
0.42308567100694927,0.4999282773733204,0.5625833504211727
0.4337768799562744,0.5129456149446745,0.5966163760240193
0.44279050430056244,0.5181180778882145,0.5825525967292431
0.414823595496935,0.4999371159501901,0.581693419331753
0.42388718276351156,0.5137859851600218,0.5729767310515017
0.4194457970947509,0.4995456338459954,0.5844406939127886
0.43959162414507547,0.5215167806189581,0.5896735746991193
0.4023655590192493,0.48578975180925,0.5820613212444343
0.41909185303502555,0.4849063028646644,0.59397022455964
0.4360578783141444,0.4987326022150856,0.6073980431680919
0.4315435338022448,0.5139060841025183,0.5939207224716695
0.4059985805906274,0.4744474909722914,0.5789601368444867
0.42003409998041186,0.5201515136093637,0.5695545302716378
0.40464454835574054,0.495734659318691,0.5543161812657574
0.4133435757328816,0.4974609522462717,0.5562795756183843
0.42299701946278473,0.504442217033639,0.5828912239970487
0.3996891863643624,0.4936642675017397,0.5811509270922994
0.41099802912346733,0.4978670190953012,0.5794235469128194
0.4224104386724132,0.5159120698283801,0.546563673639487
0.4089032308421852,0.4980782310238353,0.5424785942131178
0.41187919184284555,0.4961796239430945,0.5469163959037012
0.42233707175931257,0.5166131188545553,0.5905211888251874
0.4201891788576812,0.4986515780021533,0.5653530027947448
0.42474219428029447,0.5176515448837903,0.5625647793019476
0.4096473137850133,0.5069889796373912,0.5796440683437735
0.40004642472872176,0.5014282009324105,0.5523465373485444
0.42217163676593267,0.508730271160108,0.6346189562433717
0.41367345572258346,0.5024699278377674,0.5827184353237688
0.4072679863363362,0.4856350577132398,0.5475509061224213
0.4167713918196781,0.528522925007302,0.5483758961001598
0.4100617210529593,0.487719238502857,0.6058940571258592
0.4173039272198754,0.5115816561904204,0.5474831742790304
0.39751552137569623,0.4985843782107095,0.5516524681197987
0.413224281855376,0.4894590454255801,0.5735524948218319
0.40285061929305216,0.4914207190515982,0.5797439299187416
0.43329292665692376,0.5029198438196478,0.5773537755246427
0.4026770970541021,0.477373424605246,0.5631485893775399
0.4328975521526233,0.5213116794777622,0.5752580959821263
0.416137356392116,0.4906155976004532,0.5582805196670759
0.4261337376502168,0.5091645167318196,0.5839135381829514
0.4085529827267631,0.4896925327895858,0.5449414828752001
0.42536498824452074,0.5025450947811929,0.6010828353755966
0.4400158491312064,0.5317745149655381,0.5752055388346006
0.4083250223527095,0.4787731369911818,0.5750909481110217
0.41980342399680093,0.4844973324281303,0.5920114070373139
0.43658874123529645,0.5228933002056059,0.5909893482069829
0.40077507119940864,0.4671683664385789,0.5820934621840774
0.4317498731161059,0.5207603088024336,0.5899690039175383
0.4159071071104234,0.5112961549475494,0.5802729893094962
0.41551653358111,0.4998348536111586,0.5672121561090292
0.4264859944648962,0.499532730805557,0.5879154376510488
0.42774007659721847,0.4963934386650394,0.6030285080450505
0.406705059651008,0.4853948754688656,0.5618578849197029
0.4037723821216696,0.4835417697129863,0.5563408064739724
0.4215863169944713,0.5046703618782094,0.5626383771783225
0.4165544404531286,0.5235128389079567,0.5332761184128547
0.42303155087529526,0.4967512213590886,0.5768874253317022
0.4470809034181096,0.5272805689254869,0.5917390838975419
0.42383181245168394,0.4916829573005532,0.5833607998210373
0.4078630708924818,0.488476814003045,0.5746748717204094
0.39776625052447545,0.486280702154251,0.5499295270533608
0.41914175999794395,0.5140315645584471,0.5403367899259235
0.42254854271282855,0.502865118493245,0.5926010533465864
0.4212694281502688,0.4808140905106398,0.5843723243256619
0.4338895197678354,0.534454783502686,0.6007635700997396
0.42394215781967487,0.5045026860922274,0.601096468236083
0.4289709664441477,0.5207129287917457,0.5552859033347771
0.41634442644163855,0.4904538688760434,0.5877271661528249
0.4269066137013801,0.5004879729835541,0.5660656530529987
0.4144972738731196,0.5069074286821807,0.5651866374774932
0.42158504204474717,0.511978673846601,0.560951056440636
0.4336620388960341,0.5122620819060965,0.5661346251936067
0.43488320851043527,0.5147518138619184,0.5897943616441946
0.4288211233435871,0.5104779145989551,0.5768501528916857
0.40629855925621816,0.4874158152729541,0.5730232770699962
0.40124844730094966,0.484112201981097,0.5848890786033248
0.4362030559176956,0.5387771083171429,0.5832653526268374
0.4107933227277944,0.5091740504204247,0.5583470182886081
0.41358848134324744,0.4893939929385076,0.5568573468448763
0.39166817176769386,0.4959309751115854,0.5190432292836694
0.40701584312002054,0.5022375076358476,0.5760817217370826
0.4146745262607574,0.4978632911025784,0.5663103125054412
0.4306440336754024,0.4981839793804554,0.6087289519381551
0.43173833066249784,0.5152937529500271,0.5825380955713145
0.4017261679197975,0.4595147108668819,0.5942810768273753
0.42563439396561814,0.5262750836233419,0.5632104890815615
0.4430070954968353,0.5376255421541951,0.5818570785144397
0.3934697562434103,0.4755556714215138,0.5436636818170928
0.4070479376702892,0.4929580533396065,0.5674503436967439
0.4069370962636997,0.488875604439205,0.5862613684952449
0.42439715128844613,0.5154461429722276,0.5778534142863233
0.4105971059262428,0.497018194851275,0.5886240890474452
0.43510544956679764,0.5272363179598245,0.5657633972986738
0.41661996625278064,0.504240877480687,0.5748718878212857
0.4122611528704536,0.4983249886131019,0.5760334490485668
0.42689842338362277,0.4957264881894876,0.5943417569947864
0.42513646885534256,0.5042478627253143,0.5992276420500356
0.4061851652801869,0.5049452957240801,0.5359638313940871
0.4151344952291934,0.5000247464315547,0.5935912998852575
0.4344601266890436,0.5240436568752627,0.5964246657521759
0.40505776766110957,0.4794995892427563,0.5707727682407517
0.42687273742196447,0.4819699787694472,0.6188252545853454
0.4208195757268058,0.5142206026165416,0.569127574423208
0.40823639554076097,0.4870522185758106,0.5844332215982763
0.43839872243905115,0.5197733521093082,0.6225923606726534
0.41280354121172946,0.5037958902013003,0.5683207372671046
0.4239876684120486,0.4912222374775584,0.5863904485124682
0.41171044442035976,0.494168346275852,0.5957236705391318
0.40449658746813655,0.4795039158171776,0.5682164049129835
0.4194481072656538,0.4878797336273175,0.6044290830541152
0.4192424440729727,0.4923903931593155,0.5757779265727997
0.4235434506810375,0.4946104990631848,0.6061106447040118
0.4193218437432559,0.5066141211131711,0.5866606757271405
0.4220761192386672,0.5302151664016599,0.563604513456201
0.4091602799192408,0.5083770003770799,0.5399928090156298
0.4025556597034459,0.4809327651779299,0.5470425426931677
0.4224228953369709,0.52819334070261,0.5833885905924981
0.426665955465802,0.5144386486704989,0.5794640490818083
0.41409816422194057,0.4844590014898599,0.5692413619415273
0.42614631246784235,0.5030655993845081,0.5720662949175543
0.4256967578289088,0.5009330342773581,0.582683282403396
0.43265094393173187,0.5296436335449903,0.5671418791987519
0.3902035339971806,0.4877644792750447,0.5470761531700234
0.41784436585632106,0.5079686281303776,0.5715100055996793
0.4165566708233972,0.4875019399395468,0.5861602001755087
0.4117413625860921,0.5124205370550421,0.5813557656537992
0.42066836586974743,0.5237158586238032,0.5501427010708413
0.43820942386498857,0.5265552701137302,0.5862678122312357
0.4355224749757252,0.5157619874958219,0.6096372368757172
0.42213930163378777,0.5334190202152151,0.5642169554828783
0.4287484919711547,0.4928907834650713,0.6266051455531717
0.4129384812167705,0.4939990405461873,0.5745939626418116
0.42247495823690256,0.5286310507656145,0.5800579464383749
0.401740442010063,0.5010610764937978,0.5639132384979321
0.4117595180778483,0.50241641843128,0.5685910065334511
0.43523664570792436,0.5345744722821518,0.5831568536342613
0.41039087740451563,0.4904533258529876,0.5521391787624684
0.40979994900109673,0.4915111455294804,0.5785424425298118
0.4091638936175658,0.4943273858267703,0.5800563669704311
0.43428892732208924,0.5030436337511238,0.6206515085138298
0.4316824525738259,0.5388564440080855,0.560240981037082
0.4096286265949833,0.4836220500642817,0.5820049590832104
0.4194459572181055,0.499170278562202,0.595310419266845
0.41379746570495285,0.5008228207418857,0.5811656399974454
0.4084465844548062,0.4921157447023773,0.5462780149136462
0.4194147202024924,0.5114801400813633,0.6001278649709798
0.42255841604109645,0.5100119815143174,0.5706040015013988
0.41037319697790986,0.4979694129707173,0.5609119293696696
0.42359698316749445,0.5326911863730146,0.5571844281366739
0.42367307254867775,0.495485573470489,0.5846611642010572
0.4260694298837672,0.5050384831157286,0.5817378005604731
0.3968189539334932,0.4806711744012465,0.5612435563430379
0.42007763736863035,0.4899522595589342,0.5910111947692257
0.434242261628079,0.4959991701132248,0.5936078201091002
0.4288726731831564,0.5070469711178083,0.5885001244196109
0.43097838240149405,0.5116277879504224,0.5728637277736078
0.43522509590583636,0.5191818817454057,0.6060764733621109
0.4084933330184208,0.4802776100240252,0.5675067690002848
0.41048126031404564,0.4924559858299747,0.584608217473536
0.4299414191292266,0.5070701089201838,0.58518033565635
0.43695961128090927,0.5144081264511428,0.6089125315628697
0.41244718108378536,0.4975775293598568,0.5600099759786804
0.42490761437869395,0.5031709301596075,0.58197282077393
0.4163424278675772,0.5193158923152048,0.5497559734070245
0.42512928662644967,0.5351688684320427,0.5600310340773332
0.40322463227598837,0.4802346822067588,0.5688104901181704
0.4195804645225861,0.5207985425149844,0.5488251230627763
0.4170671284910095,0.4978390686033585,0.5775014741249168
0.41162136686166406,0.4870859313916234,0.5739415387736042
0.4190858760397579,0.5038201978727787,0.6054939259134177
0.40816532355063295,0.4969737970958074,0.5358322414418099
0.39755288635582064,0.4766312083514949,0.5735969278751135
0.428835030494498,0.5055644968201447,0.580183501466478
0.3979214536814695,0.4926653939740103,0.5471205555835449
0.4209266672306148,0.5040707124847877,0.5849655981831193
0.42167432385543163,0.4972616280809157,0.5835127841391132
0.3821219509135139,0.4623130210530563,0.5327736273242489
0.42162850586876943,0.4917286326560478,0.5788954387423828
0.4281680619157836,0.5302114488298165,0.5874223364704714
0.3898843293396861,0.4734068868113629,0.5746547932291097
0.42090723201782554,0.4999229370013784,0.5701767025748329
0.4125632515702858,0.4926017423637593,0.5833425118108349
0.4117960080026539,0.4819381701248565,0.5840757522972105
0.4083896139352335,0.4960758005690257,0.5570065551009069
0.4014719895687545,0.4814473554965782,0.5413550718609802
0.4159081525646354,0.5040800656306963,0.63461188968902
0.41944014030565396,0.4996478983391784,0.5765505017824397
0.4152079568880714,0.4896449901000807,0.5640834135384231
0.40099644107351845,0.4708492155407227,0.5734857645065837
0.4234889641097365,0.5373677112552583,0.5492972530457292
0.43939298774774527,0.5121602799567929,0.5935487444706657
0.43462806890461897,0.5060803272668941,0.6431071577682631
0.4301547794573861,0.5143208186570324,0.5539100336026385
0.4248657322596431,0.4946878776862434,0.591299881930386
0.4171068099640454,0.5094746091238934,0.5419279933919016
0.412766407745608,0.4880608274685455,0.584732049077388
0.43718485326002665,0.5040117524862611,0.6098745059297427
0.4213809614810698,0.5024403102369567,0.5959913967541879
0.4318417813946479,0.5356883394841006,0.5979715762515306
0.4232299982020513,0.4950451183986733,0.5820527074936398
0.41316053990383045,0.5146520186338784,0.5616185020030265
0.4171418641550524,0.5106804065640024,0.5732043493539952
0.4258105219488755,0.5055505870320857,0.5865889678232596
0.43380468427416885,0.5151398033456461,0.5864934032019511
0.42312920567685963,0.5063266830057149,0.5865785267161454
0.3993913993647978,0.4821982866526782,0.5677124751438335
0.42247735894908856,0.5177648805722637,0.5626716757697647
0.4095362641444982,0.4802310337791554,0.5594316525970263
0.3847679594260643,0.4818206713921404,0.5289200154785548
0.4180764462644383,0.4985165933105484,0.6183731450004959
0.40099477200995465,0.4884485707104765,0.5763927851039179
0.4276650189493014,0.5084866173658991,0.6092231302333344
0.3971815041752054,0.5065433954632302,0.5399613428045879
0.42165573945922047,0.511538570138974,0.5623631350209309
0.40046218807664596,0.4821473743177969,0.5648740042431077
0.39591273771781405,0.502595907182391,0.5222340064444507
0.4046311161018108,0.505475295631055,0.532317966431044
0.411349752976656,0.4859005915622118,0.5667678772835564
0.3889987581253909,0.477191984614376,0.5363955508666018
0.4265716717080828,0.5057582627774295,0.573650601000808
0.4337907273463065,0.4964465643953432,0.6173408285586381
0.4200815088541664,0.5086387796789591,0.5728021780079383
0.42176229357740036,0.4977188560803061,0.5750749673628739
0.42580553312725344,0.5030692572896686,0.5821639145842525
0.4220844976131004,0.514435516733345,0.5550369848804209
0.4077232726313924,0.4827417148192704,0.5534293410512556
0.4251098473102861,0.5164094851907007,0.6072010417098742
0.4199930006014672,0.5039400149970796,0.5723850335926629
0.4238769761955068,0.5219968211529593,0.5742419187751714
0.4417025660602323,0.5240572418704995,0.631761414349857
0.4156191808824498,0.5056979227478151,0.5680126804195266
0.39800153662202703,0.4938449803247916,0.5442289694034463
0.41552016044154355,0.5022687977885546,0.599029688400452
0.42279040844976296,0.4973103080319883,0.5926538954431129
0.41068619627221536,0.5044080316252829,0.5822053256135288
0.4106358948747581,0.5043564443207771,0.554071104151901
0.4247621293148043,0.5080965247657027,0.5764743124861493
0.43081335500134416,0.5204364107987288,0.6197152571961099
0.41333421675832827,0.502109991240874,0.5887691067493246
0.4172331377611296,0.5159592111602961,0.5607809811082952
0.3928860280499542,0.5095930459522495,0.5432628875993903
0.3996804490646839,0.4966726193227111,0.5610178791042262
0.4293518927388637,0.5177833402997928,0.6227563092365349
0.3957823472698528,0.4714376851521856,0.5952893172477819
0.4010338292220287,0.5017662247085881,0.5969475510135694
0.4271676037777759,0.5379020830431158,0.5910168872582581
0.4038169765122469,0.5102207501042401,0.5764989886142808
0.40013457732669555,0.5154305680526883,0.5880472592901884
0.39397221759361456,0.4916367351493783,0.579543825340592
0.4101271540216389,0.5229765498646334,0.5686806391381178
0.3919520792554326,0.5001783683776394,0.5742889050527153
0.42684069486896276,0.5203443214209932,0.614795833108912
0.39158156747141476,0.5121611422667517,0.6181082409681689
0.407581744588433,0.5176690263146471,0.5991195793397239
0.38016233937092325,0.5306519898081635,0.5767066260115223
0.39115854930526395,0.5148485948647394,0.5842839117258268
0.4037803356051701,0.5449980909644895,0.6195307998533683
0.38048448501745313,0.513951267093955,0.5634259418144169
0.4071143865332944,0.5270126592186738,0.621749801964814
0.376387204720815,0.5090926532539858,0.6026260403289582
0.3866371691553853,0.5387122071100452,0.5732925473736445
0.38689006779951796,0.5545108643595517,0.6251700002234913
0.39109337571973407,0.5347139619393426,0.6052690272957283
0.3964253046982483,0.5296243787393836,0.6208140348112039
0.3731591608697265,0.5322543998648713,0.5489468541592573
0.3848241551567479,0.5280159186439553,0.6071741039230739
0.39144891157489836,0.5479055640715033,0.5671402780777646
0.3776295718804711,0.5367086305625671,0.6191328646770942
0.38438890188866653,0.5403658881055662,0.569707149275093
0.37769367071074245,0.5413181349159211,0.6250739680386264
0.3708349705283971,0.5372880384493481,0.5638620599665843
0.3891591893736489,0.5721533722425282,0.5596011040185332
0.3880566508280705,0.5240275233177564,0.5869036879140329
0.3889194536886298,0.5426028746930978,0.6036218612482196
0.3671589579907108,0.5096810184852806,0.567508723436695
0.39003184074565694,0.5580221405215373,0.6094326118226501
0.3872881977597051,0.5455279771095559,0.6224526769412959
0.3653081766032795,0.5308267140291063,0.586675117882068
0.384162501248934,0.5173991926545327,0.6117849270980085
0.3658552412933107,0.5278745402077692,0.5836088706305257
0.3732105476622822,0.5301571826170244,0.5853537747013872
0.36680663589560664,0.5413946414785179,0.6023789642148378
0.3723476869048348,0.5285614938373535,0.5462781279294615
0.3608629070299857,0.5304875062205088,0.5511810111033892
0.38592116712538366,0.5453610555707045,0.5958877074385253
0.3966552186512523,0.5712338916789579,0.5786064301364483
0.3739939199221278,0.5576352392356418,0.5783841520065398
0.4024383904478067,0.5729278861089345,0.6452157945635161
0.34975084484067864,0.521992742055805,0.5611149179764019
0.39183319304988046,0.5504564786114104,0.5932294770960074
0.390695836451457,0.5555744577694578,0.6176733785587186
0.37391905156244176,0.5395446561309071,0.5864211235523462
0.37516849587076223,0.5552233243014157,0.5789574689163728
0.38164462076929895,0.5606708595878195,0.5894865540257149
0.37446061807087166,0.5453786681729773,0.5712837467844821
0.3626995144096324,0.5542514503888563,0.5690247778058216
0.37635360934731743,0.5715057960004972,0.5635951814189872
0.3795200873180832,0.551387296346205,0.579666049711241
0.3655448550204834,0.5534912177987631,0.5755366972714695
0.3775948248032136,0.5646215315492781,0.5857070308623283
0.3807502324848598,0.5909291444176522,0.5626984370702081
0.36477016979216115,0.5523253882659822,0.5802011942529642
0.38478631783873624,0.5866408203324509,0.6048465900708664
0.39612287618792985,0.6026616851517109,0.6103900408969312
0.36777280830867726,0.5689708956525583,0.5965042341116579
0.39612658177656895,0.6193046172374147,0.6179221243026461
0.37513698438099913,0.5735854367233086,0.6038284268820721
0.3748846874930593,0.5732968488918327,0.6255496826652964
0.3716161993676441,0.5676001550286326,0.5737646211381705
0.366948392275131,0.5933391394609798,0.5699457542381418
0.3824898949580083,0.6041614351415564,0.6015393970484729
0.37886113748252,0.6037669200905428,0.5863457004427084
0.3801134237716227,0.5959515927638112,0.5882856578721707
0.38158070754305456,0.5798349088637832,0.6130993713231296
0.3652022670476572,0.6015906548155234,0.5606008772315019
0.3635249968811209,0.5788882323672894,0.5868273443437906
0.37144664281283646,0.6162213361634019,0.5653356872813893
0.3913806775261088,0.6050555036878467,0.6351511894824541
0.3644156024011872,0.5878813904464895,0.6046287911580154
0.35711388078650225,0.5775957106418781,0.615905977362697
0.352765137929029,0.6294968843387764,0.605355004159536
0.3827226014921071,0.6195099868101326,0.5913062044144032
0.3645323765495006,0.6138720733331745,0.5997937628699589
0.38457344764263424,0.67028705282856,0.6031773550118387
0.3781210316915795,0.6474771640559134,0.6107423337910375
0.3693684857646111,0.6455984786881074,0.5919636043297539
0.3848586810590693,0.6297475985708505,0.6895585221513546
0.3754466105963739,0.6251586667679906,0.6094655839153759
0.3648059323561338,0.6313906042607854,0.5851851901107643
0.3763658493409583,0.6394091750713864,0.5821285066230376
0.3714946402808249,0.6617708946047471,0.562644809111595
0.37375624360631593,0.6332469618216805,0.603977296974263
0.383869080108645,0.6485488360478516,0.5993034243671247
0.3617160538367844,0.7025941592369901,0.6081057138760259
0.3724887745181023,0.666098752082705,0.6045871876538462
0.3824023923436788,0.6633562380071634,0.6291329292532105
0.35892465900472253,0.6600668945440283,0.6049969204798562
0.348214345200517,0.6551583273586742,0.5648321902258447
0.3690126840749204,0.6604779903408103,0.582062697495851
0.35404872911713114,0.6522014009656592,0.5892269231319255
0.3684242290169689,0.6695493696953068,0.5873243603894172
0.3548506670373368,0.6788248424440725,0.5548555122477143
0.3477485773436825,0.6871045797981327,0.5643586408574383
0.344954192674586,0.6907951275887612,0.5746305320742284
0.36590931832480567,0.7012062289318456,0.6000366582303619
0.3588176229073927,0.6880975092055621,0.5819373205784424
0.34218199392280235,0.6840258405934148,0.5830413610679598
0.3316536402236491,0.7165265421167522,0.5552666187434652
0.3165449171062341,0.6988941912409878,0.6239733786782942
0.3455317565294309,0.7127452399760168,0.5841658562679971
0.3310382027350045,0.6711838042911472,0.6073128779661693
0.33278374942700806,0.7210396559656944,0.6042879751662562
0.32845555699295415,0.7148673771516093,0.5919062680355046
0.33309282713769855,0.7008991011169471,0.5538400837264686
0.34766618921525366,0.7380251958900216,0.6312173662610849
0.3161002517183502,0.7564557085655843,0.5566383323970865
0.31741974693353847,0.7399682416866834,0.5678922819713054
0.33228157505751454,0.746736596157747,0.605238336460946
0.3256383902861675,0.7137842465466792,0.5667125813617401
0.32516105688429775,0.7632649859405141,0.6568732895897259
0.32944584687214695,0.7162379281524488,0.5933090542345459
0.32432660969687177,0.7629771621219652,0.6404035246042552
0.3336242666591824,0.7701100601358054,0.5869355610527858
0.32752196143392953,0.8230867430404714,0.5664283861457663
0.33142631539845707,0.8390655403486929,0.5742065558181961
0.32361516016037123,0.8307952854167753,0.6030727161019377
0.3289858052178892,0.8724320243235744,0.6279707866405952
0.3151972588004779,0.8679979092150921,0.5811661182848767
0.33250697747473223,0.8961876948360706,0.6323886972061014
0.3506352301560963,0.8803108318173171,0.670115173436434
0.3424404434403222,0.9104685741693548,0.6444423543220862
0.3478221352742925,0.8612734574511492,0.7183340376912366
0.3533633047454325,0.9280726831557692,0.6692638584461086
0.3414261157708627,0.8850718320947926,0.738351913570787
0.3582510173819874,0.9000181783169061,0.6403635016513012
0.3658531102034609,0.9118090087225066,0.6890172216333584
0.3556305381165925,0.9038671185028168,0.6872495630393187
0.3809793206775541,0.8861255505688423,0.7086803636820609
0.3749950429263912,0.9258453153915212,0.728682815981476
0.37188889547675513,0.9010404061702232,0.6996116298544289
0.37016167590237326,0.9048969078245771,0.6828964527670309
0.4112804517335826,0.9425748329892482,0.7640288605078871
0.3889591624249373,0.9529168699239507,0.7089618655480251
0.3850636384985414,0.9129677522832428,0.699694495106898
0.40682207728303327,0.9506214222668236,0.6873926783053195
0.4170849684459206,0.9690295208931016,0.7008978826808687
0.36880945394663683,0.9300834701014006,0.7001864248913898
0.37937941304038875,0.9399953695136364,0.7408177697770582
0.40813699264524805,0.9958675015759868,0.6898176169642126
0.3826531005614846,0.9774748370447042,0.7174303936627786
0.45529166875095584,0.9878659782895084,0.7309387104598112
0.7006342522833882,1.0604531171584852,0.9126011584424948
0.5665850194127882,1.0839147825402833,0.7312804553506651
0.9124727596707376,1.2098315253819174,1.0091017090633854
1.2310313311597725,1.2964743029800447,1.3021747330726547
1.2394816623715714,1.3897107013815515,1.2831629615040807
1.2094115718861305,1.2465463059108808,1.3091503200834742
1.2329302721337172,1.3283045533418978,1.2951007628412228
1.1944169435510585,1.2834521579025917,1.267670969907123
1.1900985410763343,1.220881600149809,1.3031177587442366
1.215804273455161,1.3328228588144413,1.2870750618515217
1.25122715747854,1.295993248242484,1.3716678797116382
1.1591094672346196,1.230660631670384,1.2426152711857514
1.1998726297715288,1.2313970324977097,1.3023002833362014
1.223676478251679,1.2799228221959398,1.3029967127368132
1.217166752198892,1.3098939445829074,1.2984935771119512
1.1897217552637744,1.2660185097747871,1.2774142348969368
1.20495337384597,1.2617526364188212,1.2905432128095204
1.2268549182826174,1.3019572589848452,1.2985732299426325
1.1679491910144875,1.2164841288023118,1.295467789985408
1.1879658398135877,1.2213085851758951,1.2947020325488738
1.1766637714711288,1.2336145321940828,1.2656729105687219
1.1986473520506822,1.2412589029695298,1.2951154640452076
1.1996608768248358,1.2281073747412434,1.3098049080397385
1.2068347576718355,1.3032786351919927,1.277902575046375
1.1725473326299403,1.2173807876133336,1.2684464396569652
1.2205780185473962,1.280299276744019,1.3071156047167318
1.1759366898290882,1.2250132403311154,1.2660337501543184
1.1853442350243233,1.2346415255105976,1.293690371942836
1.2087738825254288,1.3011705485131912,1.2740283971249673
1.20715818407404,1.2435498725687022,1.3244624261059348
1.185350356636436,1.2379272917647872,1.2962836484885951
1.1845077602249727,1.2278580520194189,1.2733345965994305
1.197203940284733,1.2576878683583743,1.3049203590919414
1.2160687599843112,1.2736862756780185,1.324756681934237
1.2279685358073327,1.266130641377725,1.328297628877226
1.192856014882419,1.2331572573244491,1.2906346746357524
1.1981034194357636,1.2357417456441189,1.2766717132877476
1.2425829340920038,1.2823705936853715,1.3644171564077563
1.227556879822701,1.3056677106286865,1.292878708938911
1.229045114864653,1.3255115207356585,1.3005041722286723
1.1862004838071665,1.2315851667186852,1.2797935722384686
1.2147371925019146,1.2739794418771853,1.3029580004957844
1.2119192615084111,1.3046880429892824,1.2898094695394802
1.264776633354117,1.3599207550469958,1.3118637422436223
1.1976993918490992,1.2399141830935512,1.3098015270396837
1.2293547639430094,1.3122194716773803,1.2851567975531593
1.1894223142029083,1.2225428054804983,1.2882021056779125
1.263125030542482,1.3006115649542804,1.3504354822887599
1.2561861029140962,1.3507475727333982,1.3160658599212731
1.2308779238000052,1.2874038113280313,1.3029650710709757
1.222056515188188,1.285724597973786,1.287142480523063
1.2182341269448813,1.295420146332626,1.2849094684137616
1.2251573402198768,1.2526900529688674,1.3193765933843011
1.2542507687337392,1.3001970394981148,1.340180528082893
1.2429648805192521,1.29322142626015,1.3114970568482287
1.2120495928681136,1.2274203580501206,1.3061413010562972
1.1840744107182273,1.2727665073092609,1.2670669069942186
1.2169674988373314,1.2781912038575265,1.2901311724318365
1.2089299484024965,1.246830355808334,1.305297217343056
1.1929720609119583,1.250121931196308,1.2845220492707647
1.2157342741016968,1.262513956423944,1.308223331687297
1.1940565805212346,1.2195865092315905,1.2978442986182868
1.1717018086453286,1.2572302223866911,1.24926468096552
1.169970595751669,1.2002706874143714,1.2740158500403358
1.1607618510829552,1.2017796572067885,1.2553424314615256
1.1925633290472017,1.2442994111915415,1.2869007301740245
1.1542509663974354,1.1930108131126538,1.2640256302829334
1.166446107263135,1.216808913943675,1.2459846176142642
1.1740380414231963,1.2501041989223107,1.2493087959391624
1.138997361504161,1.1573541513626824,1.2613883986267371
1.1404270888629247,1.2248555322212358,1.1973982980718962
1.1544357897876136,1.2090117812181451,1.2567986501191235
1.1419808579832507,1.1868853763291631,1.2277995436993598
1.158895259470747,1.2245494525247391,1.2309532799413638
1.1531472222259982,1.22497905380917,1.2237486142194245
1.1558197058188315,1.1941207263524438,1.2408840791191522
1.1592322460540379,1.2175053720565243,1.2365611660934874
1.1750252130502665,1.2742331709328634,1.2250062084790838
1.1901842241471463,1.3174460824437313,1.2543256236399756
1.16101437769805,1.2154630345484887,1.2637839591501474
1.1453743077281098,1.1997964560273064,1.2147880941770706
1.1426780541053194,1.19515460368689,1.2258248921652737
1.1914245882642631,1.2434642888007603,1.2787166989169487
1.135077199606173,1.2582992423485502,1.191109054260688
1.1461761290782493,1.2371361912182666,1.2144671074933664
1.14213518691234,1.221488696547704,1.206372526266738
1.127573582257194,1.1751833727989152,1.2066185646113403
1.1171294260472802,1.1855317045814346,1.219955432138074
1.1021569215172484,1.1977262247086318,1.1615250960391612
1.0860651385469384,1.13627171826852,1.1796864092155972
1.11301039532623,1.1741443745319269,1.1964927728294206
1.0818444293263254,1.175159610123919,1.1994164080623029
1.0634316961210215,1.1280401373640672,1.1628954141425825
1.0976152208701648,1.1426918385957752,1.1822004897115987
1.0949854727867783,1.1957082616933423,1.161363924529238
1.0867701282571818,1.1137740183278606,1.1940447168741413
1.102581032936551,1.1653159670501925,1.1864511314534103
1.0752460415294036,1.1064454843766107,1.2155437958645223
1.0787546231238963,1.133028488621746,1.1860815563450646
1.0799603449889092,1.1367930406909794,1.169706792505318
1.0630180577260948,1.1231600881635948,1.1435610531155136
1.0648362031152536,1.1032112413602413,1.1811359629916751
1.0627718722965263,1.1316844457802555,1.1643993642639214
1.0614476904934476,1.1182895416089629,1.1381057957289922
1.0541410989681008,1.1393104294491698,1.1437547380703743
1.074868543992239,1.171258474659624,1.185473609220975
1.0531209355845235,1.09755598248741,1.1565069640070178
1.0962108700206565,1.1793267335568454,1.1877913977965515
1.0726147146842482,1.1243865162241855,1.1454138251559578
1.0594359664737079,1.100658408413751,1.1477681896437573
1.0852034423114758,1.1456708290477065,1.1659398246823167
1.096229615558995,1.1796909790179,1.1575969968224016
1.0872652934279392,1.13153419256355,1.176379854941538
1.0769614091296504,1.1538572600337198,1.1496222101949871
1.0831788026270377,1.1377875347300592,1.172326555709972
1.0847210036449149,1.137592938366115,1.1923324188386435
1.0980486905154465,1.158900347520364,1.1830994063940707
1.0745809566837154,1.1179186581067728,1.1750615429647209
1.1114223780657257,1.203307789577178,1.1678668310845115
1.0749179437961,1.1144902229028315,1.1576748577495375
1.08299972152024,1.152061861794388,1.185151175450741
1.0840772374938152,1.1566384353527766,1.1650728020840324
1.1006494171591945,1.1651348583199337,1.1873946688680879
1.0840473716858938,1.1345310162289155,1.1714569332255058
1.097918886257355,1.150857930197904,1.1789696858877996
1.0854519687144344,1.1275259947678602,1.1827568691047037
1.0968399169691023,1.1267030993881808,1.1999197856225945
1.0863442584820309,1.1068784927599298,1.2176297981364228
1.0750480316509456,1.1131884114707444,1.1737284703838942
1.0690647527067496,1.1154812564942935,1.1778504048901473
1.0771162890390855,1.1199582070806675,1.1652872993805479
1.0819836683685606,1.1271987878598868,1.1746887196530889
1.0888444771364438,1.1845355973499598,1.1642124067396296
1.100682346470282,1.1523511543754226,1.1867481628543533
1.0507896542621273,1.144407566494568,1.130974815934393
1.0866649411128728,1.1525055881219588,1.1735275654402018
1.0725388549261115,1.141783474137888,1.1585570083722638
1.0572185728108439,1.0908413004976625,1.1493821729120968
1.071103549506913,1.109428717361575,1.1721158826092872
1.0710396979521348,1.1556148084181153,1.16887946932376
1.0527150389017343,1.1139737546933193,1.1386446866335065
1.043644040862275,1.0930903401481191,1.1433348582176923
1.0411070023182178,1.097690641877843,1.1390898344916092
1.0101723141012189,1.0823465089498596,1.1242057919750101
0.9967715277340977,1.0333658667172632,1.1036953438989123
1.0245036005693586,1.0801504566730011,1.1203712110756088
0.9849724467692792,1.0393823736108585,1.0848776796412316
1.010183021074426,1.0977732745683475,1.1006601409451493
1.0041597806716307,1.0342714189912745,1.13156623648428
1.0033066921749871,1.0653871595071784,1.1305446058934816
1.0120057062599197,1.074611490763495,1.1031815058684125
0.9977543285850728,1.0740736250650569,1.0920262544858463
0.9922952312690246,1.0601828977586143,1.0919207687225423
1.0205531625009636,1.0644735637374136,1.123770150130463
0.9828714412260766,1.0244171977165517,1.0816654034682711
1.0035323160766003,1.0706537524123811,1.1191355818018511
1.0042959989231885,1.0690054080827602,1.1105025063910474
0.9926585797061486,1.0517635438256074,1.0906524430874347
0.9753616350125393,1.0082351943614372,1.094277395578243
0.9804153184558382,1.0473713590098237,1.0639932650553012
0.9599349979867375,1.0146530657320647,1.057475577348878
0.9869746629505761,1.0320093532429688,1.092498002204757
0.9948430276535953,1.0667813461393183,1.0957746470693843
0.9609055006891858,1.0187081341136386,1.0774115084017195
0.980349533501903,1.0345499030814609,1.0972704809659908
0.9700745521765132,1.0186557164504817,1.0954646481572077
0.9730397123742422,1.0207149437563827,1.0753900413406323
0.9674433140875094,1.0167150672285026,1.0956339659404892
0.9504712030578326,1.0038789609135732,1.0843966360195747
0.9421781728803557,0.9823381944338644,1.0702232394105713
0.9390242835789121,0.9828963861265264,1.0646220927607193
0.9413345617445827,0.9989323047564248,1.0624566325861833
0.9528923930643409,1.0459869387096434,1.0517838740996277
0.9441254506372334,1.0005986622941279,1.066677356273427
0.9339008481628513,0.9845398715116204,1.0571221075944266
0.941534064079238,0.9888050098797252,1.0434849495316507
0.9330238120154388,0.9970036533728692,1.0535248235073538
0.9426758278260937,1.006212902460637,1.0463344504776038
0.9523049538169965,1.013031600803548,1.0597644891502795
0.9584048399780072,1.020423265191456,1.0469982562206273
0.9435121654566919,1.0196865884433697,1.0443403456717677
0.9598731997790247,1.02570268986966,1.0719222978107517
0.9405939285210778,1.0198111824821638,1.0346675687379154
0.9529936941057647,1.0123047211471865,1.0627327832694209
0.9520304453195952,0.9825866558819364,1.0803765772004186
0.9526630159933481,0.9890835662268892,1.048525934268281
0.955611959915358,1.0090487869630795,1.0614573403552359
0.9414110251896588,1.02556909611932,1.0287016584816826
0.9322501029818896,1.0022438217545706,1.0478670920180777
0.9284918070892083,0.9758060139462728,1.0411484504095658
0.9307924880875167,1.019276516344152,1.0344074151921487
0.9361787390467982,1.0447412556643323,1.0525339197139432
0.9294818872652922,0.9711068661705664,1.0431930621637941
0.9207698376645485,0.9785785258704248,1.0355847785617065
0.9147882957927453,0.9843001221868488,1.0259298359745264
0.9240693543305213,0.9902097267351776,1.01525116702786
0.9170288465001226,0.9965956903250586,1.0253026738801163
0.9208334422405927,0.9912755823101256,1.0563047801276475
0.9143882546963172,0.993677133250546,1.023753093220279
0.9195193512374036,0.9682419911133155,1.035966693249044
0.9214086931265121,0.9886135580244596,1.0219960715408671
0.9235736078455923,0.9765131210610966,1.0275832427965974
0.9334150820735033,1.0008310643469245,1.0530940399674542
0.9369481193237675,0.9919732222490214,1.0556271516140183
0.9234339758534602,0.9677868162463324,1.0276553211781168
0.92268569072981,0.9978838120532512,1.0322141139022245
0.9341646455041506,0.9899527428340459,1.0364893310152743
0.9285301773902793,1.006590608379236,1.0350054683106595
0.9374254037768117,0.9726821209526862,1.0367208051590378
0.9422359644552077,0.9986042780872856,1.0438158288750243
0.9320650210569505,0.9973108042732446,1.0512778052983305
0.9374212294554812,1.0004855670531971,1.0499349967198786
0.9257319661797905,0.9646351777044454,1.0411224462075106
0.9315485760946918,1.0005091731206774,1.0305595374179148
0.9226610776679836,0.9573283055548416,1.0647228858784927
0.924744598429105,0.9760463026707452,1.0334736555502757
0.9402441097981965,1.0014940079784704,1.0498386350239697
0.9325034552548024,0.987388438841498,1.0510257429960368
0.920608632150405,0.9616773052647992,1.0306380451781414
0.9267573390226377,0.9859082538324442,1.0394047552223364
0.9280534700581251,0.9940016104210634,1.0597737788801729
0.926809611282628,0.9737413235117924,1.0441478644526336
0.9382775807860164,0.9998909983012022,1.0404069222171406
0.9387944494465197,0.9990043045824522,1.0496413470034214
0.9328035317004474,1.0295494258868196,1.0445615279011782
0.9274226635276716,0.9801357452786064,1.0473557405217755
0.9280715609690644,1.0073312472632436,1.039352514978367
0.9235213590812951,0.9764200748667204,1.0425830767559303
0.924430278575718,1.00497406255688,1.0401564965359338
0.9097189925505448,0.9485957583699534,1.0145230519518598
0.9265179345961039,1.013948629151881,1.0265647706302097
0.9247160751231155,0.9844544495732416,1.0478699921534538
0.916055392798385,0.9987676823981384,1.0450362495859429
0.9018431414665591,0.9367019987232535,1.0231108681168075
0.9045191624638943,0.9467160091653138,1.0320192862801187
0.9046397604656211,0.9982182054974658,1.0177802864954333
0.9155661672999784,0.9913100243106076,1.0280435984547869
0.9057442415103014,0.9554093188241594,1.040241952955158
0.8986741458931005,0.9705012072423002,1.013173916228991
0.9009105780991158,0.9529480720876502,1.0282470742821632
0.8895754070076104,0.9498171013513396,1.0124015753301596
0.8861143048460366,0.9580632795257408,1.0015463842097896
0.8824160623252815,0.9136626656546016,0.9977224334011999
0.8803261379527527,0.9368197243080107,1.0012562657396682
0.8556345818083743,0.8976315427345053,0.9656780622710948
0.8400026035471941,0.882663048871682,0.9681664654015408
0.8324097187563632,0.8820040067688382,0.9630728054762244
0.8275341539470861,0.8748271281813704,0.9684644095021824
0.8205960343055213,0.8797160104509311,0.9554020235158162
0.8157999038555264,0.8674263716710772,0.9655950652350797
0.8132571334996648,0.9215338581799682,0.92122450771069
0.8174818714571545,0.8673461176965289,0.9388649509235336
0.8157572112799073,0.8752489790066948,0.9441108755739656
0.8118107334563978,0.8854441698479348,0.940184354306134
0.8214692236976758,0.8688997538502599,0.9484491836940464
0.811205770608863,0.8935797300730556,0.9494839706814228
0.8157613211518319,0.8547263176549373,0.9455836670659542
0.8110610040673436,0.8904283729105003,0.9303076494757748
0.8155160370769973,0.8691110571615946,0.9332399253487534
0.8099591726757239,0.8539287434909021,0.9484142656418508
0.8196309587727214,0.8820778730217669,0.9479672510885476
0.8073530205316828,0.8727296340867587,0.9160787589536636
0.8132326188586404,0.8799235560726043,0.93849994358476
0.8161821174350145,0.8655173319415793,0.9534710816909304
0.8188065291815059,0.8748140431118694,0.9482992461266794
0.8142021195313623,0.8794221040091016,0.9544180376479284
0.8144245416921703,0.8867136597566158,0.9301294289758152
0.8162086024667574,0.8763751317130318,0.9331614312847539
0.8151367824793075,0.8619525660615001,0.9314250614395048
0.8208227817335632,0.8990168842161081,0.921216106797016
0.8197051068468525,0.8620669054480555,0.9220639943097376
0.821027866422706,0.8883420142020516,0.931360001433742
0.821483364223291,0.8750233745237196,0.9284100737574364
0.8215403914860039,0.8985342235456629,0.9337097826699812
0.8160287400849165,0.891182089673364,0.9335241886935968
0.8132286862440332,0.8816923464209516,0.9186805968486976
0.800996364512178,0.8482264936385406,0.9284832981478008
0.7980752920173628,0.8573267644463425,0.9125887647416152
0.7875903391253076,0.8467040446439594,0.9096357474243509
0.7903944986702957,0.8698753332069172,0.9166985326401216
0.7873726072086634,0.8498233775415557,0.9118194918108152
0.7831649243059737,0.852261528471774,0.9255026536677196
0.785451913432963,0.8628586551333968,0.90440971426871
0.782078205473713,0.8969236070475385,0.9124139218967342
0.7873235999496353,0.8464248035403908,0.9114304497967216
