window_size_1_MASE,Plain_wAll,Exp_wAll
0.20866286840717507,0.27040924430040475,0.4323173311112857
0.21069400144865802,0.2913964603672175,0.4350164935737056
0.20804095192312225,0.2758463622027686,0.40594346785670304
0.21034201642870953,0.2795339027856497,0.4379087150319173
0.20603526311842124,0.28001441374968955,0.4581425832737827
0.20418134630609056,0.28621170707214216,0.444015245596456
0.2077132125663671,0.2756709851785163,0.4711074082300801
0.21370988433584967,0.2972063260005388,0.43989130972437857
0.2133315201359897,0.2754862571794423,0.4852109589848376
0.20807532105205973,0.27176556431122256,0.44017600576538
0.2044695977105959,0.2738509943503193,0.4271459199492358
0.2043799238852419,0.301476930630645,0.3972015508328879
0.20195612857082526,0.287731217788796,0.4280375851901419
0.20804367646721503,0.2839691079579583,0.4417597350550153
0.20974388537742633,0.26426384726884083,0.4415635349708376
0.20910313947410578,0.2771081719611909,0.42466073333814497
0.20417205652062165,0.3036835417932125,0.45376574877016296
0.2070593933126562,0.2820331644777031,0.4661146377839278
0.20804572567951063,0.33045815999724937,0.4199463790676387
0.21825121484876223,0.312770857802053,0.469047878918197
0.20866911270898034,0.3144782859668669,0.381352267784785
0.21409209784353395,0.28232700230806185,0.4527791810109318
0.22067621196605167,0.3427894188380436,0.4610232819417485
0.22029796884789668,0.3037442385040624,0.4298121808556079
0.2171081300802319,0.3069271425706463,0.45992361084587396
0.22583817865275727,0.3166320962465501,0.4546143599337873
0.21933537022776137,0.29542014756675355,0.4985540845336725
0.21485905776992617,0.2860329805069277,0.4085796938893125
0.21477727655781392,0.3073587099339091,0.4334323087726936
0.21164798203671517,0.2693565398113782,0.4342962162227073
0.21291066634683056,0.30380478849973663,0.4305136165955645
0.21409954824442878,0.3123964370656174,0.42356214142487614
0.21485260872095624,0.29496765822765225,0.4264728897021744
0.21232175609762144,0.2927816358912299,0.3874693693541799
0.21647162819442797,0.2997740559501155,0.4651126931029619
0.2088377143494421,0.3207665481009461,0.40988249556857975
0.21697735879518906,0.2908717039198148,0.4211467527468621
0.22020700004166457,0.2930937555088217,0.4650985776108534
0.22308828065756423,0.3195852458054882,0.4510244882649628
0.2179411764189669,0.3017416801937749,0.4484939464173697
0.21935932663575108,0.34327366338049464,0.4430476179211228
0.21842973679220037,0.2880771634430705,0.4516456649572973
0.21384607754856583,0.28249288124780103,0.4347115884869794
0.2132517633653812,0.3031904256469488,0.4212658237555839
0.21656904657384757,0.30619159837023224,0.4002154954009904
0.2098579031793147,0.3091764730460332,0.4337014507583569
0.21705833635474592,0.3197663760916709,0.4367333204559025
0.2117844184402331,0.3106337112895694,0.42841826204067207
0.2172799334325296,0.2989521679268265,0.4418554474378973
0.22321524380121993,0.3137352599634425,0.4529186644137321
0.22293739062621765,0.32143446807622184,0.4667907008635673
0.22215106074986884,0.321760966025682,0.4389449140027744
0.2206961306718076,0.321316590968743,0.4427942276609734
0.2228632193796333,0.316396724255736,0.4353857568996419
0.2198198611958022,0.3097567800212765,0.4062064021163546
0.2175415106037819,0.3307706300884326,0.4435094798974217
0.21649515160810762,0.3868307168180706,0.3998526766103005
0.21650080332489086,0.2982579023968108,0.4461357615756997
0.21528150547563216,0.32318889209630425,0.4379841782673804
0.22526977750091773,0.3175727522846608,0.4472842758057603
0.22119452691551897,0.31904325407730105,0.4771541415822746
0.21459366886085376,0.3076178153932308,0.4136337207331575
0.2063118089714809,0.3176638639598461,0.4451857494551819
0.21660075046110513,0.3488823542675757,0.4272621587576528
0.21938574344207926,0.3084690428555543,0.4376528228545803
0.21351549656866348,0.3419018378704844,0.4249247314275402
0.22307783762730807,0.3141187677183685,0.44549754411441467
0.22305353364203342,0.2959106150853587,0.4556735113406804
0.21416284402211985,0.3183146041467457,0.4255654899056357
0.22112970581574432,0.3063369327199018,0.44778709241293796
0.22267822763401882,0.34386365515537665,0.4296720930989221
0.22262364731644163,0.3194933629787641,0.41354040014478977
0.2192786526871516,0.29994319304803296,0.44536722851516536
0.22552045608834817,0.3213827814228287,0.4358424426572687
0.2282367005924264,0.3292107946575555,0.4738827649467121
0.22026130889516873,0.31609159571660184,0.4342898441285677
0.20927088621793943,0.3953545645852571,0.3808841950167951
0.22544935756015788,0.30593654020254546,0.4604067259162438
0.2113145304131659,0.30019491206250665,0.4221234714368503
0.22102677804640308,0.3156802492900596,0.4508627168437888
0.22390195829854156,0.3809559584282705,0.4297129130160647
0.2230640069663884,0.3181508066905829,0.4363180858947435
0.22300980516708502,0.3032031538735958,0.43069402414058905
0.21536625140117485,0.3192271572991977,0.4208745737868051
0.22079428005371235,0.3138739208146677,0.4737395168133798
0.22228632352530794,0.3377086646853011,0.40148305317366817
0.21882521090132268,0.3431452957911877,0.4288759591872849
0.21793130783270495,0.31055096377833324,0.4399201353645572
0.22785162146457985,0.3191723946501166,0.4550773012128845
0.22526822360006335,0.31286145239757635,0.4581600634482091
0.23250034667245564,0.37284996297691736,0.4452193734606576
0.22097264737621877,0.3215589288389517,0.4284122231240937
0.22394695140198526,0.31352206122279475,0.4071467059021928
0.22777478195828582,0.341944344933426,0.4600175619412691
0.22812341256742408,0.31080610092282496,0.4532981365014813
0.21912260294923264,0.3106741302371738,0.3892939471252623
0.21542826874983512,0.29546538405347084,0.4379628952885168
0.2217015548124581,0.314408068031878,0.3994976030102708
0.22061194003007548,0.3195950347432115,0.40717374504170784
0.2220401696527906,0.3230314535068892,0.3839301123042035
0.22434509478625414,0.3461422284047549,0.4152839038719479
0.21722396174434558,0.31021921010848946,0.3856657093273688
0.23481243467196478,0.3377740418003575,0.4653374640330538
0.2188209147794011,0.34431213390726434,0.3984895418432049
0.22372199310858895,0.3155811564790259,0.4102938629243724
0.2318999964524263,0.3528373964005638,0.4563978473190054
0.2305410277908257,0.3372943034590239,0.4443830882018467
0.2206870687333884,0.3488477892351965,0.3951062867288211
0.22570415089130522,0.32853580111575875,0.41621401110112827
0.22475811510295984,0.33130872092301866,0.4333489580220597
0.2323469268173318,0.3356038158698818,0.4603554679744616
0.22184995777071387,0.2903029046509938,0.4508570301747217
0.22439837491060377,0.3657292612192112,0.4562351488917952
0.22738864270027576,0.34322004263424616,0.4402281983556661
0.22403025683636585,0.3378632537313947,0.4308592648440723
0.22725778250747738,0.3683660129683048,0.4106243812248263
0.22378534073661252,0.3024605851379953,0.4451285500527492
0.22969765062271422,0.32561857756142226,0.4659711865039857
0.22310580830756152,0.3445156507798716,0.4175247737358937
0.21951466356547233,0.3288759149116144,0.4309232302955936
0.2356286972898947,0.3443082212477904,0.4450035740681265
0.23231266206328166,0.345789055201435,0.4390346206701883
0.23466201588161575,0.34451207179637,0.4736068403345062
0.22274929013698475,0.3646784227959806,0.3992460791575829
0.24532255294072036,0.3190188146370732,0.4941191202445603
0.23512465591677092,0.4018731888200622,0.4443301462188917
0.22175683469337726,0.3470110018626184,0.3818074197333942
0.22987019472325693,0.3341072965914523,0.4393746858020161
0.2356688335960278,0.3797111782115956,0.4377638186154904
0.22018650625589245,0.32163992128158697,0.4089541260826443
0.23133227780974308,0.3164939303278869,0.442964610895068
0.22543021647285588,0.3391287800064831,0.4320921355924388
0.2216166578796498,0.3341475767786313,0.3765444434211586
0.2356128297081203,0.35323045371492,0.4411514022827723
0.22829338209481204,0.4242067063323784,0.4228602265378779
0.23314094623430204,0.33573070975836444,0.4332580034374612
0.2371330821180385,0.3872835363276744,0.4372416395710916
0.2403559350706718,0.36825192356157305,0.4705738204065663
0.23486637617655062,0.3572841340566397,0.4473273319531139
0.24414917853468332,0.40531929364930586,0.4333927798742113
0.23846861147868437,0.3700993934946601,0.4222291070088121
0.22554011396965293,0.33456332351004364,0.4184442092386439
0.2297282738699958,0.3550503206886062,0.4194265932724848
0.22592496037369172,0.3599246996453945,0.4237608307196284
0.23625268143344527,0.3838014552228475,0.4473390170358264
0.2358246784584092,0.3763191056273735,0.4439996690393183
0.2310744325956436,0.3339603832262339,0.4500581301498633
0.2312165839157533,0.33499657574843344,0.415420087427154
0.23862780874988615,0.3865596964150621,0.4510079694617224
0.232504983365297,0.3260846516205768,0.4128602989708546
0.23365657003469623,0.38589364510301416,0.4131556540737487
0.2418760674624204,0.3275753071904782,0.4529349503044578
0.24091282595837213,0.3771828051988518,0.4376882148553126
0.2323289976916419,0.3651787007002544,0.4293864729815257
0.23720490364042093,0.38187294211119577,0.4434015939876804
0.23286118368463535,0.33880579127927496,0.417099851318561
0.24410275199695997,0.3528052393625252,0.4362436157569842
0.23807012763887436,0.34260614994053834,0.4763559634634893
0.22994824322732882,0.3248116170301679,0.4103016370754408
0.2467471438365236,0.3671244147297708,0.447031271663886
0.2277736701378224,0.3837853939625667,0.4107969547038132
0.23753197298847614,0.3742835189854745,0.42139166472822537
0.22951619183211555,0.3313458795974117,0.4135376343122079
0.244066039111215,0.3371034581735598,0.43687132824653613
0.24259117192524576,0.3312389034342006,0.44426884325822624
0.24045063271202444,0.4143841089983553,0.4442877219946724
0.24221256600109795,0.3595713292805099,0.4343803248744332
0.23978766273599408,0.3646953223198505,0.4319807805753826
0.24129740800918215,0.38209542420954107,0.4588120871500505
0.24518892710956663,0.4573679329787234,0.4313694694880235
0.227037365239994,0.3504184516012364,0.4147430603626847
0.2322498962452937,0.360180220956325,0.4415194514054621
0.2335384934292231,0.3534925647965324,0.4509312533525667
0.23523656179245678,0.3659499310459931,0.4363005193848036
0.24570533121366672,0.3674047195135231,0.4509238743204815
0.24640295936756595,0.396632606422564,0.42051660268524826
0.23634028385435002,0.3557106008858129,0.4373050404497101
0.23566288977197888,0.36823823536772,0.4570222303683592
0.23752580101358142,0.3460755206511044,0.4507676732725651
0.24344071450594199,0.375722674783595,0.48247726134236296
0.23431862356282188,0.3306754329910116,0.4456952613912689
0.2448824854957676,0.4028778538100184,0.4547525220974016
0.2322481125538368,0.35286978242858064,0.4081347627447041
0.24383213382167468,0.3476500217231174,0.44157063610099256
0.23860063089646968,0.42364231236034205,0.4069943626062975
0.24435863809238353,0.3488414036268929,0.451795015209636
0.23744321557283857,0.3646354764701024,0.439882611101473
0.23122720833484053,0.3659124446269792,0.4296037916585563
0.24412269559289115,0.3772082460035831,0.4400255259164487
0.24278206242164735,0.35450778591112303,0.4435109840664804
0.24638556436822298,0.34983783813793606,0.4805997546242018
0.2348227120712027,0.34678219209612393,0.4375241648751584
0.23232800325737607,0.3997389015216526,0.41980097051292026
0.24186072545976298,0.4052265463654575,0.42642733671917343
0.2377787502620834,0.3805228726335349,0.4189527766500156
0.24125013962206412,0.3641537983754199,0.4426338073771893
0.24916306691557782,0.4276916616814247,0.4480370978467009
0.23838175543441587,0.3813467054009829,0.4505468781925834
0.24513240261990588,0.3635372012221548,0.4686688117037859
0.23979359011728887,0.3835103866028568,0.4155719148842827
0.23355793443508333,0.3341160955449952,0.4216221151296233
0.24191439589358082,0.3402882847735523,0.4776901329126256
0.23493302495919502,0.3500592607189443,0.404528949539899
0.24593815561842766,0.3879614913383485,0.4769649885486512
0.2557593845221816,0.34704572390014543,0.4988278170108703
0.24206587633839324,0.3724354435202048,0.4171534225723725
0.24171228964254987,0.3743924898199996,0.4556351107579949
0.23984825591134876,0.37441636094457,0.4373061058012756
0.24496456680428141,0.3767653302768467,0.4636038494398671
0.24686674310121703,0.3824766641373996,0.4541102897236488
0.2508760669042409,0.4898630978891583,0.4404011227149249
0.24658042501442928,0.3720013180548398,0.4637984074444156
0.24406855690594806,0.3678230057294451,0.4556342777464734
0.24602337758836332,0.3683665470339298,0.4644396443369784
0.24215516203529094,0.4084225962353408,0.4414634950925179
0.24100586500439392,0.3730677390319437,0.4258438801968802
0.23454611580246415,0.3655097098264746,0.4289572125123892
0.23573550061658088,0.41135666893646494,0.42084214420033467
0.23996924673063116,0.3921132898802439,0.42394047110601796
0.24310860186048264,0.37162798712559614,0.4715812825759407
0.2293045193329811,0.3632813853723391,0.41193648362602026
0.2419070154539159,0.3954163952951973,0.4518586006150638
0.24455739392694728,0.3567478904780147,0.4606367068745776
0.25475562917741407,0.4338037962645979,0.4693916221987775
0.2420569350906488,0.3598473313177864,0.43559190091773536
0.23651703718295367,0.3732919693054864,0.4213002455905599
0.24237841738216223,0.3614250673190891,0.4267942252927219
0.24383964368573743,0.3673636540681202,0.4446803821987204
0.2348469181709801,0.35315908962940434,0.4222765212554905
0.23988653329465065,0.3939212503477146,0.4548288137054192
0.23950224098398326,0.33539673928645064,0.4273319590104638
0.2406325466920073,0.3871464315675885,0.43457719188296506
0.2482368423480581,0.40605840078113536,0.4412954834284703
0.23894761104499915,0.37600477091568413,0.4094709828665649
0.24721044967950662,0.36033412059967,0.4387845537751969
0.24285015158707232,0.3726898921302199,0.4230334217058296
0.23476658599437436,0.3933485288828792,0.4226877827197728
0.2513631929653266,0.38099147953751256,0.4535045691357986
0.2379368557202732,0.3420008173610408,0.3985266349843247
0.2527942090597973,0.3946003207779505,0.4717890264349421
0.24444688795716715,0.3492735367695605,0.4574947348916096
0.24749243199354598,0.3612669056888732,0.4402674406796995
0.24566555071776372,0.34400766503450586,0.4490243699895224
0.2424913876226281,0.3817509885788112,0.4445644595539694
0.2419663637231441,0.3774688145602528,0.4472889546563239
0.23624850334839131,0.4001593956773999,0.4071117924361104
0.25134225934742743,0.36267651614667373,0.4768179397563358
0.2612317278066983,0.4553767193841266,0.5037921514269523
0.23034464369539048,0.3661953164443512,0.37707397901085776
0.22813654883327708,0.4026186700100744,0.4049243784961003
0.2407640544193904,0.4145082185277759,0.42703197015967503
0.24864678025006845,0.3819977026094557,0.4671700045559452
0.24924092502856873,0.44941275064289227,0.456518500526631
0.2443152501265209,0.38285504315521857,0.4647043013187737
0.23158446052322418,0.3959398168369917,0.4147539085696916
0.24393159629558525,0.3899603390217043,0.4316492540926854
0.231418723441883,0.3679562698065272,0.4240771260507678
0.23147483668651744,0.3856232005987515,0.4267330674109679
0.25199486526226744,0.4004617531696898,0.4567687205344346
0.23492986218286202,0.3826350891316848,0.4020739358913005
0.2621256369763955,0.44126760800430576,0.4785933484326872
0.24345463254316385,0.35436693127031405,0.4359790854283765
0.2410873388124516,0.3680834475283693,0.450329339429578
0.25156780760749237,0.3775259992457651,0.5081373700894093
0.24591413431277737,0.36621511314069866,0.4576226744372587
0.24414323842427002,0.3870461064803672,0.4601044705928725
0.26268082790004343,0.3979889688772311,0.5097140769535984
0.24513352668180866,0.3473713046511435,0.4619811199726213
0.24306738438696573,0.42455826669908736,0.4310115770029592
0.2361260509961504,0.3684143515371232,0.4448496911065303
0.2399630489572251,0.3871548223216565,0.4592326700214989
0.2404055421911233,0.3731658593018494,0.4216927628486856
0.24066960092256776,0.4196459563401422,0.4387538911376711
0.25737390465890575,0.39745544346693307,0.4884271153155308
0.25362733183276626,0.5513063070972657,0.4320154170074396
0.2416872535390746,0.3560299042708919,0.4559550016628453
0.2633258392467045,0.4023832391006106,0.4961075667268474
0.24919531864115285,0.4842541290403328,0.4511535682434655
0.2488425495832197,0.4030922819508039,0.4757536094867605
0.24227847977677397,0.37720865944398896,0.4314080269098589
0.24083396200953838,0.4143081210605937,0.4573009568746715
0.24230571003734133,0.3887437670957036,0.4371366033189221
0.23979910637562554,0.3824022850933949,0.3919096489886645
0.2706790430437865,0.489083465341744,0.4777069537957921
0.24503645201389854,0.3853402796111321,0.4276676626512023
0.24895519086681422,0.3869693710228443,0.4614293399598454
0.24120549724903687,0.3972998259188452,0.4428922684207518
0.2426830799790345,0.3924080564996413,0.4344285322234019
0.25571667571217305,0.3936138291181143,0.4804793536169568
0.24083022764354736,0.3801122323139157,0.4244810905834809
0.2626001015728957,0.485190911863866,0.4107075263026681
0.25617448994719044,0.4529654154538232,0.4592404030591788
0.25367729042803466,0.4215538099395049,0.4494538354233776
0.2382903976738928,0.4330688835649209,0.4096269391871034
0.23701499425797418,0.4010964105768949,0.4143340269666895
0.2531251300744761,0.4116577213552698,0.4736233748083454
0.26501218107349805,0.4990790851560933,0.4484438105753161
0.2593627933430136,0.4915049743980512,0.4662749008549541
0.24547705427329503,0.3823762777032349,0.445319864483708
0.2437929810029481,0.4004482268187569,0.4155353934524567
0.2458238247259853,0.3910956013520312,0.4546724029328458
0.23760053652927637,0.39618966401493017,0.4050035721352019
0.25032953809669606,0.41140638825223136,0.44586457362337584
0.24551987066076947,0.4472518798727044,0.4116255766790599
0.25765584688985227,0.4294869235484735,0.46498230247566497
0.2507111065499167,0.3979143589549923,0.4650699915443012
0.24513344648004193,0.42485850782939655,0.4317345790631986
0.24162459675501435,0.4021284628763538,0.4085032878585835
0.2443341984988877,0.4536656262904085,0.4143120593749423
0.24036648520470888,0.4572306520021731,0.4486942536115499
0.2524666013803896,0.3944244780701735,0.4380634759592686
0.2619594063420225,0.4837208224517518,0.4782265163787732
0.25177818036016353,0.4252010761956439,0.4491840232076251
0.23977758610616987,0.4004450048778305,0.4346517988889269
0.24387247068915247,0.3842164473669929,0.4210313758907799
0.25136853517904034,0.3999457560642937,0.4708837393290157
0.24956906467929688,0.4760244536739037,0.4540480975380836
0.24657570847199628,0.5016149326786471,0.4215795132014179
0.2411315669953857,0.4118000548685978,0.3865975061787414
0.25412548108223343,0.3948192575910077,0.4866451157487742
0.24692142542670506,0.4171761347012334,0.4400200984423707
0.24328690325292116,0.3978558312328784,0.3990642193149189
0.25301517328743506,0.4664347836129353,0.4593293747884922
0.2513113393137722,0.42219118096833136,0.4432469738280922
0.2476280249638012,0.35234497444556273,0.4822807434029099
0.25695603253267707,0.4202258335817253,0.4516645693044126
0.25985742903093795,0.4763677687516909,0.43257038363203376
0.24032711314453623,0.3838312257442139,0.4132521798659963
0.25775930008723064,0.41002918402169297,0.4655594520722681
0.2508823958225737,0.5296010823828299,0.4012232239694851
0.23985382924239856,0.4496290597864208,0.42558902056257497
0.24852529619449412,0.38705730689314827,0.4448946892344911
0.2519641040373385,0.38508071429906604,0.4553538733187858
0.24904219126496444,0.4400571293399602,0.4150267602320785
0.24604241658500317,0.38799599573021104,0.4261977043887233
0.2604338794626043,0.5019054574461502,0.441337818423505
0.2417031727040225,0.3853366772651413,0.4274316918188631
0.2715844363795518,0.5055536198260121,0.4635629194168217
0.2465401731990638,0.4351576831961089,0.4130235006098167
0.2589902604507421,0.42401416471035935,0.4407064102450553
0.26033350736295574,0.4807612695750058,0.467760844859177
0.25019230426151867,0.4593419582126305,0.4217258032449569
0.24559781655103166,0.3686889971814205,0.4600273400847116
0.25768044833696385,0.38360273760516334,0.4488519120394017
0.2501126909440211,0.42165744199116056,0.4328447633362721
0.2560247665857661,0.3841204687410253,0.44536325428834295
0.24744906815733983,0.4254389069717979,0.421190524771302
0.2501236383886982,0.4301598088160288,0.4319886356676261
0.25024113853931107,0.4304367800767471,0.44409317453834063
0.2587451000761816,0.4756475854493623,0.5017171727124803
0.25143417810133206,0.4303956010056066,0.436617314776256
0.2484505187000289,0.4306328685923841,0.401032666759492
0.24983287295500908,0.4221432965725326,0.4347038697508345
0.25189338634890723,0.4314950663887756,0.4304353366719911
0.26274300953442675,0.4388109448862956,0.4802248502595552
0.26413076861188406,0.4610484546924982,0.4695280688956537
0.2564011689498479,0.4349786297554491,0.4758744016980074
0.24868102488220292,0.40181340313736535,0.4171758066780985
0.2571189713095759,0.4226039648258976,0.4433846511062237
0.26048880942374925,0.4707071604600906,0.4602560207882916
0.2468987551086058,0.4159311899305228,0.42136998189289016
0.24862917197393608,0.4874565831962674,0.4295948929838827
0.25566809467242946,0.435978793132844,0.4447009988659343
0.2550147053680659,0.5058785892136332,0.4401137393239079
0.24918210208281072,0.4685191096425161,0.4098399683744859
0.2525765725527815,0.4145205089978294,0.4206150192857301
0.2601688371000489,0.4309030178769157,0.4533195714301793
0.2665526423175472,0.451771730221272,0.4299089215337738
0.25429919028635534,0.4302027401631319,0.4118834007845008
0.2497457741094681,0.40030598892978897,0.4166004245808411
0.26870015521806234,0.4440316481760295,0.4683497191931441
0.24838515308199263,0.4030277408709636,0.4018376795614093
0.24845204510217,0.4089468131781852,0.4038151246080839
0.2501022265066735,0.4234418522724772,0.40935951721847796
0.2664142556144802,0.42262554595803903,0.4641291202255334
0.2625513266383526,0.4476021949479742,0.44606301686215305
0.26714010546483624,0.41574663086212543,0.468745573697657
0.2550717951952458,0.4154135879750492,0.43091118175626064
0.25471830679126706,0.40060487240948817,0.4296176626539085
0.25443310297510136,0.4263897756046653,0.4432488982628257
0.25754776121536715,0.4215107037773197,0.4300372061844713
0.25819468639602433,0.4068540617981893,0.450700421034154
0.2706557673213118,0.5280043688854699,0.4215946186895227
0.25570842623180745,0.4201270532165759,0.4541427487650668
0.24722229157848338,0.4251974420923571,0.3900780678337827
0.26951397113069364,0.4359767223450449,0.4658873491710239
0.27317137168998534,0.5589463069961375,0.4574992243036869
0.25188812463032123,0.4700099006267717,0.4341306837201227
0.25744378280379177,0.4219080890584185,0.4500471900387679
0.2512800465199397,0.4445597703610725,0.4152701872419417
0.25778565257664815,0.4011676294604936,0.4141805739735808
0.24569776906590193,0.4886474039102602,0.4000444107973997
0.2579383340767585,0.4490133812890273,0.4423738176513845
0.2582259946522978,0.4240708576049412,0.4465960211486399
0.2589995807242671,0.4547250945792458,0.4478078319763286
0.2569182216190588,0.442204861885738,0.4328121724979617
0.25133741447031527,0.4367652386423292,0.4344790205214613
0.2475888386153614,0.4052199656219024,0.43001474932728456
0.25468794752750623,0.4194588149217367,0.440736217894304
0.24769085456649217,0.4748569380206731,0.4204940378439985
0.272590559147548,0.4814044637357896,0.5069367392680585
0.25434514291706684,0.4563828966121548,0.420323189961192
0.24298232540568768,0.3905560147536221,0.4102902088971438
0.2542137159420803,0.4781063954382788,0.43692752068054813
0.25054201503733325,0.4344298512130937,0.4034235474308983
0.25273800879729846,0.4213706733283628,0.4413888682002208
0.2561356500918029,0.4467427913997983,0.4193809313770773
0.2524825778839699,0.4064624804223591,0.4538653731059408
0.25308171356309167,0.4628299027647103,0.42126407055367865
0.262547816107213,0.4461574739570415,0.44226381857458624
0.27529314238873964,0.5262765317780425,0.4694802490681396
0.24525216928254828,0.4438818409709782,0.378970137102846
0.25428274136520734,0.4579459750283221,0.4617554362997364
0.25475048202456707,0.4507585447997892,0.4188603859863981
0.26440653890466037,0.4602221821375991,0.4653562536958347
0.26455486744468254,0.4860655607763444,0.4518151520086689
0.2621745851412176,0.5035533454709659,0.4403535336614847
0.256043126697396,0.4133958140479087,0.4512393568929249
0.24102815351128334,0.41346491059837226,0.4003148121871942
0.25947827033925164,0.5389123304919579,0.40386291730972795
0.2536339898463863,0.4975979320996864,0.4120217446232928
0.2581126661874958,0.515091792474831,0.44810551079615424
0.2562076341891055,0.4504555198833752,0.4122944616670312
0.2573712331360946,0.4354160719342064,0.4368688845899543
0.26153955294480513,0.4059877052322806,0.4575015962547446
0.24425738933304558,0.4311078810256751,0.41035753120378665
0.2440412442172696,0.47643073542478204,0.4427171792915099
0.26111015057779563,0.44930079608512696,0.44692780357074297
0.2733712730335067,0.6144427474749495,0.4164634272083812
0.26497461699744307,0.471935375255665,0.4201370702926121
0.2703188616813776,0.4510945430619485,0.4593036571753508
0.25845284430339793,0.4603855724670741,0.4002501335119109
0.26734803613594704,0.4909517443203085,0.4698690463765026
0.25538361076662575,0.43468356526743857,0.4095881661708261
0.26055458231232376,0.43332905411907374,0.4167065566708444
0.26771263597960293,0.5120917313023666,0.4539604810767484
0.24964213231153004,0.4774493149519284,0.4252393243141915
0.2519673399546302,0.4341289342791623,0.41886166817490456
0.2569284489764081,0.4644676488987488,0.4155726658939278
0.2745236570898059,0.5068659061578901,0.4561183351309538
0.26042116205575466,0.5086178856771082,0.4621733013231151
0.2578682771386033,0.4520346418094969,0.4313672348894426
0.25783036267018067,0.4483892060090032,0.42538389532335535
0.2616868480162337,0.4941069424324472,0.4250630597639216
0.2534039300292434,0.4429203318845276,0.4275696655891885
0.2589949770329864,0.4615002321030744,0.4506989055899229
0.2550760729241281,0.4621674330234018,0.4207057072627532
0.2553580671176883,0.4633359831887699,0.4604177024597781
0.25942528709968155,0.4436006991843473,0.453522708187873
0.26404234295621304,0.4832790646488275,0.44356730594371024
0.26977031708396887,0.4832483388447685,0.4663419483896423
0.2625756967588011,0.5078045705815065,0.41638570386530377
0.25907302499565654,0.4437310023431705,0.4241332032018982
0.2561495175542784,0.5806814965064602,0.4016251433551077
0.2628042281810862,0.4868594803851718,0.4628516033246505
0.26693654707848247,0.4680396920986498,0.42298791764808974
0.25692276058327307,0.47867201478843896,0.4416349450886629
0.26082293161581854,0.5087587748062485,0.4012607309992081
0.2585866593780271,0.4693681132940182,0.4131215379447242
0.2723336955372016,0.5225501722049756,0.41971835521307854
0.26541665314526336,0.4601760603737909,0.44287613222239003
0.2685810804813283,0.5657735683189465,0.4399647406132643
0.24653958423861164,0.4849163269319389,0.3685388774419731
0.24840667071465503,0.5479743718982831,0.3867709275547884
0.2615631792666261,0.4712458429897506,0.442403688277412
0.26163750795211504,0.4980896457102712,0.4265375690291143
0.26605470835910283,0.5511363896430914,0.3946032294778348
0.27015639135061137,0.4458532158233645,0.4534829084908363
0.2708332760697165,0.486214624462916,0.4475579110727069
0.2713606015392828,0.5048440145903456,0.4467762514291047
0.25902058621933316,0.4158281122733472,0.3869496722314863
0.26418317883901027,0.4656293429722478,0.4347932840728802
0.2738000112909804,0.5283392251648604,0.4445439406435349
0.2603005292673627,0.5458207897637821,0.4430229643454111
0.26273480063336796,0.5316774653188633,0.4137039784678085
0.2578003012513077,0.4597708002684342,0.4268432700368428
0.27562695361293427,0.4546845026617778,0.4676373932959211
0.2673977332096005,0.6653935115735767,0.38829559318186896
0.26807566287642,0.4884863013712996,0.420300393740395
0.2579756863912148,0.4391392771119476,0.4268797454857707
0.25528486495600305,0.4260834700390076,0.4013144667545289
0.2687708576043213,0.4758910079222015,0.4405546372006555
0.2569911198644445,0.4641906681364034,0.39942621714745774
0.2687059189524252,0.4595451901215054,0.4353534437224888
0.2582132399448044,0.4348330600796736,0.4073867178758245
0.26567320034340736,0.4748562089948493,0.4267453758990839
0.26542797248144206,0.54699859643895,0.3874297868040234
0.2684707876256801,0.47206543656063,0.43958588381211255
0.27313952821392357,0.493458236700726,0.4579818744918012
0.2625119209766603,0.4878399073010942,0.4310054819789947
0.2503574323118637,0.4956287446440538,0.3720465336389085
0.27244578256209456,0.4270728459142484,0.45017763338674427
0.2613843517405542,0.4623436888768133,0.4036639664550447
0.2724446004241011,0.6601406050249606,0.4446094362817833
0.27874164278019914,0.4523965499111208,0.4565766047095577
0.2759003659407947,0.6005212301480332,0.4141690534358212
0.264607431999263,0.4583037378430999,0.4310549928476394
0.2735796284141918,0.4771855608558622,0.4525872088742649
0.2586426954526371,0.4804279439704082,0.44318018794416
0.28323950714695867,0.5293039232507545,0.4576176356074624
0.2763401214741699,0.5056734084248319,0.4641080190052044
0.27509736361876147,0.5183615771345358,0.4420713494101593
0.2560449890752878,0.4753775525101343,0.3962576197762273
0.27038301427038997,0.5230898686974539,0.4265532906067888
0.26125821961258866,0.5075871201335146,0.4285281915922885
0.265819127194213,0.5153349431205786,0.4110710361471878
0.2603219158784025,0.507431904983306,0.4140322736424401
0.2679703025538675,0.4784338517897101,0.40235313914390747
0.2798039886028097,0.5559751096575015,0.4104435881788522
0.2767563245296985,0.4764139596588042,0.4369473045764875
0.29209057552467416,0.4718327759301152,0.4849329444286848
0.28017934649744397,0.494327636760267,0.4413522312027053
0.2619727047083835,0.4694192738798434,0.4146469594712601
0.267526661659748,0.5054579718358763,0.4120597046854563
0.2812475179410791,0.5321994367834149,0.4373272047846202
0.27237073644042303,0.5473345151507046,0.4252595038843523
0.26987822421220126,0.4956053447965049,0.4431058413303233
0.2692914569024,0.4965535485125536,0.4408819459044572
0.27046460177670434,0.4552302015748045,0.4334701473680573
0.2725483446938255,0.4619321788480527,0.4506679860999613
0.26635895890241057,0.47061728992228596,0.4458264961751055
0.2798020429483444,0.463224095899668,0.4551702966876794
0.2770813598132431,0.5298599796728414,0.4335065706286992
0.269597889214122,0.4797336090305245,0.4302059469000431
0.269173395106575,0.4599896733948538,0.4247485728546815
0.29374089230793393,0.6617414987709596,0.4573009501445415
0.2836257346027912,0.5048116473973893,0.44096022412203867
0.2650872046327266,0.4763806603782082,0.4127816875997234
0.26770557251605753,0.5161217358893557,0.3954200370719739
0.27306218453761016,0.6173158316796813,0.41735787872766905
0.26971537314813376,0.5426619378047455,0.4213480880281617
0.2697048375364185,0.5572967669692865,0.417220048373096
0.2739913383408109,0.5323619917528949,0.4530159629895888
0.2805597963062422,0.5020785334442531,0.4445006435217412
0.28651193726644036,0.5517811640375164,0.4688938324073363
0.26714220281631607,0.4674378366921406,0.4102723543393718
0.2678018255279029,0.5207049583249029,0.3871337440980708
0.2768822172650373,0.4978400530502299,0.4343710549961457
0.2668599818729701,0.5067747897842748,0.4073954455424497
0.2772067284041342,0.5956336141939975,0.4228402634079271
0.27785495903033275,0.4709461806954622,0.432660522801161
0.26836031597449955,0.500270009308308,0.40891610281807506
0.28675134611980707,0.625919896222566,0.4337697109118788
0.2700422151293916,0.5171298952898995,0.4168455433003096
0.27941148810885524,0.508049503211959,0.44002385805119615
0.2834378145207037,0.4783331112102278,0.437061184797784
0.27114987176598027,0.5612160796545403,0.3980664476113679
0.28245284538352594,0.490700663525564,0.4423915039121597
0.2625586160969518,0.5300692102508556,0.3951649884564034
0.27986293928970085,0.5285206773863884,0.4371043130315818
0.2760673738777454,0.4753914169026338,0.4295031522610709
0.2764182097373098,0.6603570752967431,0.4089636471117241
0.28041322187764367,0.5101235599165403,0.4576203433798102
0.2764827083532762,0.5410856806102716,0.4504356249826113
0.28794517607845166,0.5917206087169695,0.5005933204843005
0.28217974807952684,0.4731114436563898,0.4621221622395353
0.25228472824408726,0.4747989413125102,0.3788924213367371
0.27900000081039106,0.4750699772926935,0.4499090624127022
0.2832685064581641,0.6370430970670887,0.4430268149733035
0.29402031019831654,0.6037357580676292,0.4515785823228573
0.28470814651390564,0.5506292830965404,0.453273313077141
0.26943950619003165,0.4833082830908252,0.4531785878863957
0.2700755640970127,0.4756208418194047,0.4241941599355462
0.2631183031340249,0.5818416996212474,0.4020475688734359
0.2679302263568525,0.5384682264480427,0.4056814900044139
0.27061874359010313,0.563947676761557,0.425089301331897
0.2639124745520821,0.5442299901578908,0.3840941323442239
0.2839670996852346,0.5698960646864264,0.4814389958484462
0.28895438176697175,0.5272525967051306,0.4540019417335157
0.27340699716778294,0.5348180800406562,0.41708562602647214
0.2691556933001188,0.4975702547504208,0.4172599089138713
0.26840829237228253,0.5589534119801852,0.40018293934654736
0.2829585819483475,0.5020089477599585,0.44027025693704
0.27425199665848554,0.4572547398711068,0.4359562018554807
0.2846922612128256,0.5040303304402814,0.4559836478258237
0.2717155068067639,0.536994193178966,0.42238364006785895
0.2732914320144,0.542849251114582,0.4159650270402384
0.28331554898865347,0.5523804934160477,0.44855325354997533
0.2849680525451402,0.5886023449075051,0.4398940589264949
0.27414892795133394,0.5229514782418461,0.4032557277645624
0.2798558219089417,0.5003573340258985,0.4449513450633695
0.2880826077288785,0.6043543248797889,0.45290802701998906
0.2701632394599314,0.4669882016095201,0.4081196818503278
0.27350511138035577,0.4986868333179351,0.4237612569589424
0.2750571839808955,0.550102429203177,0.397806435128745
0.28287539706769577,0.6906210351264532,0.4233039624154856
0.26539891856793474,0.4728392012072194,0.4146977988080357
0.28606751889493176,0.4884270981560148,0.4587773678434405
0.2704246065054894,0.6612338035304739,0.3900303532703638
0.27189453775873573,0.5535110597358364,0.4131734308073728
0.29172049386605364,0.5684336848109126,0.4734679653796373
0.29018212715078406,0.6147706311787031,0.44044375638122574
0.2664605877787337,0.5196965705071911,0.4098016391414053
0.27303406992497037,0.4904471506043049,0.4242970393970084
0.26903766858888567,0.4705753643073994,0.4351027473123414
0.2653313849261833,0.5935430229558512,0.4087791065026168
0.2688084505751015,0.5453810802871726,0.4047356605934984
0.2817184081309818,0.4969138019647019,0.4563978966275084
0.28557056216949817,0.6447525957028805,0.4261591199478106
0.27524048788935174,0.5615455608669407,0.3989076468621419
0.28743806687727347,0.6137885660352153,0.4424761075558088
0.2975224371156732,0.493194755651552,0.4951070715160257
0.2898949930188299,0.5569197906974097,0.4764208910463178
0.29008049907062256,0.5825609841152353,0.4611532244287762
0.28099640012074145,0.6588080902073572,0.41922356404952793
0.26355886304200404,0.4669358635209763,0.4056897628373046
0.27700935692766876,0.5472508720509787,0.4316870738339793
0.282983846994205,0.4782569805230042,0.4374032918597828
0.2746680449464538,0.512366940700524,0.4128897299411515
0.27456274736113523,0.4850743706400661,0.4380480955495013
0.27920702622716603,0.6162669981604685,0.4283122559248453
0.2736527667070483,0.4885275044161023,0.4412297643837904
0.29446856190451615,0.613060910922748,0.4553053464232517
0.25885273456558405,0.5006164822587935,0.3722474078695116
0.2754451078564734,0.5032578269071264,0.4472732070068545
0.2990162017197207,0.6324114523017061,0.4884321171872226
0.2809825229931022,0.5801990601628111,0.4577092050876127
0.2829438560280937,0.5058789930398413,0.4190301711642247
0.2735981231332778,0.5263655620571955,0.4196612383752882
0.2816389508189898,0.5227220791597166,0.4394803739100099
0.27706486010270087,0.5320334468129629,0.4064288211209913
0.2774061447769791,0.5444122726158686,0.4244744032081841
0.2826617128425024,0.5239037210904595,0.4461367598630045
0.27597093172607084,0.4834380655973228,0.4131376852529899
0.2923337676241197,0.4900870448710694,0.4419060633333976
0.2723759315291774,0.7331016594803831,0.4014953761365235
0.2805637352048288,0.5277388356545935,0.43219726366444855
0.3049754692790019,0.7290065961368092,0.4562562543063062
0.2879830869315002,0.6430748135268185,0.4474726288451847
0.28227388751870935,0.5631828735366117,0.4370795983364008
0.2712665786860613,0.5738929928031566,0.3982707358458111
0.28731507049229615,0.5553413262205007,0.4412279362430852
0.28901428101652343,0.6144955879103545,0.43434896202595297
0.2869056401517583,0.5121052142244356,0.448194326259428
0.2681304519965799,0.4637094063756286,0.4213191469596762
0.2937790206991168,0.5170251205274178,0.4797226186480828
0.27944495634363453,0.4741557370364474,0.4207831691822196
0.2843352679752179,0.5225972767699516,0.4525228906286933
0.28222362727639294,0.5622854148294225,0.44692836837676303
0.28983444404890807,0.5412180294402205,0.4308594108309852
0.2747487177845278,0.5266611027295613,0.43152086131357736
0.272130231154022,0.5362438370932727,0.4267938042451647
0.2864167528454909,0.5249385318921965,0.44541622797095576
0.30561822381114856,0.6553616548085087,0.4511801041417205
0.2754055756550816,0.5560280593384788,0.4471524548162815
0.27392236987658436,0.5129106979742493,0.43924217643047
0.2822722280279878,0.5706412936789692,0.439527759060307
0.2945116876225064,0.6179758140232972,0.4587796056211338
0.28516822170059425,0.4990783800512954,0.4735960675177792
0.27190906564907485,0.5176735243707025,0.4043820352191592
0.2838432701370257,0.5318767479879741,0.4314853022684696
0.26834233717668476,0.5391277626340751,0.4117828601237647
0.2664433813936953,0.5347448698586438,0.39597490051785295
0.2801069702009384,0.6227001563344289,0.4349654399041358
0.27969968196923106,0.535513638880779,0.4256029253565192
0.27851874426967377,0.5607364154369272,0.4305890759571571
0.26278684837877136,0.5534690199934692,0.38718409380169133
0.28109856185414933,0.5045442464197103,0.4396804288814604
0.28655682578483166,0.5950254860700899,0.4352236652185473
0.27992962971464347,0.5632587281660699,0.4308223466567225
0.27829912212174657,0.5608605973963731,0.4248195300053022
0.282980901426235,0.5602020510802174,0.43918695110504297
0.26950688380961607,0.5411512252808716,0.3761961238095157
0.28320739167940767,0.580083755566043,0.4411792163252586
0.2985459116996048,0.6500109352472111,0.4399068487931174
0.2947276322077876,0.6494362192228916,0.4583350152466134
0.2904553724869981,0.5464058417008685,0.4677613096905692
0.2860752286468626,0.6278797285787328,0.4049880460748595
0.29336468990642395,0.5037397442788981,0.4787534912900039
0.2830508020951649,0.5836281016109445,0.463447789185331
0.25553639671889167,0.5240148122702655,0.3845141904452597
0.2741717033193744,0.5226374668665641,0.4096955365146671
0.2690679188257251,0.5014233283409009,0.4088237714152285
0.2780588062632725,0.6535214875735206,0.43690454877154855
0.30078411732871957,0.653515123848388,0.4623492821524394
0.286530815296328,0.5288698559095103,0.4349353423095143
0.281007969970149,0.6732426218410029,0.4178028906103484
0.28238292715716656,0.5586073926589434,0.4290797464891407
0.29190202404563,0.515874178922378,0.5004151827957629
0.26568795331841394,0.5578593931717875,0.41735207873927793
0.2734415609431936,0.5344170085148346,0.40985955728427614
0.3010966374752391,0.6894209501354044,0.4693496660829608
0.2686854176040082,0.5013760492154451,0.3998512480203197
0.2950416328106488,0.6431067330914415,0.4416145130355813
0.28116908089265286,0.5623118873585293,0.4445893956578758
0.30240045322620407,0.6967319057381506,0.4777963280313268
0.2770699199031249,0.5240920672454026,0.4424098969377612
0.29384411092816654,0.5477041453507517,0.4864274944168156
0.3165432293879139,0.8014215041106497,0.4452191214861913
0.27802250821491603,0.5924809543740029,0.4395969592264978
0.28659857616063994,0.6400657426725851,0.4352224738649712
0.29470127675570273,0.6686321772914257,0.4617796984890084
0.28028487185283557,0.5233928222091816,0.4519765008954247
0.2780335301193194,0.5792439509703697,0.4328660745341791
0.28728129056107954,0.5837488337217903,0.4486764531191932
0.2653417911826783,0.5541611581518022,0.3909950490972433
0.2813945600279572,0.5445346310152416,0.4451558316342325
0.28261055765773735,0.5712901583370182,0.4451978810138141
0.2771067648458205,0.5451965382999099,0.4306170873988085
0.30763513236964085,0.7105154966396232,0.4359064508645038
0.2682760958111332,0.6167665934937605,0.39932185121051533
0.27387552840287677,0.5135295799896361,0.4083428404435889
0.27495773283402886,0.5676700879398492,0.42802803190689104
0.29138324205058486,0.6149337425561985,0.4414556049140983
0.2720140279628297,0.6069862572398723,0.4036892381702915
0.28141740453112063,0.5168046014116008,0.4525964929363054
0.2838502913887014,0.4872047361166788,0.4437327370783594
0.2851347523828442,0.6292859388275068,0.4200495658988776
0.28862303705578257,0.6558670334373431,0.4153501940131325
0.29729052815204554,0.6330978756680719,0.4793482965253187
0.3007633113452709,0.6990869865546823,0.4416131364885462
0.2764810478395572,0.5419382069569055,0.4596502691324344
0.2804940175699963,0.528937220480036,0.4509985116802808
0.2756575107640991,0.5489167843395414,0.4071683977339937
0.26774316654573094,0.5651013918003126,0.4085636066274262
0.2946159714208659,0.5755362888847607,0.4746684125412275
0.2763181032004718,0.6033414397371453,0.4046595771866451
0.29553083903067523,0.5505847501712825,0.5051770887600091
0.2812055211383497,0.5931961096450306,0.4342821982111109
0.31819118715844347,0.7248035047300011,0.4700135255191201
0.2851017199710637,0.5975493077177072,0.4160926744564801
0.2922001267000604,0.6001993611322414,0.4631697035673426
0.28115190132594053,0.5311202499807428,0.4331128348172734
0.28141038006084307,0.6389655308612496,0.4332155991549454
0.28461024261535117,0.5752479078026146,0.4563493781746917
0.26545751001565027,0.5195604384072925,0.3880175355955665
0.2912562128609784,0.6217047548211065,0.4426839812079672
0.2887536652948984,0.5593016328974915,0.4389670731516708
0.30145186899132653,0.6024018574294295,0.463052640490864
0.2960854721169068,0.5485694261390092,0.4538370291203364
0.2898618820574886,0.5718476836882848,0.4446704356292005
0.28661300126965417,0.7181944110651121,0.4087103144487628
0.26905753760375944,0.5300627178293289,0.4129110497320267
0.2722251625598536,0.516680723717569,0.4080206879487686
0.3430561562671875,0.8911219571886452,0.486062756565001
0.29537018287918654,0.7014876743922072,0.4494300019280726
0.28274875402789623,0.5255854982347896,0.4236346806708594
0.28154242723502904,0.520187598481669,0.4062460882571836
0.3081086798786382,0.6386497685691427,0.4707443835986236
0.29065318383299327,0.6479890208948847,0.4227215898214034
0.3080875650717748,0.5879377679950946,0.4772213453793439
0.28061595931601196,0.5976351997102876,0.4266811452011247
0.2731113767873364,0.5033227340232953,0.3977481615306715
0.2804722624538749,0.5524393873059874,0.4069865872445685
0.29816812310267493,0.5635799023880262,0.4662197434685527
0.291338153212777,0.6279146924948404,0.4504579504784666
0.29238026208148876,0.6109799160426004,0.4532083483611072
0.2838938623588919,0.5635370143231031,0.4151887749342436
0.28489754207165824,0.7216583374433853,0.4201948258307735
0.3055300901943527,0.670573303339376,0.4596294650965597
0.3136527958148294,0.7281360378477649,0.452217436989603
0.2790471233361115,0.6000361779676807,0.4015071627178404
0.2818078346364281,0.5696591437993163,0.4196722228910015
0.2948930068113519,0.6846312795933257,0.4346028206864424
0.30329522650732793,0.6791303619124218,0.4466265482525128
0.2951248844121062,0.6025417237856846,0.4400079629035351
0.29927352728826667,0.7349640367754793,0.4394098083183994
0.31572196302130856,0.7864047247765114,0.4582993475396873
0.28242543138926635,0.5719780744497394,0.4019450003551479
0.31337394377389066,0.7441333025586536,0.4337178846348129
0.2983198433277228,0.5924628807910783,0.4543810435053741
0.2823164311733359,0.5769118042790563,0.4294262393385522
0.29541298696594814,0.6001764914742662,0.4478770816722845
0.2743239149587621,0.519348587702678,0.4050182198012777
0.29853458037522723,0.5715935927448403,0.4613919184233734
0.2923232946757119,0.5463492168204294,0.4565252602097435
0.29264593526642374,0.555735545209266,0.4390882037470507
0.2936847251634599,0.6265948127477573,0.4140191530469626
0.2843473919536392,0.6437611625802988,0.4331569435985773
0.29735477640522834,0.7565791603503758,0.4476715591009658
0.29646744446304624,0.5847212165325997,0.45110272820853203
0.29558006892872496,0.5833843735584089,0.4348031707345037
0.2828462039372651,0.584390545923838,0.3977225028565205
0.29872869612327185,0.6450324811802507,0.4570491658831578
0.3078244367568129,0.6247274643954941,0.4648187132832344
0.29675186804212894,0.6253121865405401,0.4268389164682144
0.2980293282933224,0.7183920606419774,0.4410941486896451
0.3020975121909645,0.5895059229613885,0.4925782883076337
0.30065304987096364,0.6030686488561487,0.4416888485977501
0.28785981241670205,0.5833099451391084,0.410449644386501
0.28550084553608385,0.5818681135623995,0.4123325401317471
0.3007630144739576,0.7907376031870266,0.4205618276303305
0.3129104936361655,0.8496190744277908,0.41843509692463005
0.28683868504869503,0.5306268190584087,0.43723142506799134
0.3095964192072023,0.6394844270617137,0.4671312166528612
0.2981448972299788,0.6509062370880325,0.4529586202347449
0.31000068712316,0.8678250326433873,0.4220552728528521
0.2685867411320977,0.5781094533666543,0.38260646145074256
0.27470426529203545,0.5963922466372941,0.4035198663798301
0.2881799958323811,0.6203700519952905,0.4118599688357073
0.2978250846790696,0.7671817228525211,0.4258149558068332
0.29404750046323946,0.6799287402584993,0.4163775464634157
0.29082404371191856,0.6200307872260187,0.4140384795208336
0.29977017599523464,0.6175741771067564,0.4351780775896625
0.2933998357154363,0.6639676665659267,0.4306796206321814
0.28926207027786205,0.5716250061710171,0.4107589030961744
0.2999853283995934,0.7101660301289958,0.4395458277353611
0.28626420918126017,0.5579481181564853,0.41049827240937214
0.28460673844980433,0.5995413223099859,0.4151048453012666
0.28831506622226977,0.5525461208571761,0.4233029334789608
0.30248229849039104,0.7412491981478463,0.4109434729256989
0.2849588683983459,0.6483974370216365,0.4180670018468514
0.28687834125379275,0.6659452730528946,0.4078509832562917
0.29598280926545983,0.6185221062318164,0.4237652565440995
0.28369298586428976,0.5416110036982758,0.4228819552008721
0.2813733618518989,0.5552759700394857,0.4016986919804033
0.2877227977126543,0.5776357553457209,0.4468475750191412
0.2804157160538175,0.6008146832718655,0.3905676255256245
0.28295802160162686,0.6769690820910317,0.41117993135776615
0.28969878743995986,0.6478173953498658,0.4157550208931801
0.30964018476901317,0.7501196724683254,0.4345178422889519
0.2788814621907024,0.6058542792520754,0.4202460042482685
0.27121774465827786,0.5445797998156583,0.3865322859086494
0.29165108395659617,0.6407308012658504,0.4126905828426889
0.3182192125893838,0.5521288241432429,0.4777063516029017
0.2910380504044805,0.6065541434970647,0.4384480482966665
0.3087159935027646,0.5853250920140911,0.484531965216824
0.31756161485448553,0.7720292282066087,0.4568203916705792
0.2911931127402497,0.6007483703867961,0.4229816613600028
0.30442146811193416,0.5978372684963322,0.4557295386756606
0.2853607635192153,0.5493199395575303,0.4178089374668281
0.3143470477831378,0.7252203694396759,0.4635223387827637
0.2902758749037491,0.6113845984334665,0.3836234664286843
0.29330085614944007,0.6125031128707988,0.420908371208791
0.2903920805409477,0.6343997191303876,0.4211568831526965
0.3391124722949466,0.8872106177809349,0.4610733619834368
0.29670226256450055,0.6617976141722269,0.4480236876445214
0.2969102354385457,0.6821002453434207,0.4153742690542016
0.33258483063412664,0.906476311195504,0.4732312167702627
0.3000941902965353,0.6481393083707111,0.4251323537857003
0.30445062952479424,0.5879958996649784,0.4691901909200933
0.29378902942086,0.6182422924728129,0.4249571096581882
0.3278671944601846,0.7400759242654196,0.4655284611980888
0.2854107378642346,0.5669895887075215,0.3925262025669485
0.29888245073198777,0.5677913245061057,0.4293768704649512
0.32461995628641704,0.8280364319823812,0.45136773350919795
0.29331874763983,0.6428535371740406,0.4071506187283928
0.3187289627815721,0.7338315113156171,0.4634347189395822
0.30571106662704167,0.6433738414472558,0.44317303581265466
0.3325965443233624,0.8478773346968069,0.4492929055623249
0.3039414014790246,0.5571501587928626,0.4497913397658835
0.3221175994413353,0.7715224624298876,0.4527729204128212
0.30493619924448173,0.5967099224614251,0.43043011925165264
0.3119533223358259,0.5597616729159463,0.4430927687927707
0.3087900693610226,0.706474604906968,0.4351213614135915
0.30082986292567054,0.6176843246206617,0.4087475301702279
0.3108125928195081,0.5851323992299361,0.4499437833610657
0.30569536319557444,0.6190687836376303,0.445966629695323
0.3089931135560523,0.5834936525410911,0.4542534982708346
0.2956304851913075,0.5745488823422403,0.4235802446636092
0.2987599264139962,0.6078952276356394,0.4335296659326875
0.30251104440146903,0.5818266595690824,0.433411280470645
0.2889055894242965,0.5638669189365665,0.4137261620793183
0.30430372897331326,0.6113057726012542,0.4297715071109868
0.30032692617750906,0.6407775544032114,0.4210567352543924
0.3011670533409042,0.602167463253201,0.4329194240770323
0.294233312812876,0.5647131822949765,0.3970059990700744
0.31089034498485435,0.6724717323462712,0.43232643888171984
0.2898004605368349,0.7019298341277376,0.4055046861120043
0.2873985902943821,0.5803643586655101,0.4060559094941153
0.3167998246295734,0.6134877475372058,0.4402893736678085
0.3100392927287677,0.7055183448965698,0.4458346704112045
0.32093550623958095,0.6566762831692023,0.4851132891263367
0.29871896483159677,0.5783145937380504,0.4346381465694804
0.30369165242471846,0.6427545617060839,0.4495933938838253
0.30145350420726186,0.6197325490725989,0.4194807269847679
0.30247368903668587,0.6350694965301517,0.43059093119353054
0.317622220194942,0.6378482524619036,0.4437729861390112
0.3132120302476596,0.62346381782077,0.4388413108294118
0.30164925195842945,0.6429809357835238,0.3967495242919011
0.30465005137987494,0.6340820397904633,0.4094336162595582
0.31600701986706664,0.7584206372996678,0.4436078544448685
0.3378037922150989,0.7941651187941428,0.4663077130301251
0.31702392771660665,0.8222809925076523,0.4382049238939825
0.3074024544676645,0.6026766790617253,0.4332374126835312
0.30708319371726395,0.5939531319882329,0.4309908153199111
0.30572676290490164,0.7063255069812339,0.4137701135383032
0.30569097102809706,0.6105141138826625,0.4513929446125813
0.3073187767757726,0.6279785411747194,0.4245065269153365
0.3032010196123129,0.6219128061855951,0.4333289389157332
0.32517902245499597,0.9677831525923618,0.4067912764063564
0.306625746433477,0.6195294579724695,0.4205449139220864
0.31393367209152023,0.6400244676921488,0.4322230349964949
0.31586937572086754,0.6150205179744114,0.4438725641808005
0.3293977175362153,0.7539242506903867,0.4646660276208076
0.3229781610842556,0.687304318914443,0.4717570282678982
0.3103069670815532,0.6164757162893584,0.44628868232053337
0.30508628215450256,0.5982895928505,0.3997026446226536
0.31099895291246615,0.8153493804580644,0.4305613608413168
0.3116588279088584,0.5910160798314632,0.4345761603168908
0.31689354095797007,0.6743211353690753,0.44984070087392425
0.3155497865456507,0.6383956143466945,0.4372033726332151
0.35276227274193467,0.7819837045252293,0.4934328935216415
0.31420733162517905,0.6060294517726192,0.4340625890468828
0.30436252290169574,0.6414440781802156,0.4020949214855621
0.3072461615452372,0.7438204898685636,0.4122200828170775
0.3223241368181398,0.6570104896793538,0.4484207865226363
0.32627678716095027,0.637933079710599,0.4473322277914271
0.31773989363649624,0.6363517756263407,0.4509975660465415
0.31766629613789,0.7108821226463005,0.4287588753656859
0.29265746347022015,0.6142715651368745,0.3851139924243433
0.3087290063099472,0.5855444792272673,0.4202421916951819
0.32895922664747745,0.6793680920955119,0.4431101182807937
0.3196325547425011,0.8071868977208012,0.427478721094176
0.3288518081474241,0.6259006942369179,0.4626550776043985
0.33041426364759485,0.6931879342736984,0.4609319301640027
0.33186545482951096,0.6586387650257276,0.4655037762798544
0.31370353628643904,0.7150685754805912,0.4117932345293863
0.309246351509954,0.6352325387719513,0.4183904780124464
0.33542800669708667,0.8712689540348141,0.4519849340117729
0.30636358413835707,0.6946702639735274,0.4204034197106578
0.30628820541848634,0.6872325550553912,0.4154197952596713
0.32765543004571895,0.630209677546497,0.4523047852050066
0.3129749254284276,0.5978549271796606,0.4329531729372289
0.32884621221981425,0.6053957500865272,0.4544692205487523
0.299852432344793,0.6487579931496638,0.3849272620631723
0.3171266174541416,0.6756460723039729,0.4431419448114197
0.2964439380091663,0.7075326537607244,0.390973776546981
0.3096319713529942,0.6826879504305982,0.4295303701509557
0.3155526025054243,0.7468095297733334,0.42852803024620856
0.3229131335241633,0.6046998897672758,0.4354402804353556
0.2998930798659012,0.6676645529265861,0.3945035377306156
0.3255294750521027,0.6433135607139309,0.44073640571538825
0.32294554663849817,0.6859619772658495,0.43742830328154975
0.315069208204916,0.6365885550227183,0.4304386685972881
0.34388617175885366,0.7108140324907185,0.454031798869327
0.3294301235679232,0.6659591142950448,0.4576736035436266
0.3162011108985469,0.6593490423291553,0.4205036603462524
0.337257318172083,0.7163549970737509,0.4774246560858314
0.32347795677844543,0.7540801890356026,0.4376607241294617
0.32233746949985603,0.6991013579281855,0.42687411637375056
0.30120259698690255,0.6114111678812757,0.38822503133391817
0.34016187845932094,0.6656414735710798,0.4748785164988469
0.3236694845519617,0.7430664079461322,0.4448356724574383
0.31272435663799036,0.6406905680702876,0.405332647914275
0.32632834547174616,0.6930121695823189,0.436684824009431
0.31071883853796867,0.6784144416583944,0.4217275276416684
0.3341119612028976,0.6327145431137255,0.482060810363037
0.3222617466526476,0.6068580549030752,0.4415895641841948
0.32286908072029197,0.6326436668725425,0.4297946137158999
0.3171516919207612,0.6664500570068076,0.4138372132969236
0.33410770550587204,0.8555457944847586,0.4572600800695157
0.34328540457177653,0.7212681791088421,0.483894063758084
0.32625113469085554,0.8634327964219561,0.4564116036764449
0.3277638438066948,0.7265232790703944,0.4459463814454615
0.348262560174728,0.627083052245831,0.4942329277241183
0.33346167732073284,0.6549505675692283,0.44260198960862857
0.332001711806207,0.672453673286276,0.4641625367131199
0.3336262239497648,0.7656704603861999,0.4356108738650321
0.32087288060279606,0.7060103027578433,0.410720440305546
0.3196266963416883,0.6682608128107798,0.4299284126750792
0.31235673684347665,0.6413300585441088,0.42234227739700825
0.31346855804423546,0.738430203954123,0.4250997645108157
0.36204192463659784,1.179543522240429,0.4148818279749956
0.33085843702737877,0.7779440216641951,0.4352623947294753
0.32552994703437277,0.7162437341682316,0.4284513102384189
0.3480557679803806,0.9065498230684422,0.44128793313909903
0.32622723379825286,0.6527334708302734,0.4240532204701827
0.3664643073904121,0.9183569569109004,0.4510944599081603
0.34631681617523236,0.8713262324586788,0.455809427711828
0.334317897677315,0.733861271258202,0.4594229498841042
0.33101157032391376,0.7901624515507406,0.4379371513735956
0.3313145738061344,0.9467088297021304,0.4318057527397013
0.3238839484821473,0.6301727820478545,0.42972796791245504
0.3066214790617135,0.6561588894240141,0.3998107841996203
0.33252385382469163,0.6736810950328085,0.4369623485745947
0.3329182062298041,0.6416866005440179,0.4429549331997581
0.32264178470921917,0.8302948670375997,0.4257794830487529
0.3305389950392806,0.6417281726994036,0.4641098244481411
0.2959702810503215,0.6515417203949977,0.3942659675018773
0.3151463002507418,0.628843803057198,0.4261620108941647
0.33755708609573937,0.6805228127066104,0.4641881893436956
0.3329218651556756,0.7061486374394051,0.4583367354266914
0.31421985806697006,0.7572321758679412,0.4307695525982133
0.3101494869438597,0.9192597205324574,0.4105640118705513
0.31129026306950897,0.7415752686606756,0.4157923171843467
0.31743620403922396,0.6465396859626655,0.430399170506875
0.325596412090825,0.6037196907641379,0.4456958040094658
0.3255419001184029,0.6770708244937542,0.4463961503778617
0.305944419786575,0.6189120569499991,0.3976348124303054
0.34088718234756743,0.7399869725687505,0.46623543419904606
0.3133653683986891,0.6242777426647526,0.4091160539086824
0.3548363818077036,0.904061413314143,0.4393089457622479
0.31816720446802577,0.7222897255506546,0.4199581465812889
0.3366732634714145,0.7389622662966686,0.4849813044411938
0.3432283662559476,0.6332604538548628,0.4754052384472643
0.3512635133016109,0.8726887696149612,0.424526420848556
0.31815952218002225,0.6329435746240379,0.44412973980665105
0.34599541156611235,0.9522472414952364,0.4571811196711929
0.3227939492145695,0.7151153046902544,0.4505316859221924
0.35122558167803836,0.8307094838063956,0.4675528073180996
0.3324371533248738,0.7763448912456209,0.4363934408487917
0.3053106754770941,0.6445437124766074,0.402309297135294
0.3179681106191218,0.8160199713480474,0.3945313975248703
0.3087763501196704,0.7623902625314575,0.4028499329929266
0.3302559511424185,0.7986916187539902,0.4465201493182887
0.324528506307033,0.9627012755737278,0.4013815481450721
0.33071118243331,0.9149473315855884,0.4213781195596579
0.29046077498827494,0.6484527170504043,0.38342812423198347
0.3321924984648696,0.9177006521355452,0.4229370916825468
0.3152852039154994,0.620325310479478,0.43118529921644944
0.3270481576639967,0.7509185176680176,0.4314485510792948
0.3333779576380101,0.9737653050512292,0.4139878406957492
0.3028326075516851,0.6730052064568893,0.3969243787288535
0.3146072629394166,0.6582502341627453,0.4254312689473158
0.3067571593746792,0.675616696129666,0.4096292233585692
0.31034338201925127,0.6633250954998701,0.4171660352533733
0.3361996134197823,0.8198366193047613,0.4690687842654144
0.33993289996391624,0.6573191018970053,0.4666444373795464
0.3407849720164883,0.7194608238331875,0.4738951346783011
0.3024474273547328,0.6790219115571915,0.404821914343728
0.3450073891508822,0.6429931362644872,0.4842381533878266
0.341459288805942,0.7133226645632876,0.4727306903562561
0.32389712756537753,0.6638224492778384,0.4353771115946724
0.3412103114894206,0.850850609475488,0.43801238659081176
0.3210174143768101,0.6410667568492755,0.4420769037410637
0.31806818572093243,0.7800044362030691,0.4161180166008413
0.3275136339650555,0.8745979707004259,0.4032525281380179
0.31079174906212964,0.7134651776118095,0.4162009059140525
0.3106951340278531,0.7421102307026246,0.4119999179418326
0.33207099019731795,0.7186706028653619,0.4391336912369523
0.3124370454142867,0.7023292017022772,0.4059964758778104
0.3271425626761919,0.7538406629352886,0.4158645817141626
0.34592836817157363,0.778426818481787,0.4744442814360828
0.3520713967325605,1.0562027390689042,0.4528355181653431
0.32713281723907867,0.8385988881171212,0.4369885706672095
0.3479297907363002,0.6521383597145184,0.4786989728949521
0.3403000001619139,0.7240455899115976,0.447077284452816
0.3359701807995257,0.6309808421351971,0.4435149168078146
0.31972034338065747,0.8707973549082554,0.4131516493971752
0.3246563700903042,0.7533803344566274,0.41980611401374057
0.32876924395178764,0.8384368413390232,0.4439268780154949
0.34880316446998516,1.1235699928837637,0.4334035212157971
0.33915191356870034,0.8648200158383845,0.4508346282462016
0.3215396427385355,0.8244799209975708,0.4196624009737961
0.3192058462041445,0.8204550026405003,0.4117224361056971
0.3182895461305466,0.6878129871268509,0.4143094538258944
0.35344308275631503,0.6873050345421775,0.4636873197106053
0.33162524908768404,0.8178528209110927,0.4151114381473084
0.31056863960789666,0.7037549236924646,0.3997769136989151
0.3443928327576648,0.7746137310710446,0.4298780801087638
0.31992208638798586,0.7898137540908314,0.40585536027892055
0.3161748054099647,0.6433126025274878,0.4041262932738339
0.32829128716458233,0.7040350998646496,0.4463206469260282
0.34786310174568363,0.741045156977545,0.4524205102566842
0.3500912102471594,0.8769656923352439,0.4596201279242885
0.31785092027696976,0.7031033105232606,0.4087419722713934
0.3452549205787367,0.7260264578659356,0.4567659816298978
0.35852051233219256,0.7447240853694974,0.481767453937026
0.322973701040991,0.6778698405198021,0.42884281323395096
0.3865770792579519,0.9735543302497692,0.4584684513619661
0.32627411329235206,0.7334489167638604,0.4140400867585346
0.33100568069659714,0.7431411971982314,0.4494802625925508
0.3289488072858713,0.7588806889916954,0.42413308910657066
0.3392451151381073,0.7223399347811862,0.42994818371964144
0.3315688700979347,1.2231713497205041,0.39907008660639703
0.3487900867411138,0.7499013158285887,0.4628154451757023
0.3173552752308364,0.6829050745252079,0.4096181632349573
0.31538202511995483,0.7531611440198066,0.3948997155441541
0.3647576149826601,1.1563249741890933,0.44867775897626705
0.3539473002143002,0.8237912881650048,0.4650012179237819
0.33631079004348857,0.7597043655010023,0.4491446484920631
0.3341542704398346,0.7547575535526994,0.4506543544827597
0.3323012882560924,0.7805137659171977,0.4247273335617943
0.31413941336852214,0.6763510485576328,0.4018406125539248
0.33524342607204327,0.8384218578971582,0.4238700094853866
0.338084227112079,0.793703238612414,0.4274982882088102
0.32510848886917243,0.8255827242276461,0.4429507261465437
0.33510838985917224,0.7117822463374895,0.44277137635342617
0.3364757038668084,0.7929208691395289,0.4261242229376513
0.3237058831777086,0.8998686854010987,0.4339161550609449
0.3354858137682774,0.6982545685310022,0.4604667200982952
0.3449449726352596,0.7241046755196969,0.4694229794466043
0.32308381446005824,0.7518448905277026,0.42284112945528507
0.3394422585888148,0.8123267544902252,0.4570717788143797
0.3192452053496252,0.7369465228461272,0.4228206133451885
0.326781641248665,0.706182973361517,0.41238875777568496
0.3485624118843563,1.0016308836620482,0.4484069020067775
0.33650276979324234,0.8481002249493197,0.4391067008320267
0.3163233012331934,1.012021372679674,0.38379726085101146
0.3518508535962245,1.0378043352285768,0.4617479622715821
0.3622140800092533,0.7503919285723173,0.4772897321294193
0.326629380034897,0.7493487355989653,0.4281303939024629
0.3365126657567491,0.8213922090931497,0.445213121797843
0.33641496146105604,0.7558236117326733,0.44868436026652997
0.32459624947203203,0.6855900716136862,0.4130318662746632
0.32697940134978565,0.7870899970484041,0.425241766144309
0.33166532163584184,0.9043016895022103,0.4284665376134292
0.34587547600955176,0.8721576227380339,0.4530430096738901
0.3396370213944016,0.8099665519719956,0.44589163968163376
0.34087320293479206,0.9435200377138572,0.4069361389282528
0.3300934505599664,0.7427323381854147,0.4341213898614877
0.331347255799494,0.6799504506274845,0.4394745681139501
0.3388973496942969,0.7342862099428866,0.4638143433196503
0.33671124392757223,0.7562662434308857,0.4399715556666809
0.3157641171301544,0.8570174304825068,0.4167134984562909
0.35256534235076664,1.036539706056795,0.45018819344260896
0.33510060721655976,0.80492930123843,0.4440578548791983
0.33183341576494707,0.829473338004865,0.4299338497572722
0.3559513802466334,0.8381624896932169,0.4556308053470676
0.3231170406124844,0.7515798189097683,0.40950156448223735
0.32368290579367726,0.7551486261341617,0.4239301886854717
0.3320915656787146,0.7895861402067316,0.4153322788205789
0.3382517969864137,0.7226002947361798,0.4616249225750274
0.30708420388266744,0.8020824884702002,0.3774865882569272
0.3665426875233483,0.7898150179968614,0.4977339915202383
0.34142035396520426,0.8185169321914348,0.4289361548260924
0.333801755933796,0.7536463741966348,0.4352376444236401
0.33166070506335205,0.8788787937335918,0.4110596773261992
0.3374833324199672,0.7213830832111762,0.4295397339432859
0.31747134632031904,0.7909570624427584,0.40489242414326426
0.32936077440786216,0.7340523089153379,0.4209384292797824
0.3468214666247982,0.884459827775798,0.4459745776739416
0.37324877370205145,0.8164683241094894,0.4737868115402153
0.37077065516483804,0.8442325103428978,0.4871280567258132
0.3288289201231783,0.7435153414569495,0.4224920413875526
0.34904997352187733,0.8572506261403064,0.4493264310127279
0.343346934392363,0.989274383273358,0.44130340163628096
0.35814580926136713,0.7705272271003188,0.4798614523024301
0.3309985001044741,0.7873741120107192,0.4249675414294851
0.33303827215651155,0.8441204622252511,0.4135396993262266
0.34896355768813464,0.8996913673667357,0.4285409032869046
0.31244622717117587,0.8668381493920022,0.3735071852821312
0.3102931568996402,0.7583596265472599,0.37926572402331815
0.3160328628366122,0.7804610120585486,0.3849259217339322
0.3809409309502406,1.1742441635127978,0.4690565317445695
0.3522545398997846,0.7115000143513744,0.4556898037307816
0.3639194555369377,0.8872122978984965,0.4368414665834909
0.3337364687930905,0.7198563793979359,0.4136164153729521
0.3383150856144234,0.8706431259064809,0.4196017477312637
0.35084921975029587,0.9150830792727562,0.4190014796031716
0.35162674357477103,0.9067991923923244,0.4314296483587489
0.3557150008780098,0.9492230492313882,0.4463045331861447
0.35460569078537846,0.7433367527796132,0.4651982773821951
0.3605989636578913,0.9172978464756328,0.45914912399202
0.329812252717728,0.9016361168054264,0.4133302114902419
0.40242208876362595,1.1214981177741392,0.45893019295680204
0.3535130162463635,0.7776421714213337,0.4551654458884422
0.3437480945077523,0.7667871456525739,0.4485784779719173
0.3492702593314039,0.8565352592360307,0.4370839234504935
0.3259226696639783,0.7830199963348713,0.413129873033696
0.33317848392748006,0.8195403245968903,0.4123533941686771
0.3315780906428998,0.9628725384116412,0.41508850627089294
0.34616198440960255,0.8572873464427242,0.4405139634764382
0.3460285683610914,0.7855274703226601,0.4622543385022632
0.32125212279512483,0.7634551989326559,0.4016940266492186
0.3711583032866551,1.2688889709654645,0.4310467673414051
0.34234937057648585,0.7760625079437083,0.4457080039874414
0.32909997315064277,1.1768798660883093,0.4060050239175205
0.334822073946041,0.8695776523191621,0.4090070779032985
0.33628094506848855,0.8366016365087492,0.4359434205020541
0.3385959571612881,1.0338966521122293,0.4409929475071538
0.3226299589261699,0.7986944355450304,0.4116046073388249
0.33857336778449837,0.7623104126996842,0.4372339231342439
0.37738552549929977,1.1410296050604092,0.448381286419524
0.3444513436149247,0.7942523982543219,0.43915185279692615
0.3640087882207426,0.9273210178025966,0.4636648428694386
0.3447188343798013,0.7667096714146627,0.4392852588475808
0.3457568953186299,0.7564756140510771,0.4434487158411269
0.34916515630711814,0.8254787449530607,0.4519087136029082
0.3335166546683054,0.8076861770850968,0.42309558048241735
0.33722401439658145,0.8492068779170059,0.4319744449086758
0.34944057817724405,0.8342311791733131,0.4479882806133525
0.3407635544074738,0.8809884463841496,0.4379619821318673
0.3508025788932485,1.0166855840618279,0.4475551056841184
0.3385388469891852,0.8012293890618116,0.437630601988533
0.33448885160705855,0.9883105328307288,0.4238493008193865
0.32748805719222795,1.0298149950769904,0.4127631129600994
0.36499935706627845,1.0458656337898289,0.4815789755533464
0.3615689088089141,0.876018504189853,0.4674485676095194
0.36720907362845934,1.2003939145337206,0.44957823550133225
0.34609338000084305,0.8731018308547799,0.4462928107311669
0.3360100833619779,0.8134704020872099,0.4255448894157279
0.3405183665642014,0.9155731246128892,0.43711455041916736
0.36030451413534065,1.001932215046632,0.4713718736575812
0.34501945379262067,0.8864933810282905,0.4417309602947123
0.361245965418795,0.947728188111414,0.4525439991700696
0.37012383103468577,0.8772786581861313,0.4938023606335885
0.3386529317381383,0.7604611334852449,0.4333425310035414
0.35743475380658585,0.8615143171669836,0.4686116245266282
0.39769586833608206,1.343540272831314,0.4806297934712663
0.4016396503457644,1.161275279888748,0.4981268622966498
0.36516104269448546,0.9778376499306156,0.4867121468434078
0.3623109945489587,1.123490135410137,0.4623682442269559
0.3526459359182085,0.9059676565488809,0.4533931595202034
0.39289322210419314,0.8472592780612114,0.514463459583542
0.4032739570452149,1.1942955677837783,0.500088597678511
0.37981850225717745,0.8960518849026876,0.474147489751932
0.42165225520557553,0.8395575368631687,0.5690501688119769
0.4077344700900646,1.1772886508738631,0.5243352684724729
0.41187722338942395,1.1765107914012534,0.5315477022507549
0.4204111612511604,1.0144411548292378,0.5324094389610482
0.41548189391411583,1.0185045168681126,0.557479305832103
0.4127934526415784,0.8958083294600289,0.5351083450077393
0.4455661045547861,1.200536904861421,0.5766519400032208
0.424778007152434,1.0822416962946415,0.5757072663507161
0.41354753172427805,1.1326357609080084,0.5518264640830961
0.3865153873752658,0.8613056293243442,0.525599980715099
0.4027768607023313,0.9097816864292372,0.5856763023109246
0.4359324844865624,0.9919412037407888,0.5878295766585268
0.42202185745073817,0.9793809583819898,0.5901443247814812
0.3952181500277818,0.8774355344206026,0.5788638465338644
0.40587739591135324,1.0021878493962542,0.5608092729931771
0.3989117495088844,1.0000221987003324,0.5792311555187798
0.44258687001753505,1.4209637264854198,0.6137693991740649
0.3692857182675164,0.8853501564011981,0.5884270903523803
0.37563479996150706,0.9585783335199648,0.5726612449795739
0.45988561215879015,1.0529751257912652,0.6100023047795579
0.43631555579249764,0.9694464052228992,0.5950658028738836
0.4846861744878531,1.0226091003879658,0.6023601806380507
0.4999320685715793,1.1180403607091969,0.6272544968026527
0.5040972165904136,1.522735227683579,0.6213902038576881
0.43505643407528355,1.4237222380514722,0.5617490376812211
0.5143853131325339,1.3234572647445502,0.637675297050265
0.5123075444882756,1.1821148929671486,0.6721277138847079
0.42897965025624385,1.229132163371743,0.6216861971970331
0.46850292540598304,1.3684860120322029,0.6618656214392448
0.4750513510288053,1.185188432338783,0.7190358266863558
0.4534128480707309,1.0599206193024684,0.6703659909128795
0.45157927197365594,1.1457072547313136,0.7251009515469042
0.4489454527950704,1.1237813690427443,0.6779433056877683
0.4444518822106734,1.2023612715358676,0.700956936705028
0.4089187495920974,1.1774307151861632,0.6422989100935442
0.4726797876294808,1.4144774046066524,0.7144904500397926
0.4772241561364185,1.4852756243171492,0.6664378993525156
0.47118345887351126,1.1704858858936753,0.7168143680816179
0.440979054516994,1.1190954552024663,0.6922469984886771
0.44318132239730146,1.3407155719807553,0.6925729629200947
0.45717272998972647,1.0903681395505729,0.7329109518281273
0.4688800016052889,1.5499122691391332,0.6645415241220318
0.45375617607411906,1.1650419046710996,0.703771709200518
0.4385086254502781,1.1035977782338326,0.6665609127985147
0.4369144162216437,1.0995594612527948,0.7181765997805938
0.44271134220259056,1.3805996246629797,0.6547435974688928
0.4146383585976004,1.1012340624729358,0.6629587460938977
0.5103026902944319,1.5668363742446003,0.6994832863487517
0.5092093497149386,1.0644933083847508,0.7183535762460305
0.4491275878812387,1.1747499318857848,0.6765614980009609
0.6798217979627178,1.4769482971493242,0.8974663874228966
1.0366433481287138,1.3370015889897169,1.2186796846535979
0.7669644435654962,1.4993920938586398,0.9094870637495776
1.1737961688192828,1.5780782868524093,1.2866093967516137
1.4096118823010753,1.5654368523864577,1.6361716874040446
1.3684095381333317,1.5816601035667872,1.5579906471600882
1.3747689521976116,1.5486173350826289,1.554419247835891
1.3510758120238455,1.5645010318277002,1.5427608654872542
1.34348047167376,1.5423338568028417,1.5300840532504705
1.3719873906930065,2.365435915802536,1.4969657519388375
1.3408462691118155,1.5363628047150433,1.4957744826869956
1.3619384648775434,1.5308650042097494,1.5221077627448112
1.3105113348409463,1.44050309207248,1.4849152770866554
1.3364483737778783,1.6009767366619878,1.5032287948799736
1.294069025363081,1.6086331531136566,1.4978876586819274
1.2956549782147146,1.4975791286151294,1.4902245142762933
1.299509803126533,1.7237257126383088,1.4641162151266798
1.3103627240832139,1.4528605004541049,1.490243257897456
1.2919401325942874,1.6013087889334157,1.4745249377912844
1.3042825951587111,1.44766166321113,1.4785677579138643
1.3046952042954354,1.6381218901037096,1.496498265888328
1.2796795817547466,1.4786928402095834,1.4753014576889705
1.3014772541272726,1.4500755367879372,1.4778250571247051
1.1465064797501845,2.1411724796894958,1.4997275262616427
1.3253002317859377,1.534351690198516,1.507422289047519
1.322970619340512,1.4663034473834238,1.5370197775040737
1.31583454491324,1.4866485655328376,1.5021095619240932
1.33305230103734,1.5845456296094764,1.509470701447838
1.3004129575573307,1.5795198878526164,1.4607393447459849
1.2965883248298635,1.5098093606292118,1.5133302692867894
1.363893087829507,1.5128470137572294,1.532948705375666
1.3421496643202482,1.5200589967341267,1.5161967880274936
1.4160940925669934,1.8357939323183323,1.5158639523387094
1.297926032088543,1.6119204365494912,1.5016634267472322
1.323954978703608,1.5635082152254771,1.502423431272403
1.342976527854089,1.54543605558202,1.4885943026439674
1.2936123415448904,1.6156237402524027,1.5080679314442895
1.3982986136274773,1.8031276046292437,1.5316583506671229
1.3666782115648295,1.6808628718327498,1.5101208983108887
1.3346211590206423,1.6082851500703248,1.5141370461719077
1.3430021094548295,1.5839241888761932,1.509151258593788
1.3455439995592462,1.575924685939008,1.4910025874499897
1.3315509963748808,1.6199595891173777,1.5400858890465141
1.3213565150729352,1.5318095493239494,1.4850476275333326
1.3359847931412663,1.4739369619244886,1.5176483260144644
1.3382057637511349,1.7356927077911382,1.5219750349279446
1.3562690710502767,1.6704848364118796,1.5311705787204288
1.3348955154215838,1.5033315396525109,1.5381450817315132
1.3660245045788224,1.6161977413270991,1.5295504258186101
1.326389965910362,1.4811650287921938,1.4977239641015845
1.356240660270164,1.6069472404980096,1.5087241585388051
1.3889205458370721,1.6901079190889894,1.4999491848849411
1.3528792981338285,1.7222123876450213,1.5075790135861822
1.363262456030733,1.7319550224671003,1.5269398343681704
1.3528216624201332,1.5190294081130304,1.5405120585236074
1.360658177384908,1.543948312425535,1.5347907079200769
1.3384973600499313,1.7441611775248682,1.52384160145852
1.3381310091212613,1.4490000431632677,1.502918412797046
1.3232502135616857,1.6864320207152392,1.4789065918180575
1.346424779969678,1.5241503225635598,1.4948353996206143
1.2723204503991843,2.002107822042796,1.4802691389419966
1.326292987566506,1.4588303696814415,1.5183974801004014
1.2785552516741765,1.5027789372170433,1.431236738208061
1.316346890785426,1.4849352101737199,1.5040669705879692
1.2807155022478398,1.3794361875234795,1.4529640096876673
1.2717959787948636,1.5644087052022826,1.4268239684336308
1.2730926419904092,1.4838063610986447,1.4545812871847985
1.2756621293734698,1.8361523842622915,1.479509424175461
1.216061195352515,1.5937008470219405,1.428817991458193
1.2502562358498728,1.362551218852446,1.4468309928343177
1.2285429076928933,1.5380738409504502,1.3968211145579297
1.2417961140146363,1.4945269323586237,1.4104930106576037
1.2285142654538692,1.3934726518417853,1.4147555782821557
1.2459170948694096,1.7735372896269022,1.4114861219691957
1.262821088470176,1.5539751007359115,1.3855848906098194
1.2268999720424032,1.495995570644095,1.412435823285238
1.203269144219823,1.644745053149965,1.407792421178565
1.2440568986554703,1.545095829377393,1.4291512557420274
1.2400562173312348,1.4358493070513212,1.400481655440496
1.2942709366734175,1.5576421486819416,1.4170282228644364
1.141167369575128,2.0775278760711897,1.4301289328854891
1.2200123422198432,1.5650343521356709,1.4342382506123794
1.2700335430186735,1.4822990421101727,1.3971206601685249
1.1690159807852174,2.0611632363806534,1.3976882132562525
1.248170176548386,1.4334967859453664,1.3949600946144154
1.2269910284191494,1.5182567987935192,1.4143656888035017
1.251154937639355,1.4099563700811308,1.399355663779966
1.216546789069883,1.466537194772931,1.37689387146611
1.2061781321537373,1.5104793986567508,1.3590682038420114
1.2382752822066123,1.754488714617022,1.3650381197122392
1.1926414477859846,1.3878224296691173,1.351779347678611
1.2056414238145576,1.3617565743503153,1.3448482770009205
1.144206429287227,1.4347963374101493,1.3148699481444392
1.1391884032763937,1.3193574230467666,1.3235914395473674
1.2435149285599891,2.2363585974719253,1.3739362136678404
1.154158911969608,1.4226207159268651,1.303197582438593
1.0306916166631492,2.297309665251852,1.301139789430001
1.1797589438070546,1.4864269942105903,1.3366935662122577
1.148247434204088,1.498458797719359,1.33583710610248
1.1608356019089672,1.4254384833576348,1.3136926578841388
1.1601489001971186,1.5152018448681113,1.2951411777284418
1.1088140034680156,1.5667592032767936,1.3260803125770697
1.1226556341150318,1.4057177432117538,1.2722162292145969
1.2051528425932752,1.7748547621507902,1.274625137228427
1.1490925645564598,1.6543434194248818,1.3044134804903564
1.1418495621284332,1.3465884928420893,1.2791632035635727
1.1047005225519368,1.445692099686257,1.287898150148015
1.1086012017839924,1.6041131519069367,1.2720378775222227
1.1471983377236383,1.4134478748446415,1.3188910335256423
1.131367124267653,1.8053995914287548,1.281173690839968
1.1582911133948495,1.5020120239224195,1.3039820679525658
1.1682751496236754,1.5886969224730136,1.3052198978097875
1.1501608899134543,1.690434023808943,1.31580359593543
1.1589968651286642,1.380441672012651,1.3187954700255835
1.1568149838206088,1.4345572476703274,1.3092623999252992
1.1762824796220646,1.614376981160355,1.3094792682548524
1.1363846527250834,1.5060217381495449,1.2977108514091495
1.152023540992478,1.3084675336869038,1.2954191508685688
1.1700524733000173,1.3315338216284354,1.3256977985516305
1.1703785001014095,1.3064440859782485,1.3375589051628385
1.1282261088267433,1.4880483708287557,1.3082709455325596
1.109125053911909,1.8870266052255342,1.2928558004054893
1.1601682613876843,1.4158057771990544,1.2954024154404222
1.148313574792177,1.3386455990359545,1.298475496971753
1.1618171915057387,1.3256196329965844,1.2977091102751392
1.1589770977987306,1.3850431410118496,1.2921360954713583
1.1605596140562733,1.3433981625865197,1.3091606089975687
1.1815745717339792,1.4493818206589102,1.3247648401997123
1.1721787716004333,1.3061132599754652,1.3224512330047036
1.1826184725495463,1.5137293913265517,1.3143085981891138
1.151291238745757,1.3673166753390398,1.3207691333574183
1.1112233307902517,1.487674161580818,1.292970460779319
1.0963221886310381,1.4202087730036348,1.271949754075162
1.1528824000498277,1.3478563020771126,1.3099480871643008
1.1534193720628878,1.3734338279423255,1.2998264263177008
1.1411216592243962,1.3005166699768926,1.29963583490777
1.1138256397792774,1.4310482265235134,1.2802140271399247
1.1241023093346225,1.3626670728569328,1.2950086528163394
1.1461386165002938,1.3888004217576153,1.2925746470219606
1.1259990525414942,1.4461064799079393,1.2765036448231837
1.1166103726414622,1.2311965864282677,1.2641911949727371
1.1365550416003756,2.032466000105255,1.290480966786029
1.094172671585482,1.3474917750634283,1.2448925771198174
1.1134578134080018,1.4973047759202407,1.257510934069124
1.0771862440766946,1.3360924225242192,1.2108963214797033
1.0690618516081176,1.3180904314677404,1.2250010876085224
1.094678181312938,1.257581518969842,1.2340861041424078
1.0592632791296337,1.1933424674678421,1.2160987048539484
1.0563857748791654,1.502049129739783,1.1981509518142233
1.052946054285981,1.2915962378978805,1.199177835762821
1.0322542695603567,1.4230245401776824,1.2086555467936768
1.0877621558240183,1.8066921791176036,1.198854708682896
1.0353281483462289,1.2667184836537841,1.1874203910428087
1.0523363426627907,1.2612044653238796,1.1949557996677715
1.0103126494754995,1.450659399678855,1.1995717478569643
1.0579550787849217,1.3071104301896779,1.1982981678616498
1.0367672015205749,1.2143492441156185,1.1617975753708345
1.0182751528066365,1.3018437579064226,1.1768209533237919
1.0304198165591307,1.6584041709769641,1.1877614917243895
1.0337249626281544,1.272992095862473,1.1756238575578088
1.0315546488423122,1.3731628737481012,1.186447317111858
1.0219585400049571,1.2458898229796425,1.1806347960843415
1.0264522054693044,1.2855949278014531,1.1697869909935907
1.0439798707106773,1.4067925851852083,1.1771875651844317
1.0118230657586809,1.1939364373614094,1.1713593149524857
1.0239095558569264,1.159611922553321,1.1959157632517516
1.0076489458955993,1.1683403338458982,1.166559036887268
1.0302273630186172,1.29173134497041,1.1961277695382375
1.0359884575736238,1.4239127043384512,1.1609757349814875
1.0442519408125839,1.4504610516103509,1.179826041164305
1.0206898224659156,1.5890740501512193,1.1690101775410129
0.9725215957367138,1.1957533552177677,1.1678180224515815
0.9736628650147228,1.2815780123681308,1.163538248247023
0.9890314816968063,1.2146544713350131,1.1442904457804346
0.9609818991334578,1.2194453879710725,1.1299915293966694
0.9336139099206696,1.4349303118885817,1.1459583291239952
0.983383934613872,1.3357025364973232,1.1433621267083545
0.9796996016118584,1.240207445163206,1.126632422846837
0.9891059215135317,1.178927688026894,1.1465971824943957
1.012125835368608,1.3358499460092497,1.1434924270693931
0.9701550803840137,1.1598585649407052,1.1116442169433316
0.9848671641427279,1.2414978502135754,1.1266927102117412
0.9998534319863839,1.2132007684416122,1.1360894430546469
1.0046196431467154,1.2573565055653029,1.1327425618299949
1.0052898116188944,1.2340181771254728,1.1371295135943718
0.9837543300659939,1.1760417522682665,1.1463271655884966
0.991941643745564,1.211265223665206,1.1376033030845776
0.9922213621123974,1.1878463940900787,1.1523131329860987
0.9905122602741252,1.2473033709853676,1.1376208079373809
0.9602700019397079,1.376382873639482,1.1412397443278308
0.9796921322441569,1.1869566543208956,1.1294061276632938
0.9813355900849687,1.1818865497032598,1.1378193372397805
0.9753866328580952,1.2316292868034726,1.1005527917360638
0.9711575602611309,1.1571408945765844,1.1149798884337023
0.948849350474515,1.311778136994134,1.1123252685942604
0.928113595717789,1.4734495210148773,1.0887232918894816
0.9383480005105445,1.309123482374679,1.0915327145511602
0.9364548195044088,1.1591254926285584,1.0866746896363044
0.9513245171160756,1.2478962954273622,1.0922192744078196
0.9498356640981038,1.1240942738762474,1.0829402258046894
0.9503573159498486,1.081813751941173,1.1106199248395854
0.9507199017641803,1.1266219480759927,1.0777813127409632
0.9604413525003653,1.2028396753936712,1.1049063302509956
0.9474037213268355,1.1477051112257284,1.0932419396948736
0.957105875476714,1.3062740426314616,1.0788773200348438
1.0415955443606955,1.911150964930109,1.1052177614388172
0.9575425343954999,1.2076731304370545,1.090633678144138
0.9564220157840073,1.2269174297178385,1.0944807080329813
0.9524603265462178,1.3069695943960045,1.1130591130336898
0.9581065760756425,1.1461638538803112,1.1173535054854082
0.9559079191577956,1.1983369479013668,1.1294193315891778
0.9452946579595773,1.2142795555506596,1.1170767478707124
0.9378922805821037,1.2389012697262356,1.099882013381798
0.9461964746123122,1.252898331544699,1.1177806700287185
0.9455833919515562,1.1696901322569102,1.1208734813153731
0.958693181589839,1.2260210327445362,1.0906333816901028
0.9492676421554086,1.216948315856381,1.0998917755116324
0.9589880179675331,1.139126815695215,1.0944995196757097
0.9460414929148664,1.1548275572672848,1.11247410418708
0.9714446676026527,1.5269225354999938,1.1006498509273526
0.9548396815885721,1.210414007457468,1.1061445102359764
0.9502396481572033,1.0726073586471407,1.1000258898913418
0.9585254496094433,1.2609131063719994,1.09442620951717
0.9732143863728231,1.420531147079896,1.1262108031856508
0.9608224611943098,1.3575253119462625,1.1160350340443443
0.956778421871997,1.2824607376135233,1.1136236731918396
0.9541440737534569,1.4881542144278097,1.0955547456168055
0.9512695265443147,1.2588879995691933,1.1253423153196267
0.948590662036935,1.4361786171240332,1.105662432319523
0.9474790830565786,1.3825601111989263,1.086239768004465
0.9392784998128633,1.1365369526599831,1.0895102319076926
0.9472217530121765,1.3239561840951648,1.074864897335343
0.9313200949744075,1.1415899031823729,1.0895070419393234
0.9302016849174382,1.1284834112794258,1.0889845726153071
0.9193768091606216,1.0953284522749538,1.0666917842621528
0.923520572489499,1.1943074378536394,1.0825606284729528
0.9230260171335856,1.2676568348080464,1.0876096091922094
0.9240487725767115,1.060235976629088,1.0755405445069144
0.9157569216032537,1.2893018555523101,1.0748428994855828
0.9450425447984617,1.3382429017181088,1.0886995343261794
0.9159223427328922,1.103419986842747,1.0617877016362929
0.9001460278755948,1.0772068030768895,1.0816644178047212
0.9062568057644106,1.0768471077178101,1.052207047156967
0.9049399529711618,1.201819132420641,1.067175496051547
0.888175247425774,1.181376972685671,1.0569610475818385
0.8560442096246836,1.0485934972114712,1.027250505007164
0.8529075721830753,0.9880028246251708,1.0296320974285564
0.8498609266428738,1.2521049854265314,1.01266207176255
0.8249158126380439,1.0713117233403822,0.9903443317056876
0.8252859637512904,1.123070651488436,0.9784562154846204
0.8189327954058063,1.1377039773925577,0.977010987443492
0.814789178729349,0.959932022788432,0.972759681699282
0.8201214920109325,1.0838380539469628,0.9817243122296804
0.8281964690418817,1.13436302472086,0.989068879256999
0.8181939045466247,0.9501360191708834,0.9861690958296212
0.8295153356784073,1.0476995497755577,0.9820640884184876
0.8199743746203357,1.0747063130402663,0.967954562005382
0.8266065757551256,1.2824989301573868,0.9684221859972321
0.8052735033758706,1.0404507465687964,0.9759051719310464
0.8125857503670015,1.0278034131543237,0.975214431389278
0.8332645277167218,1.175966646060492,0.9715482548561084
0.8183459101754113,1.30294810095766,0.9774965138632368
0.8117688333987069,1.0864836600875345,0.964248295724326
0.8117608965082203,1.0492493867366846,0.9691680798031004
0.8223373015042716,1.1901133441109162,0.9797322076730882
0.8177167734709795,1.0239434346417864,0.9679409873010376
0.8159966243860715,1.1081145489555342,0.955816481827085
0.8157360228067759,1.343105880870639,0.9895533702533448
0.8198966106459895,1.1259215128753943,0.9830666128188952
0.836420633497759,1.268008813176824,0.977791791676064
0.833225817591267,1.1190150752200367,0.9838647303706484
0.837252531631245,1.0720688846091186,0.9761652023911592
0.8144178002862147,1.2189364253199664,0.9777703742031832
0.8166989943202313,1.0578072032146884,0.975131046779761
0.8210986587953281,1.302299380505127,0.9807819563435908
0.8221848699621899,1.1294741506948505,0.9782559639970018
0.8544951132807485,1.4248689550666271,0.9916826350601304
0.8233988582903031,1.2693220303358903,0.9648431686339058
0.8004546835523259,1.1031343282408388,0.946575944310304
0.7955984946578846,1.2074239244292257,0.9397258217033824
0.7824924372720349,1.0864802600175545,0.9335978685271012
0.7884173283260814,1.0114413623900036,0.9394820858478244
0.7823374588841144,1.0089568054467934,0.938679625524543
0.7794208624331549,1.036730487071137,0.9312931556532028
0.7919432351441018,1.2096130167016248,0.9419475828483276
0.8017333575239276,1.3345296463034313,0.9290783326517792
