window_size_1_MASE,Exp_wAll,Linear_w200
0.3052515086727972,0.4323173311112857,0.4876326390315889
0.31734609768827665,0.4350164935737056,0.5048816806465471
0.2935587409602573,0.40594346785670304,0.4759185022821642
0.3102685113334573,0.4379087150319173,0.4687949767323952
0.33089058940648813,0.4581425832737827,0.5230709579952925
0.3118547451996698,0.444015245596456,0.4916913802988219
0.3379880090510805,0.4711074082300801,0.5133372235057975
0.3140447364089744,0.43989130972437857,0.4802265341392716
0.3289873169436651,0.4852109589848376,0.4641978962874208
0.32081868334065256,0.44017600576538,0.5227707971991259
0.3092219350659124,0.4271459199492358,0.4901167896480386
0.2902347928501395,0.3972015508328879,0.4792862600048701
0.31144759201742755,0.4280375851901419,0.5144271358059376
0.31870381806273557,0.4417597350550153,0.5086087498738883
0.30570972610187624,0.4415635349708376,0.4883500239587365
0.3037210321928114,0.42466073333814497,0.4794152497158792
0.3256473086573349,0.45376574877016296,0.4903813251537155
0.3275991664807409,0.4661146377839278,0.4973619598650578
0.30353393548602237,0.4199463790676387,0.482867184866849
0.3264681207676705,0.469047878918197,0.4921405374120264
0.28377624349432373,0.381352267784785,0.5042266854984826
0.31802184566007785,0.4527791810109318,0.488001043666595
0.3248046285455718,0.4610232819417485,0.5066115251579203
0.3078097774200703,0.4298121808556079,0.469775176629956
0.31645910606054245,0.45992361084587396,0.47389703583732395
0.3254222742917381,0.4546143599337873,0.482480151398801
0.3375730304007942,0.4985540845336725,0.497679586911428
0.304597624540758,0.4085796938893125,0.5153525584125159
0.317656827572862,0.4334323087726936,0.5400032707850332
0.3182082310071707,0.4342962162227073,0.5025827145861271
0.31414576750584466,0.4305136165955645,0.4957867262147119
0.3102140208795292,0.42356214142487614,0.4927881660337294
0.3060000220153815,0.4264728897021744,0.4911438384746735
0.288360390510123,0.3874693693541799,0.4970024603400108
0.32919184400074253,0.4651126931029619,0.5080837199736984
0.30967373564581024,0.40988249556857975,0.5375805129000562
0.3053125192710863,0.4211467527468621,0.4852819101179454
0.33004772035063956,0.4650985776108534,0.5077911557267456
0.3192396337962811,0.4510244882649628,0.5032088919348038
0.31961095748508184,0.4484939464173697,0.5011367783411328
0.31625342004496154,0.4430476179211228,0.5049979642340502
0.32078627789193576,0.4516456649572973,0.5039714485450633
0.3137790911146238,0.4347115884869794,0.482949782750666
0.30601013071005845,0.4212658237555839,0.5136395948654988
0.29987986111430087,0.4002154954009904,0.4770881444602574
0.30844014371104933,0.4337014507583569,0.4710360273765968
0.3116950280955686,0.4367333204559025,0.5047879619943871
0.31056131070767523,0.42841826204067207,0.5154864230099301
0.32032675221085927,0.4418554474378973,0.4975204628652384
0.3246826587357341,0.4529186644137321,0.5059263085899307
0.3244604283233049,0.4667907008635673,0.4965366982253525
0.30763687331059364,0.4389449140027744,0.4774237768243823
0.3227733761157371,0.4427942276609734,0.503692766344641
0.31257150124792216,0.4353857568996419,0.4877887329642794
0.2948603277193709,0.4062064021163546,0.4808928899947439
0.31391317875069513,0.4435094798974217,0.4760708388047293
0.29192337526146966,0.3998526766103005,0.4987051903451912
0.31193565843160587,0.4461357615756997,0.4949592041823457
0.31246005194446846,0.4379841782673804,0.5133745107552505
0.3164789903656212,0.4472842758057603,0.5206860936024975
0.3307191548671444,0.4771541415822746,0.5044013916037108
0.2986275732092031,0.4136337207331575,0.5169701523484759
0.3135737346718856,0.4451857494551819,0.4695923423236698
0.3116272153459961,0.4272621587576528,0.4873524499633157
0.31002382175055937,0.4376528228545803,0.4926240676306905
0.30852907660258316,0.4249247314275402,0.4783161699753119
0.31461159349667844,0.44549754411441467,0.4957756671106383
0.3199508490982336,0.4556735113406804,0.4993105511681927
0.3119128679884973,0.4255654899056357,0.5049272002152992
0.3194445861882422,0.44778709241293796,0.5246861100960039
0.3048585041798693,0.4296720930989221,0.4769506816807289
0.2996894068850309,0.41354040014478977,0.5223665127067927
0.31754430709742965,0.44536722851516536,0.4960550156404835
0.31443894028527125,0.4358424426572687,0.5099744907207827
0.33401826700403947,0.4738827649467121,0.5209908822814612
0.30517158958923896,0.4342898441285677,0.5022889296011788
0.2859939822688047,0.3808841950167951,0.5138234701005832
0.3264000145295881,0.4604067259162438,0.5109504426470397
0.3040861305879778,0.4221234714368503,0.5050657223404789
0.31731825888176235,0.4508627168437888,0.490920211110198
0.3149695630694835,0.4297129130160647,0.5043526112612121
0.3107904970247752,0.4363180858947435,0.496235222505444
0.30722608537468354,0.43069402414058905,0.4928301238126427
0.3067460967209074,0.4208745737868051,0.4965650862917166
0.33723012565968596,0.4737395168133798,0.5042102993486471
0.29264467833126206,0.40148305317366817,0.4673637188271706
0.3065890608550575,0.4288759591872849,0.5168833046755821
0.31430732915320325,0.4399201353645572,0.5200928706002736
0.32806821445998,0.4550773012128845,0.5416693655337719
0.32083702911603623,0.4581600634482091,0.4777764605831887
0.30911497728398263,0.4452193734606576,0.4855595827935428
0.3057529216445902,0.4284122231240937,0.4970100511230322
0.296834537970597,0.4071467059021928,0.5072748431109652
0.318149342852719,0.4600175619412691,0.4828244674545533
0.31967504873745384,0.4532981365014813,0.5150435815454874
0.28518595896886134,0.3892939471252623,0.4841911655914652
0.30741333467350823,0.4379628952885168,0.48598858888766205
0.28528232686283156,0.3994976030102708,0.4795569080008569
0.3013147713071971,0.40717374504170784,0.5023474334074948
0.28260963100226366,0.3839301123042035,0.5301945458399804
0.30148789773780305,0.4152839038719479,0.5017216233308418
0.28964616578789665,0.3856657093273688,0.5177579638954124
0.32368544660583487,0.4653374640330538,0.5128216815397253
0.29225727055655853,0.3984895418432049,0.4740155982536781
0.29584024697576355,0.4102938629243724,0.5166409887754686
0.31921688511691754,0.4563978473190054,0.500485392547895
0.31307264507286053,0.4443830882018467,0.47827868535045
0.2990963594438453,0.3951062867288211,0.5163462147870821
0.30619125899455996,0.41621401110112827,0.5102656257041057
0.3146899230478381,0.4333489580220597,0.4919053617758559
0.3197765688623507,0.4603554679744616,0.4862798975040396
0.3146371205236337,0.4508570301747217,0.4867373632901526
0.3219433380125896,0.4562351488917952,0.4941941456229882
0.31348313782235737,0.4402281983556661,0.4940996208443804
0.3081528280911614,0.4308592648440723,0.4773116862271617
0.2987688409130222,0.4106243812248263,0.4898092416655485
0.3167979547451551,0.4451285500527492,0.4917592579184379
0.33143541828911594,0.4659711865039857,0.4921826084734332
0.3013311917227357,0.4175247737358937,0.4898086116485105
0.3075919482779151,0.4309232302955936,0.5122764456528597
0.3153717577997836,0.4450035740681265,0.47627436507760396
0.31044225033116185,0.4390346206701883,0.4732655823296233
0.3244798599884624,0.4736068403345062,0.4866014211497218
0.29207911955517957,0.3992460791575829,0.5135119579195923
0.33641993554784877,0.4941191202445603,0.5029249784928137
0.3090212228969314,0.4443301462188917,0.4944923330070372
0.27978499095641873,0.3818074197333942,0.4889714172836376
0.3168040284247904,0.4393746858020161,0.5060442902113572
0.31211321329663216,0.4377638186154904,0.4991633225734654
0.29656258881934233,0.4089541260826443,0.5041469104273953
0.3131343500907118,0.442964610895068,0.4838325791966546
0.3153145694170503,0.4320921355924388,0.5079247339798085
0.28402052809925865,0.3765444434211586,0.4933859474625072
0.3104445228319181,0.4411514022827723,0.4877722718736463
0.3037219009620987,0.4228602265378779,0.4897099062553645
0.31421773968548206,0.4332580034374612,0.4913348872295205
0.31020154657163423,0.4372416395710916,0.4914092152008421
0.3357900559863236,0.4705738204065663,0.5036737590709011
0.3170495995685923,0.4473273319531139,0.4778550216612529
0.32014708483034243,0.4333927798742113,0.5153071563554238
0.30829139695638974,0.4222291070088121,0.4824077077198983
0.30836221103911476,0.4184442092386439,0.5081924408897512
0.3070288350427904,0.4194265932724848,0.4798973715126187
0.30542603227029863,0.4237608307196284,0.4819938308122353
0.3199476921486748,0.4473390170358264,0.5005254413187267
0.32430388652806824,0.4439996690393183,0.5076871472992337
0.318521196849414,0.4500581301498633,0.4938608484945845
0.29978249199375406,0.415420087427154,0.4667511035537621
0.32404933134071184,0.4510079694617224,0.5110999202275841
0.2999499831004196,0.4128602989708546,0.4910147828827138
0.2999757370374201,0.4131556540737487,0.4697642345729866
0.32011463512012983,0.4529349503044578,0.4999291819786613
0.3184809909098054,0.4376882148553126,0.5053709144697742
0.3135698196361099,0.4293864729815257,0.5096562414282143
0.3128748426317321,0.4434015939876804,0.4781488247428442
0.29906200847106207,0.417099851318561,0.52223056530764
0.3155902610577987,0.4362436157569842,0.4984579101002283
0.3312995515393506,0.4763559634634893,0.4865148877635815
0.29850483847095605,0.4103016370754408,0.4872006157229721
0.3215545629962391,0.447031271663886,0.4903631436400058
0.29757323604423874,0.4107969547038132,0.4809612565539946
0.2973918814786355,0.42139166472822537,0.4721370229425036
0.30330389007997843,0.4135376343122079,0.4958008715319629
0.3126888918902058,0.43687132824653613,0.4879548372897217
0.3191756103297611,0.44426884325822624,0.4725538500165014
0.3238936571685659,0.4442877219946724,0.5219433689561783
0.3085321312982283,0.4343803248744332,0.4652570638224349
0.3117677208742529,0.4319807805753826,0.4808082234012056
0.32329063608469144,0.4588120871500505,0.4878562829046861
0.311714269619363,0.4313694694880235,0.4960280876911733
0.3055074300189872,0.4147430603626847,0.5028491581752941
0.31484090925864033,0.4415194514054621,0.521473392205614
0.3227251427997004,0.4509312533525667,0.5136155278807096
0.306312602890338,0.4363005193848036,0.4791430775460304
0.31320769335699306,0.4509238743204815,0.492606653115989
0.2922982789311642,0.42051660268524826,0.4798612102769553
0.3011235193928398,0.4373050404497101,0.4865177479303421
0.31526934705345444,0.4570222303683592,0.4800695714354785
0.3086783973066851,0.4507676732725651,0.5103278629008379
0.3264804012620338,0.48247726134236296,0.4958219984429801
0.31313009090009375,0.4456952613912689,0.4823417970556138
0.3196271493956443,0.4547525220974016,0.5093725675240779
0.2982938456696463,0.4081347627447041,0.5168319533897312
0.3106432599673771,0.44157063610099256,0.5093665694762549
0.29876330149585345,0.4069943626062975,0.5040258115872949
0.3190639027321462,0.451795015209636,0.5040904339133987
0.3056565747622838,0.439882611101473,0.4578381165927842
0.30817916823634506,0.4296037916585563,0.5187725067846748
0.30870750390177315,0.4400255259164487,0.4703465663373928
0.307766593517822,0.4435109840664804,0.4668308461499908
0.3264795028402841,0.4805997546242018,0.4850513575427683
0.30857605559650325,0.4375241648751584,0.5125908172440872
0.29804901989801474,0.41980097051292026,0.5102673480553076
0.3017293525426622,0.42642733671917343,0.47321507007920005
0.30308817811747674,0.4189527766500156,0.5138732631087213
0.3068694685828998,0.4426338073771893,0.4687012296074594
0.3168581087147856,0.4480370978467009,0.5065728536701458
0.31866600636821396,0.4505468781925834,0.4937300194909796
0.31832847348039794,0.4686688117037859,0.486017974376505
0.29806502269317847,0.4155719148842827,0.4757651389860764
0.30218776283680737,0.4216221151296233,0.5052483966198351
0.33017720948820345,0.4776901329126256,0.5052003900420022
0.2919007377103207,0.404528949539899,0.4839904212605676
0.327844852945329,0.4769649885486512,0.4954042520977234
0.33440703373787783,0.4988278170108703,0.4845928454572826
0.2897918927145067,0.4171534225723725,0.468992218246631
0.31591174163421026,0.4556351107579949,0.5002642537305839
0.3062938293137441,0.4373061058012756,0.49413766986819296
0.32043764557483756,0.4636038494398671,0.4715523356943278
0.3178125765471142,0.4541102897236488,0.4891836158194484
0.30713873941297914,0.4404011227149249,0.5034540237373211
0.32894535044104617,0.4637984074444156,0.5136157235113061
0.3210785001466461,0.4556342777464734,0.5133460875053688
0.32374497243255485,0.4644396443369784,0.5027228191853792
0.3122531544724816,0.4414634950925179,0.5016919342319016
0.30386849756840933,0.4258438801968802,0.5133139662635312
0.30329357993200284,0.4289572125123892,0.4925669446192643
0.30026436857346617,0.42084214420033467,0.4885971956877917
0.30520684424306865,0.42394047110601796,0.5371523946536797
0.31765845230388634,0.4715812825759407,0.4627948759941162
0.28884096888456795,0.41193648362602026,0.4855762520274836
0.3205490478951829,0.4518586006150638,0.5044938092187421
0.3201986945416931,0.4606367068745776,0.4881279459833488
0.3288492554169094,0.4693916221987775,0.4951042006953997
0.30372171977817486,0.43559190091773536,0.5021197893586831
0.30096502321236557,0.4213002455905599,0.4848082008430732
0.3033641525505408,0.4267942252927219,0.5057833230191817
0.31353408779202746,0.4446803821987204,0.4978194335233319
0.30698674913711843,0.4222765212554905,0.4900598410814304
0.3170737670703908,0.4548288137054192,0.4962697364895478
0.3027240390275027,0.4273319590104638,0.5001604148277153
0.3069879840775046,0.43457719188296506,0.4884441215045761
0.3094691707843662,0.4412954834284703,0.4910589870313066
0.2989918432546,0.4094709828665649,0.4979184353439474
0.30943462167198904,0.4387845537751969,0.5113000882443574
0.3037685814632265,0.4230334217058296,0.5182171573985319
0.3078361604813704,0.4226877827197728,0.4980906795249192
0.318734977598324,0.4535045691357986,0.50547659252364
0.2862119554117608,0.3985266349843247,0.518063630906264
0.3257964251053038,0.4717890264349421,0.5093272040455846
0.3177447564844689,0.4574947348916096,0.49685167876971403
0.3092825610340031,0.4402674406796995,0.4847200446638954
0.31255668646283985,0.4490243699895224,0.4776110250639865
0.30760569291859413,0.4445644595539694,0.4889194385990732
0.31204877334437575,0.4472889546563239,0.4679473381382423
0.2877884933085307,0.4071117924361104,0.4890066492312069
0.33517198889131505,0.4768179397563358,0.4996451475628914
0.3485166193716633,0.5037921514269523,0.5288778605370261
0.2845745486464431,0.37707397901085776,0.5101295268677436
0.28965100268240124,0.4049243784961003,0.4883216615374125
0.2989515427026489,0.42703197015967503,0.4985976505551804
0.31592156007866146,0.4671700045559452,0.4890468624510298
0.31734826566871277,0.456518500526631,0.520490686037373
0.3222354256152413,0.4647043013187737,0.4867851069390376
0.2939746978363508,0.4147539085696916,0.4796840319011523
0.29894529985287777,0.4316492540926854,0.4824030484640036
0.29795340964215766,0.4240771260507678,0.48188991860013397
0.30182734586184545,0.4267330674109679,0.4986474677322164
0.31763731918729066,0.4567687205344346,0.4893744166682176
0.2913056015778199,0.4020739358913005,0.4742808952145938
0.31754052552733514,0.4785933484326872,0.4656486641114628
0.30412320886875555,0.4359790854283765,0.4847020739115386
0.31016439748732844,0.450329339429578,0.4965150838725978
0.33812068889872693,0.5081373700894093,0.4815561547029618
0.31292822622782557,0.4576226744372587,0.4809445964051152
0.3258584138549096,0.4601044705928725,0.5353593117785752
0.3450298780302147,0.5097140769535984,0.4887498243837809
0.32106808058236297,0.4619811199726213,0.4873255773580235
0.30074648540918225,0.4310115770029592,0.4929793677972069
0.3033208246614192,0.4448496911065303,0.4914552102282305
0.31663026890036816,0.4592326700214989,0.4838933003245566
0.29680947123737095,0.4216927628486856,0.5062686263418784
0.31037329313153417,0.4387538911376711,0.4924139299479602
0.3381722652341649,0.4884271153155308,0.5236884856434106
0.30685888480121615,0.4320154170074396,0.4880360155164672
0.31726649756685427,0.4559550016628453,0.4907182232339618
0.33296396948507395,0.4961075667268474,0.4785225301729336
0.3126238351116843,0.4511535682434655,0.504135221230134
0.32366018139044894,0.4757536094867605,0.4823275214754447
0.3060822269573056,0.4314080269098589,0.5021330537800268
0.31818439210052,0.4573009568746715,0.5059551999235252
0.3123386921959066,0.4371366033189221,0.4904289239566929
0.2829948485437197,0.3919096489886645,0.5065306778474651
0.3251458607151655,0.4777069537957921,0.4783715675922086
0.2995645873584645,0.4276676626512023,0.4991432950077918
0.3090471749149563,0.4614293399598454,0.4900822817400989
0.3102018451666864,0.4428922684207518,0.4996317382789476
0.30327386884492213,0.4344285322234019,0.4960209304080895
0.3202300128507096,0.4804793536169568,0.4685054297339685
0.2972791211611407,0.4244810905834809,0.5018540631299482
0.2948395699970829,0.4107075263026681,0.4950045161791472
0.32091250937213034,0.4592404030591788,0.5024002790692186
0.3114812238177682,0.4494538354233776,0.470982821219593
0.29205276211771947,0.4096269391871034,0.4892004110440084
0.29480163801206083,0.4143340269666895,0.4951741929072645
0.31735879398640315,0.4736233748083454,0.4846519216465808
0.31496906912821093,0.4484438105753161,0.4895225737715579
0.32875458237414196,0.4662749008549541,0.4897869071298001
0.3191117201906075,0.445319864483708,0.5097080277991102
0.2971995753719132,0.4155353934524567,0.5176071799656128
0.3163324703327826,0.4546724029328458,0.4794889221728066
0.28911133408453266,0.4050035721352019,0.5061317294173993
0.30998781871073766,0.44586457362337584,0.4772539312503049
0.29343473804263503,0.4116255766790599,0.5018254180865585
0.31269189883386933,0.46498230247566497,0.4796315978181326
0.316003237969642,0.4650699915443012,0.4917639369395745
0.2979028202644632,0.4317345790631986,0.4736216546017158
0.29450595098386195,0.4085032878585835,0.4947858926823648
0.2959296446808757,0.4143120593749423,0.4824238772638286
0.30688432048508496,0.4486942536115499,0.5078484159809801
0.3103833339235987,0.4380634759592686,0.516824894451879
0.32578398745866194,0.4782265163787732,0.5008613010187289
0.3091001265625685,0.4491840232076251,0.4767047458920706
0.30800731940323933,0.4346517988889269,0.5017708232959976
0.29427559101957784,0.4210313758907799,0.4834964830462817
0.3150755649352713,0.4708837393290157,0.4764352651855879
0.3157561867843479,0.4540480975380836,0.4845540552169523
0.2911220778230851,0.4215795132014179,0.4552684488991518
0.285579190114898,0.3865975061787414,0.5231910000306186
0.3334989779173455,0.4866451157487742,0.5012042517485605
0.3121242161059359,0.4400200984423707,0.5015872234172878
0.28580160180400727,0.3990642193149189,0.5048830316127814
0.3146834775517989,0.4593293747884922,0.491298056948281
0.31623915717266887,0.4432469738280922,0.4978738977142772
0.3267956284466787,0.4822807434029099,0.4978645827016939
0.3190637843267004,0.4516645693044126,0.5082726920071983
0.30281919140957636,0.43257038363203376,0.4762462700354385
0.2991809348091403,0.4132521798659963,0.518880533385104
0.32302539150454423,0.4655594520722681,0.5000875812207068
0.2886499023272966,0.4012232239694851,0.5064507798286673
0.29057044832368567,0.42558902056257497,0.4853622368234654
0.3162897429194605,0.4448946892344911,0.5106973733214375
0.31798236088759013,0.4553538733187858,0.5009881596594589
0.29185543564875266,0.4150267602320785,0.4895241398952582
0.29997343752881817,0.4261977043887233,0.5034242397038295
0.3047349328536219,0.441337818423505,0.4998628140965779
0.3016196755414594,0.4274316918188631,0.4950576888970344
0.3323905418467693,0.4635629194168217,0.5107087783446477
0.29893700765796255,0.4130235006098167,0.4930740526711018
0.314501453109056,0.4407064102450553,0.4829039494104274
0.3233035058184568,0.467760844859177,0.5015104719215383
0.29880317567738596,0.4217258032449569,0.4980378103472175
0.3225198937562274,0.4600273400847116,0.4943130436425982
0.3107832434720952,0.4488519120394017,0.5081388248947257
0.3030844137079656,0.4328447633362721,0.5304220353058662
0.31049387685861285,0.44536325428834295,0.49190176743973096
0.3012022914586742,0.421190524771302,0.4873847896326381
0.31171241003252886,0.4319886356676261,0.5030730644358132
0.3098863590268896,0.44409317453834063,0.4994966637095209
0.34279823377389945,0.5017171727124803,0.5245041813935639
0.3017124569563875,0.436617314776256,0.5117188315885831
0.2905567608561875,0.401032666759492,0.486253010194513
0.30849711829549514,0.4347038697508345,0.5065949133990061
0.3101782732949518,0.4304353366719911,0.5100516424925711
0.3279140552016839,0.4802248502595552,0.5069185445280439
0.31733927012872165,0.4695280688956537,0.5071637721401064
0.32280359333567105,0.4758744016980074,0.4748944467436552
0.29644466065877156,0.4171758066780985,0.4886883998911029
0.3043296648578503,0.4433846511062237,0.4743119717828527
0.31552679839752,0.4602560207882916,0.4924911201482925
0.3050675606840075,0.42136998189289016,0.5205349754723461
0.3013744640341397,0.4295948929838827,0.4900879952345933
0.30977948150761625,0.4447009988659343,0.4781950138156648
0.30898733263837597,0.4401137393239079,0.5026737017076794
0.2929593666586712,0.4098399683744859,0.5076947608583685
0.3025847816562887,0.4206150192857301,0.4996869031711562
0.31218331303157665,0.4533195714301793,0.4912857355385513
0.30005045358357363,0.4299089215337738,0.4694403017619663
0.2943497418174162,0.4118834007845008,0.5067720289320675
0.30166363673879937,0.4166004245808411,0.5249124647076927
0.3244981917935321,0.4683497191931441,0.5169295472120448
0.2879460881931641,0.4018376795614093,0.4743011338073513
0.28991838690158034,0.4038151246080839,0.49374515466408603
0.29351018315292576,0.40935951721847796,0.5028327089825931
0.3302906021509125,0.4641291202255334,0.5285734478590599
0.30890812467952034,0.44606301686215305,0.4747867676100973
0.3213847482303393,0.468745573697657,0.4900886811533261
0.29959477773247045,0.43091118175626064,0.4910061956392316
0.30268113159524734,0.4296176626539085,0.4879510291935464
0.3132558212358319,0.4432488982628257,0.498300630360317
0.3059060571398505,0.4300372061844713,0.4677814221374746
0.3060691723055551,0.450700421034154,0.4709027588336706
0.2914660055733137,0.4215946186895227,0.478957379414509
0.31259188523512266,0.4541427487650668,0.514185796440306
0.28221366387804275,0.3900780678337827,0.4959885717028623
0.3271030589587888,0.4658873491710239,0.5078394822232998
0.31022045244320673,0.4574992243036869,0.4644290081804033
0.30861514253209854,0.4341306837201227,0.513060712009342
0.3045232206589112,0.4500471900387679,0.4592067456679684
0.29597921355679596,0.4152701872419417,0.5085565153922921
0.2977449824793227,0.4141805739735808,0.5016602404356673
0.29360195677436446,0.4000444107973997,0.4955778670460574
0.3050832521186628,0.4423738176513845,0.5041919127188573
0.30348052765977995,0.4465960211486399,0.4833470745869647
0.3063187041704544,0.4478078319763286,0.5032695506819369
0.30685460858768815,0.4328121724979617,0.5089611815989344
0.30729860591085356,0.4344790205214613,0.4987574703334829
0.30197957554000754,0.43001474932728456,0.5130439976624112
0.31400266670835997,0.440736217894304,0.5171579821854005
0.3035177401164247,0.4204940378439985,0.5301791386941163
0.34312887758833727,0.5069367392680585,0.4889460429046815
0.2992040531396853,0.420323189961192,0.4852907567500671
0.2846314446363692,0.4102902088971438,0.4910345555184009
0.30686970042094286,0.43692752068054813,0.5020479735387897
0.28082045686693885,0.4034235474308983,0.47747516029426396
0.3144289948482571,0.4413888682002208,0.4855462614038305
0.2946068732545966,0.4193809313770773,0.4939647105224737
0.3209869314519104,0.4538653731059408,0.5340551909135786
0.296070849266772,0.42126407055367865,0.4917937945767326
0.30978819460496915,0.44226381857458624,0.5000536970303561
0.3193747402425327,0.4694802490681396,0.4696723780392029
0.2756636333006109,0.378970137102846,0.479708600232458
0.3117501395814975,0.4617554362997364,0.5023466955556278
0.2925061158657275,0.4188603859863981,0.50897766150111
0.3105299789885996,0.4653562536958347,0.4632052318996708
0.3112430250550446,0.4518151520086689,0.4989134733018742
0.31822678009750016,0.4403535336614847,0.5184389327176124
0.31583035535742954,0.4512393568929249,0.5264741357396788
0.2929408443619012,0.4003148121871942,0.5129888201120778
0.28836424498747787,0.40386291730972795,0.4860683864628137
0.29870622254370705,0.4120217446232928,0.498611331848397
0.3155720641472643,0.44810551079615424,0.4871018989217049
0.29437659070057043,0.4122944616670312,0.5128618295716891
0.30400236192810076,0.4368688845899543,0.4978281579409548
0.31745544713793694,0.4575015962547446,0.4966541902610486
0.2897723105085768,0.41035753120378665,0.4768825101856979
0.3053609833349064,0.4427171792915099,0.4933517513703887
0.31207154600858006,0.44692780357074297,0.4703294571632785
0.29716489056232914,0.4164634272083812,0.4970391717467986
0.30833658889722904,0.4201370702926121,0.5025682746925876
0.3178029213020471,0.4593036571753508,0.494178152835201
0.2935393020282596,0.4002501335119109,0.4793889985091703
0.32408121321531624,0.4698690463765026,0.5008195417445251
0.29839883383825966,0.4095881661708261,0.5046616203138474
0.3027103473513502,0.4167065566708444,0.485270139029631
0.31598231027686596,0.4539604810767484,0.4900694311748255
0.30330570082132996,0.4252393243141915,0.5053628744107483
0.30660979537299865,0.41886166817490456,0.5173401087924251
0.30478981070085565,0.4155726658939278,0.5091801563636049
0.3163667760750542,0.4561183351309538,0.4742749517643627
0.3210690954753666,0.4621733013231151,0.4837300950213552
0.3043200151216833,0.4313672348894426,0.4848816633033685
0.3022032727532709,0.42538389532335535,0.4926509011679713
0.3031341039242499,0.4250630597639216,0.4697965624102492
0.30152702077399546,0.4275696655891885,0.4897003550122606
0.3210482589171961,0.4506989055899229,0.4890468991084502
0.30178278179935913,0.4207057072627532,0.479068780879081
0.3219424928840411,0.4604177024597781,0.5106689358124094
0.3236721593091776,0.453522708187873,0.5041197201297141
0.31482470610267155,0.44356730594371024,0.4957550610747969
0.3246435998444245,0.4663419483896423,0.505001401371332
0.2983081842302225,0.41638570386530377,0.4838504384543992
0.3048420679655296,0.4241332032018982,0.495662912989358
0.29018254816224326,0.4016251433551077,0.4888450364048521
0.3192915480527161,0.4628516033246505,0.4789920736550621
0.30376462555567824,0.42298791764808974,0.4834103098140226
0.3145390839925385,0.4416349450886629,0.4880993319676078
0.28910522617409606,0.4012607309992081,0.47363766198712
0.29880013575880005,0.4131215379447242,0.4819332308830391
0.29571765748608814,0.41971835521307854,0.4643461890760833
0.31131867286713266,0.44287613222239003,0.4967267290109875
0.3039129317295587,0.4399647406132643,0.5063027618557594
0.27894164377379727,0.3685388774419731,0.5090554761900541
0.2828757711480556,0.3867709275547884,0.4978390357772999
0.3061544581170103,0.442403688277412,0.4798992917710838
0.3078727917179283,0.4265375690291143,0.5074624654208554
0.2924059862002108,0.3946032294778348,0.5036783063541802
0.3111328485197896,0.4534829084908363,0.4689671448743282
0.31422877997417276,0.4475579110727069,0.4977403720651161
0.3154266464027966,0.4467762514291047,0.5072695493712017
0.2886941377493199,0.3869496722314863,0.5323894292515867
0.31095901214082267,0.4347932840728802,0.511107072513846
0.3203998772366246,0.4445439406435349,0.5197433816186444
0.31559393624440085,0.4430229643454111,0.4821499483351874
0.29859347956976773,0.4137039784678085,0.5002622827265429
0.2991862937955619,0.4268432700368428,0.4849088902301581
0.32525860834105613,0.4676373932959211,0.4999572874450089
0.28539361265653046,0.38829559318186896,0.4812961074156804
0.29364485696995857,0.420300393740395,0.4749563945935466
0.306865129187082,0.4268797454857707,0.4910209845492179
0.29453302859552494,0.4013144667545289,0.4896265432077347
0.3120756695713375,0.4405546372006555,0.4763570175175099
0.2874018648785724,0.39942621714745774,0.4900144741781054
0.31332692073459534,0.4353534437224888,0.5085097696227033
0.29505649542775936,0.4073867178758245,0.4955267019563954
0.3028956524684388,0.4267453758990839,0.5187528578979405
0.28203002934776966,0.3874297868040234,0.4877784108045185
0.3081201851347251,0.43958588381211255,0.4884482888674889
0.3156335995818619,0.4579818744918012,0.4633208112288954
0.31215512446830385,0.4310054819789947,0.4921000339849638
0.2786884695217181,0.3720465336389085,0.5142822881079805
0.3158222454786734,0.45017763338674427,0.4974615907819031
0.2997743589600775,0.4036639664550447,0.5299346194010505
0.3087058744011176,0.4446094362817833,0.4672022399420213
0.3276549349516597,0.4565766047095577,0.5117531406232999
0.29788499083884645,0.4141690534358212,0.4716540781850429
0.3080405025972275,0.4310549928476394,0.5018165223014658
0.31462270575024265,0.4525872088742649,0.5062584741474909
0.3072779376010768,0.44318018794416,0.4892042962742536
0.31864657636622,0.4576176356074624,0.5096309188563144
0.3175792176164702,0.4641080190052044,0.4760251530974805
0.31045705686825703,0.4420713494101593,0.4905668953155789
0.293858276000455,0.3962576197762273,0.4644483058457419
0.305316314169726,0.4265532906067888,0.4934568623557205
0.3064174070298097,0.4285281915922885,0.5211766548399182
0.2977968955761164,0.4110710361471878,0.5156563184390116
0.30465514624833445,0.4140322736424401,0.4894773838725674
0.2948958153901556,0.40235313914390747,0.5001272498163999
0.29649651947119976,0.4104435881788522,0.4789214539722943
0.31040797076190096,0.4369473045764875,0.4984638992686304
0.33711008209006144,0.4849329444286848,0.5020194940726015
0.3088881104873725,0.4413522312027053,0.4972341189025528
0.29639570198386567,0.4146469594712601,0.4726999594822944
0.3000942466541076,0.4120597046854563,0.5158139625589662
0.30552254167213827,0.4373272047846202,0.4810948751107623
0.3024356828597617,0.4252595038843523,0.4848203212279126
0.31247756702049734,0.4431058413303233,0.5156485381742675
0.3111371128876154,0.4408819459044572,0.4876056708769434
0.3025367527252642,0.4334701473680573,0.4833611672838109
0.31456169711917653,0.4506679860999613,0.5022345664480439
0.3164055404136121,0.4458264961751055,0.4870734583564033
0.3186851490906135,0.4551702966876794,0.513076009749214
0.29662712432590266,0.4335065706286992,0.4569872455304813
0.3098542133681836,0.4302059469000431,0.5106151711719288
0.3025414143358867,0.4247485728546815,0.4716965494990816
0.32425976497696013,0.4573009501445415,0.5111897733340882
0.3205174996896051,0.44096022412203867,0.5001058440846244
0.2902769953165243,0.4127816875997234,0.5023467111894555
0.29124601505961545,0.3954200370719739,0.4737517494949229
0.2984080799995656,0.41735787872766905,0.4851862852098956
0.3010236037920911,0.4213480880281617,0.4964423377008329
0.29454255944576346,0.417220048373096,0.4781995736463747
0.3277191053328602,0.4530159629895888,0.5181686881983337
0.3186291684110553,0.4445006435217412,0.5202480011971534
0.3097236275183115,0.4688938324073363,0.4771205087183734
0.2953834456181571,0.4102723543393718,0.4826101546499391
0.28940402146385985,0.3871337440980708,0.5135421153412018
0.3027610678562134,0.4343710549961457,0.5077289077489642
0.29141023769580143,0.4073954455424497,0.4826250581103521
0.3024756058806778,0.4228402634079271,0.5017176287133643
0.30254076758991433,0.432660522801161,0.4902956566253756
0.2980458546207421,0.40891610281807506,0.4941945701734259
0.30272537076226136,0.4337697109118788,0.4877635080400467
0.29703302840702034,0.4168455433003096,0.4961041625817795
0.30537375100929987,0.44002385805119615,0.48895471984631206
0.3087587889902679,0.437061184797784,0.4930275738164326
0.29012601553475104,0.3980664476113679,0.5105347100536132
0.31089833377519227,0.4423915039121597,0.4838385869807766
0.2786038436329266,0.3951649884564034,0.4783643327183227
0.29768093129908535,0.4371043130315818,0.4610447547880922
0.30318922003651566,0.4295031522610709,0.4931472092854664
0.2885569053331664,0.4089636471117241,0.4941412042526409
0.3116687174763333,0.4576203433798102,0.5007508771275502
0.31831627576066657,0.4504356249826113,0.4991799750786765
0.32438690485547783,0.5005933204843005,0.4625419109955444
0.3166516875137911,0.4621221622395353,0.4871711559269128
0.27310847156507206,0.3788924213367371,0.5018796530729748
0.3043452359228465,0.4499090624127022,0.5076611373035577
0.30782633631458256,0.4430268149733035,0.4942189569829399
0.30529457924098885,0.4515785823228573,0.4700362720718256
0.3089883772468715,0.453273313077141,0.5110715351570767
0.3139318756414148,0.4531785878863957,0.4888082379635105
0.2969934160566263,0.4241941599355462,0.5068674879869728
0.2845238563416487,0.4020475688734359,0.4934762370784012
0.2918033971661369,0.4056814900044139,0.5112446620821325
0.2983723584655212,0.425089301331897,0.4896641605279243
0.2847899024096826,0.3840941323442239,0.5024559330824946
0.32262438241238334,0.4814389958484462,0.4928833375671611
0.3130532965051429,0.4540019417335157,0.4740571813927047
0.2990215971076258,0.41708562602647214,0.5087369521355516
0.3027698336152143,0.4172599089138713,0.5218922308488787
0.28905733304929354,0.40018293934654736,0.5132341913476475
0.308457828614706,0.44027025693704,0.489153310318207
0.314076137776422,0.4359562018554807,0.5193742681749309
0.3248154595794469,0.4559836478258237,0.530724938026058
0.30116422644147195,0.42238364006785895,0.5042581699421546
0.3011552169855515,0.4159650270402384,0.4960109841802226
0.3143069780702742,0.44855325354997533,0.5032178691936937
0.31210860445000255,0.4398940589264949,0.5043454379995292
0.2982449933126615,0.4032557277645624,0.5022073134380449
0.30923872131022956,0.4449513450633695,0.4995378763916109
0.309158146853416,0.45290802701998906,0.4662952001786324
0.2941822796552885,0.4081196818503278,0.4922467555333338
0.30285111007971444,0.4237612569589424,0.4755408915696934
0.2866122248640432,0.397806435128745,0.48280826092226903
0.3064875547946472,0.4233039624154856,0.5297153491771821
0.3049831157168952,0.4146977988080357,0.5330118573513115
0.31668144913534185,0.4587773678434405,0.5007972375084282
0.28081253626070074,0.3900303532703638,0.5171575654006542
0.2860909589962283,0.4131734308073728,0.485335418287096
0.32153584081793535,0.4734679653796373,0.5236302700518798
0.30466461197141426,0.44044375638122574,0.4860878611950213
0.29398774476838685,0.4098016391414053,0.4977876162629072
0.3063206684487459,0.4242970393970084,0.5284852687540332
0.3047611320991339,0.4351027473123414,0.4918629838366771
0.29321480972692543,0.4087791065026168,0.5025054076458215
0.2865072002618501,0.4047356605934984,0.4816600233708039
0.31335140477795576,0.4563978966275084,0.4738064352758001
0.30014563380089776,0.4261591199478106,0.4630528498283246
0.29225383528481935,0.3989076468621419,0.507751678259076
0.3052243807606262,0.4424761075558088,0.4981562590907976
0.33168752127165363,0.4951070715160257,0.4896638138143393
0.3198005746950334,0.4764208910463178,0.49221461584467796
0.31282223407074483,0.4611532244287762,0.4873661605709765
0.3003154316424636,0.41922356404952793,0.5203741728985615
0.2886634940199383,0.4056897628373046,0.4866420487113241
0.30246774570633256,0.4316870738339793,0.509128940354126
0.3074831268946008,0.4374032918597828,0.4746573227926798
0.30252740758108765,0.4128897299411515,0.5015930808755305
0.3027858443634731,0.4380480955495013,0.4918105937387718
0.30687142509423987,0.4283122559248453,0.493330468611228
0.30828609350536773,0.4412297643837904,0.4727818515866172
0.3182081516847613,0.4553053464232517,0.5140719490060079
0.27528970079548054,0.3722474078695116,0.4697902483661581
0.31247818999211574,0.4472732070068545,0.503511223866699
0.3302068213592713,0.4884321171872226,0.4920261865474897
0.3182821188701364,0.4577092050876127,0.5057035119326677
0.29867603765894835,0.4190301711642247,0.4698128574782263
0.30481483886056915,0.4196612383752882,0.4924944546963162
0.3062310056208551,0.4394803739100099,0.4580549036777854
0.2953976051250582,0.4064288211209913,0.4944695033171296
0.3005912770559561,0.4244744032081841,0.4518534517324961
0.314871435124144,0.4461367598630045,0.4933201536601677
0.294938127627075,0.4131376852529899,0.4957846368504096
0.3095616798317034,0.4419060633333976,0.4873296415610529
0.2965672141381235,0.4014953761365235,0.4878745134904356
0.30587167934128945,0.43219726366444855,0.4780324669918362
0.3144159438232589,0.4562562543063062,0.509204421324279
0.30777423482884525,0.4474726288451847,0.4845398287325813
0.30816664121839904,0.4370795983364008,0.5158323438054153
0.28792098285865303,0.3982707358458111,0.4660764530428516
0.3063071006463221,0.4412279362430852,0.4906148483268552
0.3032945989986271,0.43434896202595297,0.5004791121956815
0.30594706390713033,0.448194326259428,0.4780066309060665
0.2943021106045283,0.4213191469596762,0.5038760509840171
0.31397250236691415,0.4797226186480828,0.4868472950469262
0.3036652489402285,0.4207831691822196,0.4985694815486873
0.3105410754825506,0.4525228906286933,0.4845351524320178
0.3076696694463277,0.44692836837676303,0.4718024270463805
0.29891665702215986,0.4308594108309852,0.5072531732887515
0.30086284271204417,0.43152086131357736,0.4979808861727169
0.29839859260566226,0.4267938042451647,0.501184215209771
0.307061120398556,0.44541622797095576,0.4814841229727952
0.3065735410216775,0.4511801041417205,0.479587095240608
0.3070574036133324,0.4471524548162815,0.49295377686293
0.3094197322729205,0.43924217643047,0.5051772818275472
0.30213538965563497,0.439527759060307,0.4972013137099899
0.3141929017542382,0.4587796056211338,0.4895278997104341
0.31561591376219783,0.4735960675177792,0.4951880280668744
0.2893941277091988,0.4043820352191592,0.5029638936244748
0.29417155748244656,0.4314853022684696,0.45712672401634
0.293234975941718,0.4117828601237647,0.5185519748937599
0.28551642964803575,0.39597490051785295,0.4919395406916081
0.3028356130024884,0.4349654399041358,0.4847625970408957
0.2995889582753364,0.4256029253565192,0.4846790479169747
0.2995690290420239,0.4305890759571571,0.479286676989976
0.282632704530672,0.38718409380169133,0.4943002504780668
0.3126972533513096,0.4396804288814604,0.4950232475451034
0.30456760108877395,0.4352236652185473,0.5143019171732037
0.2987248766754211,0.4308223466567225,0.4808918499116839
0.3016357911858353,0.4248195300053022,0.5210619655278799
0.31466016462956964,0.43918695110504297,0.5162838761274541
0.2770227519244286,0.3761961238095157,0.4837361857843188
0.30873838490677846,0.4411792163252586,0.4918291395400709
0.3077262742392903,0.4399068487931174,0.500105517442098
0.3137966190900475,0.4583350152466134,0.508614068143278
0.31880951221226694,0.4677613096905692,0.5002182978247004
0.2848427572914254,0.4049880460748595,0.4927020516279662
0.3187988697781519,0.4787534912900039,0.4951458405384239
0.3116047860687291,0.463447789185331,0.5055025259549716
0.2692000807654489,0.3845141904452597,0.5097318650389658
0.2924378170817027,0.4096955365146671,0.4971892618394323
0.2885321350035547,0.4088237714152285,0.4953247732522186
0.30530907630214243,0.43690454877154855,0.4842076743266616
0.3082861032578188,0.4623492821524394,0.4869926110851071
0.29694125523824705,0.4349353423095143,0.4942483781847881
0.28754243180496913,0.4178028906103484,0.4766022238041304
0.2943346140301278,0.4290797464891407,0.5114110145626465
0.32637816507362927,0.5004151827957629,0.5010023738527203
0.28499819641967833,0.41735207873927793,0.4860804202025835
0.28718673322253296,0.40985955728427614,0.4930353059906871
0.31353753466296724,0.4693496660829608,0.4722353711424555
0.2876065763240915,0.3998512480203197,0.5201718080831809
0.30272467565095185,0.4416145130355813,0.4954391173713762
0.3036622429597353,0.4445893956578758,0.4999097189132208
0.31618577686168015,0.4777963280313268,0.5053900085726124
0.30018836790115083,0.4424098969377612,0.5008354212129852
0.32504225346292026,0.4864274944168156,0.4730735051630823
0.3027633375080862,0.4452191214861913,0.4857323915867356
0.30030158334209067,0.4395969592264978,0.5023277172430606
0.3014784958070035,0.4352224738649712,0.5108472431250886
0.31092509323028766,0.4617796984890084,0.5027609212639014
0.3067269927001911,0.4519765008954247,0.4899546146805857
0.29722098098916,0.4328660745341791,0.492493988058253
0.3045962345927402,0.4486764531191932,0.5082650177766765
0.2716474541255563,0.3909950490972433,0.459563557783036
0.3047105342968146,0.4451558316342325,0.5167640781404181
0.305782029847153,0.4451978810138141,0.4942944631764645
0.29774454600918426,0.4306170873988085,0.5159097218006914
0.29816288697947757,0.4359064508645038,0.5023205011169604
0.28281726878263974,0.39932185121051533,0.4824860942213063
0.28026808400731684,0.4083428404435889,0.4959234334395549
0.29143614314084654,0.42802803190689104,0.4863224512444024
0.3040486561230031,0.4414556049140983,0.4781146580436189
0.28621833940750424,0.4036892381702915,0.5083942494695181
0.3046652446532241,0.4525964929363054,0.5081336610688729
0.2997873729108711,0.4437327370783594,0.4855548286760113
0.29350261954643664,0.4200495658988776,0.4992116284504735
0.2887302602249993,0.4153501940131325,0.4815250596929561
0.3178950996543711,0.4793482965253187,0.4869531405454433
0.3054536951028152,0.4416131364885462,0.5079038896941539
0.31623164176604673,0.4596502691324344,0.5068247583109248
0.3070743411003188,0.4509985116802808,0.5197859736571663
0.2867052478164902,0.4071683977339937,0.507166137252595
0.2853383841992013,0.4085636066274262,0.49237195259637495
0.31628259368709927,0.4746684125412275,0.5085892062414089
0.2884399666121038,0.4046595771866451,0.5099496219438526
0.32742443179504493,0.5051770887600091,0.4792514395996734
0.30500987685303743,0.4342821982111109,0.5154713937693193
0.31956577907023476,0.4700135255191201,0.4857542324995488
0.29358619982105455,0.4160926744564801,0.5356373197909743
0.31928590383873656,0.4631697035673426,0.4993968572803663
0.29866067443384403,0.4331128348172734,0.4847266010786306
0.29953754851085174,0.4332155991549454,0.4926853267031258
0.30806767957009135,0.4563493781746917,0.4845169334093159
0.277915382798684,0.3880175355955665,0.5291478383940625
0.2987802618801203,0.4426839812079672,0.4871458464444753
0.3029419386396033,0.4389670731516708,0.4927363914742164
0.3186702736384238,0.463052640490864,0.4907856670098557
0.311240452942234,0.4538370291203364,0.5109313060942712
0.3041545085064748,0.4446704356292005,0.5012819812806704
0.28687116357792763,0.4087103144487628,0.5132296026294316
0.2868150722625646,0.4129110497320267,0.5106171269701493
0.28580561938841337,0.4080206879487686,0.5067786529704468
0.32351768990521956,0.486062756565001,0.5143000978258024
0.31204233538078796,0.4494300019280726,0.5018191304283942
0.2922857315282776,0.4236346806708594,0.4975620217734658
0.28576807859738695,0.4062460882571836,0.4885206681433076
0.3250325083479108,0.4707443835986236,0.5269900151020268
0.29667403953016336,0.4227215898214034,0.5008091875141685
0.3209461233754953,0.4772213453793439,0.5061143639691079
0.29698560712888894,0.4266811452011247,0.4987658721102954
0.27822472991346237,0.3977481615306715,0.4906015853703108
0.2845043710343347,0.4069865872445685,0.4702297448504526
0.31363963911026294,0.4662197434685527,0.4896630025564399
0.3069223228503139,0.4504579504784666,0.4700058496190804
0.31810842760378333,0.4532083483611072,0.4869996906939211
0.2897209322053291,0.4151887749342436,0.4854523847814687
0.2919444958197566,0.4201948258307735,0.4825684453896474
0.3165718431662638,0.4596294650965597,0.5005214647177947
0.3202588605531121,0.452217436989603,0.5105107795173639
0.29151173853652934,0.4015071627178404,0.4965648150044036
0.2953388865401902,0.4196722228910015,0.4783378932632813
0.3096024272631223,0.4346028206864424,0.5116582043072277
0.3041825094147451,0.4466265482525128,0.483818305928031
0.30568808216245746,0.4400079629035351,0.5020544986742546
0.3104468844445659,0.4394098083183994,0.5189661887773027
0.30671291937128625,0.4582993475396873,0.4657404458644019
0.2870608824236345,0.4019450003551479,0.478463567654536
0.3093667847896094,0.4337178846348129,0.5077867025083445
0.30908748365465455,0.4543810435053741,0.5077852954452079
0.293390476402541,0.4294262393385522,0.4892084068371246
0.3103876147911657,0.4478770816722845,0.5115797180237989
0.2914644516101743,0.4050182198012777,0.521662378694816
0.3040426958062431,0.4613919184233734,0.4630985487714088
0.30818828246437296,0.4565252602097435,0.4985483921967338
0.31054277697992755,0.4390882037470507,0.4880836552973742
0.29788930232196426,0.4140191530469626,0.50240057140135
0.29661853213494266,0.4331569435985773,0.5212577073657614
0.30925560922709683,0.4476715591009658,0.4941446215209016
0.3117343687577259,0.45110272820853203,0.4936376377572546
0.30378579939509714,0.4348031707345037,0.5082403368243551
0.28737224089946906,0.3977225028565205,0.5264004312973447
0.3133073648828449,0.4570491658831578,0.5224062873832402
0.3185018751985774,0.4648187132832344,0.5088158031277313
0.3024588909413335,0.4268389164682144,0.5058815163829355
0.307833523103813,0.4410941486896451,0.5283630174468701
0.32553495297302054,0.4925782883076337,0.4929232613366992
0.3032400928243023,0.4416888485977501,0.4828590613684562
0.2918972579270116,0.410449644386501,0.504482108864233
0.29340587687981395,0.4123325401317471,0.4846894997803383
0.2913246304021642,0.4205618276303305,0.4883468233944629
0.286741119927746,0.41843509692463005,0.44419767073099015
0.30168258787849395,0.43723142506799134,0.4877715643656168
0.30647818632662516,0.4671312166528612,0.4729103028277198
0.3062393378042155,0.4529586202347449,0.5211630207340856
0.29988336891797573,0.4220552728528521,0.502216856426141
0.2731429753850047,0.38260646145074256,0.5172940981651819
0.29328814647168433,0.4035198663798301,0.5114664833590754
0.2940635582173843,0.4118599688357073,0.5027772661069775
0.2975118935599501,0.4258149558068332,0.5382766820259246
0.2982087483945094,0.4163775464634157,0.4890607741125532
0.29258982799772243,0.4140384795208336,0.5208759131619944
0.3008809197085744,0.4351780775896625,0.4733891229162285
0.2994882361975971,0.4306796206321814,0.513203731865844
0.28772271164671326,0.4107589030961744,0.4930497732306713
0.30742497088628007,0.4395458277353611,0.5001189323940762
0.28990051222310875,0.41049827240937214,0.4928954520716195
0.2941701825552814,0.4151048453012666,0.5182551050192261
0.2949384322723486,0.4233029334789608,0.469672452898354
0.29260885124741615,0.4109434729256989,0.4989401139369434
0.2896851649904008,0.4180670018468514,0.4977718170926137
0.28693325132161396,0.4078509832562917,0.4603772006145653
0.2893465610217642,0.4237652565440995,0.4767909297643784
0.2989352374253222,0.4228819552008721,0.4867585995895668
0.28210270962222184,0.4016986919804033,0.5088823333943071
0.3058166746627204,0.4468475750191412,0.4900043152368028
0.2825124254629286,0.3905676255256245,0.4809324417847548
0.29693881163426167,0.41117993135776615,0.4945839599275347
0.28885763687283006,0.4157550208931801,0.4846336112739327
0.30714801713602674,0.4345178422889519,0.5048468783709728
0.2834362865020577,0.4202460042482685,0.4787984089217776
0.28183133491934803,0.3865322859086494,0.5200839030663816
0.29386391739196477,0.4126905828426889,0.491318315706072
0.3266266879965392,0.4777063516029017,0.4822030959647658
0.2991222167422864,0.4384480482966665,0.4859780564022022
0.31773209216585757,0.484531965216824,0.4957907655226976
0.3050465523040185,0.4568203916705792,0.4745487780076506
0.28878414892341037,0.4229816613600028,0.48761756193128497
0.31061767147069674,0.4557295386756606,0.5024777848494302
0.29403222435958776,0.4178089374668281,0.5149660586516229
0.3185656803514393,0.4635223387827637,0.4983626625620149
0.27727236372271336,0.3836234664286843,0.5034086208518782
0.2894169338978959,0.420908371208791,0.4609855504758895
0.2877565806358968,0.4211568831526965,0.4703497325421238
0.3050212542690621,0.4610733619834368,0.4758611097920253
0.29992706831085586,0.4480236876445214,0.4667608498554444
0.28744582273727276,0.4153742690542016,0.4972217662907703
0.30973212082315926,0.4732312167702627,0.5173996864817154
0.2936114945849674,0.4251323537857003,0.4776137979699044
0.3129280649314204,0.4691901909200933,0.5133950910110036
0.2943242983153295,0.4249571096581882,0.5064321404514922
0.31410729387323605,0.4655284611980888,0.515713616385995
0.279664269851176,0.3925262025669485,0.4981139378036469
0.2992297693104232,0.4293768704649512,0.5115109458463802
0.3059871678162227,0.45136773350919795,0.4962752214646775
0.2847160899277841,0.4071506187283928,0.4746369133603733
0.31411945017924287,0.4634347189395822,0.4913709400034436
0.29998257151234414,0.44317303581265466,0.48726444179634104
0.30292820875020876,0.4492929055623249,0.4872561357889102
0.30440440573981786,0.4497913397658835,0.4864466772642938
0.3117362718789037,0.4527729204128212,0.5122935204868319
0.2951199863843119,0.43043011925165264,0.4908943532169314
0.315189575259679,0.4430927687927707,0.5258330857456791
0.3006362618369936,0.4351213614135915,0.4987606430745888
0.2883054769800624,0.4087475301702279,0.4866745291661022
0.30151866793024185,0.4499437833610657,0.479375882420801
0.3072575414195697,0.445966629695323,0.469989292266964
0.3109908133288187,0.4542534982708346,0.5031883613265765
0.29219685002420254,0.4235802446636092,0.4861817551483068
0.3011798389516652,0.4335296659326875,0.4963827925824929
0.3032273929087004,0.433411280470645,0.5028441162398241
0.29632852609976906,0.4137261620793183,0.5235891783233759
0.2942714381032573,0.4297715071109868,0.4590677826701046
0.2950686908786989,0.4210567352543924,0.4994862978953383
0.30183619253956234,0.4329194240770323,0.4800059385661717
0.2850693647710984,0.3970059990700744,0.4967589908952024
0.30249003542572267,0.43232643888171984,0.5116052264001819
0.28978068145367303,0.4055046861120043,0.5176443345862003
0.286348459751947,0.4060559094941153,0.5102354397222711
0.30816875323494697,0.4402893736678085,0.5171927452920199
0.3084927861265888,0.4458346704112045,0.4971442822570945
0.3255649391872424,0.4851132891263367,0.5096881064986354
0.2956157193382637,0.4346381465694804,0.4993904213280748
0.3098868812887829,0.4495933938838253,0.5015411550178801
0.2976616852705657,0.4194807269847679,0.5088938275441979
0.2991197352478831,0.43059093119353054,0.4964816765967052
0.3036411360858281,0.4437729861390112,0.4821065887729236
0.3012718496752793,0.4388413108294118,0.5127891915704743
0.2822984353464738,0.3967495242919011,0.4986941991146147
0.28838046682941254,0.4094336162595582,0.4564291555440923
0.3039583506766517,0.4436078544448685,0.4942394061059134
0.312427839435244,0.4663077130301251,0.4801768837549058
0.3017818067008135,0.4382049238939825,0.5049205611338733
0.2984674087876415,0.4332374126835312,0.4688876013617416
0.30018039252680934,0.4309908153199111,0.4994023966994209
0.2956019293358243,0.4137701135383032,0.5318050709336518
0.30751537823091385,0.4513929446125813,0.4908291144116103
0.29853374943056765,0.4245065269153365,0.5105651021993701
0.2990630955227799,0.4333289389157332,0.5078460403241946
0.28484824992705315,0.4067912764063564,0.487823291130409
0.29445045280423365,0.4205449139220864,0.491906340032729
0.30372054243743435,0.4322230349964949,0.4999757424422673
0.29905344955042346,0.4438725641808005,0.4622673050712274
0.31953947545657185,0.4646660276208076,0.4942309328456467
0.31847691323330796,0.4717570282678982,0.4821624212896278
0.2971924829414822,0.44628868232053337,0.4791881594548168
0.28156812229051265,0.3997026446226536,0.4774659561790278
0.30417353607775965,0.4305613608413168,0.4770032427488807
0.3054791396170785,0.4345761603168908,0.5283999350141958
0.3125902039140672,0.44984070087392425,0.4660007570529803
0.29584528991840664,0.4372033726332151,0.4841258272706394
0.3304941324350898,0.4934328935216415,0.5068475939473776
0.3003797381753382,0.4340625890468828,0.4912940922490002
0.28981199107985445,0.4020949214855621,0.4894430607174055
0.2905510458796778,0.4122200828170775,0.4933366974339292
0.3117177468172068,0.4484207865226363,0.5414808229448105
0.30331506149273113,0.4473322277914271,0.4923320400132685
0.30470898795850376,0.4509975660465415,0.49359948798590203
0.2968516629585427,0.4287588753656859,0.4908446309762786
0.2703530532503457,0.3851139924243433,0.4824010095421896
0.29530954260519876,0.4202421916951819,0.506302543976717
0.3059116912646909,0.4431101182807937,0.5079338175440175
0.2959546918191753,0.427478721094176,0.4934140923628378
0.31336856737424396,0.4626550776043985,0.4980944492828863
0.316740191236473,0.4609319301640027,0.47312370525613895
0.3157820035554869,0.4655037762798544,0.5044471333437767
0.28603617667082804,0.4117932345293863,0.5085550138460972
0.3079749850845961,0.4183904780124464,0.4975927026566777
0.31013288213176504,0.4519849340117729,0.5015082412208757
0.3009309647245675,0.4204034197106578,0.5117781122361406
0.2962313294495764,0.4154197952596713,0.5059286802719709
0.3098229122971084,0.4523047852050066,0.5038812851453067
0.29635230972685933,0.4329531729372289,0.5075674981160819
0.30772484384787085,0.4544692205487523,0.4776130245542128
0.2771576745864938,0.3849272620631723,0.4797506944524286
0.3032417273837609,0.4431419448114197,0.4784102645224173
0.2859246576998079,0.390973776546981,0.5024959964052548
0.2977281717166933,0.4295303701509557,0.4966138344087795
0.2925215894096567,0.42852803024620856,0.479968361890331
0.30492297039456795,0.4354402804353556,0.4856532127846312
0.27577169050886646,0.3945035377306156,0.4892247602256983
0.30641602094973136,0.44073640571538825,0.5139540055555866
0.30571122577137455,0.43742830328154975,0.5094676051442436
0.2968256426290317,0.4304386685972881,0.5112800881450936
0.3095678832102868,0.454031798869327,0.4691894756506232
0.3054849919125367,0.4576736035436266,0.4806604894686558
0.29901070368586774,0.4205036603462524,0.4776960730955021
0.31598451983606846,0.4774246560858314,0.4946809303770346
0.31301841294433186,0.4376607241294617,0.5150895565164533
0.30448671319830145,0.42687411637375056,0.5284875777237978
0.28185793662015557,0.38822503133391817,0.497721105683161
0.31977719926975856,0.4748785164988469,0.4978813657622869
0.3027446186438441,0.4448356724574383,0.4931324780331463
0.2885609107064184,0.405332647914275,0.5293163109859164
0.2996111711698013,0.436684824009431,0.5119381110994543
0.29888606695030107,0.4217275276416684,0.5288775781489126
0.32497695099490215,0.482060810363037,0.5125233098339959
0.30584286636812996,0.4415895641841948,0.5081574389770303
0.2985074481856424,0.4297946137158999,0.5153577030695203
0.29516388040077746,0.4138372132969236,0.4969197366220806
0.30664134649096925,0.4572600800695157,0.4902656570458317
0.3245939062392248,0.483894063758084,0.5013127725733175
0.30292154765824153,0.4564116036764449,0.482079688783236
0.31065167260277576,0.4459463814454615,0.5197588170725617
0.3245274357918848,0.4942329277241183,0.4941588806151953
0.3104503917269939,0.44260198960862857,0.5089479996250685
0.3192902868818751,0.4641625367131199,0.5143059647289777
0.3040675103610721,0.4356108738650321,0.4754253337754068
0.2959531973826407,0.410720440305546,0.4892276621576038
0.3010811154802638,0.4299284126750792,0.4926253031516403
0.2951566294625173,0.42234227739700825,0.5027234326554786
0.29843712701694686,0.4250997645108157,0.5201136694130218
0.2894444210674769,0.4148818279749956,0.483196148690469
0.3013787651886246,0.4352623947294753,0.5021796894759412
0.2983132420091005,0.4284513102384189,0.5029090991593406
0.3040536321905286,0.44128793313909903,0.4876323931224014
0.3025656832985023,0.4240532204701827,0.4970091104086304
0.3071152645957102,0.4510944599081603,0.4790408129319024
0.3043762612749638,0.455809427711828,0.4924100923584037
0.3043752464534355,0.4594229498841042,0.4748798668415066
0.30652004724688725,0.4379371513735956,0.5071252513534774
0.3013872721938791,0.4318057527397013,0.5082969904686652
0.3038691439904044,0.42972796791245504,0.5054161506322015
0.2817889346278192,0.3998107841996203,0.5304090078220475
0.3095003434016163,0.4369623485745947,0.5038700433309561
0.30147142759332085,0.4429549331997581,0.4957403168092604
0.29432621180770324,0.4257794830487529,0.5282159248865512
0.31720002074474823,0.4641098244481411,0.5082658947131212
0.2849145804155612,0.3942659675018773,0.5071570537086127
0.29495683036158427,0.4261620108941647,0.4778890997765946
0.3146937948409399,0.4641881893436956,0.4796009185709182
0.31351337915642047,0.4583367354266914,0.4945947912581085
0.30288854306751906,0.4307695525982133,0.4820129677594601
0.2830332672510473,0.4105640118705513,0.5150589871621825
0.2885117991238687,0.4157923171843467,0.508846966497365
0.29347522673816107,0.430399170506875,0.4908923147182617
0.30453570503775396,0.4456958040094658,0.5151397055448171
0.3061555372061535,0.4463961503778617,0.5098575631739489
0.28733294371953777,0.3976348124303054,0.4966681102360508
0.3187239020499628,0.46623543419904606,0.5040709299999728
0.2888116665910597,0.4091160539086824,0.4689805333626492
0.29949870810678,0.4393089457622479,0.4780477936030762
0.2918335937450105,0.4199581465812889,0.4844065628651933
0.3199168814704641,0.4849813044411938,0.5062128738856777
0.3176549853652118,0.4754052384472643,0.5005075698071288
0.28995210341094224,0.424526420848556,0.5090888512890048
0.2985760728884548,0.44412973980665105,0.5032221131463903
0.3178245718673596,0.4571811196711929,0.5217232023724049
0.3016861005210182,0.4505316859221924,0.4808710792567106
0.31540813580033156,0.4675528073180996,0.4912883140374255
0.3002852072842954,0.4363934408487917,0.5089151578940146
0.283625957034029,0.402309297135294,0.4975565694362377
0.28767764351631636,0.3945313975248703,0.4902140213272741
0.2832952306420892,0.4028499329929266,0.4812589022270738
0.30720734298847235,0.4465201493182887,0.4906746747981681
0.2884621401090226,0.4013815481450721,0.4967182575362923
0.2894440170370229,0.4213781195596579,0.4903131334646945
0.2672405958618073,0.38342812423198347,0.492945701076288
0.29618462207372126,0.4229370916825468,0.5016448456378109
0.29959990528040803,0.43118529921644944,0.5030894633559085
0.29275437630121404,0.4314485510792948,0.4846689430983768
0.2930568412833183,0.4139878406957492,0.4839684816874492
0.2821806597066464,0.3969243787288535,0.4795761645516392
0.29500300732384876,0.4254312689473158,0.4636101551154397
0.2887026127823328,0.4096292233585692,0.5222087108463603
0.290795688792873,0.4171660352533733,0.5071903403205757
0.30803791287466753,0.4690687842654144,0.4692804603082067
0.3150087927501896,0.4666444373795464,0.4868833879682725
0.3110467263681641,0.4738951346783011,0.48914222291632303
0.2827587615439058,0.404821914343728,0.4849275005489484
0.32481387926137356,0.4842381533878266,0.4872634903184164
0.3167553575197012,0.4727306903562561,0.4878204492273184
0.29821956357806156,0.4353771115946724,0.5036111221382772
0.29481884525428464,0.43801238659081176,0.48638764295371706
0.3054768851130774,0.4420769037410637,0.5250557488724219
0.29121792586306117,0.4161180166008413,0.4681644610702931
0.2918272892508254,0.4032525281380179,0.5090939753987727
0.29240049446420713,0.4162009059140525,0.5044571881800768
0.291226036779108,0.4119999179418326,0.5102154867621064
0.29750170146411525,0.4391336912369523,0.4650136804002319
0.2781260667171481,0.4059964758778104,0.4997875886433193
0.2880044634369971,0.4158645817141626,0.4680895640133616
0.3214171049545257,0.4744442814360828,0.5002698264320236
0.30971517418367966,0.4528355181653431,0.5020779064320573
0.2957334621717493,0.4369885706672095,0.4858043613591247
0.32000173836331314,0.4786989728949521,0.5020015479683856
0.29837327429001625,0.447077284452816,0.4700704242289702
0.2912535930549715,0.4435149168078146,0.4891193098588853
0.2831798354016181,0.4131516493971752,0.5113092442398146
0.2909518281821965,0.41980611401374057,0.5104363226148461
0.2907711766443058,0.4439268780154949,0.4635351958756012
0.2960273225165589,0.4334035212157971,0.5208425871188471
0.3039788818210569,0.4508346282462016,0.4856917784142914
0.2901221183642758,0.4196624009737961,0.5007843554409936
0.28240685121049747,0.4117224361056971,0.49661172579906204
0.2898651214854523,0.4143094538258944,0.5118270029646743
0.30952988772517354,0.4636873197106053,0.4715292118777278
0.2843409143920989,0.4151114381473084,0.4857032562872661
0.2749207661793037,0.3997769136989151,0.4908180316543242
0.28827850147436457,0.4298780801087638,0.4937120841741285
0.2842883230508803,0.40585536027892055,0.499458133514483
0.2856459388806939,0.4041262932738339,0.5065498995416965
0.3054143653011447,0.4463206469260282,0.4937483372792382
0.31082671730965106,0.4524205102566842,0.4911706304672012
0.3065195697944395,0.4596201279242885,0.4858809054104163
0.2862014152959262,0.4087419722713934,0.5005876587665516
0.3090218008862795,0.4567659816298978,0.4963902109905287
0.3091605324826691,0.481767453937026,0.4896429710493722
0.29477953114623134,0.42884281323395096,0.4922553719952856
0.30406885974025216,0.4584684513619661,0.5286225849831955
0.28798257460600896,0.4140400867585346,0.5119094162117641
0.30714049161849594,0.4494802625925508,0.516994485044818
0.29221772707576726,0.42413308910657066,0.4869005314560214
0.2985888212124445,0.42994818371964144,0.4636475586286417
0.2783116046260508,0.39907008660639703,0.476317239337465
0.30574489815809563,0.4628154451757023,0.4947893280244884
0.28511084422822575,0.4096181632349573,0.5230944333054542
0.28049730049012367,0.3948997155441541,0.5090744827944276
0.2909408011754808,0.44867775897626705,0.4637433440404161
0.3121189089832692,0.4650012179237819,0.5237147408980084
0.29229411282493645,0.4491446484920631,0.4706917406438141
0.2984767092425984,0.4506543544827597,0.4924018110992936
0.2967281731299056,0.4247273335617943,0.5055834376540429
0.2836419982397277,0.4018406125539248,0.4909150460867784
0.2877585348157458,0.4238700094853866,0.5065312565611482
0.2865245664157645,0.4274982882088102,0.4796234432070493
0.2951473508890873,0.4429507261465437,0.4828702389040426
0.29173363994424056,0.44277137635342617,0.4731303652874626
0.2861738825958471,0.4261242229376513,0.4694289782375691
0.2889256150864167,0.4339161550609449,0.4925042622476277
0.29943548980448076,0.4604667200982952,0.5019571058072685
0.3091946198015581,0.4694229794466043,0.4973159829522591
0.2849611232259725,0.42284112945528507,0.4829442182230238
0.3015130764278043,0.4570717788143797,0.482318863301385
0.28572044608616237,0.4228206133451885,0.4830641859939893
0.2978818835455895,0.41238875777568496,0.4951543820450921
0.30216502550857394,0.4484069020067775,0.4984944154190664
0.2887373893494599,0.4391067008320267,0.4986413109232675
0.2773549737012662,0.38379726085101146,0.4914035091102094
0.30729032509747894,0.4617479622715821,0.4815356593791146
0.31209791862585323,0.4772897321294193,0.4975943713429734
0.3011926942570686,0.4281303939024629,0.5199461662343811
0.3048291678243933,0.445213121797843,0.4910142181385577
0.30126087570308985,0.44868436026652997,0.49426417108604104
0.28393687696780057,0.4130318662746632,0.4769532982649151
0.290855778696602,0.425241766144309,0.4970691381584771
0.29034755199090545,0.4284665376134292,0.4885535827241844
0.31085718953920916,0.4530430096738901,0.4885939704604861
0.2982682324126676,0.44589163968163376,0.5159712976498267
0.29057325727885247,0.4069361389282528,0.5117468032516657
0.2902990658324359,0.4341213898614877,0.4708388149180158
0.29524564229577244,0.4394745681139501,0.5070547947745955
0.3110958608987132,0.4638143433196503,0.4966185967472589
0.29644718461485675,0.4399715556666809,0.4824574126266944
0.29237621564111277,0.4167134984562909,0.5300845942415822
0.3054408660134613,0.45018819344260896,0.4967493393650128
0.30347375682263317,0.4440578548791983,0.5145209322190193
0.291261956991658,0.4299338497572722,0.4964966758391838
0.3047442400426409,0.4556308053470676,0.4977964793680483
0.28738591021635657,0.40950156448223735,0.4978468694731035
0.29189769407113514,0.4239301886854717,0.4960925477229742
0.3006528937467097,0.4153322788205789,0.5079037069938458
0.30515769997263215,0.4616249225750274,0.5166054371991643
0.2785910040771163,0.3774865882569272,0.5251373551474592
0.33614228582579747,0.4977339915202383,0.5302206969987829
0.2963859645019673,0.4289361548260924,0.4983900118905896
0.30629767644240585,0.4352376444236401,0.4907179797620306
0.29628612648486496,0.4110596773261992,0.5015536734910608
0.3091951945345287,0.4295397339432859,0.5131206726424371
0.29109752578436476,0.40489242414326426,0.5079519605615557
0.30175604319683025,0.4209384292797824,0.5124374897496197
0.3129970010451377,0.4459745776739416,0.4957313364077492
0.32226809657898486,0.4737868115402153,0.4914592920569396
0.32732649277136544,0.4871280567258132,0.5131161168550886
0.3075885090440938,0.4224920413875526,0.5125486509056008
0.3185965783590837,0.4493264310127279,0.5390201730934179
0.3050785254975198,0.44130340163628096,0.5153516692161851
0.32154897356822454,0.4798614523024301,0.5011381908648554
0.3035233183064125,0.4249675414294851,0.5045963346672181
0.29480742775476165,0.4135396993262266,0.5264735792822031
0.30544638406045904,0.4285409032869046,0.5196645969552119
0.2699901426927455,0.3735071852821312,0.4877525726814721
0.28218724377724436,0.37926572402331815,0.4982502564363842
0.28425333211317266,0.3849259217339322,0.5340995044808673
0.3238624389451204,0.4690565317445695,0.4911788493184224
0.3172657159870795,0.4556898037307816,0.5029603372126281
0.3054142668769299,0.4368414665834909,0.4860359950246876
0.2935644217765338,0.4136164153729521,0.5125859548906138
0.2997587586041031,0.4196017477312637,0.5196161598259512
0.3034991521264287,0.4190014796031716,0.4968353438559399
0.30992752893167547,0.4314296483587489,0.5275039866870762
0.321386982851797,0.4463045331861447,0.5233099324177389
0.3216179941847412,0.4651982773821951,0.5094779097679081
0.3231873908104991,0.45914912399202,0.5029923575960712
0.30423086032969204,0.4133302114902419,0.5342314121632442
0.3249476540888568,0.45893019295680204,0.5221466008211347
0.326875811127232,0.4551654458884422,0.5826477638010412
0.3183233110442874,0.4485784779719173,0.5236369872125234
0.31737983961461846,0.4370839234504935,0.5148166274848895
0.30559867604469687,0.413129873033696,0.5175160263890914
0.30439617618674286,0.4123533941686771,0.5092297022517343
0.30541548078894626,0.41508850627089294,0.5229497275916125
0.314805988469562,0.4405139634764382,0.5195086390644351
0.33351245494568893,0.4622543385022632,0.5528145795576148
0.2996577291822941,0.4016940266492186,0.5179595930813465
0.31969321973815573,0.4310467673414051,0.5678302155026812
0.3188199009762065,0.4457080039874414,0.503187096833689
0.30520977825204637,0.4060050239175205,0.5274848932240325
0.30176274094599587,0.4090070779032985,0.5399406112495759
0.3194935270466521,0.4359434205020541,0.5474036048136701
0.31689583503112423,0.4409929475071538,0.5580010557616302
0.3100121146923416,0.4116046073388249,0.5431690038047399
0.3156522910557775,0.4372339231342439,0.5401683934853618
0.33012792359083987,0.448381286419524,0.5224070880637175
0.3230847399669382,0.43915185279692615,0.5344691870829003
0.33390159980854117,0.4636648428694386,0.5712317527029628
0.32306267333575095,0.4392852588475808,0.5637900843541064
0.32187764650849254,0.4434487158411269,0.5415300857988288
0.3306261767141423,0.4519087136029082,0.5694353948551142
0.31050937475478435,0.42309558048241735,0.5501189698355095
0.3164572101898291,0.4319744449086758,0.5363978184079137
0.31706280983518753,0.4479882806133525,0.5599844943367316
0.31042772772484684,0.4379619821318673,0.5298753527438117
0.31824926958698435,0.4475551056841184,0.5358239378827225
0.31882892573335203,0.437630601988533,0.5307641011227608
0.30513032699750814,0.4238493008193865,0.5472563220734223
0.303785169101137,0.4127631129600994,0.5563556810629469
0.33789101172296604,0.4815789755533464,0.5557692988341048
0.33287684791693856,0.4674485676095194,0.5856563337075125
0.32112473635172506,0.44957823550133225,0.5727191894557998
0.3233621076587365,0.4462928107311669,0.5458529404499327
0.31410136575267034,0.4255448894157279,0.5652828397379891
0.312832160214556,0.43711455041916736,0.5401732830876383
0.3307202494856831,0.4713718736575812,0.5497629767357537
0.32901064701751975,0.4417309602947123,0.5657327786495289
0.32891041117257536,0.4525439991700696,0.5705381714095362
0.34798790162756804,0.4938023606335885,0.6162484027915454
0.3237443459344693,0.4333425310035414,0.5916147528725013
0.329715640438795,0.4686116245266282,0.5733892620173593
0.3366991398758277,0.4806297934712663,0.5722017761053223
0.35754971364189486,0.4981268622966498,0.6293057514866615
0.341465928209523,0.4867121468434078,0.5922289320189968
0.3326315280034866,0.4623682442269559,0.5960351791517815
0.32860181503203323,0.4533931595202034,0.6228125722675973
0.34873957510199544,0.514463459583542,0.5885105427983771
0.35498320640030984,0.500088597678511,0.6057899848591601
0.33522422517331363,0.474147489751932,0.5969422500559957
0.35454170028701326,0.5690501688119769,0.5688610890290324
0.3463582873366764,0.5243352684724729,0.6128264654424879
0.3446914361811056,0.5315477022507549,0.5944136874596702
0.3518631317364851,0.5324094389610482,0.5955642598915265
0.3533028023512587,0.557479305832103,0.6009396632432263
0.3414408681153273,0.5351083450077393,0.6162501491514015
0.357256292897261,0.5766519400032208,0.6253858669498382
0.3476255792200263,0.5757072663507161,0.6218897872741889
0.3232662388320854,0.5518264640830961,0.6399048372003463
0.3181599021331654,0.525599980715099,0.6035105530323589
0.3321252000006591,0.5856763023109246,0.6263931203820701
0.3501835040183622,0.5878295766585268,0.6661268240609732
0.34376293725510876,0.5901443247814812,0.6353134357716469
0.34926708763239167,0.5788638465338644,0.6356041595087282
0.34101332994129147,0.5608092729931771,0.6704864488038156
0.34007631026595947,0.5792311555187798,0.6475240581524682
0.36479864836881165,0.6137693991740649,0.6766534663982755
0.356326651673959,0.5884270903523803,0.6611472903621042
0.3559143047698742,0.5726612449795739,0.6797022282983158
0.3947801799910218,0.6100023047795579,0.6599157192285909
0.3894946319265493,0.5950658028738836,0.6601145266046017
0.41098716506524113,0.6023601806380507,0.6772218134713165
0.4412158410828127,0.6272544968026527,0.6886044304177248
0.4336623431629937,0.6213902038576881,0.7266492146885137
0.3848560904494755,0.5617490376812211,0.7213763082117335
0.45727693935830943,0.637675297050265,0.7159827690663575
0.43553963871931634,0.6721277138847079,0.7376508609296795
0.40512449256185973,0.6216861971970331,0.7369531958170942
0.4125334285992551,0.6618656214392448,0.7770324414523562
0.4592785291050109,0.7190358266863558,0.7931473370065814
0.4330199523300699,0.6703659909128795,0.7772493263924458
0.43429146049339307,0.7251009515469042,0.7843393079672937
0.437124955476728,0.6779433056877683,0.8086647095252468
0.4435877446771437,0.700956936705028,0.8166260173467909
0.40158741760350053,0.6422989100935442,0.8205040901227855
0.46731631879112184,0.7144904500397926,0.7967042541970243
0.43378297249640246,0.6664378993525156,0.8310760283099522
0.46330924151575814,0.7168143680816179,0.7937876548656935
0.4389060790694667,0.6922469984886771,0.7897885737941067
0.44853787372619364,0.6925729629200947,0.7783839124125828
0.46019081259735584,0.7329109518281273,0.7743709101751115
0.46715152460654663,0.6645415241220318,0.8131642560959399
0.4761178556252206,0.703771709200518,0.8282455618460682
0.4671646295071973,0.6665609127985147,0.7897716945338451
0.47970190834462656,0.7181765997805938,0.8048251135440359
0.4685790623877675,0.6547435974688928,0.8463502138078546
0.4474442595243731,0.6629587460938977,0.7830780226879186
0.4793254130772837,0.6994832863487517,0.8234138538931086
0.49009293954011673,0.7183535762460305,0.8556164216099694
0.46755321677030154,0.6765614980009609,0.8135863404080239
0.6175020374398398,0.8974663874228966,0.8790260084013215
0.859602174738649,1.2186796846535979,0.9839917294209212
0.7111115702328124,0.9094870637495776,0.9801355817242421
1.1291919097004899,1.2866093967516137,1.2059337728283048
1.322024950967094,1.6361716874040446,1.2697162979691776
1.281245212935087,1.5579906471600882,1.2566982321247822
1.3060907085871798,1.554419247835891,1.2827333951165487
1.2776796572129598,1.5427608654872542,1.2617926916526665
1.2657711989709326,1.5300840532504705,1.2336758846722633
1.2821849736149853,1.4969657519388375,1.2845702780502668
1.258529070558466,1.4957744826869956,1.248982080192134
1.3087211039968187,1.5221077627448112,1.2946247053380389
1.226542153257305,1.4849152770866554,1.2301285529355552
1.2801815502071514,1.5032287948799736,1.2701393255713571
1.2474467811323442,1.4978876586819274,1.214193248014288
1.2561615204284926,1.4902245142762933,1.247583042674406
1.2035649871777705,1.4641162151266798,1.1754622252739901
1.2252437262649956,1.490243257897456,1.1868059414388692
1.2449630351970609,1.4745249377912844,1.21903362400575
1.2726633835298335,1.4785677579138643,1.2672918866122391
1.2416446475900202,1.496498265888328,1.189870602374171
1.2273715974452233,1.4753014576889705,1.1845255298831996
1.2320750558103284,1.4778250571247051,1.2325769543441396
1.2714971234691737,1.4997275262616427,1.2817237981211016
1.304527529538593,1.507422289047519,1.2983489635422925
1.2557437814965915,1.5370197775040737,1.2043875270070088
1.25319341183157,1.5021095619240932,1.2109783886598835
1.2550967256309715,1.509470701447838,1.2461447370222627
1.257770611301748,1.4607393447459849,1.2543075313092242
1.2806181501176537,1.5133302692867894,1.258322667104523
1.2541828262844188,1.532948705375666,1.2126384503022418
1.2658876053946306,1.5161967880274936,1.2676727358276905
1.2867659470834119,1.5158639523387094,1.2643190930041126
1.2973368741834892,1.5016634267472322,1.2993622410976284
1.271004184944057,1.502423431272403,1.2512530064658125
1.2601973857526356,1.4885943026439674,1.2690639050416592
1.2673624832507784,1.5080679314442895,1.2397782969260946
1.2877946710410122,1.5316583506671229,1.2605622351519867
1.253100402006481,1.5101208983108887,1.2503231473720318
1.2823675603372755,1.5141370461719077,1.2784260618342436
1.2791417618692362,1.509151258593788,1.2592770261969288
1.2741686732280875,1.4910025874499897,1.2918944729514876
1.2514141048105023,1.5400858890465141,1.2105140135576071
1.3017951729170825,1.4850476275333326,1.3075943599973678
1.2904242063127518,1.5176483260144644,1.3032416676965366
1.2754266898007136,1.5219750349279446,1.2446144881343038
1.274537451558749,1.5311705787204288,1.2317085866626032
1.278099993450664,1.5381450817315132,1.2401900001316315
1.263221452051625,1.5295504258186101,1.2253066024001225
1.2888844957426375,1.4977239641015845,1.265763047401616
1.2817045030672616,1.5087241585388051,1.2628549579730228
1.2850763131624547,1.4999491848849411,1.256982182289217
1.2746743862717176,1.5075790135861822,1.2363765883454652
1.2784352705595219,1.5269398343681704,1.3203495800128064
1.321916844625857,1.5405120585236074,1.3040091946452057
1.3058523379548626,1.5347907079200769,1.274074772145399
1.2987228714258032,1.52384160145852,1.2877321264533084
1.2851740102220912,1.502918412797046,1.2618523702473263
1.262909895992813,1.4789065918180575,1.2384179883972068
1.296937913949572,1.4948353996206143,1.3045684783764977
1.2491566549419932,1.4802691389419966,1.2343067720276997
1.2681901444180113,1.5183974801004014,1.2456329829032775
1.214172997259093,1.431236738208061,1.1874947853561426
1.2441380931207096,1.5040669705879692,1.214303691619474
1.2255830424678569,1.4529640096876673,1.2115739807588717
1.2249128729034529,1.4268239684336308,1.2183334552966638
1.2223518959748134,1.4545812871847985,1.1910605755486552
1.2418019494173058,1.479509424175461,1.2305861419076296
1.1926216885535172,1.428817991458193,1.2056554228985676
1.2099204101718561,1.4468309928343177,1.1950070198945486
1.213217169862725,1.3968211145579297,1.2095747671427426
1.2151026766849193,1.4104930106576037,1.2149625578265266
1.228118203670586,1.4147555782821557,1.2438759369710235
1.1931228007841868,1.4114861219691957,1.1863397615746327
1.1823091606308989,1.3855848906098194,1.1581455231423758
1.2109160307511175,1.412435823285238,1.2075015941753129
1.1902160812223963,1.407792421178565,1.1927683983421025
1.1953470392303376,1.4291512557420274,1.1973198848760318
1.2164673855527015,1.400481655440496,1.2207373799785015
1.19807035989394,1.4170282228644364,1.181329678975198
1.1970020219850235,1.4301289328854891,1.1926283150556118
1.2002955094785583,1.4342382506123794,1.168564588550269
1.1797832168126106,1.3971206601685249,1.1842816242615322
1.2026835795420447,1.3976882132562525,1.1956341171123368
1.1861699396066963,1.3949600946144154,1.1860039123208344
1.1947193769656426,1.4143656888035017,1.1842997298452738
1.206955272697774,1.399355663779966,1.198962614055666
1.1641257528367823,1.37689387146611,1.1825552722761592
1.1691014771060677,1.3590682038420114,1.1846178401440692
1.1426096672874595,1.3650381197122392,1.1374388938557167
1.1414640319525182,1.351779347678611,1.1216940926784622
1.161029435530473,1.3448482770009205,1.1633212464670957
1.116872609938832,1.3148699481444392,1.1112441135817763
1.1330202783881658,1.3235914395473674,1.1516978344245197
1.134394585689809,1.3739362136678404,1.1282691304591748
1.1257582080890547,1.303197582438593,1.1447485837741485
1.1320951559775378,1.301139789430001,1.1552406971944889
1.1384658196388784,1.3366935662122577,1.1528007514126832
1.1039617033984606,1.33583710610248,1.0823772736094373
1.119775482242993,1.3136926578841388,1.1191781935159175
1.1239720526576513,1.2951411777284418,1.1508597981046191
1.113788246933473,1.3260803125770697,1.102000124632352
1.0935149543223677,1.2722162292145969,1.098760765238523
1.1279814238022368,1.274625137228427,1.168421642314918
1.116168168320612,1.3044134804903564,1.127576318732255
1.1178311061496327,1.2791632035635727,1.1587690166695421
1.1150280257307486,1.287898150148015,1.1328299753417028
1.0953664359795277,1.2720378775222227,1.1220466313363653
1.1198819121895638,1.3188910335256423,1.1750581254516936
1.1121294219974118,1.281173690839968,1.1406224472405917
1.0970700043971624,1.3039820679525658,1.1007889187018447
1.115794820601939,1.3052198978097875,1.1241273306656066
1.1159304244332076,1.31580359593543,1.124946368708833
1.103843561384622,1.3187954700255835,1.1068803389225603
1.1210230570073085,1.3092623999252992,1.1277596583503315
1.1059246253075,1.3094792682548524,1.1073420978679742
1.112258157025598,1.2977108514091495,1.1171443315386251
1.1051684670317534,1.2954191508685688,1.127850336078832
1.1366321180620529,1.3256977985516305,1.1354735074007658
1.1113637399771044,1.3375589051628385,1.1008669107407898
1.1268405557622905,1.3082709455325596,1.1442086467126067
1.0993860769748527,1.2928558004054893,1.0991152346448605
1.1135105284290538,1.2954024154404222,1.1546587198632563
1.1157767762986532,1.298475496971753,1.1228060410566818
1.1332103582886432,1.2977091102751392,1.1508314182850468
1.1089721180351695,1.2921360954713583,1.1135837734250231
1.1351339144765833,1.3091606089975687,1.1652546675971762
1.1047623743948736,1.3247648401997123,1.0863170480221789
1.1309966625431087,1.3224512330047036,1.1365838785998144
1.1028672298749453,1.3143085981891138,1.0970833677993084
1.0904308020066904,1.3207691333574183,1.0718671775707558
1.1123363087018532,1.292970460779319,1.1297047979465034
1.1199999742064584,1.271949754075162,1.1584377097936391
1.1321328531216048,1.3099480871643008,1.153866327951368
1.1170248217460974,1.2998264263177008,1.1332643263949644
1.1060433316943463,1.29963583490777,1.1534662012218255
1.1027595018734366,1.2802140271399247,1.124848557245154
1.098863405581001,1.2950086528163394,1.0914856527351082
1.1008992990698276,1.2925746470219606,1.1139998579593573
1.0974471041491494,1.2765036448231837,1.134192152729738
1.0915077300046392,1.2641911949727371,1.1021610134823032
1.094856575871618,1.290480966786029,1.116800017097769
1.048912383657191,1.2448925771198174,1.066850554201272
1.051383129698516,1.257510934069124,1.0519974869112323
1.0318972128455375,1.2108963214797033,1.0565250389350518
1.0492629545359262,1.2250010876085224,1.0708492993648675
1.0398629611398829,1.2340861041424078,1.0509475903308516
1.0285018927409901,1.2160987048539484,1.0509222222646066
1.0169113410481048,1.1981509518142233,1.0349728785956942
1.0108824060513488,1.199177835762821,1.0510864044289159
1.0259443158437702,1.2086555467936768,1.0458702000308546
1.0109027116441107,1.198854708682896,1.038031733215849
1.0289910100536355,1.1874203910428087,1.0720329373436932
1.0348541608238582,1.1949557996677715,1.0704762019881595
1.018815159602745,1.1995717478569643,1.0418319977164674
1.0227656848365925,1.1982981678616498,1.039536277183852
1.001407931667508,1.1617975753708345,1.0400519184531196
1.0097378700592912,1.1768209533237919,1.0616382448222421
1.0076914419907883,1.1877614917243895,1.0499307344019828
0.9955067267899029,1.1756238575578088,1.0110996425187857
0.9971232935511584,1.186447317111858,1.0095140256498458
0.9903481243223652,1.1806347960843415,1.021067526008671
0.9947081723372381,1.1697869909935907,1.0155461714398348
1.0062993027542466,1.1771875651844317,1.0286926943220585
1.0070758815920628,1.1713593149524857,1.0505909769848458
1.0051709354810539,1.1959157632517516,1.0328826267412756
0.9913912422304985,1.166559036887268,1.0347798604263465
0.9861613277436655,1.1961277695382375,0.9889170521200192
1.0032964338486752,1.1609757349814875,1.0372882594268658
0.977877325307323,1.179826041164305,1.0015125459792795
0.9724959766368317,1.1690101775410129,1.0017538554455503
0.9656585463925405,1.1678180224515815,0.9993952576598158
0.9604001880083948,1.163538248247023,0.9742706622864374
0.942400459655159,1.1442904457804346,1.0093346216337309
0.9410167651877583,1.1299915293966694,0.9820061024257086
0.9562255048994579,1.1459583291239952,0.9843298275109555
0.9566689450337438,1.1433621267083545,0.9788504161028476
0.9476349519507912,1.126632422846837,0.9921770681913312
0.9639874394214434,1.1465971824943957,0.9998382224468584
0.9609254783800708,1.1434924270693931,0.9752347157136704
0.9639717212404603,1.1116442169433316,1.0227311310598084
0.9478001368654114,1.1266927102117412,0.9878869949118148
0.9682072831018794,1.1360894430546469,0.9966667256021082
0.9793395007874978,1.1327425618299949,1.0187588200201398
0.9625987405708517,1.1371295135943718,0.9980352682793422
0.9584995613638506,1.1463271655884966,0.9748476840136716
0.961950678572939,1.1376033030845776,0.982090106503768
0.9687809175045896,1.1523131329860987,0.9948548842937336
0.9598177680708211,1.1376208079373809,0.9865498376902496
0.9557615684851498,1.1412397443278308,1.0334499982538303
0.9374130115192546,1.1294061276632938,0.9624432137621179
0.9528987827722324,1.1378193372397805,0.9932175970195872
0.9405726557468022,1.1005527917360638,0.9793163869987244
0.939030421869088,1.1149798884337023,0.9711096657746924
0.9376313549594582,1.1123252685942604,0.9876034283290472
0.9255203913648578,1.0887232918894816,0.9532116010630608
0.9224832707203228,1.0915327145511602,0.961752986468615
0.9206853222381628,1.0866746896363044,0.9533114412283707
0.931102832105167,1.0922192744078196,0.9623552787428008
0.9268083461452907,1.0829402258046894,0.9611550371658424
0.9331215437206556,1.1106199248395854,0.9818225400706868
0.9227915012228464,1.0777813127409632,0.9581234171332044
0.9218876784083219,1.1049063302509956,0.9401041260150989
0.9342068737528689,1.0932419396948736,0.958133366129195
0.9263148790919757,1.0788773200348438,0.96546686740824
0.9425557365708005,1.1052177614388172,0.9746207923537986
0.934698849595994,1.090633678144138,0.9651331896644392
0.9410623846964918,1.0944807080329813,0.9730047467919845
0.9575285147215541,1.1130591130336898,0.9966509209265544
0.9533850101169951,1.1173535054854082,1.020691244456857
0.9525197218369428,1.1294193315891778,1.0058211140670774
0.9333044190904399,1.1170767478707124,0.962028825552712
0.9370945884950408,1.099882013381798,0.965112646583049
0.9440994272823761,1.1177806700287185,0.9759848271099694
0.9369926573728969,1.1208734813153731,0.9672947451302182
0.9404052814965326,1.0906333816901028,0.9800803773507496
0.9422350438143837,1.0998917755116324,1.0002804787296202
0.9480267575201148,1.0944995196757097,0.9763340838304799
0.9464678618668446,1.11247410418708,0.9791091397326016
0.9453834875786592,1.1006498509273526,0.9919002909018596
0.9408934427295736,1.1061445102359764,0.9888434246413969
0.9378147635520119,1.1000258898913418,0.9562687639065656
0.9568003357761883,1.09442620951717,0.9980997416806742
0.9566438029403821,1.1262108031856508,0.9877316665519508
0.953483334150667,1.1160350340443443,1.0071503255013121
0.9374828609044654,1.1136236731918396,1.0015415201755102
0.9419868958233217,1.0955547456168055,0.9808957940758276
0.9498043495852658,1.1253423153196267,0.9912572790167338
0.931801743442015,1.105662432319523,0.964114530636204
0.931812121651165,1.086239768004465,0.9921075201953331
0.9197504945080116,1.0895102319076926,0.942236965811906
0.9177914106555142,1.074864897335343,0.9425645184379284
0.9322170600288989,1.0895070419393234,0.9859458852844842
0.9140860082382339,1.0889845726153071,0.9532949608196156
0.9147017568958256,1.0666917842621528,0.9674645045825894
0.9212772359692485,1.0825606284729528,0.9555856919252966
0.9216247496017169,1.0876096091922094,0.9590411695006444
0.9194700450427271,1.0755405445069144,0.948257030378072
0.9236855629459296,1.0748428994855828,0.963091034296615
0.9152182913250784,1.0886995343261794,0.9429261238972256
0.9122789884946785,1.0617877016362929,0.9595169465821832
0.9002243156398606,1.0816644178047212,0.9349765630803116
0.8951687276845369,1.052207047156967,0.9209927661481144
0.8897348179841177,1.067175496051547,0.9192945487786892
0.8876046099779384,1.0569610475818385,0.9355846502013366
0.8647634016796417,1.027250505007164,0.9115224459126828
0.8507773382040702,1.0296320974285564,0.9045738178111036
0.8473949161745086,1.01266207176255,0.883209359512506
0.8371579734189715,0.9903443317056876,0.8680672389423375
0.8234215924187818,0.9784562154846204,0.8646539354462327
0.8202374867373498,0.977010987443492,0.8672894868362975
0.8172731012216701,0.972759681699282,0.8718305142023179
0.8210115173044172,0.9817243122296804,0.8698206742209615
0.8222876851771579,0.989068879256999,0.8837038058059562
0.8199922557279646,0.9861690958296212,0.8663998738222978
0.8278480692647067,0.9820640884184876,0.8764030341407539
0.8181137871703135,0.967954562005382,0.8613028877598812
0.8188783792191571,0.9684221859972321,0.8591206797237902
0.8146049608038135,0.9759051719310464,0.8823327317175805
0.8200853400802132,0.975214431389278,0.8649153081540248
0.8230983425525759,0.9715482548561084,0.8855227213768424
0.8174215261901641,0.9774965138632368,0.8613158963816392
0.8108746001730444,0.964248295724326,0.8543706935019842
0.815010311898246,0.9691680798031004,0.86203329841833
0.8210549441543239,0.9797322076730882,0.8630633837235859
0.8168139100576512,0.9679409873010376,0.8700881327568866
0.8201280842093149,0.955816481827085,0.8650275883120803
0.8243083821713492,0.9895533702533448,0.8705092517531839
0.8182249411534994,0.9830666128188952,0.8933244181806035
0.8302094341573383,0.977791791676064,0.8721063902528741
0.827167981193234,0.9838647303706484,0.8747777732261852
0.831332395437413,0.9761652023911592,0.8749109347169276
0.8331325332625474,0.9777703742031832,0.9060505316335966
0.8262280147673207,0.975131046779761,0.8627713432610814
0.8301884902690441,0.9807819563435908,0.8862080599804691
0.8230013268210385,0.9782559639970018,0.8692671219639055
0.8226763207768664,0.9916826350601304,0.8700817777286066
0.8113600114059829,0.9648431686339058,0.8576593524762259
0.804835315176449,0.946575944310304,0.8599816674904933
0.7959116276734127,0.9397258217033824,0.8708470486419044
0.7918315913880789,0.9335978685271012,0.8415552674900997
0.7936241630583782,0.9394820858478244,0.8383292731195179
0.7869459506529063,0.938679625524543,0.8601586779988775
0.7883461682880608,0.9312931556532028,0.8464430602937175
0.7933670019410701,0.9419475828483276,0.8673032900127999
0.7903492130181462,0.9290783326517792,0.8346684092262647
