window_size_1_RMSE,Exp_w200,Linear_wAll
0.1831162543440163,0.5485042063286414,0.27290976931570704
0.18916888552340436,0.5215653233898839,0.2823156574057244
0.1901416560584815,0.5655478209976491,0.2973138983006826
0.18824357726208454,0.6137888685652024,0.3039730707547818
0.19236893155465432,0.5841682699919661,0.2892140414944455
0.18447353214616577,0.5907578018886596,0.27558271702362336
0.18476612820665547,0.5508993978995239,0.2734822934494193
0.19140401426741083,0.6122999923538747,0.2731809557881997
0.1878993198577863,0.6037311175475216,0.2908508463756311
0.18596672485978435,0.6083155366218803,0.26967320445640103
0.191279759030313,0.5803677929795671,0.28245450622439994
0.18449750435187148,0.5973680058082169,0.2683546082592197
0.18765413014211105,0.6121029458773536,0.2906178307484665
0.18871418483755925,0.5911222015290221,0.2823699952778056
0.18856872459519367,0.5443537085159654,0.31479073676078473
0.18662340164694227,0.5633346737318603,0.2949862775091636
0.18724988388304126,0.5584106397332997,0.30518106917550397
0.18965438074364768,0.6124204231398533,0.27696722964087434
0.18868482911784246,0.5453498942734009,0.2927992100214642
0.1855551123693563,0.5827686196721261,0.26005210408775825
0.18824235252293128,0.5591602788105137,0.28946160815901506
0.18971931720188642,0.5573514873572365,0.2858131990226303
0.18836798901959428,0.5505068323015739,0.2970601465520253
0.18870890694390496,0.6367361881494306,0.2781370902720709
0.19107151829156546,0.5833905162623495,0.2903969596929917
0.18818762057996558,0.5802096456940816,0.2793207487799332
0.18905205446268514,0.5538499695761641,0.3004308489904273
0.1864084465519281,0.5592553565145315,0.2676470179710828
0.19064925121293438,0.6394610648506145,0.270599419349918
0.1891092641379727,0.6070408112949546,0.2833474704680548
0.18971257319004323,0.5576073381442709,0.28355879152085
0.18469678602549824,0.5699418500960394,0.2948957588761821
0.1884389863736913,0.5882361746194826,0.2744575313668335
0.18895443003998885,0.5802524008387074,0.2990347828633664
0.1890271814233218,0.5649323407913914,0.28057070151396546
0.18804604022301233,0.5739319435239879,0.29722574627328546
0.1923097196565969,0.6250534931175029,0.2630327237901764
0.19137179724944142,0.5929914010561244,0.35602240170549443
0.1880461048167491,0.5844316393133421,0.2928008249504829
0.1891161307507913,0.6066428250142628,0.2831163513995779
0.18749986943481872,0.5665041757607898,0.2825042748567399
0.18834771849354223,0.5386051440109407,0.30894307866894083
0.18539048846636733,0.5680520877163837,0.2722110055077661
0.19159456478426734,0.6100322604774409,0.2856393827703787
0.1878044924967028,0.554931434752247,0.2864355661018799
0.18962789650795572,0.5928241825042494,0.2705753572489759
0.1884284564030501,0.5668809360850484,0.3260857513657257
0.18488674119051926,0.5609336074285114,0.2818653223238569
0.18975807059002947,0.5748964014485771,0.28083702241209696
0.18774110167537952,0.6031128598718526,0.2765747421882317
0.18955686340836247,0.569489850312793,0.27602905148014706
0.18748077837742694,0.5618135923161273,0.3009900901391627
0.18888561345466415,0.5243253082820882,0.3142141833042298
0.18863386602573037,0.6211491352094997,0.2862775919386251
0.19052454499104685,0.5828803508778959,0.28066226240632913
0.19129046645724543,0.5622031910909591,0.28625836737344545
0.18743400704024563,0.5676645252318104,0.2634874469256765
0.19153530718577996,0.5698189014951116,0.2885167549479448
0.18917709731271884,0.5733541467428956,0.29123723231893445
0.18847907105288592,0.6004726503438313,0.2717717169532369
0.18947245409402805,0.6001028426843721,0.2975193299313781
0.1938980149586363,0.6129856359603787,0.30247603029055875
0.18800349141122535,0.5578065429285877,0.29563368170410864
0.1940993124888586,0.6050298999785783,0.2758385455870258
0.19008361039693053,0.5890221839198228,0.2980502969731366
0.18854235162086874,0.588514572035875,0.2933241810668648
0.18996747716995727,0.5548864971557758,0.27408937895413066
0.1846366509629593,0.5270477493826633,0.2801124125016665
0.18865817053112363,0.5469644597119386,0.2941946363501359
0.18808071862626455,0.558962796221093,0.2782757691600507
0.1884694906755603,0.5918357090905139,0.30526975700169223
0.190950360816666,0.6019880136339149,0.2704864894582724
0.18810313046816202,0.547113814290781,0.2908871762318445
0.19366046447480925,0.5654641958133722,0.2854410777648302
0.18675602182128537,0.6060784291958897,0.3109388215361332
0.19320580731717926,0.5606206029770242,0.2916059649945159
0.18952980085573834,0.6024582621442501,0.30489506265961713
0.1874783210772793,0.5582979153336989,0.2920946830888224
0.18760037754351067,0.5680993396533663,0.26171754055581753
0.19183829655446466,0.5798100899110409,0.3007624447032896
0.19005317372743918,0.6006776654687415,0.30916877570527224
0.18680169572661653,0.5855922025062401,0.28023442167439205
0.19178154090452232,0.5714679463979673,0.3051569749664687
0.19254706197895835,0.5793294860621312,0.317239646262202
0.19370339129939743,0.5549357790089274,0.2959558432102776
0.18845060545289116,0.5656338067749339,0.3026140466405309
0.1910243772458321,0.5538941191493454,0.2859861267867426
0.1919730829720117,0.5578623943844889,0.2970473786634768
0.18955761911844565,0.5580133975069053,0.3012670836038348
0.18989982234085798,0.6155353025596135,0.2900339652271339
0.1884431175192734,0.6719979345080321,0.29587973126075395
0.1915757364510936,0.5629382684273443,0.3090545956486765
0.1868946727479718,0.5435341813258194,0.29357099193686514
0.18655767337184578,0.5580232304927621,0.3034336829993005
0.19253240268063848,0.5791434151951699,0.2925780871546231
0.19119295449374354,0.5856432795496473,0.2833628260550136
0.19018157148575254,0.6286875451828028,0.2683649667414326
0.19022219701683227,0.5474113120342059,0.2857952604363922
0.19388140154967765,0.537058724119498,0.2962755938913697
0.19065151163025004,0.5906328401287383,0.3144559336617117
0.195230083890051,0.5494993132905607,0.3423985908341773
0.18835189000329716,0.5629648884275383,0.30871730556539906
0.19093099655160756,0.6112519350215981,0.3140693093128252
0.19053599076021677,0.614584867660667,0.2781381238698861
0.18875317013560278,0.5716059444951632,0.31908986664444394
0.18940952895683824,0.5538939413983378,0.2845910121897158
0.1930737261015561,0.5900919948979785,0.2993842064915242
0.1909773902980001,0.5829158987622933,0.29597239643956136
0.1901563163037859,0.5748094007482228,0.3235562168692572
0.19304191118083489,0.6060625328084434,0.28731156442690226
0.18678380283525967,0.568610881158432,0.2920564292060309
0.19264198382101308,0.5784904158096293,0.2957959119737102
0.1880962220618959,0.5362965077629408,0.2760037383872099
0.1898407684329679,0.574009003596821,0.3209336779611787
0.18956987086463734,0.5778580080371486,0.2818869343385305
0.1948383938471489,0.5541473605191573,0.33245686777946404
0.19139160736163824,0.5692596101058558,0.3184712824338718
0.19095288755041026,0.5540239294207182,0.3073643674639581
0.18658318543149008,0.6007497262325036,0.2886260141962913
0.18842999850771297,0.5714013121466233,0.3291677865726291
0.19210360341662772,0.5634773675027391,0.30002588745313313
0.194678437080102,0.5814984227890438,0.2873870740962833
0.19284358048622643,0.5449127528486937,0.3129574189361209
0.19460446510075655,0.5824274364012045,0.3173619134009484
0.19156001114138047,0.5782212995546367,0.2843038836191887
0.1910506557176904,0.6054162613130006,0.2985510020329134
0.18925392000992672,0.5449914841757783,0.2822992765353968
0.18642620623490921,0.5643325172599447,0.2825693907985449
0.19141710136037157,0.6174364307110042,0.29586893513972073
0.19098761037403442,0.563079392909826,0.30242982067159885
0.1949350712484057,0.6046254068485125,0.2999282427316311
0.19088237487598783,0.5795721498326566,0.3029349392158112
0.19142904957387827,0.5748359811861757,0.28728776294206104
0.19187217890257588,0.5721089799333927,0.2993854611516642
0.18792616870079776,0.5730715303376115,0.2918648242401096
0.19070468471392465,0.5775228907684944,0.2980739226777944
0.18918454645522792,0.5923438756979849,0.3082100274098437
0.1982212070372864,0.6133510980644451,0.2960670883671929
0.19532443439147967,0.5637982138165959,0.2957671061736622
0.19499636300178275,0.5811205701401834,0.3085969847017709
0.19784433641272617,0.5938419140039926,0.33700984212147744
0.18911989439314505,0.5656953399915592,0.3251193315920225
0.19472401486767998,0.549296945900101,0.2916556266872891
0.19294496887603454,0.5912574189966056,0.3103229188348217
0.19663353932283237,0.5639507939668237,0.3536682842613764
0.19076346233040972,0.5404593902147707,0.2842869929221253
0.19355042371229786,0.5696096728960605,0.2875903626307654
0.19349293567157033,0.5987336500464631,0.3240031746715736
0.19208007868755494,0.5849928604292695,0.30431502180681835
0.19452912028401953,0.5946103915336954,0.3460360874388251
0.1909684738794867,0.5857925461907242,0.2962330735893464
0.19669331598142548,0.5698211847213576,0.3405306379947634
0.19766594260813006,0.6344036421527018,0.3170303248856884
0.1969910187820623,0.5995943092811686,0.32392374432992865
0.189909776362845,0.5394768130666779,0.2908551389385044
0.19399620535579076,0.5808030679454536,0.30418644135784645
0.19576523560942577,0.5938127125459755,0.3383524669731656
0.20159818041964137,0.5695003674380815,0.3228134990640595
0.1984497266356731,0.5656445952616574,0.30659005544062834
0.1953408699933924,0.5880445886216384,0.3409376586600212
0.1956723044287733,0.5949663053706766,0.3115761392957769
0.1939294887746248,0.5621612283212432,0.32821448289209193
0.19799464088321514,0.5885611965857261,0.3196504365017047
0.19525419348705067,0.6162921266987625,0.30244836418383797
0.19365369290278522,0.5830836119697633,0.30791817019415296
0.19609589740987954,0.5726183149898988,0.29768924619007153
0.19347755867890015,0.5626095650117183,0.3282803938207957
0.19428651900949256,0.5930593169555087,0.31757106102121324
0.19752299575875135,0.5879624749936556,0.31736998899700425
0.19433929334437675,0.5420683447291595,0.3280898265234844
0.1912346364780128,0.584551762650056,0.3369034381126675
0.19257836193958,0.5647075508893394,0.3073373214170694
0.19258924635753438,0.5923914860589433,0.3215182149238065
0.19503351980696743,0.572756521587097,0.2871727503042857
0.19583844748188914,0.547501830808978,0.3004711560364923
0.19021550918895744,0.5534260306589157,0.319139577056317
0.1934237886781692,0.5508302769955652,0.3020897796543839
0.19614757562582452,0.5604467086958137,0.2831712774557964
0.1918117620677103,0.5210201402536819,0.3824359785102359
0.1936886893288515,0.5715431973455523,0.3296368366689711
0.19619913226599947,0.5533419295403206,0.30948435601357804
0.1920996206332907,0.6086776293059458,0.3068293875478426
0.1951671931965845,0.5607880476731262,0.340824763758908
0.19500012086563026,0.5413023632333795,0.3539898705876935
0.19814066526751098,0.5326282007940477,0.3450430546925285
0.1966407301738302,0.6263597182110225,0.3214340749607809
0.1920946189600381,0.5879185688096644,0.2977963688714635
0.19059208167897357,0.544381872081376,0.29554792988771816
0.19406032486943972,0.5998405689527979,0.3097838839059683
0.1936433868480087,0.5221409082507056,0.3043525716876696
0.1979846099410214,0.5958640172566073,0.32932446528087866
0.19162527018129225,0.558822035024003,0.3054085668678846
0.19547110809475274,0.5966094732846368,0.3012999541438837
0.1928603802685828,0.570782293165187,0.3260045390743733
0.19694285388217017,0.575330679755008,0.3097975809159166
0.19542929330851855,0.6076602429131154,0.3085276002459026
0.19800036160132797,0.5405351670924842,0.32386194694889026
0.19729614039635165,0.5749727232145174,0.3049773681148264
0.20128985836290095,0.5836748279140178,0.30991622024823323
0.1956039266940968,0.5605973508100299,0.3142517565996961
0.19566932317611127,0.5639348537348805,0.3359432971927181
0.1981393468374825,0.5944688529192051,0.3371176280470787
0.19814776240387638,0.5689275588508147,0.3024789089703867
0.1979939087793656,0.5495166736248442,0.3162324557976157
0.20300069103750673,0.6142585040941799,0.3104313064368811
0.2007676274438822,0.5914059217808264,0.3517394377860304
0.19880880995717753,0.5758699131517055,0.3234421805667708
0.197642791206665,0.5701685380358721,0.32174444206162084
0.202304063952663,0.569119845231972,0.3030013888472681
0.20036932564466725,0.6142287581153011,0.3160073148339435
0.1942269569057697,0.547516409870493,0.3079057919617132
0.1997468972261273,0.5878893256774057,0.3084071557741621
0.1954474004238018,0.5788098487882055,0.3649211945282941
0.1992007073788826,0.5768099354751758,0.3107658618746124
0.1996204473477531,0.575448779298599,0.3571067517702066
0.20798535641281865,0.577982245487729,0.4139703372533128
0.2000272854545235,0.5823431364342404,0.2994484061650404
0.19753652752124728,0.5737074287770065,0.3501239225308786
0.19211384836015438,0.5415220044851351,0.3371451535235566
0.19960124729041484,0.5800813302780967,0.3109824462119569
0.20039869357351855,0.6153183824830738,0.352165937918002
0.19585649398063112,0.5621308971015777,0.3150783113800462
0.20386711319517115,0.5954917728763897,0.31776655477937
0.1967113401682097,0.5769444782451609,0.3700526591193761
0.2026093733845421,0.5907647909235966,0.3314335780356015
0.20148351239483386,0.5716490678355644,0.4062382135942659
0.2012335210376706,0.5789223076359284,0.3132932603454804
0.20012092199538822,0.5755750802707262,0.3423601538802475
0.19597457290020168,0.5864806329089969,0.31448083135263866
0.1970401546241086,0.5421517469731477,0.35471286841226796
0.19987132115191966,0.5546259514548387,0.3318393754925949
0.1985697367067872,0.5822341049216917,0.3419675860376544
0.20027977116063614,0.5717699407199502,0.3507507421398573
0.19839426219128475,0.5640797693451772,0.3220327571534794
0.20174451027649543,0.5625807595895947,0.3567617153557099
0.19632545506836532,0.5433879768465185,0.34913544230434285
0.19660755704320143,0.597142359473969,0.2929933976781359
0.2034101020997099,0.5664448691121274,0.3658240323332079
0.20259312433877774,0.6022245312893303,0.3607878120315831
0.1995863471042992,0.5463205634121622,0.3684577496128171
0.19787485938108176,0.55380686358686,0.2868051663136413
0.20568492879416633,0.5879858002482405,0.3450670641072292
0.20332988839560606,0.5836355873320396,0.3343550630848134
0.2017056707465199,0.5646876921997983,0.3150482605717105
0.19810447762048256,0.5600942345572635,0.3361406212755364
0.20126527436876981,0.5549481780494212,0.33717357177556145
0.20986481451232789,0.6188653052850044,0.38846027855025106
0.19820206632630732,0.5560733699910797,0.3572708804718923
0.2014215472930364,0.6038900264515593,0.3761415088948472
0.2019625685036001,0.5576004680086362,0.2999000816827461
0.1995944417819984,0.5833803252422434,0.3374456026822849
0.2055605394604504,0.5763903773683454,0.3945066860965657
0.1959664394618369,0.5469417224178555,0.3553714829527035
0.19620311700615686,0.5432016194065176,0.3098490492579926
0.20254365730063,0.5671890622681262,0.3365864594365594
0.19718703707306673,0.5486495349699119,0.318245090958074
0.1969744222236654,0.5914419847134851,0.32925610568878466
0.20190350013524877,0.5648250096993735,0.3291867212862841
0.1981794006774099,0.6215273062637111,0.37982694209198825
0.20321266135082044,0.586525701766653,0.3133249252411623
0.19933456485977114,0.6088214433952346,0.3807258639288434
0.2011529775688107,0.5848924425997866,0.34835816662600705
0.2027668784385088,0.5926860845465263,0.33786594873085546
0.1989034803334738,0.5909213783378691,0.328608913355375
0.20509410600449626,0.5866674411734629,0.3624502114267614
0.2008162551967367,0.5887517759894644,0.3330657466970007
0.20223222312614886,0.5454553360266263,0.338933072033432
0.20426793767527449,0.5560168811446892,0.3337554424946005
0.2073662881919886,0.6036063448380397,0.3380613990629022
0.202281607610559,0.5745528063857602,0.34181220489719183
0.2026650705464882,0.5631871203375333,0.31308772230648285
0.2028532789114424,0.5922195183086586,0.3286406596627273
0.20818875188457164,0.5539078510311402,0.4310362303285345
0.2025070344185374,0.5862879763083567,0.33038809740982195
0.20231229569344833,0.5379769273522014,0.3734419345776113
0.1997986445466582,0.5632659010412534,0.3426629352642045
0.20297657833721958,0.5516372605809223,0.3407569773797375
0.2098911640012822,0.5983817576457467,0.42559698768167
0.20648830166426868,0.5655663007455203,0.3632177033632286
0.20653668121860683,0.5940426363920913,0.3723554525201167
0.20651329096081925,0.5928985242629959,0.34214775101108025
0.2003096926847898,0.566250280439241,0.32975729422619393
0.2048107227227003,0.5654907394341082,0.36107001592917903
0.20192547207607206,0.5702426608387691,0.3270186809977497
0.2047478815181116,0.5813888263346989,0.33958955913216804
0.20772476463629183,0.5725143158184108,0.3646963781424541
0.20385113229686533,0.5684441185652607,0.3383752639510107
0.20292529537605597,0.5886674335167794,0.3294790459492917
0.20309988407787105,0.5473890106930631,0.3432148877502821
0.20496788848897718,0.5896447928546202,0.33524968810864786
0.20160219624679634,0.550215443036623,0.3531616795139748
0.20639831246171242,0.6109388238957425,0.34546565784123845
0.2042954977659715,0.5918788025503581,0.355655208690197
0.2026365518610148,0.5797630965014544,0.3077591233695963
0.20363875537834666,0.5905862216962204,0.3359198885129237
0.20348341709771475,0.5930788460496841,0.3363742810863388
0.2061663558847785,0.5613840396176795,0.3412998987484961
0.2047550136093113,0.6177221516825697,0.35521523024060725
0.21205120427208538,0.6055566918461723,0.3987439031083324
0.20506764353613702,0.5685226080252616,0.34837965474638616
0.20555926609611525,0.5735200909673791,0.3565283581098958
0.2014841888654731,0.5717447406886003,0.38278720468809335
0.20109130624962354,0.571424167061371,0.37101546221079995
0.19958400739361867,0.5706548437736876,0.3454800116394157
0.2017769661923332,0.5635122495350061,0.3245545330682925
0.2043516257801232,0.5812794967345516,0.3474472481988001
0.208629910412317,0.5665071437741694,0.3766322540783933
0.20164724712551618,0.5902159554365487,0.3527215307363969
0.20656427150201917,0.6151913516131675,0.3909106037159065
0.20440980857806693,0.5703619075716254,0.3394983283501505
0.20134534427407957,0.5716150850375029,0.35983462757413576
0.20514453632630386,0.6064549178006634,0.3682457018906865
0.2011257616614408,0.5706802523382151,0.3473303795489344
0.20692022858624753,0.5611795351481635,0.3620161349155807
0.20694830270004616,0.5791584474047842,0.3837308059858846
0.20196905538239993,0.5475213223230236,0.3783628128213181
0.19839649996372655,0.5150075458805834,0.39751633211487103
0.20084754282433687,0.5444466394914841,0.3610207827110101
0.20476458927757119,0.5793623055246836,0.34599955587080444
0.20697846797752056,0.6278425363764228,0.3615698185545531
0.20381424210190283,0.5912896043823452,0.3621797449989879
0.20448260704262736,0.6238205168611121,0.36302667682051576
0.20344723509631424,0.5784972221257424,0.3614641050010213
0.20280165986506588,0.5310322069288584,0.3841775565497864
0.2039230145641009,0.6082305858995121,0.3528272582348525
0.2103056367199268,0.6384526599257003,0.3640994086697983
0.20321053290218835,0.5890782323546213,0.32119446249265865
0.20423963603699036,0.5769739118317411,0.34492286587380105
0.20192715052245747,0.5754874246610843,0.32911192024341723
0.21082345498568744,0.553167867417747,0.42941874952867787
0.2049470285709116,0.6344394977138123,0.35922529703037354
0.20904366644483502,0.6082114742405993,0.35302663067101203
0.20676383071601404,0.5670371247105433,0.36289786552755793
0.20910103756079493,0.5814037974990749,0.3925224463106729
0.20109633128111695,0.5712936050509034,0.3486884145333979
0.20499527701183506,0.5922382265209678,0.3556000570732294
0.20325333566058226,0.5780349576803596,0.3667461411679708
0.20670629372793609,0.5835538754559019,0.35935801923545513
0.2019921941788228,0.5488736914827761,0.34377796033336977
0.20175287224670446,0.6227492156371645,0.33313337789194963
0.2048843744691215,0.5405451353372573,0.34003318874890576
0.2097061123036589,0.5778250999482764,0.3662745595138521
0.2049111200455232,0.6197746386421887,0.34763410074428536
0.2102962209980438,0.5667362134315449,0.35460973184980665
0.20416858987694783,0.5483487361578415,0.3668851058916164
0.20223401121464588,0.5755698916975498,0.3541978559851497
0.2062849704604291,0.5845573638738688,0.35447713751086235
0.2070147174888632,0.5629747549087502,0.3494239925762125
0.20717600668650227,0.5703362206493143,0.3388587209125178
0.211403080902151,0.5622706365433858,0.4070259871442413
0.20588601264942297,0.5790792753363678,0.4452025242372225
0.20493727652956126,0.5605803977109558,0.3922498213870208
0.209994472432864,0.5801537038715007,0.38206928402692414
0.21228094571162295,0.6076286974183563,0.3605902504568225
0.20988870126242629,0.6002806895072148,0.3801733731136875
0.21315611044797145,0.6180866745160682,0.4111595212135198
0.20467925462438763,0.5671355175991242,0.35699869729394385
0.20433341002633781,0.5497358501051096,0.3521298388979824
0.2063850565774654,0.5880204263311011,0.399096284073562
0.20717866622851897,0.5823610247642633,0.4204953754046107
0.20745992645013203,0.5477168390612861,0.3823978057053976
0.21322847160525693,0.5828002004757096,0.38314754394559947
0.209429334521334,0.5922848239996565,0.3641184250198359
0.20782703959570525,0.607143202504098,0.3822812298312894
0.2050908726238937,0.5889273980868853,0.3658163677637868
0.20283320087305115,0.5815631926519889,0.35017440702257857
0.206218636276256,0.5631481983729345,0.3573990651792419
0.20961442793922516,0.5542390207439681,0.3585574078032661
0.20911181545172436,0.5609172547711498,0.3723554610282268
0.20935835931766428,0.5457205683636592,0.3686886644359389
0.2085373480694045,0.5721313056502318,0.3666699102555783
0.2118797502167463,0.5913033406812813,0.3735308432455262
0.21129653216417255,0.6256588524940042,0.3505315970684197
0.2086589506978337,0.5710879060056626,0.369513049386226
0.21608791696457466,0.6206319803235569,0.42038175880341655
0.2094571626459296,0.575343013825396,0.3252325525141365
0.20928469618987502,0.5725079857053029,0.3931428438343448
0.20565802938045163,0.5735938466608721,0.4209041074645285
0.2128113755510538,0.6503745948288906,0.3784884635014667
0.20833451591197225,0.5751717375775454,0.3644087882909781
0.21119161123667618,0.6220447344909146,0.3546035474181944
0.21249015273679916,0.6104863840806666,0.380181734665992
0.20764032769254656,0.5373387616329608,0.3814318502583955
0.20118261778199187,0.5636620390464409,0.3444747461226323
0.21118761597038527,0.6086999147837232,0.3892180775128435
0.2130003668443824,0.5624158908599779,0.36524184095322737
0.21032938805919835,0.5546261422523338,0.4085075070800187
0.20997960494393575,0.5776990764558443,0.4091282535751379
0.21239894140211368,0.576865426655979,0.3877553357778808
0.21090358928379083,0.5634010189786774,0.4240398856712682
0.21326406182473823,0.5733353671648181,0.43860013601090747
0.20921726494061027,0.5511074918897598,0.4060787827943211
0.20479086837740784,0.5657685086456031,0.33489450658604986
0.21252277044158588,0.5660772928282657,0.3919834838266357
0.20986993832460019,0.5994787639692035,0.382555085169904
0.20439606597330992,0.5499476160448438,0.3788043988950808
0.21173102311615216,0.6060954362756771,0.3686650282518091
0.20291822542289795,0.5552811275683089,0.3669962613114029
0.2015349534803043,0.5438327454595101,0.3975349846828041
0.21105572039263445,0.5793711627593181,0.3799752010572018
0.209177083755986,0.5948087793788432,0.37239313233157595
0.20633164389692607,0.556908504817745,0.3847368978945059
0.20776022510318523,0.5783495189430041,0.34635116560845985
0.21473848981954025,0.5805599656852386,0.394006692953524
0.20552820132313343,0.5760343545628309,0.3428550456603497
0.20607087020892798,0.5595884467144284,0.3666233855202182
0.20930747784848758,0.5493085286711807,0.3712972933455511
0.20411290380015246,0.5935482071835713,0.3841334848438365
0.2116196816378433,0.5867841024949358,0.4226658638321283
0.20550569756596662,0.5947281714671946,0.35799447646680577
0.20310198613876948,0.5623876810756251,0.3494021176811104
0.208539765069726,0.6124209396967862,0.39714636700676936
0.21329114085985793,0.557454246514193,0.4470958590466374
0.20843397676130773,0.5750176716686303,0.4532775193806972
0.20754887964904545,0.5680059144104151,0.3469161856968385
0.20843061231852325,0.591371645486165,0.3971624205461145
0.20456002484764432,0.5936950341772192,0.3985517757444361
0.21211309540052148,0.5971236840127079,0.3485199081956665
0.20849587842629647,0.5758237610809969,0.36070898952405
0.2194965817675503,0.6113801546748512,0.4604931293538083
0.20728751474506452,0.5641380013770488,0.3660971378072913
0.20963905020216594,0.5777265145650793,0.4309758050703505
0.20776749180668097,0.5828738218714423,0.3856480003935571
0.21068343421731228,0.6124581489534505,0.3708527822753467
0.20995678453592767,0.62885731987133,0.3845531847450296
0.2065414901123454,0.5504662441784226,0.4736794038657772
0.20585627860546687,0.5665433764176939,0.3822385516951462
0.20720718254787002,0.5583915334603142,0.39160681900812017
0.20757092718776157,0.602299877004334,0.3528158225071387
0.20679409322200948,0.581962931729509,0.3568683086237203
0.20899769173034277,0.6122586026772932,0.4105586801360874
0.21290274893539318,0.548973570595031,0.4405224073020033
0.20850100747644723,0.6231881275315232,0.3732853016946355
0.20380156410455907,0.5720147859277587,0.4355885399361352
0.21051163124428424,0.5950300091636959,0.3536612392098515
0.2100309523636496,0.524836193696159,0.3969683235853741
0.20554995284926916,0.609883691018976,0.3731849089817168
0.21129311967712916,0.5939767730770098,0.4264624783727362
0.20946901534194334,0.5628703177494585,0.4369089391995329
0.2084472425818163,0.548793888445703,0.4267352073376452
0.20680283179216224,0.5529641070285313,0.37291916544586573
0.20861833341165256,0.5574102373216178,0.3960216765425426
0.2122067561605658,0.5785268288949047,0.4376622269241829
0.20584677139574173,0.5327965796993953,0.3880932719107909
0.20706855109821906,0.5659856331815493,0.3800303287849484
0.2101495401831803,0.5788980428039323,0.4424468466451056
0.21209263639731532,0.6049954974595089,0.4012171396421163
0.2063423609549063,0.5760440333899483,0.3744753546525447
0.21194879824800872,0.5840782763813855,0.3854657548119294
0.20675878521506136,0.5751049182963791,0.471959521627948
0.20804780979004783,0.5509579992428756,0.36122523388371997
0.21352526504256594,0.6161851036842583,0.3987878962975785
0.21342114555198705,0.6241300268074965,0.4371762204691314
0.20268392347284986,0.5536625074699676,0.3714715091880829
0.20815013340574395,0.5654362009965468,0.3893472528923131
0.2118135459837411,0.5976728886151212,0.4025228628907784
0.2198168457612323,0.5642860023125129,0.4280476291519987
0.20673320846705578,0.6271966890898544,0.3795328897715527
0.20754332707909007,0.5769671451335722,0.39479656466738383
0.21176711064265338,0.6123502562932363,0.35901826998268355
0.21333046890966995,0.5706926587000071,0.399823782031411
0.21178377466689904,0.622242110145296,0.36097646039258136
0.21525507145977207,0.6204086082040775,0.4155354500301545
0.2100358798967892,0.5478140822430455,0.3868617026152024
0.2123068977862621,0.5811916883344314,0.37465359670451975
0.2109591393773357,0.5952401955455131,0.4075237469810667
0.21235884405232153,0.5931676426599499,0.4333794493622241
0.20992292402864443,0.5977417280964652,0.3935731111658584
0.21072942280350923,0.5794361652678537,0.4457050095486691
0.2119137550838016,0.5772598679392817,0.3920240155514202
0.20859254998052962,0.5292625686201486,0.43649645428567213
0.21221501202918128,0.5759199974675212,0.3934154709827114
0.21111971967898602,0.5390483105301008,0.3855455568895713
0.20881263736140304,0.6258121009941421,0.405599614614609
0.21145002610294697,0.5481478233973409,0.3950009769927065
0.21299009043176645,0.5976188806625936,0.40210474893287945
0.212684049807441,0.5854109665622639,0.3857824671435424
0.20590073215867113,0.5438482864825671,0.3895517939557396
0.21377059872662948,0.5986792713277751,0.4244513875828186
0.21018888439031522,0.5713963870192205,0.4371118812409128
0.2086904928139071,0.6064037212212137,0.40142140443138014
0.21142874290825617,0.5739598521183157,0.4075510476403224
0.2097329166452139,0.5843613086163348,0.3987509137011993
0.21420490070404802,0.5711656609919415,0.3935717161636022
0.2089543545894146,0.5409812307268146,0.3768605244589341
0.21109623691137094,0.609049859251879,0.4364941464774599
0.2176102416782572,0.6208485070740799,0.4241478202670133
0.21169573650865875,0.6216341994194541,0.4179996704596543
0.21643613068720705,0.639094331082472,0.40472170920551065
0.21493171502868758,0.589653710639572,0.3707945855349588
0.21285033710925458,0.6260896269884825,0.3941429635558105
0.21618483051407333,0.5583290335367077,0.3807140318566812
0.20889766902837614,0.5878041620396178,0.3780613011048222
0.21386895194619576,0.5848980284455501,0.3975905937591844
0.21644078841396758,0.6181700217392557,0.4234218795058788
0.21919663769617187,0.6013219671496955,0.44214630493873536
0.20958805276855658,0.5569509776287235,0.3815239825595528
0.21226667695899346,0.5767579847017622,0.43493482749731294
0.2109176955178687,0.5501154936681987,0.39950285444651695
0.22433155238313648,0.6056160359738102,0.5089002303426334
0.2139085402790588,0.576343160249054,0.4375939891305742
0.21641699053128882,0.5361520356770347,0.3931366221457889
0.21139613283951647,0.5688416812852154,0.4418017075052028
0.21321082465710486,0.6167254602521062,0.4101386024877038
0.2121472145287693,0.5496398988107715,0.3891212248447439
0.2171929646222623,0.5820119727765906,0.4113792581740015
0.21359486893795265,0.5821181381146012,0.4549763028400282
0.21097781759057135,0.5889572522990678,0.41499217134888894
0.21330607343708735,0.5559734494300634,0.41950817367340576
0.21412654406931977,0.5974201785423376,0.4082290233626136
0.2176211642026763,0.56961043153768,0.5401302047802696
0.2128344373775545,0.5185646713349413,0.4416072651082136
0.22015695195638593,0.5885257643689438,0.46302288479153403
0.21078687404959454,0.592403886155413,0.4467782947838848
0.2116860882703292,0.5280612165159589,0.4493110385384255
0.2120460409755772,0.5764994529037142,0.3875680117780617
0.2139896909189065,0.5878491154439056,0.42646667687891865
0.21140543935125572,0.5509947962645068,0.3974080171267989
0.2169385736372569,0.5669425742066183,0.434642472797698
0.21441566492533728,0.5809930336440504,0.4120805611031635
0.2179838657022335,0.5664809002347568,0.39042841379005
0.2161412778799712,0.5639943907473477,0.4367555379276293
0.21740734307315002,0.5609112446920799,0.4134374258292908
0.21299904763225758,0.5823595168760778,0.4368385331006891
0.22027529527202763,0.5813242044138498,0.4615910723773918
0.21535254701136922,0.5760350836551335,0.3684497999061898
0.21661872506042623,0.5999784184513594,0.3564513526431499
0.21834806354930436,0.5938480110488163,0.4355519772166479
0.22102071088229064,0.6052924156684437,0.4829396917990214
0.21453513004787753,0.5703152968172825,0.4314469419280691
0.21487961148954368,0.5706880014545871,0.40646197435690185
0.21427924368421905,0.577011356741639,0.4068750642721907
0.21753333615054896,0.5643044905377471,0.4011014448676294
0.21581704952123298,0.5569305257006968,0.3726103518615579
0.21768908844481716,0.5813333984438848,0.4219611127921825
0.22401403851880697,0.5685669288109723,0.4706246688787056
0.21684627811313098,0.5736889683876295,0.3908510920599039
0.2140460290863534,0.5580950528571256,0.42027277555598697
0.21617252066380016,0.5449717762754864,0.4174808855956919
0.22097343743336864,0.6038158163556064,0.43316174241857147
0.21682218964068162,0.5745473425083659,0.4284067664397287
0.21640342921767342,0.5739750937945037,0.39984787678159456
0.21666375534305446,0.5918710542573337,0.4252876370021484
0.21354222858766048,0.5776127451008679,0.41299047580841
0.21566445274911444,0.6029016229612368,0.4589843433775956
0.2215820411402113,0.5652344977124275,0.4020388032419703
0.22086956283625359,0.5682251607498989,0.4317411224858659
0.2198799082680332,0.6237689896115929,0.4727664117671167
0.21377054647950255,0.6121423367999391,0.40397521978105216
0.21530263050991771,0.5667577512476241,0.5200610666210391
0.2201077334776337,0.6133187943655893,0.3894224531070228
0.21987849079505764,0.5639301058537391,0.5066217882451354
0.21140527037608797,0.5623516336314732,0.4096956748678336
0.21399866404845902,0.5518372513238695,0.4011679345450249
0.20996276472885833,0.5634850800166301,0.43284478313576463
0.21594903581542646,0.5691124565461326,0.4168291610490485
0.21562220749057182,0.5416523610563962,0.4266535900649657
0.2173674169744189,0.5726404791862226,0.5623409074299697
0.2210197582852521,0.5774133067761011,0.4697559272661329
0.21260787109444404,0.5574706898548893,0.4286514858955034
0.2163820096983312,0.5987984923955708,0.3817145668420354
0.22456732609927202,0.5147487365796497,0.4582127061938096
0.21940759301044233,0.6188120035049652,0.4207296767339567
0.21768681608596124,0.5906236865676842,0.3977264236279581
0.21068451403849864,0.5745509167712417,0.409357004956062
0.21978235285988978,0.608331113513851,0.4062799084969772
0.21621735007676954,0.539382310804834,0.4023700270266632
0.220954660957075,0.6378233150740884,0.4266971057095923
0.22249108963267397,0.5682518109206667,0.5061614565049795
0.2220633379640514,0.5822255125889534,0.484940655035444
0.21820466525197443,0.5554843915780663,0.4458885673450782
0.21643154746749652,0.5875430989015211,0.43780070088057343
0.23196227935667024,0.6285876849717736,0.5533632621685425
0.21674601034356825,0.584006150530604,0.4103154967012482
0.21494716735768826,0.5741079996224037,0.4801561122946302
0.21400608650448047,0.5520120158938184,0.44622308034100105
0.22213349929920967,0.5803828777438743,0.472183191678379
0.21584283976132818,0.5671770388162666,0.5234780278225437
0.2145873338413807,0.5455507670355291,0.41186046729925296
0.21710654320128742,0.6060384578179956,0.41734836935298597
0.22094910291727443,0.5890331822051255,0.434999811066208
0.22272896502131181,0.5371567636000245,0.4385825902572192
0.21790125423070403,0.5613734618045884,0.43499498604984904
0.22796240873540646,0.5477043126855122,0.5912071546008582
0.2109880413319592,0.5366907952078688,0.4504680801083011
0.2130881494985222,0.5742669154073333,0.4221284092069759
0.2238644759202222,0.6062649728637346,0.412596597204312
0.21967856331365787,0.5596941303867748,0.4269863175592038
0.21903349328097171,0.6009758148474968,0.3895472412194339
0.22423594529163005,0.6256979410725095,0.4016650331981448
0.2175178517153375,0.5590730129948305,0.42286367702217853
0.21853963868411266,0.6163394719900447,0.4437875408354751
0.21505622331635518,0.5426845573786602,0.4214260139148177
0.21869732154912,0.5924761466923725,0.4125175517024413
0.2198317738771733,0.5642745930202544,0.4503023320336489
0.21806864806931311,0.5787938841403006,0.4444114291141659
0.22134323318947235,0.5874679971102367,0.4471397494130165
0.21744222913007133,0.5715643862803439,0.4933180779252342
0.21393460082872942,0.5657706907002649,0.4169419847164218
0.21777072634447855,0.5588807076677342,0.49968849204314797
0.21915698081343934,0.5574214426504286,0.502592629667915
0.21486347458636246,0.5596789523499314,0.42938455239943707
0.2216914800817683,0.5758357694473261,0.4676614486575528
0.22051873208003564,0.5811893165416699,0.4563124859010997
0.22029857818711757,0.5928039041521994,0.39909995262368503
0.22702713219160134,0.5364475523570419,0.5171677557180334
0.22371137865547325,0.5682285244042058,0.4389150239607816
0.21434742200579646,0.5681480957100846,0.4186110664006869
0.2213897208851678,0.5843436127828339,0.4596201348519108
0.2175095055836468,0.5673493260111109,0.4206049521807874
0.21477186495653797,0.5235566046688073,0.4394740930453803
0.22061302612321437,0.5946152077291308,0.4562911009763188
0.21758011036537148,0.6261949138770988,0.41668434775728747
0.21684984357019776,0.5982604216038674,0.3922583784469116
0.22343791878175456,0.5731345470168807,0.4485005358774243
0.21977383730035194,0.5470007138115265,0.4753888751393323
0.2243760012472611,0.542853668337765,0.4547630674024742
0.22883134940724403,0.5546555733332678,0.4797956148102762
0.22512806486700895,0.6027666045384162,0.4573279506655426
0.21857278799164928,0.5675701295673532,0.4118438724697927
0.22705163096312694,0.5657986912777588,0.4631452602118109
0.21575917389110338,0.5831193282357678,0.4577219888375792
0.2262395780396097,0.6015416242370856,0.4313275031705857
0.21989441619348027,0.5798319080119304,0.4407635691789323
0.2202666736341655,0.5728777127298571,0.4606292352306944
0.22479597687058664,0.6300055779024274,0.5339305860593835
0.22787479719407563,0.5610364565618845,0.4535945792064988
0.2246472430937433,0.584082508139357,0.519147773773354
0.22109334946849488,0.5800730278188276,0.424750542526587
0.22307502222484388,0.5930077113894734,0.4371339321645105
0.22514217570973064,0.606095505844569,0.46816102577168894
0.22322962992899903,0.5470593417116776,0.4332483416169611
0.2237586638129754,0.5550791685484533,0.4375722833219349
0.21883147232659006,0.5447931085486111,0.481258566530789
0.23541659128982562,0.5851968188222443,0.5141698852430114
0.2212896288789999,0.5647910020547563,0.4344770345986565
0.22334357791617226,0.6016261341870918,0.4203187664401632
0.22349195226012322,0.6262463254679905,0.4142554464901253
0.21827748436823427,0.5631395306723941,0.462252763474264
0.230125587190195,0.5764435073349022,0.5295957598669879
0.22035573842453157,0.576180952509973,0.4078393845109369
0.2204979394948387,0.5441458329691301,0.4026125993628827
0.2203694456605238,0.5490688781029788,0.42796975678201
0.22506893221974342,0.5665707670616076,0.4596741329706064
0.22458889613817573,0.5916375801980128,0.5481056692363528
0.22868566082944264,0.5778754475047752,0.4268586223560507
0.22685842579799043,0.5466345442607546,0.4826204894515205
0.22455170979519448,0.5795709714468091,0.465854717006523
0.21953493296381532,0.5774383195220573,0.4404321609039916
0.22762281242736704,0.5861362120493582,0.4218996083259928
0.21766311801387694,0.5601286320948511,0.4337582851560369
0.21620486061591607,0.5898614632986582,0.4540390746766162
0.21987031702490292,0.5662644952278675,0.4381536183309018
0.21975330803284565,0.5866496959039934,0.5077103289143771
0.2207495281632508,0.5860637006377314,0.4248529212304633
0.22143827853083156,0.5959229074817262,0.4658547997533554
0.21641985892747265,0.5576996770340318,0.448320592870493
0.22020288835811022,0.5451016158991931,0.4444039142341065
0.22792481039204762,0.5927520267270534,0.4539203656432636
0.2246980016915879,0.5641636249343194,0.4164746849995773
0.22686358009686505,0.5535744169072623,0.4523712570602763
0.22852558908431297,0.6063127582656719,0.4644534376799282
0.22302451256752626,0.5628867692951393,0.5195823803315239
0.22337926982500167,0.5708078303502002,0.4437337371227754
0.2267940415969445,0.5716552334068685,0.4311265262500194
0.22279422699130538,0.6339215672344086,0.4725873563876428
0.22251770285201977,0.5821477361263395,0.4942357437271291
0.2310842972866441,0.5787695900300343,0.5551557311716433
0.21474497363553036,0.550995410363551,0.4198060533503382
0.2212246537173876,0.5795720221350836,0.4892121278554214
0.21635544019647412,0.5569302643693388,0.4457499530993986
0.22366977120601506,0.5610410546395859,0.4930648004857186
0.21568335788909415,0.5740556324295677,0.4631212555954554
0.22503099289330208,0.5983720444939739,0.4399779380355032
0.22432955727801493,0.5447931970840706,0.4330965941878317
0.21809934371867803,0.563777874765277,0.4138121861903871
0.22375007711509018,0.5979202875694408,0.4439042042270195
0.22567282751366718,0.5814755573589212,0.4749750654401973
0.2242548878422483,0.5785059655505165,0.4673637376550076
0.22724087997669432,0.5620863155046059,0.45000766263623293
0.22156490649357852,0.5830803223453912,0.5569769711168002
0.22566630839223753,0.5862208813266594,0.4895644429887197
0.22632141759305802,0.5690216114469281,0.5160385539511344
0.22384500644077326,0.5681857868449639,0.5119984014454707
0.2251854382314034,0.5824998932825921,0.4806063400251258
0.22016061504172832,0.5702897492943387,0.4778868083431819
0.22571440171052565,0.56181320833869,0.5634011691527602
0.22343238196289097,0.5792899995276136,0.4747393638234182
0.2267882562590542,0.5914627733636995,0.519490508284441
0.22476442073203884,0.5613088501324338,0.4928064677791243
0.22469541450241434,0.5956422634012634,0.4540210593803238
0.2219185019810569,0.6012113638295208,0.4397021643108701
0.22444240533285217,0.561950723352072,0.44956017063503706
0.21492605292793898,0.5728035054865532,0.4813471310958095
0.22758634349413104,0.6104944001618322,0.4623064346178306
0.2203449471391128,0.5902438116187211,0.425205410924648
0.21948204188882214,0.5566692213804982,0.45573547895751393
0.2212941908704925,0.55809925296102,0.4527203340345395
0.21413350429072195,0.5598902738114018,0.4897396181705616
0.2177278215638512,0.578098980770114,0.4336643697607761
0.2257833921506251,0.6251477513042927,0.560149496480923
0.22250036297611872,0.5587583927586147,0.4402862983256817
0.22160555634207363,0.5400490137242682,0.4584114513335222
0.2213231422341302,0.5627335952224063,0.4575645601995554
0.22172541703694712,0.5797370976949268,0.4893649033701977
0.2258943410286502,0.5276517486829194,0.4573137385042302
0.22542370018602398,0.5984334613185234,0.502302099295957
0.22333623772837582,0.5776760695247963,0.4468058173652121
0.2211528181336746,0.5511897159658433,0.4516221756243025
0.21681972781793918,0.5485027015928139,0.5215177140561711
0.21971223984838192,0.5653685486967254,0.4958609474856458
0.22375661820042242,0.5762486297602181,0.5003077335888729
0.2320879916415116,0.5929286526946302,0.5532597779427497
0.22405799682255112,0.528848435230445,0.4673632639665199
0.22288780632986274,0.5460854359745795,0.4751184535157115
0.22289501300215414,0.5710535206568228,0.4709452317167087
0.2220466567568132,0.5756940403106587,0.5703328821745756
0.22384354053298242,0.5725617554749587,0.4485912293402392
0.22423260559420016,0.5719893570619048,0.4704666043603442
0.22514906913931731,0.6158747770756289,0.4666712905727142
0.21835362477290032,0.5747698356169267,0.4161419849891616
0.2255353704571773,0.570894783379606,0.5323065306185859
0.2204868165887153,0.5850211097893526,0.4584763400844173
0.22036942449291388,0.5752173998447541,0.4583241626940482
0.22327170189071374,0.5380365522794197,0.5558621994673267
0.22463420796500488,0.6125589598642193,0.4980116910747477
0.22344783547564703,0.5605154888004911,0.4746518111785895
0.22426689294549904,0.611272550961352,0.4653168417853806
0.22036102004715225,0.5743585082080144,0.4886873797548849
0.22253774103814628,0.6031880652101818,0.4978017232925705
0.22200823889815044,0.5827377157871471,0.4631381379393805
0.22367953334036103,0.6048903372191451,0.5081588273959673
0.22757824599789792,0.5887370211289041,0.5306307616892999
0.23075611231492318,0.5807305955645915,0.5337593141043389
0.22248378202000466,0.6064038757465291,0.4908457307072654
0.22289901440073787,0.5625603838939097,0.4561410065304614
0.23261066314452244,0.6304372812064558,0.5394220559518375
0.22106339184603388,0.5406267238418837,0.4550105250220543
0.22754545423475336,0.5979772749543164,0.5158606036804094
0.23618988184561288,0.6061416403770942,0.5279030888396509
0.22424899800225148,0.5699169404889903,0.4826082577851725
0.22755186624139642,0.6125620945692615,0.5351090157179279
0.2374421332626784,0.5998027775422697,0.544464013424942
0.22619095034861117,0.5645962881694282,0.5017049462777381
0.22521181067498947,0.5814256763413007,0.5019198566445187
0.23830308229138567,0.6165498985349821,0.6234444189793208
0.22565842305044545,0.5480579875884117,0.5267949814204961
0.234615807525154,0.631241554043866,0.5175873870486342
0.2172515446102952,0.5365025251161216,0.5405528318832711
0.22350444955864,0.5606925833751091,0.4532282222873733
0.23224613057272592,0.5971855027930091,0.5273116440801965
0.2275299168328679,0.5531711637003931,0.4698594891570558
0.23232232801672403,0.5954726076199575,0.4888063300274602
0.22647299933900464,0.5977115859645203,0.4501497940850517
0.22439300918928873,0.5672820543239152,0.4998476557630759
0.2311629875294649,0.5751806932574215,0.6324327231664074
0.2347408048852853,0.5827307268665048,0.6013122425586551
0.23087143528202175,0.5586571539412714,0.6626112500099229
0.23237382191943617,0.6205099324512721,0.5333698429779367
0.2307285213546861,0.5752726405034089,0.5455401106255061
0.22923798152331365,0.5862527125087683,0.4739421144598805
0.2324628443823363,0.5899236079324562,0.5088707841456708
0.22782261955479768,0.5751546181154449,0.4503981449079241
0.2246933540045464,0.6008456901141176,0.4701903456543362
0.2306069974362518,0.5927994932328591,0.5307422009107549
0.22447996008883556,0.6123583950750907,0.4894171406672033
0.230829882210828,0.6184217076392675,0.5270759941824454
0.22716303208154925,0.6210712458031987,0.4576032168029725
0.23189651798737665,0.5873150949512639,0.4833128146587506
0.2276971075968205,0.5491998093950671,0.5432341011531682
0.22421946919172925,0.5579645552102376,0.4806056115016149
0.23468493499884716,0.5745024281691411,0.5818081504563427
0.2266056393778169,0.5579207358550411,0.5227175634280989
0.23359353816368789,0.5873467189936205,0.5230470479480044
0.23940457554267824,0.5920994125328256,0.569573011177394
0.22636257893505785,0.5416743475950959,0.5700883577932203
0.22405318725894713,0.5695379558182233,0.4619815405661937
0.23662946718058514,0.6584951395956806,0.5083376825032075
0.22473133115271313,0.5949545697901687,0.5220227040314538
0.22808234202847813,0.5579472027119108,0.5602420516686311
0.23163859323897826,0.5739167322545415,0.5083818383060318
0.234233796333086,0.5866452609632699,0.5143233717649358
0.23128136622280124,0.5495777389997097,0.5021341068171771
0.23219340843257122,0.5969107849994129,0.5024524798972149
0.23167413767303946,0.5624186336182236,0.5135859036015485
0.22869253361445654,0.562131837709212,0.5517192700740768
0.23246894076129734,0.602617162808851,0.5228454413934712
0.23117033085324304,0.5752591125627865,0.492678748523716
0.24670634926515247,0.5358302121257781,0.6071396744064544
0.23514439405917018,0.5881012876585503,0.5845738616309344
0.23547912157474785,0.5698868820726443,0.5290700252885944
0.23285140805801113,0.5730661166644254,0.4772083704362765
0.2290079079779433,0.6116363739015789,0.5272940111151221
0.23219976607838003,0.5721578018534662,0.5395779879338909
0.23234227936118387,0.5731645311839448,0.4993043263722051
0.24009737411871257,0.5922063972462789,0.5617571308663006
0.2416096904137123,0.5891134235549517,0.5146379079908676
0.23446193922633793,0.6158280814408043,0.5000165916132653
0.23491069369438564,0.5973303231672943,0.5201849913328682
0.22935123455411852,0.5691083523605553,0.4750931120485653
0.2367617845130809,0.5461605232123347,0.5291645763009556
0.22597181063547922,0.574089239425101,0.5024795335532327
0.2373211626059102,0.5397090543821733,0.5181859353234863
0.23710931058184848,0.6016458445812289,0.4948105534485819
0.24946201297036713,0.6011528202473134,0.6412384504908156
0.23598083270507358,0.5741004127705529,0.492051711623806
0.23129193671911602,0.5386091603632353,0.5286620358945756
0.2315436753500134,0.5674690002579137,0.5260936543148221
0.2327408996976007,0.6015150292904715,0.4820036612942759
0.2365375966264125,0.6239653383352278,0.483560742640847
0.2365684634842918,0.5802606208315391,0.4984666215004545
0.235338944305594,0.5923430028145416,0.6219191854372773
0.22810399336637946,0.5405656027140043,0.5157250950967007
0.23124605644342563,0.5964522634439345,0.5157921332068774
0.23099560698088303,0.6540776840367322,0.4864212061159459
0.23060188796636383,0.5604573777406839,0.4903515328031816
0.2369193247808137,0.6022645233521338,0.5140989391323612
0.23568075375408107,0.5431283546039543,0.5217014858392277
0.23809183864529423,0.5848997236091533,0.5436919661355456
0.2302606848441294,0.5800384162409888,0.5592921917152209
0.23455497031458938,0.5646955560954787,0.4821616092735834
0.23057249672128144,0.6066858995880247,0.4948238959163046
0.23896506947853388,0.5635940564377071,0.6115370965880957
0.23392482011129018,0.5660875231194996,0.5566465229716118
0.24158283851333556,0.5586228535919732,0.5456435820843725
0.23945143971904884,0.5915292017987828,0.5571020613544921
0.24130379714997427,0.6045863861559401,0.4893116697344475
0.24159225177890115,0.6101928171483921,0.5113018866429675
0.22931249236250864,0.558736103321063,0.5911880919204362
0.2366206907344302,0.5733704901540869,0.5072726302555605
0.23967679292219382,0.5714461364400385,0.4935208053457195
0.2330128905941016,0.575866205501703,0.5333253387180628
0.23341918917101367,0.5396015075850402,0.5084778752048578
0.2424669163691492,0.5647366221388121,0.5606093191544295
0.2429212399980399,0.5791066540448707,0.5062882987437455
0.23641895547879546,0.5775579182160264,0.4994509176815621
0.2340143325711392,0.5678315896789503,0.4617566159864821
0.23057220279970062,0.5711760853846798,0.5089986747246915
0.2431658204242887,0.5774144738265199,0.5855402001161948
0.23389674642456207,0.5686195079761306,0.5591023567919656
0.24540713744421785,0.5773644233429123,0.6640975376891387
0.2397482400257371,0.596049838285284,0.5227401033127599
0.24900210120910515,0.6030482399004505,0.5808517077196581
0.23370502889152914,0.6075415730853755,0.6165454427075734
0.23957309769324714,0.5989697025844877,0.5199954060844028
0.23581158450881717,0.5725705351519592,0.503511147181674
0.23914740583242936,0.5908051855255817,0.4685306620815765
0.24085710657148238,0.5840831966321589,0.4988996136531907
0.2398096983882888,0.5625833504211727,0.5023259336117339
0.2435516309738506,0.5966163760240193,0.47518285272131505
0.23741087087126334,0.5825525967292431,0.5662628146396567
0.24465498253859985,0.581693419331753,0.5949659640945487
0.2464937387235649,0.5729767310515017,0.7317602571994167
0.24268660488689725,0.5844406939127886,0.5195330744335016
0.24465061536843025,0.5896735746991193,0.4915163311698274
0.24278085212962705,0.5820613212444343,0.5422062785959192
0.24417922690621627,0.59397022455964,0.5633525710600191
0.2345810322276715,0.6073980431680919,0.5303519583957589
0.2481593150269646,0.5939207224716695,0.5813129474265153
0.24504702061062492,0.5789601368444867,0.5189013414401307
0.24138975300368076,0.5695545302716378,0.5013750251417461
0.24665785474728671,0.5543161812657574,0.5658693703089879
0.24220074311974063,0.5562795756183843,0.5348286866729974
0.24763900784355763,0.5828912239970487,0.5751033237181649
0.24570439865569177,0.5811509270922994,0.5364975110588728
0.24604315249556855,0.5794235469128194,0.5860661448623614
0.24016420986551307,0.546563673639487,0.5270241663445577
0.2418626008112617,0.5424785942131178,0.5471627941143667
0.23720373886002266,0.5469163959037012,0.5415213208228908
0.24527191418995828,0.5905211888251874,0.6218952893836375
0.2433866481859558,0.5653530027947448,0.5590058114737048
0.2466979588051879,0.5625647793019476,0.5789040960197621
0.24355893589685507,0.5796440683437735,0.522832070336806
0.24497135056942657,0.5523465373485444,0.530055844238565
0.25282465729441156,0.6346189562433717,0.6329093667935737
0.2517285313167647,0.5827184353237688,0.6393160217737385
0.24458725650546229,0.5475509061224213,0.5485417915942022
0.2408255243821451,0.5483758961001598,0.6640203538941214
0.24590627623897965,0.6058940571258592,0.5161160586677926
0.24445616188371352,0.5474831742790304,0.6579483446314258
0.24192835411640895,0.5516524681197987,0.5700498681429911
0.24805283467565065,0.5735524948218319,0.5483049471562316
0.24869224385805402,0.5797439299187416,0.5174962957582536
0.2479414488371642,0.5773537755246427,0.545914294157867
0.23811367964685734,0.5631485893775399,0.5599665809076729
0.23987470519796644,0.5752580959821263,0.57335325874037
0.24128407537202493,0.5582805196670759,0.4788674538993852
0.23977373923466658,0.5839135381829514,0.5658239084471496
0.2426744366991011,0.5449414828752001,0.5498710212740895
0.24249239798118602,0.6010828353755966,0.5570253935455463
0.2468088334451294,0.5752055388346006,0.6288647191035878
0.24812441486410391,0.5750909481110217,0.5428632311582114
0.25317360957477897,0.5920114070373139,0.6081474433845249
0.24675551648120153,0.5909893482069829,0.5355778014357224
0.25177333738668783,0.5820934621840774,0.5685319508195572
0.24565666426710814,0.5899690039175383,0.6082073142272114
0.24484063738878536,0.5802729893094962,0.5502088861806073
0.24906302760337107,0.5672121561090292,0.5779247368270928
0.2511962716543173,0.5879154376510488,0.5567448686737487
0.2527120672735376,0.6030285080450505,0.6230604236375761
0.244681389451167,0.5618578849197029,0.5417313320037856
0.24766922015229403,0.5563408064739724,0.5384388466140155
0.24983192804997573,0.5626383771783225,0.617857687186833
0.24979985103292235,0.5332761184128547,0.5616940702991902
0.24570500262404782,0.5768874253317022,0.5782028036960731
0.2526506718292881,0.5917390838975419,0.6006865162800259
0.2513252480892381,0.5833607998210373,0.6658012163451569
0.24603099785547966,0.5746748717204094,0.5949767648177154
0.24766691256659754,0.5499295270533608,0.5751410169351969
0.2415557490277293,0.5403367899259235,0.5311812563469974
0.25129999992744817,0.5926010533465864,0.5342328896140254
0.24775516458251004,0.5843723243256619,0.5592425361959876
0.2530558635025186,0.6007635700997396,0.6568132896886644
0.25118509273988837,0.601096468236083,0.5765183807248963
0.24677209096610636,0.5552859033347771,0.6083271077983332
0.25038633583996045,0.5877271661528249,0.5394365177467368
0.25842717837930435,0.5660656530529987,0.6876251024812363
0.25398959624617823,0.5651866374774932,0.6997254851952406
0.24812740825728136,0.560951056440636,0.6294378498069636
0.2556129051576412,0.5661346251936067,0.6220221683836666
0.2501867739897574,0.5897943616441946,0.5933817519219184
0.25705433398044025,0.5768501528916857,0.653179886213523
0.2603895231828672,0.5730232770699962,0.6899356308992175
0.2522650466618917,0.5848890786033248,0.5750334505059103
0.25030270829453277,0.5832653526268374,0.6216274562458622
0.25384480867463044,0.5583470182886081,0.5851577600810356
0.2566808375157246,0.5568573468448763,0.5864963267267909
0.24417921007678536,0.5190432292836694,0.5845673919393001
0.25044952011110616,0.5760817217370826,0.6028399829750485
0.25275646518385053,0.5663103125054412,0.6161479587728598
0.24986182846817787,0.6087289519381551,0.5563258435756702
0.25384547656739526,0.5825380955713145,0.5695741823591828
0.25853805605986924,0.5942810768273753,0.6255782095310627
0.25095663054846756,0.5632104890815615,0.5808488840557472
0.2495767701776118,0.5818570785144397,0.6151597719551457
0.24512524764801136,0.5436636818170928,0.6358681646380554
0.26119469391660965,0.5674503436967439,0.702077382636036
0.2567020994083935,0.5862613684952449,0.6315709618681451
0.25135669262847643,0.5778534142863233,0.6171159695536835
0.25223359801401257,0.5886240890474452,0.5664701898454063
0.24833816758461424,0.5657633972986738,0.6266995670668645
0.24819676358887008,0.5748718878212857,0.5803620765937858
0.2520618728041656,0.5760334490485668,0.5624819487577309
0.25934825331810435,0.5943417569947864,0.5804617380617564
0.25161316569148073,0.5992276420500356,0.5765259162852188
0.24587591572445677,0.5359638313940871,0.5547480906824306
0.2657484479641992,0.5935912998852575,0.7496313619284733
0.2492423751294248,0.5964246657521759,0.5665171179476737
0.2581633234232886,0.5707727682407517,0.5830454110893717
0.25805057059013337,0.6188252545853454,0.5650383814075708
0.24731391753886656,0.569127574423208,0.5520015063975632
0.253201634454719,0.5844332215982763,0.5907858633992963
0.25633752264073206,0.6225923606726534,0.6366027358452386
0.2435910553386743,0.5683207372671046,0.5571797841736894
0.25006595055573977,0.5863904485124682,0.5431614133811195
0.251107114066719,0.5957236705391318,0.6009481265297935
0.2528141094317872,0.5682164049129835,0.6171536271331156
0.25204680947214236,0.6044290830541152,0.545131785610216
0.2590234608746794,0.5757779265727997,0.6402407366331931
0.2642181826282193,0.6061106447040118,0.6833372274505236
0.25467530104977854,0.5866606757271405,0.5587033485391693
0.24786302211797118,0.563604513456201,0.5872574685435744
0.2449412590293577,0.5399928090156298,0.6028237058035787
0.2512152586525277,0.5470425426931677,0.6875932955813946
0.25320208013097284,0.5833885905924981,0.6848878465179026
0.2566890319596595,0.5794640490818083,0.5880501228079466
0.26143089120835517,0.5692413619415273,0.7075098714884973
0.24787536019698436,0.5720662949175543,0.6606105106843423
0.24548878968886156,0.582683282403396,0.5819002474527721
0.2415319359313193,0.5671418791987519,0.5663444393962541
0.2432556639135831,0.5470761531700234,0.5308141813023632
0.248353984858892,0.5715100055996793,0.6009622868025052
0.24863674624606602,0.5861602001755087,0.6102993010780486
0.24736565891289253,0.5813557656537992,0.5963252498891414
0.2403280821364406,0.5501427010708413,0.5417284403113741
0.24595781532899752,0.5862678122312357,0.5985979721247724
0.25162356066916597,0.6096372368757172,0.61717030685022
0.2512847809136961,0.5642169554828783,0.5418522888134752
0.2585788618735122,0.6266051455531717,0.7840345392318099
0.2563088336527787,0.5745939626418116,0.7398913152560536
0.2523172411106035,0.5800579464383749,0.6865708327305329
0.2549756309400831,0.5639132384979321,0.5994619576610075
0.2502852863601561,0.5685910065334511,0.6129523156154515
0.2503642606711353,0.5831568536342613,0.574139649877281
0.25688810056763606,0.5521391787624684,0.7267693748545321
0.25688136457428024,0.5785424425298118,0.6252990797135074
0.2554117365177428,0.5800563669704311,0.5878192699895626
0.2594989362257262,0.6206515085138298,0.5884051977666529
0.24994182660334374,0.560240981037082,0.5986157239430364
0.25496731530606576,0.5820049590832104,0.672068334464156
0.2572809893854226,0.595310419266845,0.6208547195720798
0.26463487940799285,0.5811656399974454,0.7552697880098894
0.25109379794597486,0.5462780149136462,0.6478700029014646
0.25190491997802916,0.6001278649709798,0.5743846941760709
0.2496375554356678,0.5706040015013988,0.5627061608406766
0.25291451648613683,0.5609119293696696,0.5651224784675244
0.2577695640596734,0.5571844281366739,0.6734214385355735
0.25062808598778663,0.5846611642010572,0.611520764808157
0.2568482990049963,0.5817378005604731,0.6430535627130647
0.2519496194534029,0.5612435563430379,0.6977421030778381
0.25802813451601075,0.5910111947692257,0.6191521830907328
0.24977547026244387,0.5936078201091002,0.6256637936325068
0.2500274612788519,0.5885001244196109,0.5990272430994211
0.2546614314221878,0.5728637277736078,0.596075533207405
0.2616952595422604,0.6060764733621109,0.6310566869329098
0.26023236060617555,0.5675067690002848,0.7495022758577399
0.25818958138139836,0.584608217473536,0.6540371633481216
0.2529662328222119,0.58518033565635,0.6174065692902367
0.2576253306301469,0.6089125315628697,0.6286467779338559
0.2555428032272314,0.5600099759786804,0.5881557438042446
0.27300910637240927,0.58197282077393,0.7912965305298079
0.2638859182576476,0.5497559734070245,0.6786768621089747
0.255815233996409,0.5600310340773332,0.5907000352262646
0.2561393935786189,0.5688104901181704,0.6496740772538083
0.25448642821162415,0.5488251230627763,0.6164395388703582
0.2556674008335134,0.5775014741249168,0.551743120712448
0.25552442586604396,0.5739415387736042,0.6055849623198217
0.25571273564694796,0.6054939259134177,0.5961180311361172
0.2470098378788321,0.5358322414418099,0.6630778736366834
0.25399204344077253,0.5735969278751135,0.5815414293537221
0.2544021174784141,0.580183501466478,0.6619808763510115
0.2554267915825406,0.5471205555835449,0.6417245289236839
0.261291752180776,0.5849655981831193,0.6082679669526905
0.25443540536207804,0.5835127841391132,0.5782097354149823
0.25360511336144326,0.5327736273242489,0.6146934138717199
0.26158634077651577,0.5788954387423828,0.6161831333065949
0.2538802459941348,0.5874223364704714,0.5856262083166746
0.25752405693767305,0.5746547932291097,0.6098874866834413
0.25546284630471555,0.5701767025748329,0.6235003444730348
0.2505564196246485,0.5833425118108349,0.6307499789540882
0.2597691247579759,0.5840757522972105,0.603300100919125
0.26180782174497386,0.5570065551009069,0.7577871351723436
0.26009266899797284,0.5413550718609802,0.7449311770189736
0.26153815036577965,0.63461188968902,0.6072764381597673
0.2578071759736283,0.5765505017824397,0.6622628431690285
0.2592314521462206,0.5640834135384231,0.7452853332288886
0.2571958430998824,0.5734857645065837,0.6252977792212602
0.25413968914010887,0.5492972530457292,0.6313375049504891
0.2613355811948452,0.5935487444706657,0.6495005742453838
0.2646227988673396,0.6431071577682631,0.6530477151576751
0.25878539488711033,0.5539100336026385,0.6273907388123221
0.258171308708817,0.591299881930386,0.6337153319436898
0.25791714392013465,0.5419279933919016,0.6577566254492713
0.2616759962932973,0.584732049077388,0.6390465935652275
0.2711419232143436,0.6098745059297427,0.7752984300228901
0.25579022037113275,0.5959913967541879,0.6277607447686545
0.26059758704138436,0.5979715762515306,0.6676525305128581
0.2584944013366983,0.5820527074936398,0.6555370055572359
0.2562000339039179,0.5616185020030265,0.6297826073006121
0.26024768863672115,0.5732043493539952,0.5764925460672932
0.2641452979659729,0.5865889678232596,0.5872306647253513
0.26665696388442145,0.5864934032019511,0.7208162249771103
0.27145389142651843,0.5865785267161454,0.7440601409446659
0.25523664631875803,0.5677124751438335,0.6705768933803528
0.25297325643760354,0.5626716757697647,0.564963193861766
0.2548116056972748,0.5594316525970263,0.6228846147993341
0.2524784031399382,0.5289200154785548,0.5938436655203292
0.26265480779940936,0.6183731450004959,0.6907015829229364
0.2547066158961934,0.5763927851039179,0.5879964812053697
0.26846286459546403,0.6092231302333344,0.7779974132234685
0.25222853902286974,0.5399613428045879,0.7575896478364492
0.25348503396690636,0.5623631350209309,0.6566972209260264
0.2564888482889522,0.5648740042431077,0.6907253503243871
0.25517979210621605,0.5222340064444507,0.7048290051297633
0.25074366680016924,0.532317966431044,0.6509642056638976
0.2588716250303279,0.5667678772835564,0.6650257318804763
0.26047061851484515,0.5363955508666018,0.6345157352717363
0.2592247861415181,0.573650601000808,0.6354566833712182
0.25758975021181596,0.6173408285586381,0.6625860296317236
0.2560632103953481,0.5728021780079383,0.6181601214455523
0.26177718295098873,0.5750749673628739,0.7604386401427097
0.25753233419434945,0.5821639145842525,0.6775752379618041
0.2685212868459982,0.5550369848804209,0.8859796737399201
0.26196647991558797,0.5534293410512556,0.7739149524887402
0.2667014021134242,0.6072010417098742,0.6797637877418188
0.265239598283799,0.5723850335926629,0.6944387036247069
0.2637381349204731,0.5742419187751714,0.7048131404395739
0.26936861881129115,0.631761414349857,0.6883306392757369
0.26025247260898887,0.5680126804195266,0.6220475380232773
0.2644035014603284,0.5442289694034463,0.7007420455448874
0.2657302039911034,0.599029688400452,0.748002448485146
0.26714398635786163,0.5926538954431129,0.7271454981236927
0.26365459763178495,0.5822053256135288,0.6703460310817139
0.26557462360830797,0.554071104151901,0.7655762055945388
0.262425027478474,0.5764743124861493,0.6414216999352249
0.26411713966265665,0.6197152571961099,0.7478031614050766
0.2699225509426121,0.5887691067493246,0.6773146576445137
0.25431819066685707,0.5607809811082952,0.681874963143047
0.25804162662568714,0.5432628875993903,0.6564362700116132
0.25895123801844017,0.5610178791042262,0.6633311338144398
0.2713179699206297,0.6227563092365349,0.7234309086975163
0.2657040326718303,0.5952893172477819,0.6552725334157343
0.2647864996108062,0.5969475510135694,0.6305003955212355
0.26856765354363366,0.5910168872582581,0.8537936902060883
0.2598568624359256,0.5764989886142808,0.7104446779201438
0.260644878490826,0.5880472592901884,0.7852677148134097
0.26249772871745636,0.579543825340592,0.6628774523453705
0.2599876954951771,0.5686806391381178,0.6908812444591114
0.2639144914840647,0.5742889050527153,0.631235112384201
0.2649533871446834,0.614795833108912,0.7379275848447961
0.27663746779430387,0.6181082409681689,0.9073351265476359
0.2677101281605655,0.5991195793397239,0.7544114486950013
0.2539859520764848,0.5767066260115223,0.6507785054609486
0.25770175783761184,0.5842839117258268,0.7130073280019815
0.2698018860226448,0.6195307998533683,0.6636447786608737
0.2610296286428316,0.5634259418144169,0.6931866340526728
0.2736856669672127,0.621749801964814,0.7603240103169071
0.27094687706932313,0.6026260403289582,0.7271662399395489
0.2624880066243636,0.5732925473736445,0.6378400213572338
0.26454198412586566,0.6251700002234913,0.674094041857948
0.2696468026974337,0.6052690272957283,0.806697150695292
0.2730110419757794,0.6208140348112039,0.6905078056168249
0.26179947070047643,0.5489468541592573,0.7164380996429474
0.2708039269124318,0.6071741039230739,0.74806900419082
0.2621500802379782,0.5671402780777646,0.6478511711771999
0.2673810792759304,0.6191328646770942,0.7041680915364124
0.2636903527119838,0.569707149275093,0.7868897238931298
0.26609190904040714,0.6250739680386264,0.7992616364455695
0.26025927967273893,0.5638620599665843,0.7035857358671674
0.27906046241759236,0.5596011040185332,0.8550618158334838
0.26668494066747445,0.5869036879140329,0.7672256358821048
0.273163150543677,0.6036218612482196,0.6952469626545866
0.268105184433987,0.567508723436695,0.8553329757782565
0.26845701320647836,0.6094326118226501,0.6998219501540749
0.2753848515703456,0.6224526769412959,0.7873295378337101
0.26433791726006234,0.586675117882068,0.7522444105967765
0.271149067027714,0.6117849270980085,0.6885568646681981
0.2682253960234284,0.5836088706305257,0.6590962480381927
0.2631290388391877,0.5853537747013872,0.7106288218006712
0.27118112256197385,0.6023789642148378,0.7510715568026367
0.26696406206580564,0.5462781279294615,0.684572392639161
0.26495498491626657,0.5511810111033892,0.7174362053156158
0.2746316181291793,0.5958877074385253,0.7905161755916809
0.26922497756510316,0.5786064301364483,0.7733420361881403
0.26865332187670155,0.5783841520065398,0.7822963898019972
0.2792019941991562,0.6452157945635161,0.7874141742020067
0.26499186344048214,0.5611149179764019,0.7651864238354813
0.26282871584702144,0.5932294770960074,0.7905065850448186
0.26974893006059797,0.6176733785587186,0.6935469048948225
0.26437919046661323,0.5864211235523462,0.7401397257936277
0.26803756055692857,0.5789574689163728,0.8450377237092315
0.2706019407086792,0.5894865540257149,0.8185496933137546
0.2671623409385424,0.5712837467844821,0.6778116808931409
0.265524193846028,0.5690247778058216,0.7091481235291175
0.2708033406770324,0.5635951814189872,0.7592312142526619
0.2654795485943266,0.579666049711241,0.7745337081500927
0.2664553711513681,0.5755366972714695,0.7839796104090201
0.2719691770696264,0.5857070308623283,0.7867859595664646
0.26769337689366546,0.5626984370702081,0.7574517348911636
0.2752455351922775,0.5802011942529642,0.8047727812340529
0.27097549111688446,0.6048465900708664,0.8031620767734838
0.2703525616974215,0.6103900408969312,0.834247636827041
0.2766695180309674,0.5965042341116579,0.8474196981548611
0.27490050724164783,0.6179221243026461,0.7131527530724833
0.28192420904819593,0.6038284268820721,0.8855699844377527
0.2719591055877699,0.6255496826652964,0.7086962764703997
0.28189738632881717,0.5737646211381705,0.7979605947678757
0.275474416320148,0.5699457542381418,0.8005639215029018
0.2787843134686333,0.6015393970484729,0.7754169877364752
0.2654686478887307,0.5863457004427084,0.8108698346955387
0.27791574498495547,0.5882856578721707,0.7636567292760356
0.274448691118576,0.6130993713231296,0.7282459779342115
0.27293380062483735,0.5606008772315019,0.8607672584252093
0.26991660026615844,0.5868273443437906,0.7748217619573246
0.2810465371487489,0.5653356872813893,0.7758355003408178
0.2845311422776278,0.6351511894824541,0.8763114896616291
0.27510176348699455,0.6046287911580154,0.7777794746831713
0.27744042270283914,0.615905977362697,0.7647077837477607
0.2831556611647458,0.605355004159536,0.7342496999232307
0.2771902570608699,0.5913062044144032,0.8822131350426892
0.2826799893902491,0.5997937628699589,0.8341932424067738
0.2838684330757645,0.6031773550118387,0.8505434093871679
0.2781942939736076,0.6107423337910375,0.8148223517766433
0.27233757192035546,0.5919636043297539,0.7521008984299139
0.28114811399105316,0.6895585221513546,0.8211537286258769
0.27551030621458655,0.6094655839153759,0.7804817851348753
0.2791906295503798,0.5851851901107643,0.8447650787921581
0.28136425599179027,0.5821285066230376,0.8596207941157248
0.2747704039621164,0.562644809111595,0.7604633339537789
0.2866281625448816,0.603977296974263,0.7972670316980305
0.27448607452973833,0.5993034243671247,0.8003164405192684
0.2833881275999977,0.6081057138760259,0.8273923792030808
0.2841382501726268,0.6045871876538462,0.8021336586879318
0.29511002774796213,0.6291329292532105,0.749518111952788
0.2851453836619633,0.6049969204798562,0.8248978607920147
0.28503474753484054,0.5648321902258447,0.8162000337283045
0.2768915471567647,0.582062697495851,0.8794503740463593
0.2854090157559274,0.5892269231319255,0.8203878643364311
0.28666207188648357,0.5873243603894172,0.8790918197058586
0.29735334730847635,0.5548555122477143,1.0083795188694262
0.295758403235966,0.5643586408574383,1.1574308588603406
0.28792899721204734,0.5746305320742284,0.8395968650981662
0.2865198395723555,0.6000366582303619,0.8148334965777653
0.2823575215167375,0.5819373205784424,0.8306782781710615
0.2815029051002707,0.5830413610679598,0.8281023880024384
0.2833060278789597,0.5552666187434652,0.9376790626551906
0.29605060729060656,0.6239733786782942,0.8930698894018683
0.2783343958683115,0.5841658562679971,1.011788487108192
0.280573531339203,0.6073128779661693,0.8095272990331926
0.27702303267086303,0.6042879751662562,0.8292692159133965
0.2751114979426778,0.5919062680355046,0.7782198693792359
0.2703765807657214,0.5538400837264686,0.8547448535237738
0.28201337767598955,0.6312173662610849,0.9015361994030952
0.2851472961193276,0.5566383323970865,0.92224856554614
0.27578373753942437,0.5678922819713054,0.8954114750747109
0.28423784925114026,0.605238336460946,0.992383297255808
0.2730185544401113,0.5667125813617401,0.7937195996082704
0.2908461582881979,0.6568732895897259,0.8697623394616986
0.2826795417528697,0.5933090542345459,0.9703721346492854
0.2748551234395522,0.6404035246042552,0.919376279366446
0.27370627414188575,0.5869355610527858,0.975456028270968
0.2764897670520698,0.5664283861457663,0.9746219071043016
0.27394870718438175,0.5742065558181961,0.9404742845739692
0.2819930185697928,0.6030727161019377,0.8968374802062153
0.28646870165274946,0.6279707866405952,0.8765448180776342
0.28712223858448527,0.5811661182848767,0.9952297510834621
0.29415989772528006,0.6323886972061014,1.113972413886783
0.3063931203756585,0.670115173436434,0.9839843872547006
0.30818982932563643,0.6444423543220862,0.9450649268800936
0.3457968706394718,0.7183340376912366,1.3428275209336824
0.3027066048430468,0.6692638584461086,0.9685639869172
0.3176741954276427,0.738351913570787,1.0253305329718645
0.3114505320545065,0.6403635016513012,0.9900722601129311
0.33368239734158034,0.6890172216333584,1.0270059675667174
0.32461422833468573,0.6872495630393187,0.9017771209594814
0.33356448491302315,0.7086803636820609,0.9851905656069694
0.33111432249534395,0.728682815981476,0.9767478833244688
0.3227310031749006,0.6996116298544289,0.9828575800218896
0.33034438356326007,0.6828964527670309,1.09818351665878
0.3634339713130409,0.7640288605078871,1.2787944753942118
0.337111914772841,0.7089618655480251,1.083706794854322
0.3307392035794157,0.699694495106898,1.1468526499884475
0.3358520076019629,0.6873926783053195,0.9488516567519392
0.34386418703653393,0.7008978826808687,1.1243973687357995
0.32888904026387505,0.7001864248913898,0.9312894739891052
0.3250218852782417,0.7408177697770582,1.0604111987352902
0.34810906943562936,0.6898176169642126,1.0376701685212923
0.32726182136571663,0.7174303936627786,1.273447235848532
0.31836224534730795,0.7309387104598112,1.0169933085932434
0.2993348108179409,0.9126011584424948,1.110753029976066
0.30586381979355254,0.7312804553506651,1.3838984251601008
0.31602409660064174,1.0091017090633854,1.533183356040268
0.2926443845193953,1.3021747330726547,1.459788227598044
0.28888566409066907,1.2831629615040807,1.5350705410734289
0.29814369609917,1.3091503200834742,1.5316262379090246
0.29468615102268936,1.2951007628412228,1.468477866291365
0.31293109644063777,1.267670969907123,1.4735126528477545
0.3083466547634981,1.3031177587442366,1.490560213216752
0.306299922339371,1.2870750618515217,1.4470608373506804
0.3253167882895994,1.3716678797116382,1.4857905858716782
0.32393942716089846,1.2426152711857514,1.5886345731598992
0.32857025774528636,1.3023002833362014,1.3843522848809442
0.3306544107110628,1.3029967127368132,1.4229854908836497
0.32300188020542114,1.2984935771119512,1.3513668398732241
0.3240984637045109,1.2774142348969368,1.6729415534441656
0.32987985575328516,1.2905432128095204,1.5360303599238905
0.3339093356908602,1.2985732299426325,1.5320552916992451
0.3429155941732887,1.295467789985408,1.4943947248244998
0.33419554066809937,1.2947020325488738,1.5426292712473093
0.328565887789809,1.2656729105687219,1.4071936891615917
0.33799807597059744,1.2951154640452076,1.4556312288857836
0.34099951561287534,1.3098049080397385,1.5532915732155193
0.3460950018720695,1.277902575046375,1.6780752451990066
0.35169578630839354,1.2684464396569652,1.6735510162481684
0.3574781314427571,1.3071156047167318,1.4407028137543043
0.3647997678984523,1.2660337501543184,1.5100252627867983
0.3650561523619291,1.293690371942836,1.6271702563299832
0.3662521173808807,1.2740283971249673,1.4685769489989893
0.36143435303874705,1.3244624261059348,1.798874624535001
0.36148678839694365,1.2962836484885951,1.4390190414860036
0.3568982908870585,1.2733345965994305,1.5518118321778231
0.37035727240917077,1.3049203590919414,1.4092298447411156
0.37060838836195586,1.324756681934237,1.4529717240519389
0.38155815414342115,1.328297628877226,1.6121005454653303
0.36778879253523156,1.2906346746357524,1.5572482603323166
0.37338865335511945,1.2766717132877476,1.4770153955893282
0.37358749918426304,1.3644171564077563,1.5459152003756629
0.38588291231259914,1.292878708938911,1.4580708021553648
0.377404922907448,1.3005041722286723,1.4790219039617991
0.392092638006742,1.2797935722384686,1.613181657303976
0.39439447756614654,1.3029580004957844,1.4976451103636577
0.3877567700355973,1.2898094695394802,1.3876053675670537
0.3958254824898303,1.3118637422436223,1.492264642876752
0.3933817102999175,1.3098015270396837,1.5116743811574918
0.40709121458765823,1.2851567975531593,1.5121630583931762
0.3926078602584962,1.2882021056779125,1.4759462297983827
0.40470645912969216,1.3504354822887599,1.5081337490225355
0.41176258204861355,1.3160658599212731,1.5731142765645283
0.41069727795052996,1.3029650710709757,1.5308367922408361
0.4190043496109703,1.287142480523063,1.4846825004401665
0.42542654477677205,1.2849094684137616,1.5527317544440962
0.41470596290402945,1.3193765933843011,1.3695367186916028
0.42466539731214586,1.340180528082893,1.4498689242745677
0.4240606939354592,1.3114970568482287,1.5209653662578149
0.42002776209276843,1.3061413010562972,1.5080821876323287
0.4389921861037056,1.2670669069942186,1.6075095660617214
0.4261064720432205,1.2901311724318365,1.4316589351718836
0.4327254758144644,1.305297217343056,1.5384460459959743
0.42776893845743,1.2845220492707647,1.380581870139136
0.4241108976498276,1.308223331687297,1.4574375076087152
0.4393279465051917,1.2978442986182868,1.4612866195958776
0.4412666713061865,1.24926468096552,1.4091925673016326
0.4299994450041491,1.2740158500403358,1.3719033138158379
0.4583505400462044,1.2553424314615256,1.804327881052757
0.43890569522012596,1.2869007301740245,1.3569750343951208
0.4416850405748028,1.2640256302829334,1.5891384437844087
0.4304481229943173,1.2459846176142642,1.4058640513477356
0.45529201807201064,1.2493087959391624,1.357643071725049
0.45734332355236773,1.2613883986267371,1.4639019601961536
0.46940687486331006,1.1973982980718962,1.3598220636184348
0.47158720136178495,1.2567986501191235,1.3473950393359002
0.4739386688794295,1.2277995436993598,1.408109535706426
0.47180636562570394,1.2309532799413638,1.4015490567672535
0.4743257965694701,1.2237486142194245,1.3564596590985116
0.4802315344177101,1.2408840791191522,1.3546760160372011
0.4800512362311346,1.2365611660934874,1.6763497726628611
0.48941965129321596,1.2250062084790838,1.4074446502101268
0.48229137755667556,1.2543256236399756,1.4503359338527002
0.4901726377657883,1.2637839591501474,1.3609729109501645
0.4977657285752974,1.2147880941770706,1.3391591243942742
0.5037902698149491,1.2258248921652737,1.3786343566273382
0.5103205537264931,1.2787166989169487,1.794328791005212
0.5120921333976615,1.191109054260688,1.3003072611890087
0.5039149946177137,1.2144671074933664,1.536737635822612
0.5069596798115666,1.206372526266738,1.319264224767518
0.5118423016491239,1.2066185646113403,1.3471492164576353
0.5095766798485625,1.219955432138074,1.3419294216495334
0.5193541330471898,1.1615250960391612,1.4127422057205086
0.5250293085115146,1.1796864092155972,1.4511773438386313
0.5115385424558756,1.1964927728294206,1.4285206121919385
0.5070343178327069,1.1994164080623029,1.3645798891413927
0.514999622562557,1.1628954141425825,1.2627315316621317
0.5030184651981103,1.1822004897115987,1.334269474434985
0.5197379921739426,1.161363924529238,1.4534508721356398
0.5080045741031775,1.1940447168741413,1.3435619212654464
0.5182276586706819,1.1864511314534103,1.3352448909682608
0.5167291616417827,1.2155437958645223,1.3476679709520152
0.5397779051008391,1.1860815563450646,1.6138689345619324
0.5317776380640609,1.169706792505318,1.2543837943115164
0.5389898511914777,1.1435610531155136,1.26730217245117
0.5365389218623217,1.1811359629916751,1.5291831316371325
0.5443081503315642,1.1643993642639214,1.2918454383024258
0.5487635798432016,1.1381057957289922,1.33621578571837
0.5427249950816716,1.1437547380703743,1.282045799959929
0.565811913130153,1.185473609220975,1.3298403286900768
0.5529630695798717,1.1565069640070178,1.4240570259613758
0.5546490838765691,1.1877913977965515,1.4608073087040132
0.558802133599935,1.1454138251559578,1.341314239864905
0.5530771888636188,1.1477681896437573,1.2143717830885767
0.551894677418826,1.1659398246823167,1.2557976669514168
0.5573491105505943,1.1575969968224016,1.3432175742485557
0.564642438052831,1.176379854941538,1.365340653651368
0.5606376981493265,1.1496222101949871,1.4231718511773694
0.5861455715084477,1.172326555709972,1.666764427888631
0.5698701486085337,1.1923324188386435,1.3063692384731616
0.5620680679394744,1.1830994063940707,1.2577713837848248
0.5691719922557011,1.1750615429647209,1.351139672400422
0.5817299330071072,1.1678668310845115,1.3880907551039667
0.5711427578335245,1.1576748577495375,1.2903518188427026
0.5714658474754217,1.185151175450741,1.4581978667838291
0.5760256961776723,1.1650728020840324,1.3155509692902232
0.5837749359967843,1.1873946688680879,1.3419805691065445
0.5732363084133231,1.1714569332255058,1.3175278625471103
0.5853292464029529,1.1789696858877996,1.3010348536674288
0.6013698352626693,1.1827568691047037,1.367671937083934
0.592793967138224,1.1999197856225945,1.4452845959063632
0.5852644872395381,1.2176297981364228,1.3816870222055715
0.5881686088300855,1.1737284703838942,1.2592796765470688
0.5813894793428759,1.1778504048901473,1.2412042945999708
0.5850724054715513,1.1652872993805479,1.2625403626116871
0.5848331458086372,1.1746887196530889,1.266655888835829
0.5923543553141478,1.1642124067396296,1.2672832500244229
0.5877395229498098,1.1867481628543533,1.33742450223092
0.6290975965642623,1.130974815934393,1.5112308986453422
0.5957427668007957,1.1735275654402018,1.2423864910488351
0.5990828287892883,1.1585570083722638,1.4200406316741745
0.598869225723166,1.1493821729120968,1.3197490533763383
0.5994798055052915,1.1721158826092872,1.2762671808932384
0.6051937133715893,1.16887946932376,1.2327314375849796
0.6045443025090634,1.1386446866335065,1.2257894008109265
0.6481043098456687,1.1433348582176923,1.221607901965883
0.6423765685646384,1.1390898344916092,1.447641980650494
0.6401390768771063,1.1242057919750101,1.2332347350946442
0.6408636395250721,1.1036953438989123,1.2723807566763297
0.6402602283571798,1.1203712110756088,1.255933533153646
0.6334978144530189,1.0848776796412316,1.2729765338794643
0.6374484262640944,1.1006601409451493,1.2567854935672145
0.6261696022305014,1.13156623648428,1.281759711315662
0.6474175986163521,1.1305446058934816,1.4670911151496568
0.6497164988490289,1.1031815058684125,1.2469177034803354
0.6725294810362954,1.0920262544858463,1.4264305141084688
0.6636728349319511,1.0919207687225423,1.327370237690352
0.6487661967061178,1.123770150130463,1.2088940059296405
0.664506115093527,1.0816654034682711,1.307042735498814
0.6541065787784112,1.1191355818018511,1.1541726050580148
0.6604101364259171,1.1105025063910474,1.2930834483854958
0.6589859063210389,1.0906524430874347,1.1788508531571535
0.6686251905769511,1.094277395578243,1.4293073711960234
0.657168878901905,1.0639932650553012,1.2340213753186604
0.6744899720149173,1.057475577348878,1.1846565321723093
0.6751261956756737,1.092498002204757,1.1667113280326598
0.6772251625343418,1.0957746470693843,1.3164918274919497
0.6797655089989508,1.0774115084017195,1.1598740436007355
0.6658899345891872,1.0972704809659908,1.2240847390720375
0.6844566452388819,1.0954646481572077,1.202541683793004
0.6948948635781383,1.0753900413406323,1.4102217683272442
0.6869297210257008,1.0956339659404892,1.1735757437626562
0.6734999098303537,1.0843966360195747,1.1214417388669415
0.7000181135937135,1.0702232394105713,1.327180555079054
0.7557376665782685,1.0646220927607193,1.6058433180025184
0.6942214883221403,1.0624566325861833,1.1710908404351148
0.6859998217163167,1.0517838740996277,1.1575853576851454
0.6944297394246961,1.066677356273427,1.1802614145424852
0.6908830482705226,1.0571221075944266,1.2639999851182817
0.6929916377901273,1.0434849495316507,1.1373045534773112
0.7215068142828681,1.0535248235073538,1.2380244681005304
0.7035859149956356,1.0463344504776038,1.2170803702020627
0.7249325382654811,1.0597644891502795,1.4382559465471705
0.7111541111322705,1.0469982562206273,1.1792815396595648
0.7215539708380438,1.0443403456717677,1.1201174915633942
0.7215985103730194,1.0719222978107517,1.3726145097312386
0.7224851958739995,1.0346675687379154,1.3451996449703072
0.7246513764497832,1.0627327832694209,1.1798707863754765
0.7204864422016019,1.0803765772004186,1.1886046174280538
0.7205467002724262,1.048525934268281,1.37603053781894
0.7303381949211573,1.0614573403552359,1.351070451190192
0.7326254383328241,1.0287016584816826,1.1580558453186325
0.73755353352149,1.0478670920180777,1.1575163924899097
0.7340205683252903,1.0411484504095658,1.1231497654762548
0.76215629844228,1.0344074151921487,1.3456983368874176
0.7413085241221635,1.0525339197139432,1.2463478400400645
0.7353351842694191,1.0431930621637941,1.1701033562596768
0.747876210865638,1.0355847785617065,1.2310560895417142
0.7416189305534635,1.0259298359745264,1.1432724873089146
0.7550343270453859,1.01525116702786,1.1121806722593406
0.7512752557949861,1.0253026738801163,1.1602959850413566
0.7588047978657212,1.0563047801276475,1.3059889853056066
0.7655444324984447,1.023753093220279,1.1653064754272542
0.7700023980173085,1.035966693249044,1.1323270396927223
0.7725452883195564,1.0219960715408671,1.1525027452842396
0.7658537461506502,1.0275832427965974,1.1111047198876691
0.7676188829467034,1.0530940399674542,1.0896178869092603
0.7717935942915313,1.0556271516140183,1.1620283674487308
0.7736602308505311,1.0276553211781168,1.1368009592660229
0.7734414599252591,1.0322141139022245,1.150937042464501
0.7832436972337699,1.0364893310152743,1.1726994447819843
0.7842418037538437,1.0350054683106595,1.1850395961806797
0.7858063052215851,1.0367208051590378,1.1181283628380327
0.7910026297803932,1.0438158288750243,1.1917396155416204
0.7846587489353706,1.0512778052983305,1.1657692257134658
0.7880496802192586,1.0499349967198786,1.1163797184796365
0.8057964525935162,1.0411224462075106,1.0983681336213886
0.7995296730681622,1.0305595374179148,1.1176415403837503
0.8028474927975826,1.0647228858784927,1.202749149985464
0.8005215814213212,1.0334736555502757,1.0993418354224722
0.7953835394485157,1.0498386350239697,1.1833644718089842
0.8030587359706027,1.0510257429960368,1.1141028967279878
0.8012294640494011,1.0306380451781414,1.1655649003663096
0.830608834916988,1.0394047552223364,1.4521548826589452
0.8056664512107801,1.0597737788801729,1.0553558214056646
0.7980825667613675,1.0441478644526336,1.0875468600676652
0.8030638126292418,1.0404069222171406,1.1056285718561103
0.8018329071978098,1.0496413470034214,1.1981209151401626
0.813523164421571,1.0445615279011782,1.1830431013800775
0.8089672965854198,1.0473557405217755,1.194479665562647
0.829066084933311,1.039352514978367,1.243558851297579
0.8240899218950952,1.0425830767559303,1.0679453435011483
0.8212475983051719,1.0401564965359338,1.1094580387031667
0.8320768749569056,1.0145230519518598,1.0965655935685354
0.8255149803701859,1.0265647706302097,1.1366324398885514
0.8256241500915057,1.0478699921534538,1.0915562577616542
0.8323428448656012,1.0450362495859429,1.0522234039967366
0.8277612147376207,1.0231108681168075,1.0456966105911976
0.8350167955466266,1.0320192862801187,1.0938026047014888
0.8455836734605288,1.0177802864954333,1.0943650214701692
0.8408210133208572,1.0280435984547869,1.1358326739298759
0.8373988379983811,1.040241952955158,1.0597362653995328
0.8622020786349256,1.013173916228991,1.25774432385833
0.8574780044577827,1.0282470742821632,1.2684336872384234
0.8552700605338168,1.0124015753301596,1.0736429770806089
0.8575915857490157,1.0015463842097896,1.1840720045625381
0.8765619181106274,0.9977224334011999,1.1332381477512794
0.8470101223646225,1.0012562657396682,1.1276064253659963
0.8624673070989585,0.9656780622710948,1.2102015761147575
0.85043340300946,0.9681664654015408,1.041993333259682
0.8644603210964548,0.9630728054762244,1.0177799715192544
0.8785139731472643,0.9684644095021824,1.0304348923280071
0.8939021249100582,0.9554020235158162,1.2319738395069273
0.8605512368082934,0.9655950652350797,1.15503054864308
0.8651917589901831,0.92122450771069,1.094073189199348
0.861770116097955,0.9388649509235336,1.0435421030435543
0.872182718805079,0.9441108755739656,1.0276537015858234
0.8675327257585272,0.940184354306134,1.0815043280493275
0.8695847261907472,0.9484491836940464,1.0868784195077703
0.8722100271933395,0.9494839706814228,1.194692842959525
0.8643207556429725,0.9455836670659542,1.0050096514189941
0.8735732578127398,0.9303076494757748,1.014837683415924
0.8927854374677691,0.9332399253487534,0.9907452173411516
0.8822321236031917,0.9484142656418508,1.040828065937576
0.8831260771101199,0.9479672510885476,0.968862877636554
0.8910375875920222,0.9160787589536636,1.02548499690726
0.8789877386761324,0.93849994358476,1.0187591812235126
0.8799251614118804,0.9534710816909304,1.0336098728116034
0.8872109701197681,0.9482992461266794,1.0579662449481966
0.8932773765447948,0.9544180376479284,0.9385708263001804
0.8933289845647856,0.9301294289758152,0.9945989194320556
0.9114609226906992,0.9331614312847539,1.034358547245308
0.9063458114662822,0.9314250614395048,1.20928571775724
0.9211975264962203,0.921216106797016,1.129583231331704
0.8882803719776777,0.9220639943097376,0.9730821087014628
0.8970992137170448,0.931360001433742,1.0030144676963073
0.903253585746275,0.9284100737574364,1.1615033917648994
0.9062033701447615,0.9337097826699812,1.2527752015703202
0.9093288433953943,0.9335241886935968,1.0087658089466125
0.8999231360653437,0.9186805968486976,0.9784871267322184
0.91055606521092,0.9284832981478008,1.080629925710304
0.9167097394469045,0.9125887647416152,1.0792898376277933
0.917458966807965,0.9096357474243509,1.0389542121052775
0.9131014577581783,0.9166985326401216,0.9840762603892292
0.9085035102895145,0.9118194918108152,0.9232416151876676
0.9018720062645355,0.9255026536677196,0.9708053886698771
0.9118946717860476,0.90440971426871,1.0828053714569488
0.9270887602619275,0.9124139218967342,1.1024238738861454
0.9144242320403211,0.9114304497967216,0.9768170657094256
