window_size_1_RMSE,Plain_w200,Plain_wAll
0.1770842653945152,0.4876435401735815,0.27040924430040475
0.1758837640237786,0.4712536893593996,0.2913964603672175
0.17786341958534313,0.5037865674623973,0.2758463622027686
0.17859339004671906,0.5076743815542275,0.2795339027856497
0.17970751144508107,0.5027818597624112,0.28001441374968955
0.17975480621298734,0.5272601204358994,0.28621170707214216
0.17831456344844043,0.5258262350182256,0.2756709851785163
0.18155868305580752,0.4914967513125502,0.2972063260005388
0.18063738634212637,0.4945625953448314,0.2754862571794423
0.1767650219363435,0.4948915694474478,0.27176556431122256
0.17897824200496815,0.5076934838593684,0.2738509943503193
0.17708789634766509,0.491455878653255,0.301476930630645
0.1799586005195666,0.5376941542012859,0.287731217788796
0.17925906629365598,0.5131236752337308,0.2839691079579583
0.17824571843596165,0.4738881407585782,0.26426384726884083
0.18457684586638132,0.5188371711800808,0.2771081719611909
0.17933546504394593,0.5206654275799056,0.3036835417932125
0.1798432079431533,0.5040296673496578,0.2820331644777031
0.18179356925160073,0.4964498863994102,0.33045815999724937
0.185363904413112,0.5126486645636249,0.312770857802053
0.18489662916430136,0.4994103614863142,0.3144782859668669
0.18254650879242884,0.5010911500762538,0.28232700230806185
0.18700160568351934,0.4899022639588521,0.3427894188380436
0.18877103269117643,0.5086475941548897,0.3037442385040624
0.18304032442251852,0.4918591867013373,0.3069271425706463
0.1856111113765094,0.4861620302205138,0.3166320962465501
0.18756680070819878,0.5246601068524204,0.29542014756675355
0.18406686735442038,0.4956083743773473,0.2860329805069277
0.18308381612855015,0.479177905759484,0.3073587099339091
0.18649923455256381,0.5236708506106578,0.2693565398113782
0.18108168694596516,0.4868290383659011,0.30380478849973663
0.18486885648459503,0.4898468340018454,0.3123964370656174
0.18335716644895442,0.5021213818475279,0.29496765822765225
0.1854056956194752,0.5146955653689385,0.2927816358912299
0.18303575903679217,0.4739970451755848,0.2997740559501155
0.18244045297676714,0.5061825009849007,0.3207665481009461
0.18496350175193876,0.5210200384365308,0.2908717039198148
0.18326706826583775,0.5040031083922079,0.2930937555088217
0.18471540897979957,0.4914134296824551,0.3195852458054882
0.18480193087299981,0.4992285286201127,0.3017416801937749
0.19131374842859955,0.5224096441231967,0.34327366338049464
0.18574671405069743,0.5123016269551731,0.2880771634430705
0.1848071243224762,0.5131311299141461,0.28249288124780103
0.18363348109450445,0.4937558725604188,0.3031904256469488
0.18347381556444403,0.4950236411480702,0.30619159837023224
0.1870741580391575,0.5426291869112132,0.3091764730460332
0.1869336428843141,0.5187964492770638,0.3197663760916709
0.18190952266029384,0.4977380981821218,0.3106337112895694
0.18506536427101214,0.493255449120085,0.2989521679268265
0.1824495309757114,0.4774823429669239,0.3137352599634425
0.182625477417439,0.4824379296515962,0.32143446807622184
0.18771521702599614,0.49465034672883795,0.321760966025682
0.1860394441755775,0.5164313957014189,0.321316590968743
0.18698420435296245,0.5118837181917394,0.316396724255736
0.18692799335281307,0.4967648714637972,0.3097567800212765
0.18143207920381849,0.4857273286212914,0.3307706300884326
0.1911953964583504,0.5381877788631111,0.3868307168180706
0.18497790966347216,0.5148809529412209,0.2982579023968108
0.18354944019433614,0.5238827270267435,0.32318889209630425
0.1840018236483437,0.4891987486469925,0.3175727522846608
0.1864557144995782,0.5179588092963437,0.31904325407730105
0.18107813537182466,0.4932890629715597,0.3076178153932308
0.17957217920176005,0.5071656006249152,0.3176638639598461
0.1822416464138692,0.5028983373211525,0.3488823542675757
0.18703328921144902,0.508716275843414,0.3084690428555543
0.18273715563336232,0.4764036064159883,0.3419018378704844
0.18691558690501406,0.4986630216341135,0.3141187677183685
0.18605027979231145,0.4972730305423772,0.2959106150853587
0.18303521564062897,0.5105565790414703,0.3183146041467457
0.18857433806111593,0.5209097270797077,0.3063369327199018
0.18683055959604158,0.5047223453081557,0.34386365515537665
0.18713734325146014,0.5123034421383106,0.3194933629787641
0.18283353504549346,0.5111793265983452,0.29994319304803296
0.18670346018211265,0.5250038015310914,0.3213827814228287
0.1870407604577961,0.5080910012880421,0.3292107946575555
0.18557072393954513,0.5021033873785998,0.31609159571660184
0.1829128882099331,0.5007406326447851,0.3953545645852571
0.1862294336441851,0.5041839923457154,0.30593654020254546
0.18228423242058825,0.5179364483373814,0.30019491206250665
0.18293619287782747,0.4986368705085321,0.3156802492900596
0.18938220577023032,0.513093391638356,0.3809559584282705
0.18478677902422352,0.5032979109814658,0.3181508066905829
0.1852968698359923,0.5125749443312694,0.3032031538735958
0.18787543506611773,0.534608150921156,0.3192271572991977
0.1797092544507678,0.4859031401593208,0.3138739208146677
0.18784869917713629,0.5003213182777749,0.3377086646853011
0.18727053936521534,0.5022243900925475,0.3431452957911877
0.18453321630044037,0.5155889367712119,0.31055096377833324
0.18659976803319786,0.4817507309439217,0.3191723946501166
0.18839442274166088,0.5205795173501933,0.31286145239757635
0.1905251778076064,0.4956592008289562,0.37284996297691736
0.18356313630719087,0.4793328660231088,0.3215589288389517
0.18904222022495876,0.5135882076624679,0.31352206122279475
0.18678357466379325,0.5086581239423595,0.341944344933426
0.1890979608293523,0.5207517740918409,0.31080610092282496
0.1889628106079604,0.4936729898476929,0.3106741302371738
0.18777642209520573,0.5410715895527795,0.29546538405347084
0.1883054116310302,0.5097092499011894,0.314408068031878
0.19064730537784194,0.5112703296128164,0.3195950347432115
0.18903857671859492,0.4967021010069637,0.3230314535068892
0.19198152731847642,0.5164429896653219,0.3461422284047549
0.18527279022765125,0.4940310369191501,0.31021921010848946
0.1899500689346015,0.5163838219095792,0.3377740418003575
0.18578339541788844,0.4830469304314585,0.34431213390726434
0.1913132879807111,0.4881172148346043,0.3155811564790259
0.19009007092905264,0.4942606754183205,0.3528373964005638
0.19333084323281757,0.5329682043637676,0.3372943034590239
0.1865529930308764,0.4821886368026608,0.3488477892351965
0.18928605730430037,0.4989874613011897,0.32853580111575875
0.18661625249173497,0.4948658185645528,0.33130872092301866
0.18794514358545755,0.48232182743317,0.3356038158698818
0.18676228162719,0.5267485049763659,0.2903029046509938
0.1883953478258806,0.5211201830527115,0.3657292612192112
0.18615966278703444,0.4862431755860285,0.34322004263424616
0.19233498790003167,0.5486067721592953,0.3378632537313947
0.18986142443698767,0.5185930128283708,0.3683660129683048
0.1834719866961104,0.4766206445079159,0.3024605851379953
0.19073269169831947,0.5319784229850477,0.32561857756142226
0.1897748507504457,0.5262375963132703,0.3445156507798716
0.18473707714004575,0.5045401400405141,0.3288759149116144
0.19088517124437657,0.5067997721063775,0.3443082212477904
0.1935207488189677,0.5416878845641705,0.345789055201435
0.18926584645547634,0.5128858320196029,0.34451207179637
0.18563039310426066,0.4893715649847376,0.3646784227959806
0.19287626811414868,0.5036816243535568,0.3190188146370732
0.18889366245106906,0.5092129851404626,0.4018731888200622
0.18640459466450587,0.4787815166092699,0.3470110018626184
0.18782648924885073,0.4863876822195057,0.3341072965914523
0.19370040618849163,0.5135088108388749,0.3797111782115956
0.18813171054716388,0.5080491584294463,0.32163992128158697
0.19046142916805178,0.5023755357363503,0.3164939303278869
0.18989841480273845,0.4988725072840778,0.3391287800064831
0.18917562825495132,0.5086876300120321,0.3341475767786313
0.18838983423085032,0.4821105214832627,0.35323045371492
0.19278292561719218,0.5364491435945264,0.4242067063323784
0.1907045161644968,0.5032968501478879,0.33573070975836444
0.1944597107103248,0.5103242609179136,0.3872835363276744
0.19387223675169893,0.5215481133390848,0.36825192356157305
0.19216825591679368,0.5040219116852677,0.3572841340566397
0.19671012489774375,0.4970749675883392,0.40531929364930586
0.18907313351144184,0.4708161215960611,0.3700993934946601
0.1854075314002764,0.4750883995932009,0.33456332351004364
0.18702323349652034,0.4686343711629091,0.3550503206886062
0.18677301580957534,0.47917372306771,0.3599246996453945
0.19278136069000937,0.5020444288968113,0.3838014552228475
0.19364290978375784,0.5084793350074179,0.3763191056273735
0.18569519442057275,0.4622057562091871,0.3339603832262339
0.19230114114890348,0.5077835101338968,0.33499657574843344
0.19632216578118236,0.5222776106786969,0.3865596964150621
0.19260615976517492,0.5046972093360838,0.3260846516205768
0.193087388968311,0.4973732737850392,0.38589364510301416
0.1959469431840895,0.5293255194304078,0.3275753071904782
0.193397327515434,0.4989134735526243,0.3771828051988518
0.19021268008047476,0.4973732642565538,0.3651787007002544
0.191957517510207,0.4982095451540428,0.38187294211119577
0.1932537669291948,0.4933872911983832,0.33880579127927496
0.19872752951629516,0.535053518008501,0.3528052393625252
0.19266299714917795,0.4870294900591577,0.34260614994053834
0.18973446513767064,0.503342637324263,0.3248116170301679
0.19539586156907707,0.4880794706795436,0.3671244147297708
0.19380535361194334,0.5110316697093823,0.3837853939625667
0.19448763122893525,0.5203936991880678,0.3742835189854745
0.1915686857284605,0.5055694061541302,0.3313458795974117
0.19543816108255074,0.5125643637458644,0.3371034581735598
0.19449788144215327,0.5088634768416942,0.3312389034342006
0.20196960874744604,0.5254140485074712,0.4143841089983553
0.1926250275040019,0.4902116556578751,0.3595713292805099
0.19565667799039674,0.5204962730777926,0.3646953223198505
0.19276737995427048,0.485043422055775,0.38209542420954107
0.19584188526856136,0.5161153732201677,0.4573679329787234
0.19580229286165068,0.5255957471747699,0.3504184516012364
0.19597967006408468,0.5205656690445313,0.360180220956325
0.19373647367155405,0.506990584964139,0.3534925647965324
0.19866664234962195,0.5100963678428394,0.3659499310459931
0.19425062199809243,0.4619305439245759,0.3674047195135231
0.19966229406991387,0.4911255616796488,0.396632606422564
0.19846486408676128,0.5022833567144942,0.3557106008858129
0.19274955329888832,0.5048696326875738,0.36823823536772
0.19342321388128766,0.4763780320926281,0.3460755206511044
0.19486157507537397,0.5064966829511818,0.375722674783595
0.19179210073982747,0.5054308480158436,0.3306754329910116
0.2008300394581829,0.4941050115045914,0.4028778538100184
0.19254340537752376,0.4885388134665968,0.35286978242858064
0.1931098238603176,0.469165944023862,0.3476500217231174
0.1974488650164632,0.5108100014993944,0.42364231236034205
0.19909968169975584,0.5162733978445869,0.3488414036268929
0.19583220780961652,0.499021874511099,0.3646354764701024
0.19261700467638768,0.4938563101293447,0.3659124446269792
0.1995025295021729,0.5247420178747925,0.3772082460035831
0.20019624012048154,0.525842478314789,0.35450778591112303
0.19547413058260937,0.4967265209751154,0.34983783813793606
0.19317573945191008,0.5045290244994941,0.34678219209612393
0.18995044915031986,0.512992480702335,0.3997389015216526
0.19682870465632335,0.5134656450256349,0.4052265463654575
0.1961626546461307,0.49740803525798405,0.3805228726335349
0.19855799485990702,0.5083226458447956,0.3641537983754199
0.2039033579140135,0.505017387639296,0.4276916616814247
0.19795357504553743,0.5101544965848465,0.3813467054009829
0.1955690005921418,0.465265028534896,0.3635372012221548
0.20082160193186066,0.5314925244810431,0.3835103866028568
0.19427157115401578,0.4938481045476628,0.3341160955449952
0.1929923276625638,0.4729423067780844,0.3402882847735523
0.19862773386652136,0.503286446282055,0.3500592607189443
0.19878638715464333,0.5120115843091234,0.3879614913383485
0.20099750276533115,0.4773173135760174,0.34704572390014543
0.20406455785382774,0.5022517530200125,0.3724354435202048
0.1977092556743762,0.5173767107296439,0.3743924898199996
0.19646291105518227,0.5002892090976825,0.37441636094457
0.20377312229776412,0.5203664688570119,0.3767653302768467
0.19932568300084655,0.4999040830844448,0.3824766641373996
0.20986463396819524,0.5109677108609134,0.4898630978891583
0.20122463756626005,0.5060353585811479,0.3720013180548398
0.19796599483616287,0.5089225949302587,0.3678230057294451
0.19985052672747672,0.5120477824927954,0.3683665470339298
0.196947338014821,0.5183647323131777,0.4084225962353408
0.20099140319543607,0.5060545254570156,0.3730677390319437
0.19599481959949583,0.5118317710334542,0.3655097098264746
0.19041981030077124,0.4810732554054925,0.41135666893646494
0.19256194934418314,0.4824337937433919,0.3921132898802439
0.1943995822393243,0.5127224274018398,0.37162798712559614
0.19011360775168665,0.4799981191216621,0.3632813853723391
0.1968176464390234,0.5153438599647551,0.3954163952951973
0.1944639298232563,0.4808983880128818,0.3567478904780147
0.2021210548252783,0.5307311632691295,0.4338037962645979
0.19440607898039322,0.4884705832063089,0.3598473313177864
0.19663440509639862,0.4990884844951367,0.3732919693054864
0.19860485919160817,0.4663386070963568,0.3614250673190891
0.20150790848679698,0.5054168547969813,0.3673636540681202
0.19563066429787368,0.493716151991352,0.35315908962940434
0.1949374662143041,0.483679754960307,0.3939212503477146
0.1969035987279347,0.493535185278669,0.33539673928645064
0.2003770821306442,0.5028155132830406,0.3871464315675885
0.20164446474186967,0.5053206464495873,0.40605840078113536
0.1963422731842853,0.4941380215170912,0.37600477091568413
0.19432833656711743,0.4594597224407627,0.36033412059967
0.20053101418138208,0.4984940197584675,0.3726898921302199
0.1933761352238334,0.4956885517409553,0.3933485288828792
0.19995015789534093,0.4978496507642586,0.38099147953751256
0.19485650478206157,0.4922812989599542,0.3420008173610408
0.19602695463593803,0.4829609192969044,0.3946003207779505
0.19507326354635587,0.5052006674508701,0.3492735367695605
0.19410764878373638,0.4681744127197258,0.3612669056888732
0.19807525275360846,0.5025702433391285,0.34400766503450586
0.19442379945217403,0.4862678885503202,0.3817509885788112
0.19540634191230677,0.4979323439691661,0.3774688145602528
0.20015975218073134,0.4898278695288525,0.4001593956773999
0.20014205455826628,0.5081436764150901,0.36267651614667373
0.2075362202587801,0.5183729240701173,0.4553767193841266
0.1991844815073539,0.5049424956689349,0.3661953164443512
0.19839040311658893,0.4972186962064285,0.4026186700100744
0.2005760485737048,0.5175097906205522,0.4145082185277759
0.19850614301866376,0.5124156081818476,0.3819977026094557
0.19596209035652884,0.4738925946779088,0.44941275064289227
0.19739415413420366,0.5110161258126705,0.38285504315521857
0.1954566671946906,0.4928184242172928,0.3959398168369917
0.20265916664355707,0.5180820869761704,0.3899603390217043
0.19624393665677276,0.4965188347384629,0.3679562698065272
0.19899398306762855,0.5357115841928654,0.3856232005987515
0.202992380091237,0.5259580414122336,0.4004617531696898
0.19851639129012943,0.5203695241818334,0.3826350891316848
0.209301570070171,0.5204298297755974,0.44126760800430576
0.20300310314499628,0.5096526552693237,0.35436693127031405
0.19745694197406422,0.4982467405345264,0.3680834475283693
0.1999354412941689,0.5156714270911791,0.3775259992457651
0.19718448214531434,0.4874821880760799,0.36621511314069866
0.19934059053733866,0.5108694771915094,0.3870461064803672
0.20246799257554954,0.4986568134150471,0.3979889688772311
0.19962504371744527,0.5061189288325516,0.3473713046511435
0.1985107927096549,0.4985903640897133,0.42455826669908736
0.19734855000616014,0.4757892011921304,0.3684143515371232
0.19422857522219344,0.4871313404665604,0.3871548223216565
0.20242731296483826,0.5062673329912998,0.3731658593018494
0.2001773640998345,0.5196552267901837,0.4196459563401422
0.20779171887999226,0.5359781865021561,0.39745544346693307
0.20975689397082178,0.5053804045769705,0.5513063070972657
0.19645117802011813,0.5063723661281694,0.3560299042708919
0.20429622031311642,0.4949162804061643,0.4023832391006106
0.2051631871915192,0.5198167345022643,0.4842541290403328
0.19808441718308273,0.479615579462339,0.4030922819508039
0.20170966178064803,0.5027637425045639,0.37720865944398896
0.19819068924934036,0.5165321851830434,0.4143081210605937
0.1996432161068215,0.4745097739039999,0.3887437670957036
0.20463141123952291,0.4981581850506685,0.3824022850933949
0.21807546646216672,0.5055815659436661,0.489083465341744
0.20288525658109444,0.5102583647331101,0.3853402796111321
0.19978316055378678,0.4923907461094541,0.3869693710228443
0.20097832945437877,0.5334765578489334,0.3972998259188452
0.2046161450195508,0.539487876133969,0.3924080564996413
0.20502489056259574,0.5107239554837958,0.3936138291181143
0.19837553824098456,0.4940291442302416,0.3801122323139157
0.2152909031612912,0.4924427418817472,0.485190911863866
0.2028340590386226,0.4944718900237442,0.4529654154538232
0.20340503135224636,0.5316220413858332,0.4215538099395049
0.20116938128906722,0.4886717159898935,0.4330688835649209
0.19895251693595908,0.4851379992405941,0.4010964105768949
0.20138580807682208,0.4992724080545903,0.4116577213552698
0.2186817469720542,0.4917256920972203,0.4990790851560933
0.21258388600445563,0.5214182265816466,0.4915049743980512
0.19908987626014366,0.5062320955027847,0.3823762777032349
0.2033249752095169,0.5028251825291459,0.4004482268187569
0.1984950572530869,0.4851009420613766,0.3910956013520312
0.20003615873847966,0.5131752921344702,0.39618966401493017
0.2019800233201022,0.5092497163185831,0.41140638825223136
0.20534837639189846,0.5102271512017433,0.4472518798727044
0.20755937706066518,0.5208126388413085,0.4294869235484735
0.20175581670937126,0.5287880196979378,0.3979143589549923
0.2014873671600896,0.4952082772689688,0.42485850782939655
0.20377869545364344,0.47865705898836897,0.4021284628763538
0.20622942333957853,0.5316177301390465,0.4536656262904085
0.19969817948928978,0.5212670661085155,0.4572306520021731
0.20579364222893098,0.5118478073135172,0.3944244780701735
0.20296985569369536,0.512169442619128,0.4837208224517518
0.2024297363169829,0.4988115317094142,0.4252010761956439
0.20015212402496446,0.5021694644484552,0.4004450048778305
0.20264323474380938,0.5017299980111519,0.3842164473669929
0.20293699738066182,0.5174733740637099,0.3999457560642937
0.20353440386277755,0.4903182242895126,0.4760244536739037
0.20218479771623774,0.4920868153328666,0.5016149326786471
0.20704552277156282,0.5061099835574633,0.4118000548685978
0.19802477628116003,0.4825855274246548,0.3948192575910077
0.2045043026069283,0.5211748516810932,0.4171761347012334
0.2049882169513121,0.5153811960639789,0.3978558312328784
0.20502808854957272,0.5190273476260345,0.4664347836129353
0.2047554085683489,0.5257489571756984,0.42219118096833136
0.19524885433683917,0.5108426824717441,0.35234497444556273
0.20854939022655203,0.540816416603814,0.4202258335817253
0.21101404987598613,0.4965260172261026,0.4763677687516909
0.19863716254429734,0.5051507311198158,0.3838312257442139
0.2048428942955067,0.5269351914897565,0.41002918402169297
0.21033803352919084,0.5077759408650784,0.5296010823828299
0.2010872656684574,0.5147001752608665,0.4496290597864208
0.20499117318367002,0.4932286553143432,0.38705730689314827
0.19928241564775376,0.4850344045535202,0.38508071429906604
0.20865333622668858,0.5259861108073584,0.4400571293399602
0.19974730380069047,0.4995515885404385,0.38799599573021104
0.2028324677025207,0.4893045762693552,0.5019054574461502
0.20066956683695422,0.5041488994492618,0.3853366772651413
0.21370975370707002,0.4954104703858668,0.5055536198260121
0.2008456878465838,0.4704557905021009,0.4351576831961089
0.20428813895629955,0.5102982164610492,0.42401416471035935
0.20338850473286146,0.496865433758773,0.4807612695750058
0.20426583879405688,0.4952179167952194,0.4593419582126305
0.1983074352057883,0.4919876602611719,0.3686889971814205
0.2074711916983641,0.5097440411396803,0.38360273760516334
0.20281609486792834,0.490284561943578,0.42165744199116056
0.202314861263228,0.4821901675755428,0.3841204687410253
0.2075029273366206,0.5042417925541246,0.4254389069717979
0.2021158020320777,0.4943512900320941,0.4301598088160288
0.200035658706273,0.4896119037147133,0.4304367800767471
0.20340647268057852,0.5195021774864805,0.4756475854493623
0.2090294977406354,0.5268178809098746,0.4303956010056066
0.20209865185789608,0.4647927616691364,0.4306328685923841
0.20202739796933664,0.4916644884001089,0.4221432965725326
0.2023546475910302,0.5004289012626609,0.4314950663887756
0.20982675880649412,0.5196901872639461,0.4388109448862956
0.20475543459355364,0.4942722962053512,0.4610484546924982
0.20126904229828363,0.5105933565451091,0.4349786297554491
0.2028877713591477,0.4949563255845242,0.40181340313736535
0.2004503544815498,0.4964868156732718,0.4226039648258976
0.2004304326494336,0.4831204153463276,0.4707071604600906
0.20208510075249891,0.4950503796808806,0.4159311899305228
0.2041023358180717,0.4955230275220432,0.4874565831962674
0.2052080557752302,0.5113748355775051,0.435978793132844
0.20445934418586373,0.4932786377065866,0.5058785892136332
0.20254747638573115,0.5046296028407803,0.4685191096425161
0.2088181588545428,0.509538164798598,0.4145205089978294
0.20443117874781067,0.4889219609694823,0.4309030178769157
0.21170950573507313,0.5149352204715982,0.451771730221272
0.20793235515427294,0.4997634730954783,0.4302027401631319
0.20830155062791966,0.5223218400873397,0.40030598892978897
0.20601055666976795,0.5055731194269715,0.4440316481760295
0.20281463553180948,0.4756957308156886,0.4030277408709636
0.20719430447266554,0.509694278063608,0.4089468131781852
0.20936748015867757,0.5145852638800321,0.4234418522724772
0.20903646995363054,0.519264885530363,0.42262554595803903
0.2078641452157268,0.5005768118886251,0.4476021949479742
0.20804893670168806,0.48424457560885,0.41574663086212543
0.20465730443643382,0.4951882335421566,0.4154135879750492
0.2046969259748727,0.5160983597163022,0.40060487240948817
0.2037236133419754,0.473620385260888,0.4263897756046653
0.2107794984911936,0.5068666692557984,0.4215107037773197
0.21256413030373508,0.5289551862473149,0.4068540617981893
0.21219262208565218,0.5186620597138796,0.5280043688854699
0.20242590832717547,0.5045959599368264,0.4201270532165759
0.2063010056670495,0.5225253212375384,0.4251974420923571
0.20673822816747425,0.5071458733848284,0.4359767223450449
0.20901278463422862,0.5041896708052037,0.5589463069961375
0.20726347444564788,0.4736186846636461,0.4700099006267717
0.20495841893898134,0.4848859777609751,0.4219080890584185
0.20774311741712193,0.4913983283818944,0.4445597703610725
0.20614782038718069,0.4785493719741574,0.4011676294604936
0.2055268454428451,0.4924760990858551,0.4886474039102602
0.20629875061116132,0.489155919230017,0.4490133812890273
0.2098956217439261,0.5179140264683597,0.4240708576049412
0.20638055292376556,0.4982573873974207,0.4547250945792458
0.2081147471852404,0.5168638841619775,0.442204861885738
0.204117678769602,0.5027769690975968,0.4367652386423292
0.20588362549169972,0.5216915443506316,0.4052199656219024
0.20678522578603536,0.5191076949415976,0.4194588149217367
0.20334803087898382,0.5098789706932688,0.4748569380206731
0.20349693669111862,0.5196225938307915,0.4814044637357896
0.2093498169539125,0.4892561081732909,0.4563828966121548
0.2017781355925154,0.4923046180009982,0.3905560147536221
0.20586064778342997,0.4926867892202785,0.4781063954382788
0.20621753817350089,0.5138465486354569,0.4344298512130937
0.20909311845580666,0.5237793679983023,0.4213706733283628
0.21328536422608935,0.5076646230513638,0.4467427913997983
0.2052381393173198,0.5001175623276379,0.4064624804223591
0.21086724765268516,0.5149651110439785,0.4628299027647103
0.2079852047147763,0.4976747588722518,0.4461574739570415
0.2113526566400009,0.5068516379827436,0.5262765317780425
0.21211703123601655,0.5206988938367282,0.4438818409709782
0.20879281461530486,0.5161609969438962,0.4579459750283221
0.211674536365724,0.4965567187583638,0.4507585447997892
0.21009556392625325,0.503348314772406,0.4602221821375991
0.2072672032161045,0.5028924124043612,0.4860655607763444
0.21023085376579295,0.4877131284406194,0.5035533454709659
0.20868347362793038,0.4921737397907336,0.4133958140479087
0.20741932510690816,0.5377690795510186,0.41346491059837226
0.21405408168614629,0.4904719421000323,0.5389123304919579
0.21419772087255026,0.5089068657939861,0.4975979320996864
0.20450296417982627,0.4848012712703273,0.515091792474831
0.21292817754458235,0.5042125501320548,0.4504555198833752
0.20790441346428956,0.5026567129606115,0.4354160719342064
0.2076127785905387,0.4974709495180467,0.4059877052322806
0.2063276449891729,0.5203358202923872,0.4311078810256751
0.2016448568802926,0.5060558993346257,0.47643073542478204
0.21093747213797542,0.5171718630833716,0.44930079608512696
0.22119681032865163,0.4843520991591227,0.6144427474749495
0.21974675839733146,0.510551809822012,0.471935375255665
0.2145353028088973,0.5254223763387585,0.4510945430619485
0.21128951054497747,0.4835136059134637,0.4603855724670741
0.21063836354698662,0.5044895359997371,0.4909517443203085
0.21296349463192787,0.5141172897438576,0.43468356526743857
0.21303468709910917,0.5166677176493409,0.43332905411907374
0.21145804278915747,0.48577562401686897,0.5120917313023666
0.20544476087063948,0.49599118442802603,0.4774493149519284
0.2089903979803291,0.5096795674814506,0.4341289342791623
0.20789367935901518,0.4959376892206926,0.4644676488987488
0.21812221260400436,0.5142023119214197,0.5068659061578901
0.2076051154630963,0.4929790226884832,0.5086178856771082
0.20989526508357056,0.4955200393853959,0.4520346418094969
0.21248745782362463,0.5077924736774009,0.4483892060090032
0.2130081738795912,0.4930775511289368,0.4941069424324472
0.20891147941849098,0.4910043411415703,0.4429203318845276
0.20836989673105136,0.4744827040356202,0.4615002321030744
0.206070992099232,0.4891901312382405,0.4621674330234018
0.20905106424778158,0.5301405988802992,0.4633359831887699
0.2060453563479732,0.4782116247810558,0.4436006991843473
0.2101370815870709,0.5121914131138133,0.4832790646488275
0.2098803595848418,0.4639205945172064,0.4832483388447685
0.21534615290059095,0.5125471284873596,0.5078045705815065
0.21148097746040925,0.5007955147242126,0.4437310023431705
0.21459622826997773,0.4848199747379606,0.5806814965064602
0.2111120923803867,0.5017130965069664,0.4868594803851718
0.21839669432231829,0.5098719123855181,0.4680396920986498
0.2090880346895284,0.4785477309475724,0.47867201478843896
0.2131548069845463,0.48779113711090005,0.5087587748062485
0.2203456606610832,0.5406342139478161,0.4693681132940182
0.21972198274925478,0.4921749817587773,0.5225501722049756
0.2108916796498559,0.4652092307759138,0.4601760603737909
0.21322173716665943,0.4905051143919688,0.5657735683189465
0.2163989757703657,0.5157662521573582,0.4849163269319389
0.20903646389456929,0.4928953313975589,0.5479743718982831
0.21406743587779892,0.5081928222071752,0.4712458429897506
0.21313358692206322,0.5184828795225327,0.4980896457102712
0.21938410772022635,0.4947879331370089,0.5511363896430914
0.21516272346253337,0.531835193579996,0.4458532158233645
0.21121721455180617,0.4919443167262086,0.486214624462916
0.21370959560124017,0.479623604022721,0.5048440145903456
0.21607922113592498,0.5010151489641431,0.4158281122733472
0.2134721936047623,0.4963951895157449,0.4656293429722478
0.2164508952173594,0.4913375018981733,0.5283392251648604
0.20840958185663858,0.5003475516784455,0.5458207897637821
0.2153194221868491,0.4823344427502328,0.5316774653188633
0.21173931767907547,0.5237294403622116,0.4597708002684342
0.21646346494659885,0.5074700057708512,0.4546845026617778
0.2340030004765232,0.4958466399660106,0.6653935115735767
0.21773327458734001,0.4887563070125623,0.4884863013712996
0.21345773526815637,0.4850885427834248,0.4391392771119476
0.21319625091906735,0.5204219095553649,0.4260834700390076
0.21641250166492182,0.5036703316318009,0.4758910079222015
0.21232179765310238,0.5151371626371637,0.4641906681364034
0.21669113484955985,0.5167068521464182,0.4595451901215054
0.21385949322563952,0.5058112865072938,0.4348330600796736
0.21381469739622838,0.4815012727197205,0.4748562089948493
0.21668949901016504,0.4666784845392286,0.54699859643895
0.2079316313422711,0.4670097963668818,0.47206543656063
0.21400443103058456,0.5095918998938367,0.493458236700726
0.2168600817125259,0.5472250454511286,0.4878399073010942
0.21431306739257025,0.5063130249717697,0.4956287446440538
0.21460844928880518,0.504124447780966,0.4270728459142484
0.21504106817429874,0.5051772543169224,0.4623436888768133
0.22118506837874619,0.4713578610522612,0.6601406050249606
0.22026645020515276,0.5188606807546366,0.4523965499111208
0.2196821306428476,0.505724116082764,0.6005212301480332
0.21354943321041886,0.51457003168548,0.4583037378430999
0.21509746949225264,0.5020527518060398,0.4771855608558622
0.2056380649659961,0.4884292147865142,0.4804279439704082
0.21905079271204003,0.4761037052313744,0.5293039232507545
0.21799317155474326,0.4962502720643596,0.5056734084248319
0.22341242858522933,0.4959112358544318,0.5183615771345358
0.21449154483879476,0.4998292954565146,0.4753775525101343
0.21260316928351203,0.4887484693554219,0.5230898686974539
0.2119771740368871,0.4896288161094674,0.5075871201335146
0.21496639647476706,0.5186125414150912,0.5153349431205786
0.2135119894555133,0.5037087153500243,0.507431904983306
0.2188650891821552,0.5121477019637249,0.4784338517897101
0.22546644915340772,0.4968700819643976,0.5559751096575015
0.21683941134951598,0.4985970737183479,0.4764139596588042
0.21814990315191843,0.5066694828065337,0.4718327759301152
0.21393998367755224,0.4930389188081341,0.494327636760267
0.2118382919510912,0.5223818729348699,0.4694192738798434
0.21694275031192714,0.508825462470045,0.5054579718358763
0.22546148927721965,0.5118508815757482,0.5321994367834149
0.219991820446401,0.4987158672286167,0.5473345151507046
0.2111308636835495,0.5073481275203882,0.4956053447965049
0.21450831452439098,0.5062119017134793,0.4965535485125536
0.21200522350047776,0.4935711887409472,0.4552302015748045
0.21776071215757078,0.5019996424071808,0.4619321788480527
0.2133307472259515,0.5163006419616428,0.47061728992228596
0.21709509199321667,0.5260941162827908,0.463224095899668
0.2162790077396602,0.5059842129575816,0.5298599796728414
0.21442212506434102,0.5171264778090174,0.4797336090305245
0.2179611274888794,0.5129597441738863,0.4599896733948538
0.22289939422250235,0.4866739187785367,0.6617414987709596
0.22021518305785126,0.5098564095335552,0.5048116473973893
0.21747058644481837,0.5217318322536834,0.4763806603782082
0.21865796129991757,0.5073318339004163,0.5161217358893557
0.21746347098018964,0.4809392167962948,0.6173158316796813
0.21131457569735954,0.4761804612845311,0.5426619378047455
0.21920814338916528,0.5151886473389864,0.5572967669692865
0.22160587443738064,0.5227894847500788,0.5323619917528949
0.21809152609395024,0.5004766513456718,0.5020785334442531
0.22051284294364332,0.5056557827915511,0.5517811640375164
0.2140239348716081,0.4989992285815888,0.4674378366921406
0.22014832652645325,0.5021056701702574,0.5207049583249029
0.21815904771064737,0.5094729947158873,0.4978400530502299
0.21937883876581282,0.5160747497907948,0.5067747897842748
0.2197878561414649,0.5196807736925502,0.5956336141939975
0.21374926471214073,0.5079813186452415,0.4709461806954622
0.2164120814103606,0.4768453521401928,0.500270009308308
0.22583595175537893,0.5262627095247175,0.625919896222566
0.21781508453780352,0.5064971679524933,0.5171298952898995
0.2185722315825835,0.5138567347563803,0.508049503211959
0.21663949164169644,0.4780192426799729,0.4783331112102278
0.2152963568631114,0.5040701932190308,0.5612160796545403
0.2227933795306604,0.5222174484232552,0.490700663525564
0.2175172766823664,0.5050352010627293,0.5300692102508556
0.2193671788559101,0.4903082608373004,0.5285206773863884
0.21480869693091326,0.5055373098155339,0.4753914169026338
0.22423922013704725,0.5078131049597628,0.6603570752967431
0.21957633654840192,0.5509231798842602,0.5101235599165403
0.21434976594405822,0.5047396013163431,0.5410856806102716
0.2152748470777609,0.4971151526385029,0.5917206087169695
0.2211655472336649,0.5351358708578378,0.4731114436563898
0.212677554088466,0.5038624563588315,0.4747989413125102
0.21336884084792782,0.4892690755434536,0.4750699772926935
0.22926068693848067,0.5152168947114437,0.6370430970670887
0.22189410498381495,0.5134505759863854,0.6037357580676292
0.21837537043314584,0.507657696707062,0.5506292830965404
0.2124021176568313,0.495609864686959,0.4833082830908252
0.21562041247862204,0.4955889801573929,0.4756208418194047
0.22012723798541636,0.5136058294920435,0.5818416996212474
0.21527089156890547,0.4898623156993741,0.5384682264480427
0.21401666637847744,0.5001043130765556,0.563947676761557
0.2210721188350312,0.5151555512920571,0.5442299901578908
0.21843007802003112,0.5120751078500155,0.5698960646864264
0.22119733205002867,0.5095099664496494,0.5272525967051306
0.21815942453144785,0.50136812075946,0.5348180800406562
0.2170976241999368,0.5244350508083029,0.4975702547504208
0.21802480168465144,0.4783100894801937,0.5589534119801852
0.22383253324306854,0.5011245132245775,0.5020089477599585
0.21572578541624188,0.5264579162111298,0.4572547398711068
0.2199248230906755,0.5121385168541963,0.5040303304402814
0.21670239622358628,0.5060866951533292,0.536994193178966
0.21782222139738974,0.4987715100814837,0.542849251114582
0.2201959425739303,0.504675364315052,0.5523804934160477
0.2225762731731769,0.5181773353529511,0.5886023449075051
0.22423854308592717,0.5290426135884079,0.5229514782418461
0.21308960177844447,0.4827822774715134,0.5003573340258985
0.2189194103196963,0.4959833519511242,0.6043543248797889
0.2137271060586648,0.4935441856603656,0.4669882016095201
0.21549935770957657,0.5008771159720308,0.4986868333179351
0.22048777878540457,0.4760428736035548,0.550102429203177
0.2260307037303575,0.4898749231472961,0.6906210351264532
0.20740809037772093,0.4745500703217682,0.4728392012072194
0.2142816038297874,0.4873546178996091,0.4884270981560148
0.22620810655543316,0.5117207280404787,0.6612338035304739
0.21836953530800934,0.5016591170084034,0.5535110597358364
0.22148496999050557,0.5092382087919851,0.5684336848109126
0.2305573154806459,0.5300398315766851,0.6147706311787031
0.21696547981424757,0.4922983120008325,0.5196965705071911
0.2128323682118195,0.5010961100300055,0.4904471506043049
0.21344141363999639,0.4861263269685786,0.4705753643073994
0.2189782030071909,0.5168482787154176,0.5935430229558512
0.21930851869350396,0.5125728255655865,0.5453810802871726
0.2149201744004343,0.4912406963005525,0.4969138019647019
0.2309029780728488,0.5106390924042218,0.6447525957028805
0.22596466631901602,0.5246041560296997,0.5615455608669407
0.22090330377538442,0.4741125033722082,0.6137885660352153
0.22620648713910232,0.5188013135634579,0.493194755651552
0.21353449620258164,0.4850736013370915,0.5569197906974097
0.2190046312674518,0.4920516579161518,0.5825609841152353
0.22873301871618001,0.5243364523450993,0.6588080902073572
0.21006065682450215,0.4866224081861302,0.4669358635209763
0.218515060451023,0.500302187076383,0.5472508720509787
0.2206230835853008,0.5156889315829812,0.4782569805230042
0.2198583166907475,0.5117383512581672,0.512366940700524
0.21451968322254383,0.5077689836846586,0.4850743706400661
0.22048129816966544,0.4950931398107894,0.6162669981604685
0.215982450758797,0.4930015224963218,0.4885275044161023
0.22536039114674986,0.4826267339945257,0.613060910922748
0.22214396401462722,0.5086303478791785,0.5006164822587935
0.21604473599304796,0.5222497093984907,0.5032578269071264
0.22241135731615408,0.4938901666216064,0.6324114523017061
0.21489870108816198,0.4790200563942682,0.5801990601628111
0.22298252445307676,0.5043013982905851,0.5058789930398413
0.21265426666955445,0.491945359939832,0.5263655620571955
0.21476636663038373,0.4860018603969957,0.5227220791597166
0.2221442084627653,0.5125681348890943,0.5320334468129629
0.21926510578143593,0.5231214603979306,0.5444122726158686
0.22200181185284287,0.515111780953326,0.5239037210904595
0.22320232268510595,0.4954603289476696,0.4834380655973228
0.22789771272911757,0.5166274319136129,0.4900870448710694
0.21255597258837602,0.4684093089888784,0.7331016594803831
0.21644073284225696,0.4843162442921109,0.5277388356545935
0.2328024636229643,0.4927132495245076,0.7290065961368092
0.22262492520399454,0.5030979273184221,0.6430748135268185
0.22405701858529653,0.5287738607274143,0.5631828735366117
0.21952196753376227,0.5067022278778215,0.5738929928031566
0.22171771914800978,0.5055746515073906,0.5553413262205007
0.23132323865159066,0.5179009502071024,0.6144955879103545
0.22204223350475505,0.5293927644037132,0.5121052142244356
0.21512819866346106,0.4817539697671336,0.4637094063756286
0.2164503572187995,0.4787225503180432,0.5170251205274178
0.22096970836109142,0.5142687830536802,0.4741557370364474
0.2228533543000123,0.5119545439878674,0.5225972767699516
0.22091838111761292,0.5239689366120468,0.5622854148294225
0.2264328969466748,0.5020278648649761,0.5412180294402205
0.22003828675392512,0.4924021403037815,0.5266611027295613
0.217395361859849,0.5061921516137253,0.5362438370932727
0.21857594195167454,0.509248929421435,0.5249385318921965
0.2315867539896454,0.489381127771354,0.6553616548085087
0.21293060841465472,0.5052804893132805,0.5560280593384788
0.21682497511509427,0.5019984912704125,0.5129106979742493
0.21812205108856886,0.4960336258457419,0.5706412936789692
0.22292521617429573,0.5054970717652341,0.6179758140232972
0.22556668362581447,0.5295774454503756,0.4990783800512954
0.2249976293664608,0.5274670954511985,0.5176735243707025
0.22489257768035523,0.5096373572318108,0.5318767479879741
0.21860775438575708,0.5028431133764175,0.5391277626340751
0.21992780906272202,0.5129640675537105,0.5347448698586438
0.22111033112171755,0.5029092907725645,0.6227001563344289
0.22174319783411217,0.5121087564478581,0.535513638880779
0.22033905442105123,0.4980458062388332,0.5607364154369272
0.2171432612640693,0.4739266361170019,0.5534690199934692
0.21266288086366184,0.4821838428040872,0.5045442464197103
0.2230500763698457,0.5174173763902903,0.5950254860700899
0.22071251775162637,0.4988085555416255,0.5632587281660699
0.21503566102909197,0.5005617834452489,0.5608605973963731
0.22010175400017112,0.5131214106645712,0.5602020510802174
0.22536625541391253,0.5174715778875332,0.5411512252808716
0.218917423846068,0.4948507566795198,0.580083755566043
0.23326151463385422,0.5222142897409736,0.6500109352472111
0.22723686573893245,0.5311376502484777,0.6494362192228916
0.22093236582720027,0.5070008260487068,0.5464058417008685
0.23359349270414625,0.4891501777835105,0.6278797285787328
0.22587007669746711,0.5342100828884553,0.5037397442788981
0.21867715574680485,0.5051641428653325,0.5836281016109445
0.2128668361695351,0.4905808260783772,0.5240148122702655
0.21916412982904748,0.4976762343802552,0.5226374668665641
0.21986828859136,0.5095312335932856,0.5014233283409009
0.2204750257710534,0.5136033035510735,0.6535214875735206
0.22868127207970576,0.4769254478286246,0.653515123848388
0.22773266845152823,0.5104486152875846,0.5288698559095103
0.22742263234228208,0.4955314842866382,0.6732426218410029
0.22333076198741558,0.4827317288179445,0.5586073926589434
0.2240742574706132,0.5279456003218517,0.515874178922378
0.21925250273265484,0.4973372416487664,0.5578593931717875
0.22352296951885378,0.5085531374664027,0.5344170085148346
0.2344985310528945,0.5491421455452956,0.6894209501354044
0.21482396217264038,0.4882069702998297,0.5013760492154451
0.22443707588261386,0.498645750755063,0.6431067330914415
0.22283393236744367,0.5109005559897608,0.5623118873585293
0.22229796142079875,0.502971336110691,0.6967319057381506
0.2174572830516759,0.509395619480834,0.5240920672454026
0.21878460506608824,0.5171533544785075,0.5477041453507517
0.2491425650911367,0.5170579217708439,0.8014215041106497
0.22055424901511575,0.4971069079842666,0.5924809543740029
0.22769945543428835,0.4974828842099995,0.6400657426725851
0.22827804560005305,0.5239462194005438,0.6686321772914257
0.21839889892203665,0.5002447673589157,0.5233928222091816
0.21982451061268293,0.4805205407695727,0.5792439509703697
0.22172902826248975,0.5015597775243769,0.5837488337217903
0.22502886647982875,0.494432462600489,0.5541611581518022
0.22481277393969226,0.5285967095642845,0.5445346310152416
0.22546030421139862,0.5327699688975163,0.5712901583370182
0.22173855986233335,0.5106554939520737,0.5451965382999099
0.23822662200715478,0.5055222736676914,0.7105154966396232
0.2209216438693877,0.5013155912384873,0.6167665934937605
0.21873042329821277,0.5054592417098174,0.5135295799896361
0.22530195035880965,0.5412819426601281,0.5676700879398492
0.2206039934569921,0.4813088397632903,0.6149337425561985
0.2246090513172282,0.5060729867136303,0.6069862572398723
0.2170828143318608,0.4834322861923791,0.5168046014116008
0.21920748896071784,0.4984879404604616,0.4872047361166788
0.23039664143401667,0.5342195522441506,0.6292859388275068
0.22999862694458417,0.5056201786834799,0.6558670334373431
0.22121273779582962,0.4835365361086633,0.6330978756680719
0.23422699544266237,0.5023019598051643,0.6990869865546823
0.22372450126826535,0.5201167310464373,0.5419382069569055
0.2245150689012909,0.5290868491134721,0.528937220480036
0.2294453819333897,0.5109121796802274,0.5489167843395414
0.21930883146520755,0.4767047693573197,0.5651013918003126
0.22402233440097774,0.5008329614909758,0.5755362888847607
0.22117235464649873,0.4902720769858273,0.6033414397371453
0.21663812538936353,0.5053032558105129,0.5505847501712825
0.2257943633138347,0.5109733919782816,0.5931961096450306
0.2413603864787916,0.5138476239133545,0.7248035047300011
0.22315508798635192,0.4692822590960132,0.5975493077177072
0.22603473813927116,0.5195093857064683,0.6001993611322414
0.222676631462312,0.5129267904983638,0.5311202499807428
0.22808186790305066,0.5321550057447131,0.6389655308612496
0.2187374425344437,0.512461828744088,0.5752479078026146
0.22715677721456196,0.5449696445110817,0.5195604384072925
0.226814578012235,0.5205970292462387,0.6217047548211065
0.22485824459829573,0.4885209103213308,0.5593016328974915
0.226084175684451,0.5053524713387717,0.6024018574294295
0.22021926795131416,0.4921892582173806,0.5485694261390092
0.22196919118304514,0.4916529321081169,0.5718476836882848
0.22374939809623456,0.4850010282353587,0.7181944110651121
0.2190638885961806,0.5060927039953717,0.5300627178293289
0.219895734983627,0.4696874177013839,0.516680723717569
0.2508861788725186,0.5107841528941384,0.8911219571886452
0.22479137970205493,0.4968946491320533,0.7014876743922072
0.22675639903080594,0.5104045227641977,0.5255854982347896
0.22332949653369988,0.4963709027743144,0.520187598481669
0.22638615354606662,0.4849706519643759,0.6386497685691427
0.2226127612496623,0.4892164380521665,0.6479890208948847
0.2233559762279466,0.497230198718303,0.5879377679950946
0.2201656416684423,0.4998751652576874,0.5976351997102876
0.21875387381700087,0.4951238219349569,0.5033227340232953
0.22512280532709938,0.5025225055179713,0.5524393873059874
0.22053968795716794,0.5025398220275998,0.5635799023880262
0.22320248359410905,0.4984056196878193,0.6279146924948404
0.22248747982406855,0.4919030701881348,0.6109799160426004
0.22512351594893565,0.5199583679000772,0.5635370143231031
0.23222130140947983,0.5041368398453161,0.7216583374433853
0.23016696983021873,0.5070462957451752,0.670573303339376
0.22189126853766006,0.4608635858036837,0.7281360378477649
0.22290929068423168,0.4944234001994867,0.6000361779676807
0.22658207596690136,0.5156631326144218,0.5696591437993163
0.22598414530435754,0.4890497181609917,0.6846312795933257
0.2333593113760024,0.5031470874639979,0.6791303619124218
0.2243825606242338,0.5100402231879687,0.6025417237856846
0.22269528565675478,0.494131929277412,0.7349640367754793
0.24472165716990127,0.5131737421546512,0.7864047247765114
0.22735602024491677,0.4959701029401314,0.5719780744497394
0.24464703483158406,0.5023814159147267,0.7441333025586536
0.2282218037922068,0.5127785473021693,0.5924628807910783
0.2202386612561315,0.4796198144744639,0.5769118042790563
0.22700705483957243,0.510148713909089,0.6001764914742662
0.23132041082144789,0.5437228369625848,0.519348587702678
0.2233128114657819,0.5109466619130248,0.5715935927448403
0.2223303156131804,0.5125336545320229,0.5463492168204294
0.22426490464108575,0.5026597547590902,0.555735545209266
0.23212962863617087,0.5064615217941743,0.6265948127477573
0.22654017160069886,0.5110704688001532,0.6437611625802988
0.23508492037219672,0.4925887930547073,0.7565791603503758
0.22416119507809085,0.5083149098685267,0.5847212165325997
0.2270038113048858,0.513964369531503,0.5833843735584089
0.22851591493733636,0.5116453094018921,0.584390545923838
0.2329451287060872,0.5112417899093785,0.6450324811802507
0.2304820926615276,0.5274308180742643,0.6247274643954941
0.23113798499244392,0.5072432993652712,0.6253121865405401
0.21950024849561045,0.4880026386029301,0.7183920606419774
0.2236866655405599,0.4907588773914995,0.5895059229613885
0.22667676055519392,0.4888727558106222,0.6030686488561487
0.2301889455961095,0.5205104613210986,0.5833099451391084
0.22636567283014852,0.4844452006335721,0.5818681135623995
0.24382512614651128,0.4953649491760216,0.7907376031870266
0.23733724500678502,0.5020796492762174,0.8496190744277908
0.2190951528121076,0.5003515615611919,0.5306268190584087
0.22343030584192533,0.5221575102691296,0.6394844270617137
0.22857078390375996,0.50985010003335,0.6509062370880325
0.23575855693757464,0.5165430188242581,0.8678250326433873
0.2288098904342546,0.5304852940021574,0.5781094533666543
0.22864634196929767,0.5187802752318265,0.5963922466372941
0.23012189325582752,0.4955851738689407,0.6203700519952905
0.23063715674504345,0.5071274011082822,0.7671817228525211
0.23475334643532597,0.4933622965036394,0.6799287402584993
0.23098146056482943,0.4949040089457506,0.6200307872260187
0.22528136851406458,0.4848140721871356,0.6175741771067564
0.23272222092601658,0.500936711536706,0.6639676665659267
0.22921260851947334,0.5151019043467283,0.5716250061710171
0.22459285870563972,0.4919725120420296,0.7101660301289958
0.2276351768750495,0.4841526602077909,0.5579481181564853
0.23487471704055943,0.5206476384932793,0.5995413223099859
0.22831581919242017,0.5114904480577461,0.5525461208571761
0.24005102256854507,0.5266121684625559,0.7412491981478463
0.22897428043093546,0.5046256001072915,0.6483974370216365
0.23185377418089387,0.5172255042073685,0.6659452730528946
0.2357380355572103,0.5218343426344294,0.6185221062318164
0.2237896820512828,0.4899624306556058,0.5416110036982758
0.23189861646065146,0.5257318187787656,0.5552759700394857
0.22571567457287842,0.5048848576583829,0.5776357553457209
0.23236860517578678,0.5008091134578043,0.6008146832718655
0.22910928322462581,0.4795331223207187,0.6769690820910317
0.23396093173146723,0.513237809934517,0.6478173953498658
0.23979413443602587,0.4861402621026788,0.7501196724683254
0.2279068485417086,0.5173730419811096,0.6058542792520754
0.22178524975974376,0.4984298144632968,0.5445797998156583
0.22643902295627882,0.5103997006845051,0.6407308012658504
0.22560243960520154,0.4815009837654376,0.5521288241432429
0.22444094198130052,0.492818737939836,0.6065541434970647
0.23302580102953818,0.5171308406907624,0.5853250920140911
0.24590706740537868,0.49505110494351595,0.7720292282066087
0.23022286872963071,0.4694283609091824,0.6007483703867961
0.2316003157465324,0.502913896771351,0.5978372684963322
0.2191679246718764,0.4586564363168778,0.5493199395575303
0.22996593342081817,0.4851612183847553,0.7252203694396759
0.23122170786972268,0.5082003171094869,0.6113845984334665
0.23270977742835164,0.5102556559565312,0.6125031128707988
0.2326992488689646,0.5085549226790651,0.6343997191303876
0.2424520974143086,0.4776244211936891,0.8872106177809349
0.23253118868918413,0.5081807310700306,0.6617976141722269
0.232024145411226,0.4857032858427599,0.6821002453434207
0.2614875752766641,0.5235469668947449,0.906476311195504
0.2279594002001965,0.4896112118357097,0.6481393083707111
0.2282098930981428,0.4855524895038698,0.5879958996649784
0.23479650185615938,0.4843752487151866,0.6182422924728129
0.2395716116399286,0.5184836952105296,0.7400759242654196
0.23018938987802837,0.5040648753429671,0.5669895887075215
0.23273358532076516,0.4983946238628272,0.5677913245061057
0.256390291978938,0.5627050179526198,0.8280364319823812
0.23448776898149318,0.5020256533826283,0.6428535371740406
0.23641781443003843,0.5153156028906902,0.7338315113156171
0.23144663774894209,0.4901503778591986,0.6433738414472558
0.24892799115893452,0.498073385327202,0.8478773346968069
0.23426810473381898,0.5141039701282074,0.5571501587928626
0.23544752637830857,0.4982797136930159,0.7715224624298876
0.23194287913845865,0.4948771316465786,0.5967099224614251
0.23919587695183217,0.5193542859132944,0.5597616729159463
0.24267141447792023,0.5140907856676806,0.706474604906968
0.2343706458810162,0.489838050646386,0.6176843246206617
0.23344637656746017,0.5163798330379727,0.5851323992299361
0.22997577526060542,0.5006070932725258,0.6190687836376303
0.23514861114516264,0.4999282773733204,0.5834936525410911
0.2324886819159343,0.5129456149446745,0.5745488823422403
0.23396006511782752,0.5181180778882145,0.6078952276356394
0.23534403503465218,0.4999371159501901,0.5818266595690824
0.23232228984222147,0.5137859851600218,0.5638669189365665
0.2304998333619794,0.4995456338459954,0.6113057726012542
0.24320353112900306,0.5215167806189581,0.6407775544032114
0.23102676645464426,0.48578975180925,0.602167463253201
0.23575756393630382,0.4849063028646644,0.5647131822949765
0.2403362982342936,0.4987326022150856,0.6724717323462712
0.2352380245003877,0.5139060841025183,0.7019298341277376
0.23078639712808044,0.4744474909722914,0.5803643586655101
0.2443767116901201,0.5201515136093637,0.6134877475372058
0.23566762839955083,0.495734659318691,0.7055183448965698
0.23421544120185195,0.4974609522462717,0.6566762831692023
0.23155747009077857,0.504442217033639,0.5783145937380504
0.22953086455472296,0.4936642675017397,0.6427545617060839
0.2343177563065571,0.4978670190953012,0.6197325490725989
0.2386349335828576,0.5159120698283801,0.6350694965301517
0.23400842652746892,0.4980782310238353,0.6378482524619036
0.23930283424271961,0.4961796239430945,0.62346381782077
0.24516045613338514,0.5166131188545553,0.6429809357835238
0.23754466896079016,0.4986515780021533,0.6340820397904633
0.2496985404010138,0.5176515448837903,0.7584206372996678
0.2509824345520702,0.5069889796373912,0.7941651187941428
0.24030873287351384,0.5014282009324105,0.8222809925076523
0.23929197596108054,0.508730271160108,0.6026766790617253
0.23563525893142903,0.5024699278377674,0.5939531319882329
0.23478278747309236,0.4856350577132398,0.7063255069812339
0.23617611325395005,0.528522925007302,0.6105141138826625
0.23769790987489423,0.487719238502857,0.6279785411747194
0.23962578056335374,0.5115816561904204,0.6219128061855951
0.26099131411840154,0.4985843782107095,0.9677831525923618
0.236937613803498,0.4894590454255801,0.6195294579724695
0.23842814381850985,0.4914207190515982,0.6400244676921488
0.23832927252594982,0.5029198438196478,0.6150205179744114
0.23672249998860423,0.477373424605246,0.7539242506903867
0.2399439192684884,0.5213116794777622,0.687304318914443
0.23982678138265193,0.4906155976004532,0.6164757162893584
0.241954246934295,0.5091645167318196,0.5982895928505
0.24305057973755012,0.4896925327895858,0.8153493804580644
0.2402846817175689,0.5025450947811929,0.5910160798314632
0.24304350846159045,0.5317745149655381,0.6743211353690753
0.23763286327380187,0.4787731369911818,0.6383956143466945
0.25403911024514686,0.4844973324281303,0.7819837045252293
0.2445001022531399,0.5228933002056059,0.6060294517726192
0.2413286549089133,0.4671683664385789,0.6414440781802156
0.24374746921663074,0.5207603088024336,0.7438204898685636
0.2473876266209018,0.5112961549475494,0.6570104896793538
0.24264568928707977,0.4998348536111586,0.637933079710599
0.2386617891579511,0.499532730805557,0.6363517756263407
0.24330542910632252,0.4963934386650394,0.7108821226463005
0.23711949473579608,0.4853948754688656,0.6142715651368745
0.23795238208336997,0.4835417697129863,0.5855444792272673
0.24659424554528658,0.5046703618782094,0.6793680920955119
0.25818090032563035,0.5235128389079567,0.8071868977208012
0.24636388072906265,0.4967512213590886,0.6259006942369179
0.25350728343330386,0.5272805689254869,0.6931879342736984
0.2396018116404145,0.4916829573005532,0.6586387650257276
0.24715335101580507,0.488476814003045,0.7150685754805912
0.24643092213683537,0.486280702154251,0.6352325387719513
0.2493182793555142,0.5140315645584471,0.8712689540348141
0.2438734549615742,0.502865118493245,0.6946702639735274
0.24091890286079143,0.4808140905106398,0.6872325550553912
0.24859015620045835,0.534454783502686,0.630209677546497
0.24198398229249926,0.5045026860922274,0.5978549271796606
0.24921840891786842,0.5207129287917457,0.6053957500865272
0.24013957043784095,0.4904538688760434,0.6487579931496638
0.24317865249362136,0.5004879729835541,0.6756460723039729
0.23977729425998726,0.5069074286821807,0.7075326537607244
0.24219879942079472,0.511978673846601,0.6826879504305982
0.24831951666975038,0.5122620819060965,0.7468095297733334
0.2439582914528268,0.5147518138619184,0.6046998897672758
0.2454599530258823,0.5104779145989551,0.6676645529265861
0.245038993559863,0.4874158152729541,0.6433135607139309
0.24527560958453137,0.484112201981097,0.6859619772658495
0.2516753104046982,0.5387771083171429,0.6365885550227183
0.2517509269550631,0.5091740504204247,0.7108140324907185
0.24267371772436866,0.4893939929385076,0.6659591142950448
0.24387733123816688,0.4959309751115854,0.6593490423291553
0.25429800854010254,0.5022375076358476,0.7163549970737509
0.2466219660072303,0.4978632911025784,0.7540801890356026
0.24311706732133584,0.4981839793804554,0.6991013579281855
0.24688872485403807,0.5152937529500271,0.6114111678812757
0.24106158119285692,0.4595147108668819,0.6656414735710798
0.2526941141120932,0.5262750836233419,0.7430664079461322
0.2510365824773796,0.5376255421541951,0.6406905680702876
0.2459725903561082,0.4755556714215138,0.6930121695823189
0.23761830896841007,0.4929580533396065,0.6784144416583944
0.23851669797176014,0.488875604439205,0.6327145431137255
0.2424292378294613,0.5154461429722276,0.6068580549030752
0.24041999321261875,0.497018194851275,0.6326436668725425
0.25026152938498186,0.5272363179598245,0.6664500570068076
0.25611876072637096,0.504240877480687,0.8555457944847586
0.24633739305833882,0.4983249886131019,0.7212681791088421
0.24823816023514808,0.4957264881894876,0.8634327964219561
0.24673617395516814,0.5042478627253143,0.7265232790703944
0.2474719548883478,0.5049452957240801,0.627083052245831
0.25140144261731573,0.5000247464315547,0.6549505675692283
0.24496945448342067,0.5240436568752627,0.672453673286276
0.2496669799837561,0.4794995892427563,0.7656704603861999
0.24602305953822554,0.4819699787694472,0.7060103027578433
0.24451385989979946,0.5142206026165416,0.6682608128107798
0.24037292792240758,0.4870522185758106,0.6413300585441088
0.2449080606894486,0.5197733521093082,0.738430203954123
0.272813063188463,0.5037958902013003,1.179543522240429
0.24937903681621892,0.4912222374775584,0.7779440216641951
0.24892229719049944,0.494168346275852,0.7162437341682316
0.25762307271043033,0.4795039158171776,0.9065498230684422
0.2458255252116207,0.4878797336273175,0.6527334708302734
0.2725009064772541,0.4923903931593155,0.9183569569109004
0.25639953893339684,0.4946104990631848,0.8713262324586788
0.25021186558914565,0.5066141211131711,0.733861271258202
0.2527168829274883,0.5302151664016599,0.7901624515507406
0.2552936664220754,0.5083770003770799,0.9467088297021304
0.24008227632876974,0.4809327651779299,0.6301727820478545
0.24649810852521045,0.52819334070261,0.6561588894240141
0.24999841410502094,0.5144386486704989,0.6736810950328085
0.24579102984426396,0.4844590014898599,0.6416866005440179
0.25101676114303406,0.5030655993845081,0.8302948670375997
0.24474118041470042,0.5009330342773581,0.6417281726994036
0.24738242558755316,0.5296436335449903,0.6515417203949977
0.24162676246826004,0.4877644792750447,0.628843803057198
0.2422996708016381,0.5079686281303776,0.6805228127066104
0.24167747882150598,0.4875019399395468,0.7061486374394051
0.2435075217324122,0.5124205370550421,0.7572321758679412
0.2591044950889311,0.5237158586238032,0.9192597205324574
0.2550559301106397,0.5265552701137302,0.7415752686606756
0.2425282343882585,0.5157619874958219,0.6465396859626655
0.2483718676224642,0.5334190202152151,0.6037196907641379
0.24563878313121884,0.4928907834650713,0.6770708244937542
0.24363442500553753,0.4939990405461873,0.6189120569499991
0.25107914168356643,0.5286310507656145,0.7399869725687505
0.23999544868024825,0.5010610764937978,0.6242777426647526
0.2686588645724665,0.50241641843128,0.904061413314143
0.25267022159171754,0.5345744722821518,0.7222897255506546
0.24517710066733225,0.4904533258529876,0.7389622662966686
0.2433552939248107,0.4915111455294804,0.6332604538548628
0.2643282690374848,0.4943273858267703,0.8726887696149612
0.24595720231902932,0.5030436337511238,0.6329435746240379
0.26519765785383365,0.5388564440080855,0.9522472414952364
0.24282661965492922,0.4836220500642817,0.7151153046902544
0.2610791033081382,0.499170278562202,0.8307094838063956
0.25278201106610587,0.5008228207418857,0.7763448912456209
0.24434302456281906,0.4921157447023773,0.6445437124766074
0.2535897756360588,0.5114801400813633,0.8160199713480474
0.2508251009376955,0.5100119815143174,0.7623902625314575
0.2468015761828984,0.4979694129707173,0.7986916187539902
0.264956705135851,0.5326911863730146,0.9627012755737278
0.2593199052340672,0.495485573470489,0.9149473315855884
0.2439506286632514,0.5050384831157286,0.6484527170504043
0.2566074362847971,0.4806711744012465,0.9177006521355452
0.2461811425299782,0.4899522595589342,0.620325310479478
0.2531778645608574,0.4959991701132248,0.7509185176680176
0.2663437694028362,0.5070469711178083,0.9737653050512292
0.24923623814121004,0.5116277879504224,0.6730052064568893
0.24480496715667108,0.5191818817454057,0.6582502341627453
0.2417801605436549,0.4802776100240252,0.675616696129666
0.2461232070195475,0.4924559858299747,0.6633250954998701
0.252490110383101,0.5070701089201838,0.8198366193047613
0.25183895503185033,0.5144081264511428,0.6573191018970053
0.2524127737269075,0.4975775293598568,0.7194608238331875
0.24836727665102895,0.5031709301596075,0.6790219115571915
0.25122438068266023,0.5193158923152048,0.6429931362644872
0.25048933609918894,0.5351688684320427,0.7133226645632876
0.24534807158164265,0.4802346822067588,0.6638224492778384
0.2566912485551011,0.5207985425149844,0.850850609475488
0.24430561823065616,0.4978390686033585,0.6410667568492755
0.24856755918609885,0.4870859313916234,0.7800044362030691
0.2535032156171892,0.5038201978727787,0.8745979707004259
0.24811897902991917,0.4969737970958074,0.7134651776118095
0.24471207956854013,0.4766312083514949,0.7421102307026246
0.25541694075520965,0.5055644968201447,0.7186706028653619
0.2522801971496725,0.4926653939740103,0.7023292017022772
0.2549668881055347,0.5040707124847877,0.7538406629352886
0.25239604413142697,0.4972616280809157,0.778426818481787
0.2636449292920801,0.4623130210530563,1.0562027390689042
0.253898534839145,0.4917286326560478,0.8385988881171212
0.2565678953104855,0.5302114488298165,0.6521383597145184
0.24994691008251071,0.4734068868113629,0.7240455899115976
0.2560542894430464,0.4999229370013784,0.6309808421351971
0.2557173114728925,0.4926017423637593,0.8707973549082554
0.2480073968553731,0.4819381701248565,0.7533803344566274
0.25113007094647166,0.4960758005690257,0.8384368413390232
0.26246748580388285,0.4814473554965782,1.1235699928837637
0.2565040460059211,0.5040800656306963,0.8648200158383845
0.25243243063669035,0.4996478983391784,0.8244799209975708
0.25707888184545147,0.4896449901000807,0.8204550026405003
0.25034205033095763,0.4708492155407227,0.6878129871268509
0.2601182389661884,0.5373677112552583,0.6873050345421775
0.26064927728562165,0.5121602799567929,0.8178528209110927
0.2524778311436404,0.5060803272668941,0.7037549236924646
0.2628620004651613,0.5143208186570324,0.7746137310710446
0.2538413807536842,0.4946878776862434,0.7898137540908314
0.2508871658232815,0.5094746091238934,0.6433126025274878
0.25748440090004915,0.4880608274685455,0.7040350998646496
0.25870424031358163,0.5040117524862611,0.741045156977545
0.25337240189324506,0.5024403102369567,0.8769656923352439
0.26270600553825096,0.5356883394841006,0.7031033105232606
0.2513064006754251,0.4950451183986733,0.7260264578659356
0.25561540625997625,0.5146520186338784,0.7447240853694974
0.2535591203951932,0.5106804065640024,0.6778698405198021
0.2891040021571858,0.5055505870320857,0.9735543302497692
0.2543313167688146,0.5151398033456461,0.7334489167638604
0.25108465927264345,0.5063266830057149,0.7431411971982314
0.2502647928255177,0.4821982866526782,0.7588806889916954
0.26077144650764406,0.5177648805722637,0.7223399347811862
0.2753584604200757,0.4802310337791554,1.2231713497205041
0.25197525521928094,0.4818206713921404,0.7499013158285887
0.2532775946369046,0.4985165933105484,0.6829050745252079
0.2495699483938752,0.4884485707104765,0.7531611440198066
0.2884028233220664,0.5084866173658991,1.1563249741890933
0.25242968279836125,0.5065433954632302,0.8237912881650048
0.2607651217492648,0.511538570138974,0.7597043655010023
0.250379256393474,0.4821473743177969,0.7547575535526994
0.25687152404181923,0.502595907182391,0.7805137659171977
0.2543273144140931,0.505475295631055,0.6763510485576328
0.2574754118795315,0.4859005915622118,0.8384218578971582
0.25229995137865674,0.477191984614376,0.793703238612414
0.25611227741121106,0.5057582627774295,0.8255827242276461
0.2503499309383865,0.4964465643953432,0.7117822463374895
0.262077943700856,0.5086387796789591,0.7929208691395289
0.2510191248965074,0.4977188560803061,0.8998686854010987
0.25721643683326767,0.5030692572896686,0.6982545685310022
0.25417586382965474,0.514435516733345,0.7241046755196969
0.24964901437633544,0.4827417148192704,0.7518448905277026
0.25704079722230516,0.5164094851907007,0.8123267544902252
0.2522717534047455,0.5039400149970796,0.7369465228461272
0.25820210817365163,0.5219968211529593,0.706182973361517
0.26369263294051826,0.5240572418704995,1.0016308836620482
0.25602038455636,0.5056979227478151,0.8481002249493197
0.2690458782570927,0.4938449803247916,1.012021372679674
0.26433307706493486,0.5022687977885546,1.0378043352285768
0.2548214564589304,0.4973103080319883,0.7503919285723173
0.25631969586906855,0.5044080316252829,0.7493487355989653
0.2587916716387997,0.5043564443207771,0.8213922090931497
0.26082281145781105,0.5080965247657027,0.7558236117326733
0.26270198671418205,0.5204364107987288,0.6855900716136862
0.26297707317589414,0.502109991240874,0.7870899970484041
0.2651389562881933,0.5159592111602961,0.9043016895022103
0.27356967753497574,0.5095930459522495,0.8721576227380339
0.26669938243167957,0.4966726193227111,0.8099665519719956
0.2785667447480503,0.5177833402997928,0.9435200377138572
0.26533929781557936,0.4714376851521856,0.7427323381854147
0.2636829275294984,0.5017662247085881,0.6799504506274845
0.26776496699595187,0.5379020830431158,0.7342862099428866
0.2599461781248111,0.5102207501042401,0.7562662434308857
0.25962023693762115,0.5154305680526883,0.8570174304825068
0.2685096316799942,0.4916367351493783,1.036539706056795
0.26332995003084997,0.5229765498646334,0.80492930123843
0.26395866423335546,0.5001783683776394,0.829473338004865
0.2763526614528491,0.5203443214209932,0.8381624896932169
0.271486783154803,0.5121611422667517,0.7515798189097683
0.26640984105977966,0.5176690263146471,0.7551486261341617
0.26988704509480554,0.5306519898081635,0.7895861402067316
0.26614856671965764,0.5148485948647394,0.7226002947361798
0.2744193419693492,0.5449980909644895,0.8020824884702002
0.2717432235519922,0.513951267093955,0.7898150179968614
0.2747692807399556,0.5270126592186738,0.8185169321914348
0.27254085093855945,0.5090926532539858,0.7536463741966348
0.2800747851161006,0.5387122071100452,0.8788787937335918
0.2771754216300791,0.5545108643595517,0.7213830832111762
0.27422601755481113,0.5347139619393426,0.7909570624427584
0.27311373812893885,0.5296243787393836,0.7340523089153379
0.27310116667448947,0.5322543998648713,0.884459827775798
0.27323707982465395,0.5280159186439553,0.8164683241094894
0.27278562962167824,0.5479055640715033,0.8442325103428978
0.2653536850792193,0.5367086305625671,0.7435153414569495
0.27466180789720807,0.5403658881055662,0.8572506261403064
0.2770152514165578,0.5413181349159211,0.989274383273358
0.2700845000433301,0.5372880384493481,0.7705272271003188
0.2717191751292265,0.5721533722425282,0.7873741120107192
0.27538193740416117,0.5240275233177564,0.8441204622252511
0.27854944312529795,0.5426028746930978,0.8996913673667357
0.2797588338222835,0.5096810184852806,0.8668381493920022
0.27124759088206607,0.5580221405215373,0.7583596265472599
0.278098592166216,0.5455279771095559,0.7804610120585486
0.2903994790828137,0.5308267140291063,1.1742441635127978
0.27208093732919514,0.5173991926545327,0.7115000143513744
0.27924437724983336,0.5278745402077692,0.8872122978984965
0.2757235935390334,0.5301571826170244,0.7198563793979359
0.2770997977969033,0.5413946414785179,0.8706431259064809
0.282107899782475,0.5285614938373535,0.9150830792727562
0.2728454492304855,0.5304875062205088,0.9067991923923244
0.27374793140202497,0.5453610555707045,0.9492230492313882
0.274834318497713,0.5712338916789579,0.7433367527796132
0.27208678377900586,0.5576352392356418,0.9172978464756328
0.28095638721979127,0.5729278861089345,0.9016361168054264
0.29467614874209885,0.521992742055805,1.1214981177741392
0.27733472477279697,0.5504564786114104,0.7776421714213337
0.2731388072786792,0.5555744577694578,0.7667871456525739
0.2739968193712581,0.5395446561309071,0.8565352592360307
0.2703850104900753,0.5552233243014157,0.7830199963348713
0.2728602628283415,0.5606708595878195,0.8195403245968903
0.27510043685630825,0.5453786681729773,0.9628725384116412
0.27834533692825625,0.5542514503888563,0.8572873464427242
0.27568556764108676,0.5715057960004972,0.7855274703226601
0.27693923200261245,0.551387296346205,0.7634551989326559
0.2934932961100917,0.5534912177987631,1.2688889709654645
0.2786449245847835,0.5646215315492781,0.7760625079437083
0.29076870248466447,0.5909291444176522,1.1768798660883093
0.2757116488988667,0.5523253882659822,0.8695776523191621
0.28070647034780805,0.5866408203324509,0.8366016365087492
0.2856542840936684,0.6026616851517109,1.0338966521122293
0.27478815762791486,0.5689708956525583,0.7986944355450304
0.28237029402494523,0.6193046172374147,0.7623104126996842
0.2895369692873822,0.5735854367233086,1.1410296050604092
0.28373466624258276,0.5732968488918327,0.7942523982543219
0.28371647926363,0.5676001550286326,0.9273210178025966
0.2909322102287297,0.5933391394609798,0.7667096714146627
0.2882232548287462,0.6041614351415564,0.7564756140510771
0.28630067877566767,0.6037669200905428,0.8254787449530607
0.28300797581300413,0.5959515927638112,0.8076861770850968
0.2827418604590514,0.5798349088637832,0.8492068779170059
0.28762094383314923,0.6015906548155234,0.8342311791733131
0.2855850764525403,0.5788882323672894,0.8809884463841496
0.2958876999237662,0.6162213361634019,1.0166855840618279
0.285590367452364,0.6050555036878467,0.8012293890618116
0.2902734414084734,0.5878813904464895,0.9883105328307288
0.30047770030918225,0.5775957106418781,1.0298149950769904
0.291588142691787,0.6294968843387764,1.0458656337898289
0.29480775533736653,0.6195099868101326,0.876018504189853
0.31534686669999906,0.6138720733331745,1.2003939145337206
0.29633643220009415,0.67028705282856,0.8731018308547799
0.2911195817760792,0.6474771640559134,0.8134704020872099
0.29751145650281324,0.6455984786881074,0.9155731246128892
0.28945613821560273,0.6297475985708505,1.001932215046632
0.2866071698874497,0.6251586667679906,0.8864933810282905
0.30596626258891085,0.6313906042607854,0.947728188111414
0.29723728771874003,0.6394091750713864,0.8772786581861313
0.2959549634941329,0.6617708946047471,0.7604611334852449
0.289333522717808,0.6332469618216805,0.8615143171669836
0.31047896120699014,0.6485488360478516,1.343540272831314
0.303222329573761,0.7025941592369901,1.161275279888748
0.28918728185777126,0.666098752082705,0.9778376499306156
0.30478492534852364,0.6633562380071634,1.123490135410137
0.29537372562341235,0.6600668945440283,0.9059676565488809
0.2991247537828048,0.6551583273586742,0.8472592780612114
0.3077772159086456,0.6604779903408103,1.1942955677837783
0.299745461790922,0.6522014009656592,0.8960518849026876
0.3028225355857901,0.6695493696953068,0.8395575368631687
0.31457018145635796,0.6788248424440725,1.1772886508738631
0.30892377610122973,0.6871045797981327,1.1765107914012534
0.30253010040141093,0.6907951275887612,1.0144411548292378
0.30699251850531856,0.7012062289318456,1.0185045168681126
0.2999240357124405,0.6880975092055621,0.8958083294600289
0.3182265105586952,0.6840258405934148,1.200536904861421
0.2988763855434479,0.7165265421167522,1.0822416962946415
0.2973591447670806,0.6988941912409878,1.1326357609080084
0.295770352414682,0.7127452399760168,0.8613056293243442
0.28897579049823313,0.6711838042911472,0.9097816864292372
0.295383709228212,0.7210396559656944,0.9919412037407888
0.2884497099677625,0.7148673771516093,0.9793809583819898
0.27897019299493964,0.7008991011169471,0.8774355344206026
0.2914336595054797,0.7380251958900216,1.0021878493962542
0.28454427080277545,0.7564557085655843,1.0000221987003324
0.30711288556617633,0.7399682416866834,1.4209637264854198
0.28620152126317966,0.746736596157747,0.8853501564011981
0.28485213815240423,0.7137842465466792,0.9585783335199648
0.28753706310070387,0.7632649859405141,1.0529751257912652
0.28506352266373275,0.7162379281524488,0.9694464052228992
0.2816289840907535,0.7629771621219652,1.0226091003879658
0.2833619495072412,0.7701100601358054,1.1180403607091969
0.2892099126343681,0.8230867430404714,1.522735227683579
0.2862295678815612,0.8390655403486929,1.4237222380514722
0.28591736831669173,0.8307952854167753,1.3234572647445502
0.28002852508374176,0.8724320243235744,1.1821148929671486
0.275202466682604,0.8679979092150921,1.229132163371743
0.2867850919270448,0.8961876948360706,1.3684860120322029
0.284715917551025,0.8803108318173171,1.185188432338783
0.2772062849006912,0.9104685741693548,1.0599206193024684
0.2817907017511757,0.8612734574511492,1.1457072547313136
0.2791049406955017,0.9280726831557692,1.1237813690427443
0.2838447238326728,0.8850718320947926,1.2023612715358676
0.2858565673599703,0.9000181783169061,1.1774307151861632
0.2918691227796957,0.9118090087225066,1.4144774046066524
0.2954614117781256,0.9038671185028168,1.4852756243171492
0.28285949263957993,0.8861255505688423,1.1704858858936753
0.27894029613916854,0.9258453153915212,1.1190954552024663
0.28020811548268687,0.9010404061702232,1.3407155719807553
0.2806882070179747,0.9048969078245771,1.0903681395505729
0.298518127914099,0.9425748329892482,1.5499122691391332
0.27969918678898886,0.9529168699239507,1.1650419046710996
0.2848517572247274,0.9129677522832428,1.1035977782338326
0.29208560599713407,0.9506214222668236,1.0995594612527948
0.3095660467512119,0.9690295208931016,1.3805996246629797
0.27655123580127405,0.9300834701014006,1.1012340624729358
0.3046877932163013,0.9399953695136364,1.5668363742446003
0.28974279029587224,0.9958675015759868,1.0644933083847508
0.2823197190324584,0.9774748370447042,1.1747499318857848
0.28011753322500227,0.9878659782895084,1.4769482971493242
0.2757091805727759,1.0604531171584852,1.3370015889897169
0.2770589274921234,1.0839147825402833,1.4993920938586398
0.2757345240814763,1.2098315253819174,1.5780782868524093
0.27267892507040303,1.2964743029800447,1.5654368523864577
0.2844328005664795,1.3897107013815515,1.5816601035667872
0.2699951824220133,1.2465463059108808,1.5486173350826289
0.2711869897510955,1.3283045533418978,1.5645010318277002
0.29215651412740745,1.2834521579025917,1.5423338568028417
0.3116421395745153,1.220881600149809,2.365435915802536
0.2895011686818398,1.3328228588144413,1.5363628047150433
0.3061813949832346,1.295993248242484,1.5308650042097494
0.3019439860346721,1.230660631670384,1.44050309207248
0.3082093506652864,1.2313970324977097,1.6009767366619878
0.3091898942725325,1.2799228221959398,1.6086331531136566
0.30535928048782046,1.3098939445829074,1.4975791286151294
0.3028448082258204,1.2660185097747871,1.7237257126383088
0.3124532302598052,1.2617526364188212,1.4528605004541049
0.3181293250823591,1.3019572589848452,1.6013087889334157
0.3111690820662199,1.2164841288023118,1.44766166321113
0.31515403558496813,1.2213085851758951,1.6381218901037096
0.30731793670695234,1.2336145321940828,1.4786928402095834
0.3121959058776591,1.2412589029695298,1.4500755367879372
0.3382311159489065,1.2281073747412434,2.1411724796894958
0.3224727379998997,1.3032786351919927,1.534351690198516
0.3214013451853849,1.2173807876133336,1.4663034473834238
0.3406238876703199,1.280299276744019,1.4866485655328376
0.34495298396023927,1.2250132403311154,1.5845456296094764
0.3481969384259266,1.2346415255105976,1.5795198878526164
0.34313155913583526,1.3011705485131912,1.5098093606292118
0.3460355876823914,1.2435498725687022,1.5128470137572294
0.3474702663246667,1.2379272917647872,1.5200589967341267
0.37544727569997527,1.2278580520194189,1.8357939323183323
0.35793635551207514,1.2576878683583743,1.6119204365494912
0.3542598166414849,1.2736862756780185,1.5635082152254771
0.3544893976771792,1.266130641377725,1.54543605558202
0.3606653494487517,1.2331572573244491,1.6156237402524027
0.38586431184012326,1.2357417456441189,1.8031276046292437
0.36036546509941564,1.2823705936853715,1.6808628718327498
0.3699341012237713,1.3056677106286865,1.6082851500703248
0.3680615887618274,1.3255115207356585,1.5839241888761932
0.3729011645899372,1.2315851667186852,1.575924685939008
0.38604981597106675,1.2739794418771853,1.6199595891173777
0.38552008664261295,1.3046880429892824,1.5318095493239494
0.3788860427574794,1.3599207550469958,1.4739369619244886
0.40493843938806606,1.2399141830935512,1.7356927077911382
0.39367192229701664,1.3122194716773803,1.6704848364118796
0.38365654146509454,1.2225428054804983,1.5033315396525109
0.3883830216698453,1.3006115649542804,1.6161977413270991
0.3941534242058157,1.3507475727333982,1.4811650287921938
0.395792701556709,1.2874038113280313,1.6069472404980096
0.4076091831874705,1.285724597973786,1.6901079190889894
0.4148744690866781,1.295420146332626,1.7222123876450213
0.42817883297751586,1.2526900529688674,1.7319550224671003
0.41131743822855954,1.3001970394981148,1.5190294081130304
0.41377751038883426,1.29322142626015,1.543948312425535
0.43410835143222243,1.2274203580501206,1.7441611775248682
0.4208701026297602,1.2727665073092609,1.4490000431632677
0.41494851665326093,1.2781912038575265,1.6864320207152392
0.4191896098536927,1.246830355808334,1.5241503225635598
0.4324082450861087,1.250121931196308,2.002107822042796
0.41174402549826583,1.262513956423944,1.4588303696814415
0.41877834957004995,1.2195865092315905,1.5027789372170433
0.4254239556142352,1.2572302223866911,1.4849352101737199
0.4220562097179515,1.2002706874143714,1.3794361875234795
0.4354263072943761,1.2017796572067885,1.5644087052022826
0.4189895445337942,1.2442994111915415,1.4838063610986447
0.46833277400058004,1.1930108131126538,1.8361523842622915
0.43019012748589647,1.216808913943675,1.5937008470219405
0.4474929379760661,1.2501041989223107,1.362551218852446
0.451886705545531,1.1573541513626824,1.5380738409504502
0.4508198331911381,1.2248555322212358,1.4945269323586237
0.46732400246099076,1.2090117812181451,1.3934726518417853
0.4931116330945054,1.1868853763291631,1.7735372896269022
0.46553101120124785,1.2245494525247391,1.5539751007359115
0.46722488855665956,1.22497905380917,1.495995570644095
0.4838590181784214,1.1941207263524438,1.644745053149965
0.47270584631458645,1.2175053720565243,1.545095829377393
0.47335730998485254,1.2742331709328634,1.4358493070513212
0.4827491846715761,1.3174460824437313,1.5576421486819416
0.5218503167090083,1.2154630345484887,2.0775278760711897
0.5063618244279727,1.1997964560273064,1.5650343521356709
0.48820745190282444,1.19515460368689,1.4822990421101727
0.5421394747630613,1.2434642888007603,2.0611632363806534
0.4935031016850405,1.2582992423485502,1.4334967859453664
0.5006466326411584,1.2371361912182666,1.5182567987935192
0.49339080436583926,1.221488696547704,1.4099563700811308
0.5020093153619342,1.1751833727989152,1.466537194772931
0.507857018928274,1.1855317045814346,1.5104793986567508
0.522202494320426,1.1977262247086318,1.754488714617022
0.5062067305443023,1.13627171826852,1.3878224296691173
0.500132314835959,1.1741443745319269,1.3617565743503153
0.5077196802947389,1.175159610123919,1.4347963374101493
0.5033807806353984,1.1280401373640672,1.3193574230467666
0.5184973731277887,1.1426918385957752,2.2363585974719253
0.5002059036213485,1.1957082616933423,1.4226207159268651
0.579282309743504,1.1137740183278606,2.297309665251852
0.5163184881988852,1.1653159670501925,1.4864269942105903
0.5259619243186028,1.1064454843766107,1.498458797719359
0.520172779226654,1.133028488621746,1.4254384833576348
0.546375247838448,1.1367930406909794,1.5152018448681113
0.535488496622945,1.1231600881635948,1.5667592032767936
0.5325541302213669,1.1032112413602413,1.4057177432117538
0.5647601858109367,1.1316844457802555,1.7748547621507902
0.5595076258135818,1.1182895416089629,1.6543434194248818
0.5468635081739348,1.1393104294491698,1.3465884928420893
0.5417667429880235,1.171258474659624,1.445692099686257
0.5708092247600196,1.09755598248741,1.6041131519069367
0.5415159553025302,1.1793267335568454,1.4134478748446415
0.5710137572526998,1.1243865162241855,1.8053995914287548
0.5513536658937237,1.100658408413751,1.5020120239224195
0.5769599974554747,1.1456708290477065,1.5886969224730136
0.5727769649446143,1.1796909790179,1.690434023808943
0.5499644591637036,1.13153419256355,1.380441672012651
0.568691480868807,1.1538572600337198,1.4345572476703274
0.5753588261643638,1.1377875347300592,1.614376981160355
0.5725666527556722,1.137592938366115,1.5060217381495449
0.5587471820177536,1.158900347520364,1.3084675336869038
0.5684937775413224,1.1179186581067728,1.3315338216284354
0.5578906264203654,1.203307789577178,1.3064440859782485
0.5796159619073903,1.1144902229028315,1.4880483708287557
0.578574091211848,1.152061861794388,1.8870266052255342
0.5692383567309944,1.1566384353527766,1.4158057771990544
0.5686409030388797,1.1651348583199337,1.3386455990359545
0.5676245579000834,1.1345310162289155,1.3256196329965844
0.5798666821779547,1.150857930197904,1.3850431410118496
0.5831034549126524,1.1275259947678602,1.3433981625865197
0.5755600612089444,1.1267030993881808,1.4493818206589102
0.583045887504113,1.1068784927599298,1.3061132599754652
0.5836492380403722,1.1131884114707444,1.5137293913265517
0.579657726555372,1.1154812564942935,1.3673166753390398
0.5854677077481134,1.1199582070806675,1.487674161580818
0.589100961180327,1.1271987878598868,1.4202087730036348
0.5778371532348011,1.1845355973499598,1.3478563020771126
0.582857366434996,1.1523511543754226,1.3734338279423255
0.5855082757873398,1.144407566494568,1.3005166699768926
0.5872177314296664,1.1525055881219588,1.4310482265235134
0.5762321344588693,1.141783474137888,1.3626670728569328
0.5794612714438421,1.0908413004976625,1.3888004217576153
0.592214628269904,1.109428717361575,1.4461064799079393
0.5941262266989371,1.1556148084181153,1.2311965864282677
0.637024873088169,1.1139737546933193,2.032466000105255
0.6223666765365228,1.0930903401481191,1.3474917750634283
0.6790198552449379,1.097690641877843,1.4973047759202407
0.6214230802589747,1.0823465089498596,1.3360924225242192
0.6368487176047783,1.0333658667172632,1.3180904314677404
0.6257781401670397,1.0801504566730011,1.257581518969842
0.621237471746015,1.0393823736108585,1.1933424674678421
0.6366437846247224,1.0977732745683475,1.502049129739783
0.6305918309478264,1.0342714189912745,1.2915962378978805
0.6469664797965278,1.0653871595071784,1.4230245401776824
0.694218651577967,1.074611490763495,1.8066921791176036
0.6432018651866503,1.0740736250650569,1.2667184836537841
0.6514823098924518,1.0601828977586143,1.2612044653238796
0.668810916993175,1.0644735637374136,1.450659399678855
0.6447735722040983,1.0244171977165517,1.3071104301896779
0.6400813313337828,1.0706537524123811,1.2143492441156185
0.6647828590922589,1.0690054080827602,1.3018437579064226
0.7196659532574343,1.0517635438256074,1.6584041709769641
0.6526292909589799,1.0082351943614372,1.272992095862473
0.6472444579040487,1.0473713590098237,1.3731628737481012
0.6621712356202056,1.0146530657320647,1.2458898229796425
0.6614059172144278,1.0320093532429688,1.2855949278014531
0.6782711086325626,1.0667813461393183,1.4067925851852083
0.6639760898278504,1.0187081341136386,1.1939364373614094
0.6627874394813393,1.0345499030814609,1.159611922553321
0.6702630154167346,1.0186557164504817,1.1683403338458982
0.6773567281389906,1.0207149437563827,1.29173134497041
0.6937609959615727,1.0167150672285026,1.4239127043384512
0.6743366207398619,1.0038789609135732,1.4504610516103509
0.6984128032458351,0.9823381944338644,1.5890740501512193
0.6775356578958623,0.9828963861265264,1.1957533552177677
0.6883697542676606,0.9989323047564248,1.2815780123681308
0.6805223912916688,1.0459869387096434,1.2146544713350131
0.6884377044339925,1.0005986622941279,1.2194453879710725
0.6982082814888537,0.9845398715116204,1.4349303118885817
0.7203791188887968,0.9888050098797252,1.3357025364973232
0.6961152964413827,0.9970036533728692,1.240207445163206
0.6969959805064347,1.006212902460637,1.178927688026894
0.7090453742320034,1.013031600803548,1.3358499460092497
0.698715106758231,1.020423265191456,1.1598585649407052
0.7106001865757793,1.0196865884433697,1.2414978502135754
0.7162902942754414,1.02570268986966,1.2132007684416122
0.7165148730316337,1.0198111824821638,1.2573565055653029
0.7175758757498497,1.0123047211471865,1.2340181771254728
0.7170425755446722,0.9825866558819364,1.1760417522682665
0.7145393938711715,0.9890835662268892,1.211265223665206
0.7154828404442745,1.0090487869630795,1.1878463940900787
0.7062147711581513,1.02556909611932,1.2473033709853676
0.7437632957503854,1.0022438217545706,1.376382873639482
0.7302452806794045,0.9758060139462728,1.1869566543208956
0.7285836731174661,1.019276516344152,1.1818865497032598
0.7364436567453422,1.0447412556643323,1.2316292868034726
0.7348658390616992,0.9711068661705664,1.1571408945765844
0.7392465804853213,0.9785785258704248,1.311778136994134
0.7547761794817862,0.9843001221868488,1.4734495210148773
0.7496514064202949,0.9902097267351776,1.309123482374679
0.7387335595594111,0.9965956903250586,1.1591254926285584
0.7461126273804293,0.9912755823101256,1.2478962954273622
0.7666597990450356,0.993677133250546,1.1240942738762474
0.7592726313682846,0.9682419911133155,1.081813751941173
0.7662231637501847,0.9886135580244596,1.1266219480759927
0.770400787684682,0.9765131210610966,1.2028396753936712
0.7569289843930244,1.0008310643469245,1.1477051112257284
0.782144088245039,0.9919732222490214,1.3062740426314616
0.8435653153714066,0.9677868162463324,1.911150964930109
0.7813370986915915,0.9978838120532512,1.2076731304370545
0.7831263920262677,0.9899527428340459,1.2269174297178385
0.7921814057064673,1.006590608379236,1.3069695943960045
0.7861999607267428,0.9726821209526862,1.1461638538803112
0.7804426856025364,0.9986042780872856,1.1983369479013668
0.7824944606733879,0.9973108042732446,1.2142795555506596
0.7753884870702626,1.0004855670531971,1.2389012697262356
0.8144562281686467,0.9646351777044454,1.252898331544699
0.7869892047142273,1.0005091731206774,1.1696901322569102
0.7991556730227063,0.9573283055548416,1.2260210327445362
0.79848497093779,0.9760463026707452,1.216948315856381
0.7977789268420602,1.0014940079784704,1.139126815695215
0.7912597639875878,0.987388438841498,1.1548275572672848
0.8818565248160075,0.9616773052647992,1.5269225354999938
0.7760373858465645,0.9859082538324442,1.210414007457468
0.7921553148179613,0.9940016104210634,1.0726073586471407
0.7977400813480177,0.9737413235117924,1.2609131063719994
0.8029690716721833,0.9998909983012022,1.420531147079896
0.8306192865250911,0.9990043045824522,1.3575253119462625
0.8155170325805497,1.0295494258868196,1.2824607376135233
0.8662437136843288,0.9801357452786064,1.4881542144278097
0.8147514705277861,1.0073312472632436,1.2588879995691933
0.863830558015966,0.9764200748667204,1.4361786171240332
0.8453044484794552,1.00497406255688,1.3825601111989263
0.8217990878369773,0.9485957583699534,1.1365369526599831
0.8314368406122457,1.013948629151881,1.3239561840951648
0.8205608141683025,0.9844544495732416,1.1415899031823729
0.8259121469379087,0.9987676823981384,1.1284834112794258
0.8316258807863881,0.9367019987232535,1.0953284522749538
0.831829534049146,0.9467160091653138,1.1943074378536394
0.8322613220503573,0.9982182054974658,1.2676568348080464
0.8302194971784128,0.9913100243106076,1.060235976629088
0.8301626670894283,0.9554093188241594,1.2893018555523101
0.8499351529782819,0.9705012072423002,1.3382429017181088
0.8283444200128014,0.9529480720876502,1.103419986842747
0.8358140968765204,0.9498171013513396,1.0772068030768895
0.8423539161577446,0.9580632795257408,1.0768471077178101
0.8499699892506155,0.9136626656546016,1.201819132420641
0.8553391366928011,0.9368197243080107,1.181376972685671
0.8527675018851543,0.8976315427345053,1.0485934972114712
0.8508747967897742,0.882663048871682,0.9880028246251708
0.8658092456197783,0.8820040067688382,1.2521049854265314
0.8525395664412184,0.8748271281813704,1.0713117233403822
0.8518021729463701,0.8797160104509311,1.123070651488436
0.8686357529483227,0.8674263716710772,1.1377039773925577
0.8534052457539079,0.9215338581799682,0.959932022788432
0.8524844079561893,0.8673461176965289,1.0838380539469628
0.8767507194346241,0.8752489790066948,1.13436302472086
0.8526952482655478,0.8854441698479348,0.9501360191708834
0.8619881823477422,0.8688997538502599,1.0476995497755577
0.8734154863443735,0.8935797300730556,1.0747063130402663
0.8989418445314269,0.8547263176549373,1.2824989301573868
0.8569950208161439,0.8904283729105003,1.0404507465687964
0.8769832117395735,0.8691110571615946,1.0278034131543237
0.8685116961801793,0.8539287434909021,1.175966646060492
0.9057067168879187,0.8820778730217669,1.30294810095766
0.8808760504120179,0.8727296340867587,1.0864836600875345
0.8805470596984963,0.8799235560726043,1.0492493867366846
0.8922265125010411,0.8655173319415793,1.1901133441109162
0.8850439369740457,0.8748140431118694,1.0239434346417864
0.8789100612114373,0.8794221040091016,1.1081145489555342
0.9208262939186928,0.8867136597566158,1.343105880870639
0.8943237989599515,0.8763751317130318,1.1259215128753943
0.9019302470106254,0.8619525660615001,1.268008813176824
0.9117744705562214,0.8990168842161081,1.1190150752200367
0.9027464219174445,0.8620669054480555,1.0720688846091186
0.9043893751208847,0.8883420142020516,1.2189364253199664
0.8959508845001806,0.8750233745237196,1.0578072032146884
0.9158996336583038,0.8985342235456629,1.302299380505127
0.8978000737981288,0.891182089673364,1.1294741506948505
0.9205910970953919,0.8816923464209516,1.4248689550666271
0.9093034329941468,0.8482264936385406,1.2693220303358903
0.9153764071767441,0.8573267644463425,1.1031343282408388
0.9247168394825599,0.8467040446439594,1.2074239244292257
0.9149432388082639,0.8698753332069172,1.0864802600175545
0.9082724816774794,0.8498233775415557,1.0114413623900036
0.9127477497681631,0.852261528471774,1.0089568054467934
0.9009698183671573,0.8628586551333968,1.036730487071137
0.9144499097451977,0.8969236070475385,1.2096130167016248
0.959160575245833,0.8464248035403908,1.3345296463034313
