window_size_1_RMSE,Plain_wAll,Exp_wAll
0.18319954478816478,0.27040924430040475,0.4323173311112857
0.18608874818022564,0.2913964603672175,0.4350164935737056
0.18241941315883087,0.2758463622027686,0.40594346785670304
0.18426363902305412,0.2795339027856497,0.4379087150319173
0.1830972362569412,0.28001441374968955,0.4581425832737827
0.18561223643096406,0.28621170707214216,0.444015245596456
0.18401564736643217,0.2756709851785163,0.4711074082300801
0.1866919652062945,0.2972063260005388,0.43989130972437857
0.19140439194656308,0.2754862571794423,0.4852109589848376
0.18328007707452676,0.27176556431122256,0.44017600576538
0.182837601588115,0.2738509943503193,0.4271459199492358
0.18096588023896876,0.301476930630645,0.3972015508328879
0.18257355046146184,0.287731217788796,0.4280375851901419
0.1853645928239386,0.2839691079579583,0.4417597350550153
0.18524201642223467,0.26426384726884083,0.4415635349708376
0.18740768894039037,0.2771081719611909,0.42466073333814497
0.18638171673544426,0.3036835417932125,0.45376574877016296
0.19006130388501483,0.2820331644777031,0.4661146377839278
0.18472555690819553,0.33045815999724937,0.4199463790676387
0.19462708295896344,0.312770857802053,0.469047878918197
0.1874816768529615,0.3144782859668669,0.381352267784785
0.19117127995473068,0.28232700230806185,0.4527791810109318
0.19421117679651556,0.3427894188380436,0.4610232819417485
0.19319324950779548,0.3037442385040624,0.4298121808556079
0.19267470267572867,0.3069271425706463,0.45992361084587396
0.1937199352686035,0.3166320962465501,0.4546143599337873
0.19667337945426833,0.29542014756675355,0.4985540845336725
0.1881657433758953,0.2860329805069277,0.4085796938893125
0.1921766824109401,0.3073587099339091,0.4334323087726936
0.18826918415975066,0.2693565398113782,0.4342962162227073
0.1843379236022779,0.30380478849973663,0.4305136165955645
0.18911918260797678,0.3123964370656174,0.42356214142487614
0.18938349755737416,0.29496765822765225,0.4264728897021744
0.18602237904750143,0.2927816358912299,0.3874693693541799
0.1911474765407256,0.2997740559501155,0.4651126931029619
0.1847364724288751,0.3207665481009461,0.40988249556857975
0.18895559284651584,0.2908717039198148,0.4211467527468621
0.193047625348562,0.2930937555088217,0.4650985776108534
0.1920483764315776,0.3195852458054882,0.4510244882649628
0.19257538193084364,0.3017416801937749,0.4484939464173697
0.1923103867057563,0.34327366338049464,0.4430476179211228
0.19221327599787716,0.2880771634430705,0.4516456649572973
0.18882468590900292,0.28249288124780103,0.4347115884869794
0.1900660446099595,0.3031904256469488,0.4212658237555839
0.18556804269874339,0.30619159837023224,0.4002154954009904
0.1875436112332986,0.3091764730460332,0.4337014507583569
0.18878733410832113,0.3197663760916709,0.4367333204559025
0.18757421234263652,0.3106337112895694,0.42841826204067207
0.190390381792874,0.2989521679268265,0.4418554474378973
0.1931583258968815,0.3137352599634425,0.4529186644137321
0.1902658402570492,0.32143446807622184,0.4667907008635673
0.19368903675204535,0.321760966025682,0.4389449140027744
0.189085865141477,0.321316590968743,0.4427942276609734
0.19024732823050786,0.316396724255736,0.4353857568996419
0.18892087753747552,0.3097567800212765,0.4062064021163546
0.19140007634816747,0.3307706300884326,0.4435094798974217
0.1905052262969358,0.3868307168180706,0.3998526766103005
0.19088240038068918,0.2982579023968108,0.4461357615756997
0.19041524231274704,0.32318889209630425,0.4379841782673804
0.19285231677314307,0.3175727522846608,0.4472842758057603
0.195403145401581,0.31904325407730105,0.4771541415822746
0.18741246153799412,0.3076178153932308,0.4136337207331575
0.18518304146545644,0.3176638639598461,0.4451857494551819
0.18692901911771734,0.3488823542675757,0.4272621587576528
0.19052030948038684,0.3084690428555543,0.4376528228545803
0.18807500036051625,0.3419018378704844,0.4249247314275402
0.1935740779864218,0.3141187677183685,0.44549754411441467
0.19188562157710534,0.2959106150853587,0.4556735113406804
0.18610112410918778,0.3183146041467457,0.4255654899056357
0.19085188515049392,0.3063369327199018,0.44778709241293796
0.18914049933994995,0.34386365515537665,0.4296720930989221
0.18767603287957724,0.3194933629787641,0.41354040014478977
0.19115656035880937,0.29994319304803296,0.44536722851516536
0.18982398234202413,0.3213827814228287,0.4358424426572687
0.1974403342380392,0.3292107946575555,0.4738827649467121
0.19292723075879756,0.31609159571660184,0.4342898441285677
0.18200164368953956,0.3953545645852571,0.3808841950167951
0.19230664267506994,0.30593654020254546,0.4604067259162438
0.1848862365979607,0.30019491206250665,0.4221234714368503
0.19061487605733315,0.3156802492900596,0.4508627168437888
0.19156293642666025,0.3809559584282705,0.4297129130160647
0.18855262351757618,0.3181508066905829,0.4363180858947435
0.19188472462643177,0.3032031538735958,0.43069402414058905
0.18556757130109308,0.3192271572991977,0.4208745737868051
0.18848004607912774,0.3138739208146677,0.4737395168133798
0.18606367401473825,0.3377086646853011,0.40148305317366817
0.1866234728235592,0.3431452957911877,0.4288759591872849
0.19002348310948103,0.31055096377833324,0.4399201353645572
0.1921199374248287,0.3191723946501166,0.4550773012128845
0.1951525446882723,0.31286145239757635,0.4581600634482091
0.19503349693083155,0.37284996297691736,0.4452193734606576
0.18777099667971,0.3215589288389517,0.4284122231240937
0.18846441081219298,0.31352206122279475,0.4071467059021928
0.19570087912213383,0.341944344933426,0.4600175619412691
0.1939775775912996,0.31080610092282496,0.4532981365014813
0.18880644570247118,0.3106741302371738,0.3892939471252623
0.18888732137259504,0.29546538405347084,0.4379628952885168
0.18902855516233136,0.314408068031878,0.3994976030102708
0.19154026883003333,0.3195950347432115,0.40717374504170784
0.1880027652382286,0.3230314535068892,0.3839301123042035
0.19035732108174763,0.3461422284047549,0.4152839038719479
0.1836228712660816,0.31021921010848946,0.3856657093273688
0.19665077612559523,0.3377740418003575,0.4653374640330538
0.18778043015430917,0.34431213390726434,0.3984895418432049
0.19259731820408935,0.3155811564790259,0.4102938629243724
0.19747375994148883,0.3528373964005638,0.4563978473190054
0.1932075296611931,0.3372943034590239,0.4443830882018467
0.1868052763050631,0.3488477892351965,0.3951062867288211
0.19153219633735197,0.32853580111575875,0.41621401110112827
0.1888096154007686,0.33130872092301866,0.4333489580220597
0.1960768430085602,0.3356038158698818,0.4603554679744616
0.19254410220031723,0.2903029046509938,0.4508570301747217
0.1917725618628666,0.3657292612192112,0.4562351488917952
0.1901895689701869,0.34322004263424616,0.4402281983556661
0.19066347409333745,0.3378632537313947,0.4308592648440723
0.18821997951261515,0.3683660129683048,0.4106243812248263
0.18997586214203352,0.3024605851379953,0.4451285500527492
0.1949579315851104,0.32561857756142226,0.4659711865039857
0.18840688780306153,0.3445156507798716,0.4175247737358937
0.18650954127649555,0.3288759149116144,0.4309232302955936
0.19322862752285658,0.3443082212477904,0.4450035740681265
0.19107536747027395,0.345789055201435,0.4390346206701883
0.1924116244283946,0.34451207179637,0.4736068403345062
0.18213741060155647,0.3646784227959806,0.3992460791575829
0.2025845675537209,0.3190188146370732,0.4941191202445603
0.19204015586212886,0.4018731888200622,0.4443301462188917
0.18708770759189278,0.3470110018626184,0.3818074197333942
0.19244516466646666,0.3341072965914523,0.4393746858020161
0.1938267560310758,0.3797111782115956,0.4377638186154904
0.18921206742137556,0.32163992128158697,0.4089541260826443
0.1923995109419574,0.3164939303278869,0.442964610895068
0.18868237711330227,0.3391287800064831,0.4320921355924388
0.18847705991505267,0.3341475767786313,0.3765444434211586
0.19372555485512513,0.35323045371492,0.4411514022827723
0.19263293793206665,0.4242067063323784,0.4228602265378779
0.19184006454429597,0.33573070975836444,0.4332580034374612
0.19228213440791073,0.3872835363276744,0.4372416395710916
0.1984103706621681,0.36825192356157305,0.4705738204065663
0.19161326114650556,0.3572841340566397,0.4473273319531139
0.1978264578459597,0.40531929364930586,0.4333927798742113
0.1913430280534754,0.3700993934946601,0.4222291070088121
0.18799247812999206,0.33456332351004364,0.4184442092386439
0.18897125976694246,0.3550503206886062,0.4194265932724848
0.18926273571101682,0.3599246996453945,0.4237608307196284
0.19883845070587636,0.3838014552228475,0.4473390170358264
0.19654742759431507,0.3763191056273735,0.4439996690393183
0.19161509718921146,0.3339603832262339,0.4500581301498633
0.19389276983013817,0.33499657574843344,0.415420087427154
0.19778018060834454,0.3865596964150621,0.4510079694617224
0.1912388460853831,0.3260846516205768,0.4128602989708546
0.19137977969215217,0.38589364510301416,0.4131556540737487
0.1965959527149742,0.3275753071904782,0.4529349503044578
0.19542663591913595,0.3771828051988518,0.4376882148553126
0.1916665357050069,0.3651787007002544,0.4293864729815257
0.1950925354742432,0.38187294211119577,0.4434015939876804
0.19304514927195374,0.33880579127927496,0.417099851318561
0.19652613435219435,0.3528052393625252,0.4362436157569842
0.19970872425193684,0.34260614994053834,0.4763559634634893
0.19145876900714448,0.3248116170301679,0.4103016370754408
0.1998766707639955,0.3671244147297708,0.447031271663886
0.19009549492783712,0.3837853939625667,0.4107969547038132
0.191656613119819,0.3742835189854745,0.42139166472822537
0.1923052973666824,0.3313458795974117,0.4135376343122079
0.19573538868990537,0.3371034581735598,0.43687132824653613
0.19529285906865987,0.3312389034342006,0.44426884325822624
0.20210793304862446,0.4143841089983553,0.4442877219946724
0.19339358950655877,0.3595713292805099,0.4343803248744332
0.19604202511151259,0.3646953223198505,0.4319807805753826
0.1967103653511781,0.38209542420954107,0.4588120871500505
0.19597075433739825,0.4573679329787234,0.4313694694880235
0.19357338038156655,0.3504184516012364,0.4147430603626847
0.196904828382377,0.360180220956325,0.4415194514054621
0.19740883026406028,0.3534925647965324,0.4509312533525667
0.20148260265077148,0.3659499310459931,0.4363005193848036
0.20013795778025872,0.3674047195135231,0.4509238743204815
0.20405497401401276,0.396632606422564,0.42051660268524826
0.19716997510896797,0.3557106008858129,0.4373050404497101
0.19590578320927732,0.36823823536772,0.4570222303683592
0.19905152150407407,0.3460755206511044,0.4507676732725651
0.20194844957629804,0.375722674783595,0.48247726134236296
0.19751379585218679,0.3306754329910116,0.4456952613912689
0.20309558364465402,0.4028778538100184,0.4547525220974016
0.19288686907276648,0.35286978242858064,0.4081347627447041
0.2016956097812734,0.3476500217231174,0.44157063610099256
0.19661882996308339,0.42364231236034205,0.4069943626062975
0.20026782363646636,0.3488414036268929,0.451795015209636
0.19819796880341933,0.3646354764701024,0.439882611101473
0.19566962520766065,0.3659124446269792,0.4296037916585563
0.19818442706545988,0.3772082460035831,0.4400255259164487
0.20007636327908832,0.35450778591112303,0.4435109840664804
0.2008157371095523,0.34983783813793606,0.4805997546242018
0.1951957182492964,0.34678219209612393,0.4375241648751584
0.1892133656778603,0.3997389015216526,0.41980097051292026
0.1951779370938144,0.4052265463654575,0.42642733671917343
0.19771747864078615,0.3805228726335349,0.4189527766500156
0.19861490371605522,0.3641537983754199,0.4426338073771893
0.2093946571048651,0.4276916616814247,0.4480370978467009
0.20087892640578134,0.3813467054009829,0.4505468781925834
0.20879525224636059,0.3635372012221548,0.4686688117037859
0.19997176696130567,0.3835103866028568,0.4155719148842827
0.1975436566532403,0.3341160955449952,0.4216221151296233
0.2037043528936337,0.3402882847735523,0.4776901329126256
0.1972229335092519,0.3500592607189443,0.404528949539899
0.20609165512836788,0.3879614913383485,0.4769649885486512
0.21568292305455763,0.34704572390014543,0.4988278170108703
0.20303396388418093,0.3724354435202048,0.4171534225723725
0.20046137961837107,0.3743924898199996,0.4556351107579949
0.20057077592430622,0.37441636094457,0.4373061058012756
0.20516180338804066,0.3767653302768467,0.4636038494398671
0.20316737382383565,0.3824766641373996,0.4541102897236488
0.21531985527050146,0.4898630978891583,0.4404011227149249
0.20566185325254266,0.3720013180548398,0.4637984074444156
0.20570323012750258,0.3678230057294451,0.4556342777464734
0.20614221369149463,0.3683665470339298,0.4644396443369784
0.19867308739317366,0.4084225962353408,0.4414634950925179
0.19782257778696788,0.3730677390319437,0.4258438801968802
0.19654598196397033,0.3655097098264746,0.4289572125123892
0.1938369373482662,0.41135666893646494,0.42084214420033467
0.19858469397429296,0.3921132898802439,0.42394047110601796
0.20128351222577592,0.37162798712559614,0.4715812825759407
0.19250582359695279,0.3632813853723391,0.41193648362602026
0.19830029750165565,0.3954163952951973,0.4518586006150638
0.20360855830473235,0.3567478904780147,0.4606367068745776
0.20822604707398276,0.4338037962645979,0.4693916221987775
0.2005735315154911,0.3598473313177864,0.43559190091773536
0.19947892445887278,0.3732919693054864,0.4213002455905599
0.20088849685023694,0.3614250673190891,0.4267942252927219
0.2041131455204033,0.3673636540681202,0.4446803821987204
0.19602010880224882,0.35315908962940434,0.4222765212554905
0.20378977318982305,0.3939212503477146,0.4548288137054192
0.1992919774529888,0.33539673928645064,0.4273319590104638
0.2002138914954351,0.3871464315675885,0.43457719188296506
0.2057410929807203,0.40605840078113536,0.4412954834284703
0.1963954388700835,0.37600477091568413,0.4094709828665649
0.20396300584122262,0.36033412059967,0.4387845537751969
0.19992575853554245,0.3726898921302199,0.4230334217058296
0.1926465363872922,0.3933485288828792,0.4226877827197728
0.2078670625168776,0.38099147953751256,0.4535045691357986
0.20025974424854695,0.3420008173610408,0.3985266349843247
0.20346073952402421,0.3946003207779505,0.4717890264349421
0.20151722528487692,0.3492735367695605,0.4574947348916096
0.2034825928427825,0.3612669056888732,0.4402674406796995
0.20645330411391075,0.34400766503450586,0.4490243699895224
0.2021667287445351,0.3817509885788112,0.4445644595539694
0.20146234748377356,0.3774688145602528,0.4472889546563239
0.1997848308512708,0.4001593956773999,0.4071117924361104
0.2062152586621414,0.36267651614667373,0.4768179397563358
0.21498579437512638,0.4553767193841266,0.5037921514269523
0.19506921927733475,0.3661953164443512,0.37707397901085776
0.19871053381181716,0.4026186700100744,0.4049243784961003
0.20294486831343547,0.4145082185277759,0.42703197015967503
0.20762763748549748,0.3819977026094557,0.4671700045559452
0.20697540237714926,0.44941275064289227,0.456518500526631
0.20399267953408404,0.38285504315521857,0.4647043013187737
0.19991238933255828,0.3959398168369917,0.4147539085696916
0.2064715818919619,0.3899603390217043,0.4316492540926854
0.19916413135712943,0.3679562698065272,0.4240771260507678
0.2045868831548079,0.3856232005987515,0.4267330674109679
0.20604654580932383,0.4004617531696898,0.4567687205344346
0.19948071178414217,0.3826350891316848,0.4020739358913005
0.21714431098496698,0.44126760800430576,0.4785933484326872
0.20693828019460844,0.35436693127031405,0.4359790854283765
0.1996521093894355,0.3680834475283693,0.450329339429578
0.2132901098195229,0.3775259992457651,0.5081373700894093
0.20349840344504116,0.36621511314069866,0.4576226744372587
0.20198329395033796,0.3870461064803672,0.4601044705928725
0.215230359138389,0.3979889688772311,0.5097140769535984
0.20323856910416743,0.3473713046511435,0.4619811199726213
0.20278368847228379,0.42455826669908736,0.4310115770029592
0.20183372756263546,0.3684143515371232,0.4448496911065303
0.20213129462361615,0.3871548223216565,0.4592326700214989
0.2063019666714082,0.3731658593018494,0.4216927628486856
0.20522833308815042,0.4196459563401422,0.4387538911376711
0.21394885141242306,0.39745544346693307,0.4884271153155308
0.2201208484275239,0.5513063070972657,0.4320154170074396
0.2044479996125016,0.3560299042708919,0.4559550016628453
0.21620704719127953,0.4023832391006106,0.4961075667268474
0.204177392035073,0.4842541290403328,0.4511535682434655
0.20768680144528318,0.4030922819508039,0.4757536094867605
0.20389344532933504,0.37720865944398896,0.4314080269098589
0.2093658773510395,0.4143081210605937,0.4573009568746715
0.20489535056423072,0.3887437670957036,0.4371366033189221
0.20321954372890785,0.3824022850933949,0.3919096489886645
0.22122168060078753,0.489083465341744,0.4777069537957921
0.20326219599406822,0.3853402796111321,0.4276676626512023
0.2084910096719664,0.3869693710228443,0.4614293399598454
0.20430962887198617,0.3972998259188452,0.4428922684207518
0.20519839191215497,0.3924080564996413,0.4344285322234019
0.21125721158707272,0.3936138291181143,0.4804793536169568
0.20424366466032035,0.3801122323139157,0.4244810905834809
0.21758969787195415,0.485190911863866,0.4107075263026681
0.2102468722283451,0.4529654154538232,0.4592404030591788
0.20615510901159034,0.4215538099395049,0.4494538354233776
0.19819031543369614,0.4330688835649209,0.4096269391871034
0.20087817865137014,0.4010964105768949,0.4143340269666895
0.20914365067099552,0.4116577213552698,0.4736233748083454
0.22544376832075522,0.4990790851560933,0.4484438105753161
0.20983819988204908,0.4915049743980512,0.4662749008549541
0.20001057477127165,0.3823762777032349,0.445319864483708
0.2055036014850259,0.4004482268187569,0.4155353934524567
0.20308020247146452,0.3910956013520312,0.4546724029328458
0.20109133185850794,0.39618966401493017,0.4050035721352019
0.20631373348040102,0.41140638825223136,0.44586457362337584
0.20517774038602482,0.4472518798727044,0.4116255766790599
0.20900999022202527,0.4294869235484735,0.46498230247566497
0.2066771276901052,0.3979143589549923,0.4650699915443012
0.20477354051344662,0.42485850782939655,0.4317345790631986
0.20566549545220064,0.4021284628763538,0.4085032878585835
0.20734633789665832,0.4536656262904085,0.4143120593749423
0.20554020688368016,0.4572306520021731,0.4486942536115499
0.20880951450075957,0.3944244780701735,0.4380634759592686
0.20773150121247766,0.4837208224517518,0.4782265163787732
0.20678667842959253,0.4252010761956439,0.4491840232076251
0.2020914020020164,0.4004450048778305,0.4346517988889269
0.20229547559735198,0.3842164473669929,0.4210313758907799
0.20626011684726742,0.3999457560642937,0.4708837393290157
0.21262446286520784,0.4760244536739037,0.4540480975380836
0.2042419389345058,0.5016149326786471,0.4215795132014179
0.20397046781459238,0.4118000548685978,0.3865975061787414
0.21034546827447592,0.3948192575910077,0.4866451157487742
0.20306523931649156,0.4171761347012334,0.4400200984423707
0.20407453670373366,0.3978558312328784,0.3990642193149189
0.20862577697900586,0.4664347836129353,0.4593293747884922
0.20800903537994217,0.42219118096833136,0.4432469738280922
0.2052674886499483,0.35234497444556273,0.4822807434029099
0.20609008533252926,0.4202258335817253,0.4516645693044126
0.21166128227737868,0.4763677687516909,0.43257038363203376
0.20138283605918986,0.3838312257442139,0.4132521798659963
0.20952828633156514,0.41002918402169297,0.4655594520722681
0.21301709692941032,0.5296010823828299,0.4012232239694851
0.20417086324974026,0.4496290597864208,0.42558902056257497
0.20796498103937572,0.38705730689314827,0.4448946892344911
0.2036180236217621,0.38508071429906604,0.4553538733187858
0.2078822400357211,0.4400571293399602,0.4150267602320785
0.20577596233282794,0.38799599573021104,0.4261977043887233
0.2098607760974911,0.5019054574461502,0.441337818423505
0.20283171854933488,0.3853366772651413,0.4274316918188631
0.22037010157047868,0.5055536198260121,0.4635629194168217
0.20272135665410318,0.4351576831961089,0.4130235006098167
0.21330820742794324,0.42401416471035935,0.4407064102450553
0.21279533963936373,0.4807612695750058,0.467760844859177
0.20813838082832348,0.4593419582126305,0.4217258032449569
0.208130036094005,0.3686889971814205,0.4600273400847116
0.2106784717328586,0.38360273760516334,0.4488519120394017
0.20736752796490626,0.42165744199116056,0.4328447633362721
0.20771760789105848,0.3841204687410253,0.44536325428834295
0.20780323359453928,0.4254389069717979,0.421190524771302
0.20448247360551236,0.4301598088160288,0.4319886356676261
0.2057693010046856,0.4304367800767471,0.44409317453834063
0.21393456634508795,0.4756475854493623,0.5017171727124803
0.2112336374671707,0.4303956010056066,0.436617314776256
0.20802319628913016,0.4306328685923841,0.401032666759492
0.2071823172133737,0.4221432965725326,0.4347038697508345
0.20987340033346824,0.4314950663887756,0.4304353366719911
0.2139793357180428,0.4388109448862956,0.4802248502595552
0.21128193036708803,0.4610484546924982,0.4695280688956537
0.20873237132322844,0.4349786297554491,0.4758744016980074
0.2041638638680437,0.40181340313736535,0.4171758066780985
0.20457869670002574,0.4226039648258976,0.4433846511062237
0.21226105836051562,0.4707071604600906,0.4602560207882916
0.20823199501117134,0.4159311899305228,0.42136998189289016
0.20529579289300248,0.4874565831962674,0.4295948929838827
0.21099773283648582,0.435978793132844,0.4447009988659343
0.20969446619748536,0.5058785892136332,0.4401137393239079
0.20474953272973628,0.4685191096425161,0.4098399683744859
0.20992087969512854,0.4145205089978294,0.4206150192857301
0.21032499825676865,0.4309030178769157,0.4533195714301793
0.2130002862992093,0.451771730221272,0.4299089215337738
0.2099474317939718,0.4302027401631319,0.4118834007845008
0.20800692922467637,0.40030598892978897,0.4166004245808411
0.20988956851539228,0.4440316481760295,0.4683497191931441
0.2086233493592848,0.4030277408709636,0.4018376795614093
0.2070563709090002,0.4089468131781852,0.4038151246080839
0.2073753659734991,0.4234418522724772,0.40935951721847796
0.21599820579109924,0.42262554595803903,0.4641291202255334
0.2163480277508011,0.4476021949479742,0.44606301686215305
0.21992316373302295,0.41574663086212543,0.468745573697657
0.21135736315505796,0.4154135879750492,0.43091118175626064
0.20730394429586035,0.40060487240948817,0.4296176626539085
0.2110344864033827,0.4263897756046653,0.4432488982628257
0.21436621116977797,0.4215107037773197,0.4300372061844713
0.21506978049986025,0.4068540617981893,0.450700421034154
0.21615009083029763,0.5280043688854699,0.4215946186895227
0.20963125124155632,0.4201270532165759,0.4541427487650668
0.2051934772396082,0.4251974420923571,0.3900780678337827
0.21704277545183065,0.4359767223450449,0.4658873491710239
0.2193172556178488,0.5589463069961375,0.4574992243036869
0.2110052235961682,0.4700099006267717,0.4341306837201227
0.2125271283849049,0.4219080890584185,0.4500471900387679
0.21100902134186492,0.4445597703610725,0.4152701872419417
0.2095206732010035,0.4011676294604936,0.4141805739735808
0.20176146445920792,0.4886474039102602,0.4000444107973997
0.2103916822633921,0.4490133812890273,0.4423738176513845
0.21434137420370233,0.4240708576049412,0.4465960211486399
0.21280963631109173,0.4547250945792458,0.4478078319763286
0.2080485983898024,0.442204861885738,0.4328121724979617
0.21005837363167487,0.4367652386423292,0.4344790205214613
0.2072674103279475,0.4052199656219024,0.43001474932728456
0.20986630359076816,0.4194588149217367,0.440736217894304
0.20798096040647376,0.4748569380206731,0.4204940378439985
0.21797390138079614,0.4814044637357896,0.5069367392680585
0.2118842328682841,0.4563828966121548,0.420323189961192
0.2027442963036674,0.3905560147536221,0.4102902088971438
0.21204505479489463,0.4781063954382788,0.43692752068054813
0.20964835160979953,0.4344298512130937,0.4034235474308983
0.2082482693525175,0.4213706733283628,0.4413888682002208
0.21451185995027863,0.4467427913997983,0.4193809313770773
0.21021255464828598,0.4064624804223591,0.4538653731059408
0.2076959655731676,0.4628299027647103,0.42126407055367865
0.21272235526062871,0.4461574739570415,0.44226381857458624
0.21675551307054527,0.5262765317780425,0.4694802490681396
0.2072194116388872,0.4438818409709782,0.378970137102846
0.21166617307204597,0.4579459750283221,0.4617554362997364
0.210788997935048,0.4507585447997892,0.4188603859863981
0.21467733788677537,0.4602221821375991,0.4653562536958347
0.20990005843179327,0.4860655607763444,0.4518151520086689
0.213638263651171,0.5035533454709659,0.4403535336614847
0.21187352718114552,0.4133958140479087,0.4512393568929249
0.20223140639242543,0.41346491059837226,0.4003148121871942
0.21628289707148624,0.5389123304919579,0.40386291730972795
0.21101257784991162,0.4975979320996864,0.4120217446232928
0.21185599511915865,0.515091792474831,0.44810551079615424
0.21179629585061094,0.4504555198833752,0.4122944616670312
0.2114316904224404,0.4354160719342064,0.4368688845899543
0.21333463494574278,0.4059877052322806,0.4575015962547446
0.204626361111822,0.4311078810256751,0.41035753120378665
0.20404781202161373,0.47643073542478204,0.4427171792915099
0.21150400862025223,0.44930079608512696,0.44692780357074297
0.22915075525086867,0.6144427474749495,0.4164634272083812
0.2159093527140539,0.471935375255665,0.4201370702926121
0.21866979878306392,0.4510945430619485,0.4593036571753508
0.21181508642133673,0.4603855724670741,0.4002501335119109
0.2163870184839703,0.4909517443203085,0.4698690463765026
0.21185475384762578,0.43468356526743857,0.4095881661708261
0.21154589251708472,0.43332905411907374,0.4167065566708444
0.2199101565380365,0.5120917313023666,0.4539604810767484
0.20645875475778433,0.4774493149519284,0.4252393243141915
0.2094576678526852,0.4341289342791623,0.41886166817490456
0.20713237646349847,0.4644676488987488,0.4155726658939278
0.21988909141982016,0.5068659061578901,0.4561183351309538
0.21238266915562723,0.5086178856771082,0.4621733013231151
0.21285901152169057,0.4520346418094969,0.4313672348894426
0.21444230339054784,0.4483892060090032,0.42538389532335535
0.21552707547699967,0.4941069424324472,0.4250630597639216
0.21265620924367895,0.4429203318845276,0.4275696655891885
0.21153714997264306,0.4615002321030744,0.4506989055899229
0.21135791474858773,0.4621674330234018,0.4207057072627532
0.20801851233569665,0.4633359831887699,0.4604177024597781
0.21442976491609692,0.4436006991843473,0.453522708187873
0.2086706407151494,0.4832790646488275,0.44356730594371024
0.21878406857496427,0.4832483388447685,0.4663419483896423
0.21593102559662875,0.5078045705815065,0.41638570386530377
0.21112493129938328,0.4437310023431705,0.4241332032018982
0.22145232264827527,0.5806814965064602,0.4016251433551077
0.21494407356557757,0.4868594803851718,0.4628516033246505
0.21589898367687155,0.4680396920986498,0.42298791764808974
0.21167584686916252,0.47867201478843896,0.4416349450886629
0.21334995970617066,0.5087587748062485,0.4012607309992081
0.2111997334326493,0.4693681132940182,0.4131215379447242
0.21878784496711165,0.5225501722049756,0.41971835521307854
0.2170453590216945,0.4601760603737909,0.44287613222239003
0.21987989023633348,0.5657735683189465,0.4399647406132643
0.21066718090196623,0.4849163269319389,0.3685388774419731
0.208033286381977,0.5479743718982831,0.3867709275547884
0.21293304339230892,0.4712458429897506,0.442403688277412
0.21286688595727518,0.4980896457102712,0.4265375690291143
0.2200139998954927,0.5511363896430914,0.3946032294778348
0.21622047937115796,0.4458532158233645,0.4534829084908363
0.21079149402454994,0.486214624462916,0.4475579110727069
0.21720465295266492,0.5048440145903456,0.4467762514291047
0.21178191171952726,0.4158281122733472,0.3869496722314863
0.213128052529825,0.4656293429722478,0.4347932840728802
0.2182077369188194,0.5283392251648604,0.4445439406435349
0.21391249889483738,0.5458207897637821,0.4430229643454111
0.21200589001426096,0.5316774653188633,0.4137039784678085
0.20783321617958048,0.4597708002684342,0.4268432700368428
0.22348932451187536,0.4546845026617778,0.4676373932959211
0.23061467468743227,0.6653935115735767,0.38829559318186896
0.2169428694782724,0.4884863013712996,0.420300393740395
0.20911681281562072,0.4391392771119476,0.4268797454857707
0.2080601526658723,0.4260834700390076,0.4013144667545289
0.21596709126763128,0.4758910079222015,0.4405546372006555
0.21031257563286881,0.4641906681364034,0.39942621714745774
0.21769942789444044,0.4595451901215054,0.4353534437224888
0.2115679831421315,0.4348330600796736,0.4073867178758245
0.2167084472404598,0.4748562089948493,0.4267453758990839
0.21818674946028588,0.54699859643895,0.3874297868040234
0.21182384946479893,0.47206543656063,0.43958588381211255
0.22043735637390036,0.493458236700726,0.4579818744918012
0.21026546050607783,0.4878399073010942,0.4310054819789947
0.2102640964825073,0.4956287446440538,0.3720465336389085
0.21674926974718844,0.4270728459142484,0.45017763338674427
0.2119835899126907,0.4623436888768133,0.4036639664550447
0.2243556480203786,0.6601406050249606,0.4446094362817833
0.2211836441345413,0.4523965499111208,0.4565766047095577
0.2184657647015321,0.6005212301480332,0.4141690534358212
0.21028964010603965,0.4583037378430999,0.4310549928476394
0.22030379961228902,0.4771855608558622,0.4525872088742649
0.21064743325649488,0.4804279439704082,0.44318018794416
0.2264830085687959,0.5293039232507545,0.4576176356074624
0.21928300169646975,0.5056734084248319,0.4641080190052044
0.22097089155970703,0.5183615771345358,0.4420713494101593
0.20700269144655947,0.4753775525101343,0.3962576197762273
0.21634271290372947,0.5230898686974539,0.4265532906067888
0.21316964623505263,0.5075871201335146,0.4285281915922885
0.21269395208939834,0.5153349431205786,0.4110710361471878
0.2091469273726117,0.507431904983306,0.4140322736424401
0.21487467491266396,0.4784338517897101,0.40235313914390747
0.22326780386122308,0.5559751096575015,0.4104435881788522
0.21985749011152486,0.4764139596588042,0.4369473045764875
0.2276470619686962,0.4718327759301152,0.4849329444286848
0.21729501967507173,0.494327636760267,0.4413522312027053
0.20904176278301342,0.4694192738798434,0.4146469594712601
0.21348327252607135,0.5054579718358763,0.4120597046854563
0.22495865851085778,0.5321994367834149,0.4373272047846202
0.21922724152390838,0.5473345151507046,0.4252595038843523
0.21243138763861338,0.4956053447965049,0.4431058413303233
0.21576983548719522,0.4965535485125536,0.4408819459044572
0.21360771957729582,0.4552302015748045,0.4334701473680573
0.21599867188678004,0.4619321788480527,0.4506679860999613
0.2115810953641939,0.47061728992228596,0.4458264961751055
0.21633397564989654,0.463224095899668,0.4551702966876794
0.2153583822760975,0.5298599796728414,0.4335065706286992
0.2117820639174945,0.4797336090305245,0.4302059469000431
0.2150363799127923,0.4599896733948538,0.4247485728546815
0.2293634257284037,0.6617414987709596,0.4573009501445415
0.22002916125545113,0.5048116473973893,0.44096022412203867
0.21268417160973577,0.4763806603782082,0.4127816875997234
0.21487830448262674,0.5161217358893557,0.3954200370719739
0.2140292909511497,0.6173158316796813,0.41735787872766905
0.21479259521227373,0.5426619378047455,0.4213480880281617
0.21889260077300926,0.5572967669692865,0.417220048373096
0.21944953767086686,0.5323619917528949,0.4530159629895888
0.21978299418702307,0.5020785334442531,0.4445006435217412
0.22922010576028637,0.5517811640375164,0.4688938324073363
0.21277171093136296,0.4674378366921406,0.4102723543393718
0.21281456908228427,0.5207049583249029,0.3871337440980708
0.21808456360449902,0.4978400530502299,0.4343710549961457
0.2159354669852038,0.5067747897842748,0.4073954455424497
0.21549395016544487,0.5956336141939975,0.4228402634079271
0.21664840359909907,0.4709461806954622,0.432660522801161
0.21310849079680794,0.500270009308308,0.40891610281807506
0.2287929434932724,0.625919896222566,0.4337697109118788
0.21396477034267833,0.5171298952898995,0.4168455433003096
0.22159196233967976,0.508049503211959,0.44002385805119615
0.21976185218707067,0.4783331112102278,0.437061184797784
0.21171629250082183,0.5612160796545403,0.3980664476113679
0.2219841099392093,0.490700663525564,0.4423915039121597
0.21666211537688246,0.5300692102508556,0.3951649884564034
0.22048730453839036,0.5285206773863884,0.4371043130315818
0.21575415175678464,0.4753914169026338,0.4295031522610709
0.22926381269572693,0.6603570752967431,0.4089636471117241
0.22032608832196793,0.5101235599165403,0.4576203433798102
0.22120672647996045,0.5410856806102716,0.4504356249826113
0.22269614340445754,0.5917206087169695,0.5005933204843005
0.22500094870841914,0.4731114436563898,0.4621221622395353
0.20838715233008004,0.4747989413125102,0.3788924213367371
0.22188169112156986,0.4750699772926935,0.4499090624127022
0.23417580266538607,0.6370430970670887,0.4430268149733035
0.23071266354046224,0.6037357580676292,0.4515785823228573
0.22421252873162345,0.5506292830965404,0.453273313077141
0.21430123842595625,0.4833082830908252,0.4531785878863957
0.21636386421928464,0.4756208418194047,0.4241941599355462
0.2157582954407474,0.5818416996212474,0.4020475688734359
0.2146805296861644,0.5384682264480427,0.4056814900044139
0.21468413962384328,0.563947676761557,0.425089301331897
0.21139013508321322,0.5442299901578908,0.3840941323442239
0.22285655957301284,0.5698960646864264,0.4814389958484462
0.22112164471093793,0.5272525967051306,0.4540019417335157
0.21523495851806615,0.5348180800406562,0.41708562602647214
0.2150098821638284,0.4975702547504208,0.4172599089138713
0.21898121240062118,0.5589534119801852,0.40018293934654736
0.22621573414232998,0.5020089477599585,0.44027025693704
0.21702151457499463,0.4572547398711068,0.4359562018554807
0.22342223621995452,0.5040303304402814,0.4559836478258237
0.21863361082251523,0.536994193178966,0.42238364006785895
0.2188414112624656,0.542849251114582,0.4159650270402384
0.22366274148371912,0.5523804934160477,0.44855325354997533
0.2239065887356987,0.5886023449075051,0.4398940589264949
0.21981767311448247,0.5229514782418461,0.4032557277645624
0.21956005423057193,0.5003573340258985,0.4449513450633695
0.22467540624629406,0.6043543248797889,0.45290802701998906
0.2178079789074646,0.4669882016095201,0.4081196818503278
0.21719131576147852,0.4986868333179351,0.4237612569589424
0.2185660375612427,0.550102429203177,0.397806435128745
0.2285123213563795,0.6906210351264532,0.4233039624154856
0.21056383736954384,0.4728392012072194,0.4146977988080357
0.22304128934955617,0.4884270981560148,0.4587773678434405
0.22309754381583322,0.6612338035304739,0.3900303532703638
0.22169398294526438,0.5535110597358364,0.4131734308073728
0.2294087373506612,0.5684336848109126,0.4734679653796373
0.2314105660452124,0.6147706311787031,0.44044375638122574
0.2142535492183486,0.5196965705071911,0.4098016391414053
0.21821140034227213,0.4904471506043049,0.4242970393970084
0.21377386001541054,0.4705753643073994,0.4351027473123414
0.21304679862604478,0.5935430229558512,0.4087791065026168
0.2208508239363394,0.5453810802871726,0.4047356605934984
0.2191281319562426,0.4969138019647019,0.4563978966275084
0.23670669212686568,0.6447525957028805,0.4261591199478106
0.22140566759136074,0.5615455608669407,0.3989076468621419
0.22182440021796063,0.6137885660352153,0.4424761075558088
0.2331230253775319,0.493194755651552,0.4951070715160257
0.2242913881933558,0.5569197906974097,0.4764208910463178
0.2273481075159696,0.5825609841152353,0.4611532244287762
0.22142843479536553,0.6588080902073572,0.41922356404952793
0.21309030122192596,0.4669358635209763,0.4056897628373046
0.22265309726769536,0.5472508720509787,0.4316870738339793
0.22213183652136748,0.4782569805230042,0.4374032918597828
0.2169085325272364,0.512366940700524,0.4128897299411515
0.21595956542723638,0.4850743706400661,0.4380480955495013
0.22268814926823843,0.6162669981604685,0.4283122559248453
0.2200534682318002,0.4885275044161023,0.4412297643837904
0.23322769577994265,0.613060910922748,0.4553053464232517
0.21302405586960116,0.5006164822587935,0.3722474078695116
0.2182022883319167,0.5032578269071264,0.4472732070068545
0.23236369982912325,0.6324114523017061,0.4884321171872226
0.21901748860522496,0.5801990601628111,0.4577092050876127
0.22295330138086153,0.5058789930398413,0.4190301711642247
0.21163229558634813,0.5263655620571955,0.4196612383752882
0.22116818791385037,0.5227220791597166,0.4394803739100099
0.22054640307266574,0.5320334468129629,0.4064288211209913
0.21638039322347438,0.5444122726158686,0.4244744032081841
0.2185486918118399,0.5239037210904595,0.4461367598630045
0.21710817074359845,0.4834380655973228,0.4131376852529899
0.22712667828444263,0.4900870448710694,0.4419060633333976
0.2134482999656767,0.7331016594803831,0.4014953761365235
0.2246370633037978,0.5277388356545935,0.43219726366444855
0.24311824576234656,0.7290065961368092,0.4562562543063062
0.22610467796630707,0.6430748135268185,0.4474726288451847
0.21963757483224636,0.5631828735366117,0.4370795983364008
0.21941622737124178,0.5738929928031566,0.3982707358458111
0.2225758667863759,0.5553413262205007,0.4412279362430852
0.23442926666562094,0.6144955879103545,0.43434896202595297
0.22496299897376268,0.5121052142244356,0.448194326259428
0.21534990050359432,0.4637094063756286,0.4213191469596762
0.22809368604605,0.5170251205274178,0.4797226186480828
0.2206233988664395,0.4741557370364474,0.4207831691822196
0.22531172497981186,0.5225972767699516,0.4525228906286933
0.21796022954680352,0.5622854148294225,0.44692836837676303
0.22891313086238768,0.5412180294402205,0.4308594108309852
0.222566575038412,0.5266611027295613,0.43152086131357736
0.22033690716659263,0.5362438370932727,0.4267938042451647
0.22155087738427906,0.5249385318921965,0.44541622797095576
0.23825962496146424,0.6553616548085087,0.4511801041417205
0.21730523799967214,0.5560280593384788,0.4471524548162815
0.22494508942209307,0.5129106979742493,0.43924217643047
0.22278670137097692,0.5706412936789692,0.439527759060307
0.22825380777879267,0.6179758140232972,0.4587796056211338
0.22445129091273422,0.4990783800512954,0.4735960675177792
0.21941287809511487,0.5176735243707025,0.4043820352191592
0.22263331250876944,0.5318767479879741,0.4314853022684696
0.2161361258006826,0.5391277626340751,0.4117828601237647
0.2177124770047039,0.5347448698586438,0.39597490051785295
0.22318596074273636,0.6227001563344289,0.4349654399041358
0.22237378134419725,0.535513638880779,0.4256029253565192
0.2226477933264338,0.5607364154369272,0.4305890759571571
0.2209262741856758,0.5534690199934692,0.38718409380169133
0.2183393836806318,0.5045442464197103,0.4396804288814604
0.2235320826850355,0.5950254860700899,0.4352236652185473
0.22395432787777075,0.5632587281660699,0.4308223466567225
0.22181270663058886,0.5608605973963731,0.4248195300053022
0.22441578964897033,0.5602020510802174,0.43918695110504297
0.21997834376927428,0.5411512252808716,0.3761961238095157
0.22418448793117193,0.580083755566043,0.4411792163252586
0.23074721944384383,0.6500109352472111,0.4399068487931174
0.23381704291299704,0.6494362192228916,0.4583350152466134
0.22097460851047152,0.5464058417008685,0.4677613096905692
0.2335865788254432,0.6278797285787328,0.4049880460748595
0.22604667418394717,0.5037397442788981,0.4787534912900039
0.22015564912389038,0.5836281016109445,0.463447789185331
0.21181507241895178,0.5240148122702655,0.3845141904452597
0.21882943564522328,0.5226374668665641,0.4096955365146671
0.21570458135831264,0.5014233283409009,0.4088237714152285
0.2178915834837304,0.6535214875735206,0.43690454877154855
0.23683778039857592,0.653515123848388,0.4623492821524394
0.22811529600781769,0.5288698559095103,0.4349353423095143
0.2264773971808531,0.6732426218410029,0.4178028906103484
0.22450707579757906,0.5586073926589434,0.4290797464891407
0.22815168958474072,0.515874178922378,0.5004151827957629
0.2159005137754362,0.5578593931717875,0.41735207873927793
0.2193632656422357,0.5344170085148346,0.40985955728427614
0.23404097245593117,0.6894209501354044,0.4693496660829608
0.21853556896675896,0.5013760492154451,0.3998512480203197
0.22520014508170796,0.6431067330914415,0.4416145130355813
0.2232099265181462,0.5623118873585293,0.4445893956578758
0.23889591319760803,0.6967319057381506,0.4777963280313268
0.22167994209822348,0.5240920672454026,0.4424098969377612
0.2258906585522824,0.5477041453507517,0.4864274944168156
0.2555593772626575,0.8014215041106497,0.4452191214861913
0.2164797560635843,0.5924809543740029,0.4395969592264978
0.23097762365098354,0.6400657426725851,0.4352224738649712
0.22947004994660652,0.6686321772914257,0.4617796984890084
0.21920014587882364,0.5233928222091816,0.4519765008954247
0.22337590191998735,0.5792439509703697,0.4328660745341791
0.22862189030275462,0.5837488337217903,0.4486764531191932
0.21654124855352322,0.5541611581518022,0.3909950490972433
0.22376632094938906,0.5445346310152416,0.4451558316342325
0.22392873467348445,0.5712901583370182,0.4451978810138141
0.22398422859797557,0.5451965382999099,0.4306170873988085
0.24536742669240882,0.7105154966396232,0.4359064508645038
0.2194297724242723,0.6167665934937605,0.39932185121051533
0.22107776733580675,0.5135295799896361,0.4083428404435889
0.220866345908337,0.5676700879398492,0.42802803190689104
0.23012923956405618,0.6149337425561985,0.4414556049140983
0.22457952640348025,0.6069862572398723,0.4036892381702915
0.22462806988189282,0.5168046014116008,0.4525964929363054
0.22361663815747876,0.4872047361166788,0.4437327370783594
0.22973732317417606,0.6292859388275068,0.4200495658988776
0.22977745220507476,0.6558670334373431,0.4153501940131325
0.2302648430512971,0.6330978756680719,0.4793482965253187
0.24258381873524243,0.6990869865546823,0.4416131364885462
0.22484503825272106,0.5419382069569055,0.4596502691324344
0.22300234170125285,0.528937220480036,0.4509985116802808
0.22420540686838408,0.5489167843395414,0.4071683977339937
0.22304362095042488,0.5651013918003126,0.4085636066274262
0.2308845018247846,0.5755362888847607,0.4746684125412275
0.22520182588884452,0.6033414397371453,0.4046595771866451
0.22857972906299062,0.5505847501712825,0.5051770887600091
0.22499054201124247,0.5931961096450306,0.4342821982111109
0.24430530549017196,0.7248035047300011,0.4700135255191201
0.2290624602205527,0.5975493077177072,0.4160926744564801
0.22975817441372762,0.6001993611322414,0.4631697035673426
0.2238968263503621,0.5311202499807428,0.4331128348172734
0.2276668405429041,0.6389655308612496,0.4332155991549454
0.22206147438028623,0.5752479078026146,0.4563493781746917
0.21631886859778363,0.5195604384072925,0.3880175355955665
0.22771628499079577,0.6217047548211065,0.4426839812079672
0.22746764492245808,0.5593016328974915,0.4389670731516708
0.2266199907647569,0.6024018574294295,0.463052640490864
0.22467523862627864,0.5485694261390092,0.4538370291203364
0.22655132646080367,0.5718476836882848,0.4446704356292005
0.22587793934512215,0.7181944110651121,0.4087103144487628
0.2191419751213595,0.5300627178293289,0.4129110497320267
0.21925833818181517,0.516680723717569,0.4080206879487686
0.2603575175550478,0.8911219571886452,0.486062756565001
0.23103768321734164,0.7014876743922072,0.4494300019280726
0.22615810055768754,0.5255854982347896,0.4236346806708594
0.2235956931916301,0.520187598481669,0.4062460882571836
0.23084101815539262,0.6386497685691427,0.4707443835986236
0.2270854939550941,0.6479890208948847,0.4227215898214034
0.2318322012456465,0.5879377679950946,0.4772213453793439
0.21943373735571467,0.5976351997102876,0.4266811452011247
0.21783450560789297,0.5033227340232953,0.3977481615306715
0.22048760948506924,0.5524393873059874,0.4069865872445685
0.22545311773846075,0.5635799023880262,0.4662197434685527
0.22275172941562055,0.6279146924948404,0.4504579504784666
0.22397666437052222,0.6109799160426004,0.4532083483611072
0.2218670994210941,0.5635370143231031,0.4151887749342436
0.22977099793369804,0.7216583374433853,0.4201948258307735
0.23117183095342242,0.670573303339376,0.4596294650965597
0.23419474857082734,0.7281360378477649,0.452217436989603
0.22046803449649247,0.6000361779676807,0.4015071627178404
0.22037996750447408,0.5696591437993163,0.4196722228910015
0.22532578674938356,0.6846312795933257,0.4346028206864424
0.2338830435531956,0.6791303619124218,0.4466265482525128
0.22313673117777583,0.6025417237856846,0.4400079629035351
0.22100899776330135,0.7349640367754793,0.4394098083183994
0.24873029766737453,0.7864047247765114,0.4582993475396873
0.2274005783642621,0.5719780744497394,0.4019450003551479
0.2509067039911186,0.7441333025586536,0.4337178846348129
0.22997579633711482,0.5924628807910783,0.4543810435053741
0.22336645085613213,0.5769118042790563,0.4294262393385522
0.22862983248494764,0.6001764914742662,0.4478770816722845
0.22296841379373084,0.519348587702678,0.4050182198012777
0.22674379465149627,0.5715935927448403,0.4613919184233734
0.22711770575867443,0.5463492168204294,0.4565252602097435
0.22260754045483072,0.555735545209266,0.4390882037470507
0.23042293605718744,0.6265948127477573,0.4140191530469626
0.22615123844478366,0.6437611625802988,0.4331569435985773
0.23541819682704623,0.7565791603503758,0.4476715591009658
0.22655513929672533,0.5847212165325997,0.45110272820853203
0.2207148268806387,0.5833843735584089,0.4348031707345037
0.2245365188796916,0.584390545923838,0.3977225028565205
0.2343257628492335,0.6450324811802507,0.4570491658831578
0.237480923236296,0.6247274643954941,0.4648187132832344
0.22954940244289845,0.6253121865405401,0.4268389164682144
0.2274935105400518,0.7183920606419774,0.4410941486896451
0.2327262220296945,0.5895059229613885,0.4925782883076337
0.23369261952071896,0.6030686488561487,0.4416888485977501
0.2288138602702591,0.5833099451391084,0.410449644386501
0.22802746228933407,0.5818681135623995,0.4123325401317471
0.2416941021084768,0.7907376031870266,0.4205618276303305
0.23614160632480355,0.8496190744277908,0.41843509692463005
0.22379024815094237,0.5306268190584087,0.43723142506799134
0.23073754147310915,0.6394844270617137,0.4671312166528612
0.23357770570304226,0.6509062370880325,0.4529586202347449
0.2359136315918977,0.8678250326433873,0.4220552728528521
0.21907202834425354,0.5781094533666543,0.38260646145074256
0.217994901035116,0.5963922466372941,0.4035198663798301
0.22545147567930635,0.6203700519952905,0.4118599688357073
0.22990785181108464,0.7671817228525211,0.4258149558068332
0.22647512339055595,0.6799287402584993,0.4163775464634157
0.2279749079231791,0.6200307872260187,0.4140384795208336
0.22927085509666484,0.6175741771067564,0.4351780775896625
0.2334859270597636,0.6639676665659267,0.4306796206321814
0.2309955823260931,0.5716250061710171,0.4107589030961744
0.23031756151639474,0.7101660301289958,0.4395458277353611
0.22800655945489964,0.5579481181564853,0.41049827240937214
0.22649321826374227,0.5995413223099859,0.4151048453012666
0.22554865953529452,0.5525461208571761,0.4233029334789608
0.2313694026636739,0.7412491981478463,0.4109434729256989
0.22492182299380103,0.6483974370216365,0.4180670018468514
0.2277798340792966,0.6659452730528946,0.4078509832562917
0.23172415015870382,0.6185221062318164,0.4237652565440995
0.22563689876687096,0.5416110036982758,0.4228819552008721
0.2228251505180662,0.5552759700394857,0.4016986919804033
0.2296056833046726,0.5776357553457209,0.4468475750191412
0.22557677830294598,0.6008146832718655,0.3905676255256245
0.22837984232583444,0.6769690820910317,0.41117993135776615
0.23515768473812657,0.6478173953498658,0.4157550208931801
0.24583863185488647,0.7501196724683254,0.4345178422889519
0.22727583895392633,0.6058542792520754,0.4202460042482685
0.2187527328792487,0.5445797998156583,0.3865322859086494
0.22430875044372656,0.6407308012658504,0.4126905828426889
0.23591151822076278,0.5521288241432429,0.4777063516029017
0.22887307865517073,0.6065541434970647,0.4384480482966665
0.23683103994212423,0.5853250920140911,0.484531965216824
0.2450545322671153,0.7720292282066087,0.4568203916705792
0.23212744714636424,0.6007483703867961,0.4229816613600028
0.23642389207682327,0.5978372684963322,0.4557295386756606
0.22596938000906114,0.5493199395575303,0.4178089374668281
0.2400508558053326,0.7252203694396759,0.4635223387827637
0.2305456709526912,0.6113845984334665,0.3836234664286843
0.23040987905750498,0.6125031128707988,0.420908371208791
0.22712202370125315,0.6343997191303876,0.4211568831526965
0.25569526023448214,0.8872106177809349,0.4610733619834368
0.23348096063554244,0.6617976141722269,0.4480236876445214
0.2354633223197874,0.6821002453434207,0.4153742690542016
0.2723082150875877,0.906476311195504,0.4732312167702627
0.23134432418864803,0.6481393083707111,0.4251323537857003
0.23990019942419175,0.5879958996649784,0.4691901909200933
0.23663055445360026,0.6182422924728129,0.4249571096581882
0.24137522035217474,0.7400759242654196,0.4655284611980888
0.22911563892226725,0.5669895887075215,0.3925262025669485
0.23068894432375855,0.5677913245061057,0.4293768704649512
0.25182301338976965,0.8280364319823812,0.45136773350919795
0.23153689892913856,0.6428535371740406,0.4071506187283928
0.23909222603341385,0.7338315113156171,0.4634347189395822
0.24139414100894632,0.6433738414472558,0.44317303581265466
0.2569509042625817,0.8478773346968069,0.4492929055623249
0.23454955647962655,0.5571501587928626,0.4497913397658835
0.24140073557260905,0.7715224624298876,0.4527729204128212
0.23192484831006094,0.5967099224614251,0.43043011925165264
0.23240324716309715,0.5597616729159463,0.4430927687927707
0.2439956577230718,0.706474604906968,0.4351213614135915
0.23667440223848082,0.6176843246206617,0.4087475301702279
0.23304039668736143,0.5851323992299361,0.4499437833610657
0.23344104125827328,0.6190687836376303,0.445966629695323
0.23992374577071718,0.5834936525410911,0.4542534982708346
0.23440732113853235,0.5745488823422403,0.4235802446636092
0.2333582818420153,0.6078952276356394,0.4335296659326875
0.234215078851581,0.5818266595690824,0.433411280470645
0.22720655001660475,0.5638669189365665,0.4137261620793183
0.23151907930967894,0.6113057726012542,0.4297715071109868
0.2335490312097307,0.6407775544032114,0.4210567352543924
0.2323952383544938,0.602167463253201,0.4329194240770323
0.23072442053478304,0.5647131822949765,0.3970059990700744
0.2401122325757814,0.6724717323462712,0.43232643888171984
0.23181060013756774,0.7019298341277376,0.4055046861120043
0.2299651220939588,0.5803643586655101,0.4060559094941153
0.23830519055274194,0.6134877475372058,0.4402893736678085
0.2408135913521179,0.7055183448965698,0.4458346704112045
0.2387322117611233,0.6566762831692023,0.4851132891263367
0.23259973344135415,0.5783145937380504,0.4346381465694804
0.23493615249205407,0.6427545617060839,0.4495933938838253
0.232183475380102,0.6197325490725989,0.4194807269847679
0.23424363428360992,0.6350694965301517,0.43059093119353054
0.23634107429723777,0.6378482524619036,0.4437729861390112
0.23878022841716526,0.62346381782077,0.4388413108294118
0.23728132809247401,0.6429809357835238,0.3967495242919011
0.23170631291716043,0.6340820397904633,0.4094336162595582
0.24101301988733076,0.7584206372996678,0.4436078544448685
0.2628732325891548,0.7941651187941428,0.4663077130301251
0.2427735794355499,0.8222809925076523,0.4382049238939825
0.2350632357014004,0.6026766790617253,0.4332374126835312
0.23635607879336507,0.5939531319882329,0.4309908153199111
0.2388546054011488,0.7063255069812339,0.4137701135383032
0.23334811916507633,0.6105141138826625,0.4513929446125813
0.23876095996397814,0.6279785411747194,0.4245065269153365
0.23424307268710953,0.6219128061855951,0.4333289389157332
0.2697580842173798,0.9677831525923618,0.4067912764063564
0.2357723789783867,0.6195294579724695,0.4205449139220864
0.2401731154383808,0.6400244676921488,0.4322230349964949
0.23909844552752138,0.6150205179744114,0.4438725641808005
0.25051258285192846,0.7539242506903867,0.4646660276208076
0.24223960122032756,0.687304318914443,0.4717570282678982
0.2385139193549761,0.6164757162893584,0.44628868232053337
0.23532083368346376,0.5982895928505,0.3997026446226536
0.24301230665129303,0.8153493804580644,0.4305613608413168
0.23964105506226693,0.5910160798314632,0.4345761603168908
0.2361767127487696,0.6743211353690753,0.44984070087392425
0.246222679376706,0.6383956143466945,0.4372033726332151
0.2656943750327121,0.7819837045252293,0.4934328935216415
0.2427252282255125,0.6060294517726192,0.4340625890468828
0.240254510481624,0.6414440781802156,0.4020949214855621
0.23544516125810325,0.7438204898685636,0.4122200828170775
0.24271320616926728,0.6570104896793538,0.4484207865226363
0.2475519923403389,0.637933079710599,0.4473322277914271
0.23985600126370957,0.6363517756263407,0.4509975660465415
0.24177135763000165,0.7108821226463005,0.4287588753656859
0.23265689355031902,0.6142715651368745,0.3851139924243433
0.23948321733453304,0.5855444792272673,0.4202421916951819
0.24515914617842674,0.6793680920955119,0.4431101182807937
0.2479161573621758,0.8071868977208012,0.427478721094176
0.25009904152267,0.6259006942369179,0.4626550776043985
0.24664017331753926,0.6931879342736984,0.4609319301640027
0.2450461914023782,0.6586387650257276,0.4655037762798544
0.2473108542918437,0.7150685754805912,0.4117932345293863
0.24116972551501215,0.6352325387719513,0.4183904780124464
0.2609517243081953,0.8712689540348141,0.4519849340117729
0.2373486020045866,0.6946702639735274,0.4204034197106578
0.240731118853854,0.6872325550553912,0.4154197952596713
0.24460319066913505,0.630209677546497,0.4523047852050066
0.24096801956169564,0.5978549271796606,0.4329531729372289
0.24947270983726605,0.6053957500865272,0.4544692205487523
0.2422868087612831,0.6487579931496638,0.3849272620631723
0.24646745387484081,0.6756460723039729,0.4431419448114197
0.23283539500415018,0.7075326537607244,0.390973776546981
0.24459798671816582,0.6826879504305982,0.4295303701509557
0.24624709606609824,0.7468095297733334,0.42852803024620856
0.24515335322952547,0.6046998897672758,0.4354402804353556
0.24152327870506557,0.6676645529265861,0.3945035377306156
0.24791878701378703,0.6433135607139309,0.44073640571538825
0.2494702910263786,0.6859619772658495,0.43742830328154975
0.2512635893936168,0.6365885550227183,0.4304386685972881
0.2587462821098607,0.7108140324907185,0.454031798869327
0.24779146652615539,0.6659591142950448,0.4576736035436266
0.2433661301132662,0.6593490423291553,0.4205036603462524
0.2556970626652867,0.7163549970737509,0.4774246560858314
0.24596325884714554,0.7540801890356026,0.4376607241294617
0.2468852742327256,0.6991013579281855,0.42687411637375056
0.24305994700449282,0.6114111678812757,0.38822503133391817
0.25436391306938744,0.6656414735710798,0.4748785164988469
0.25178658567607654,0.7430664079461322,0.4448356724574383
0.24259471414833722,0.6406905680702876,0.405332647914275
0.24993667893957464,0.6930121695823189,0.436684824009431
0.23826148699312644,0.6784144416583944,0.4217275276416684
0.2511382048298869,0.6327145431137255,0.482060810363037
0.2431500396431919,0.6068580549030752,0.4415895641841948
0.2480896327806771,0.6326436668725425,0.4297946137158999
0.25073398548832515,0.6664500570068076,0.4138372132969236
0.25960254233161373,0.8555457944847586,0.4572600800695157
0.25719720828188797,0.7212681791088421,0.483894063758084
0.2509960127304614,0.8634327964219561,0.4564116036764449
0.2503474703134805,0.7265232790703944,0.4459463814454615
0.2535799138675626,0.627083052245831,0.4942329277241183
0.24876261797795243,0.6549505675692283,0.44260198960862857
0.24580438506960778,0.672453673286276,0.4641625367131199
0.2565439110179991,0.7656704603861999,0.4356108738650321
0.2454938259246508,0.7060103027578433,0.410720440305546
0.24623217458810664,0.6682608128107798,0.4299284126750792
0.24128563837719788,0.6413300585441088,0.42234227739700825
0.24276697389238436,0.738430203954123,0.4250997645108157
0.2807128175458247,1.179543522240429,0.4148818279749956
0.2489843367294698,0.7779440216641951,0.4352623947294753
0.25212584338864735,0.7162437341682316,0.4284513102384189
0.26808456874755504,0.9065498230684422,0.44128793313909903
0.2506741825911688,0.6527334708302734,0.4240532204701827
0.2837953223576475,0.9183569569109004,0.4510944599081603
0.26308589928513343,0.8713262324586788,0.455809427711828
0.2570976990141173,0.733861271258202,0.4594229498841042
0.24774990514658235,0.7901624515507406,0.4379371513735956
0.2534962783052432,0.9467088297021304,0.4318057527397013
0.2441641516610634,0.6301727820478545,0.42972796791245504
0.23909991131504885,0.6561588894240141,0.3998107841996203
0.24717142356271304,0.6736810950328085,0.4369623485745947
0.25037609541777617,0.6416866005440179,0.4429549331997581
0.25670396329521394,0.8302948670375997,0.4257794830487529
0.24743346855540346,0.6417281726994036,0.4641098244481411
0.2403793451287941,0.6515417203949977,0.3942659675018773
0.24372283655413177,0.628843803057198,0.4261620108941647
0.24396515338038963,0.6805228127066104,0.4641881893436956
0.24545262205969365,0.7061486374394051,0.4583367354266914
0.23996616718608021,0.7572321758679412,0.4307695525982133
0.25048054980953083,0.9192597205324574,0.4105640118705513
0.24850411951049708,0.7415752686606756,0.4157923171843467
0.23703290124531282,0.6465396859626655,0.430399170506875
0.24254023022722382,0.6037196907641379,0.4456958040094658
0.24373621533668377,0.6770708244937542,0.4463961503778617
0.2427368926495651,0.6189120569499991,0.3976348124303054
0.25526605131301916,0.7399869725687505,0.46623543419904606
0.2393559987394338,0.6242777426647526,0.4091160539086824
0.2684028918177132,0.904061413314143,0.4393089457622479
0.2440917297264095,0.7222897255506546,0.4199581465812889
0.2534116979571761,0.7389622662966686,0.4849813044411938
0.24899173069404643,0.6332604538548628,0.4754052384472643
0.266766519323767,0.8726887696149612,0.424526420848556
0.24404492463561916,0.6329435746240379,0.44412973980665105
0.2620125794600465,0.9522472414952364,0.4571811196711929
0.24941644684312322,0.7151153046902544,0.4505316859221924
0.26073487492940506,0.8307094838063956,0.4675528073180996
0.25186294846891244,0.7763448912456209,0.4363934408487917
0.2436503107511091,0.6445437124766074,0.402309297135294
0.25123091941376535,0.8160199713480474,0.3945313975248703
0.24145675466927116,0.7623902625314575,0.4028499329929266
0.2553414826192935,0.7986916187539902,0.4465201493182887
0.2658186749361344,0.9627012755737278,0.4013815481450721
0.2649037630085575,0.9149473315855884,0.4213781195596579
0.23500315834219887,0.6484527170504043,0.38342812423198347
0.26312855959381287,0.9177006521355452,0.4229370916825468
0.24167895181990656,0.620325310479478,0.43118529921644944
0.2519453003739939,0.7509185176680176,0.4314485510792948
0.27317962660783857,0.9737653050512292,0.4139878406957492
0.23869333894244524,0.6730052064568893,0.3969243787288535
0.23830355724693816,0.6582502341627453,0.4254312689473158
0.2380209664162218,0.675616696129666,0.4096292233585692
0.24345564604582193,0.6633250954998701,0.4171660352533733
0.25756842606910757,0.8198366193047613,0.4690687842654144
0.251276770123493,0.6573191018970053,0.4666444373795464
0.2546142450449198,0.7194608238331875,0.4738951346783011
0.24300149091084772,0.6790219115571915,0.404821914343728
0.2499085872422092,0.6429931362644872,0.4842381533878266
0.24958608746058578,0.7133226645632876,0.4727306903562561
0.2430938251265038,0.6638224492778384,0.4353771115946724
0.2628244973168992,0.850850609475488,0.43801238659081176
0.24397605385224552,0.6410667568492755,0.4420769037410637
0.2518511335319014,0.7800044362030691,0.4161180166008413
0.24703103640461166,0.8745979707004259,0.4032525281380179
0.2382780738457004,0.7134651776118095,0.4162009059140525
0.24318830757891025,0.7421102307026246,0.4119999179418326
0.24852371769338824,0.7186706028653619,0.4391336912369523
0.24697346111921895,0.7023292017022772,0.4059964758778104
0.2471619884113462,0.7538406629352886,0.4158645817141626
0.2529134114805826,0.778426818481787,0.4744442814360828
0.2839577582698425,1.0562027390689042,0.4528355181653431
0.25259755504564624,0.8385988881171212,0.4369885706672095
0.2505747782198951,0.6521383597145184,0.4786989728949521
0.2536936482480834,0.7240455899115976,0.447077284452816
0.2505558885096654,0.6309808421351971,0.4435149168078146
0.25232501983683664,0.8707973549082554,0.4131516493971752
0.24619565394232001,0.7533803344566274,0.41980611401374057
0.25247580618817556,0.8384368413390232,0.4439268780154949
0.2814501571268783,1.1235699928837637,0.4334035212157971
0.26111165193419367,0.8648200158383845,0.4508346282462016
0.2566758314362482,0.8244799209975708,0.4196624009737961
0.2530547105084123,0.8204550026405003,0.4117224361056971
0.24941002438066165,0.6878129871268509,0.4143094538258944
0.2565325805524769,0.6873050345421775,0.4636873197106053
0.2562737499759463,0.8178528209110927,0.4151114381473084
0.24669712985315784,0.7037549236924646,0.3997769136989151
0.2602190624203224,0.7746137310710446,0.4298780801087638
0.2514971504558735,0.7898137540908314,0.40585536027892055
0.24469647747359197,0.6433126025274878,0.4041262932738339
0.2544826558481806,0.7040350998646496,0.4463206469260282
0.2570713847297973,0.741045156977545,0.4524205102566842
0.2584482510355184,0.8769656923352439,0.4596201279242885
0.256121305256771,0.7031033105232606,0.4087419722713934
0.2547959620218889,0.7260264578659356,0.4567659816298978
0.25837651621973295,0.7447240853694974,0.481767453937026
0.2510981755143231,0.6778698405198021,0.42884281323395096
0.30551089643511015,0.9735543302497692,0.4584684513619661
0.2532644697664178,0.7334489167638604,0.4140400867585346
0.2508175552572569,0.7431411971982314,0.4494802625925508
0.25282961233653034,0.7588806889916954,0.42413308910657066
0.25418443681224534,0.7223399347811862,0.42994818371964144
0.2888960287689704,1.2231713497205041,0.39907008660639703
0.2586297112308481,0.7499013158285887,0.4628154451757023
0.2512369666840026,0.6829050745252079,0.4096181632349573
0.24501854857516572,0.7531611440198066,0.3948997155441541
0.3013128269530318,1.1563249741890933,0.44867775897626705
0.25783079346180093,0.8237912881650048,0.4650012179237819
0.2538861275226097,0.7597043655010023,0.4491446484920631
0.25020348421924415,0.7547575535526994,0.4506543544827597
0.24942091635251656,0.7805137659171977,0.4247273335617943
0.24551098478635772,0.6763510485576328,0.4018406125539248
0.25784988402278786,0.8384218578971582,0.4238700094853866
0.2546509149778565,0.793703238612414,0.4274982882088102
0.2551031088762192,0.8255827242276461,0.4429507261465437
0.25457092910149753,0.7117822463374895,0.44277137635342617
0.2568696236372466,0.7929208691395289,0.4261242229376513
0.25118459040825036,0.8998686854010987,0.4339161550609449
0.2613220849484916,0.6982545685310022,0.4604667200982952
0.264645254033075,0.7241046755196969,0.4694229794466043
0.24906232240570417,0.7518448905277026,0.42284112945528507
0.25620701908327775,0.8123267544902252,0.4570717788143797
0.24738084001536606,0.7369465228461272,0.4228206133451885
0.25426260503591624,0.706182973361517,0.41238875777568496
0.263548513391857,1.0016308836620482,0.4484069020067775
0.2502354850124493,0.8481002249493197,0.4391067008320267
0.2651500441722801,1.012021372679674,0.38379726085101146
0.2649186809295886,1.0378043352285768,0.4617479622715821
0.2610566042904845,0.7503919285723173,0.4772897321294193
0.2503589415453342,0.7493487355989653,0.4281303939024629
0.2550052575726839,0.8213922090931497,0.445213121797843
0.25369980121877633,0.7558236117326733,0.44868436026652997
0.2542679423888165,0.6855900716136862,0.4130318662746632
0.2558174708669938,0.7870899970484041,0.425241766144309
0.25871449112331624,0.9043016895022103,0.4284665376134292
0.27146809571055824,0.8721576227380339,0.4530430096738901
0.2575933431872719,0.8099665519719956,0.44589163968163376
0.27217235167105425,0.9435200377138572,0.4069361389282528
0.25226423038113155,0.7427323381854147,0.4341213898614877
0.25717628062538955,0.6799504506274845,0.4394745681139501
0.25857208344579635,0.7342862099428866,0.4638143433196503
0.2606280680647115,0.7562662434308857,0.4399715556666809
0.24918985507397323,0.8570174304825068,0.4167134984562909
0.2611325735958998,1.036539706056795,0.45018819344260896
0.2539721519786622,0.80492930123843,0.4440578548791983
0.2493763385465693,0.829473338004865,0.4299338497572722
0.2658914247665099,0.8381624896932169,0.4556308053470676
0.2501415151992006,0.7515798189097683,0.40950156448223735
0.24473921560575534,0.7551486261341617,0.4239301886854717
0.2513925903637925,0.7895861402067316,0.4153322788205789
0.25420647480922703,0.7226002947361798,0.4616249225750274
0.2493758750009525,0.8020824884702002,0.3774865882569272
0.25856679211583183,0.7898150179968614,0.4977339915202383
0.255384959114412,0.8185169321914348,0.4289361548260924
0.25193793351860144,0.7536463741966348,0.4352376444236401
0.25579411762835763,0.8788787937335918,0.4110596773261992
0.2571036827848045,0.7213830832111762,0.4295397339432859
0.24654974194080814,0.7909570624427584,0.40489242414326426
0.25289365645666934,0.7340523089153379,0.4209384292797824
0.25369052966691485,0.884459827775798,0.4459745776739416
0.26206620730662805,0.8164683241094894,0.4737868115402153
0.26218859752735363,0.8442325103428978,0.4871280567258132
0.25137287758844207,0.7435153414569495,0.4224920413875526
0.2579906179712576,0.8572506261403064,0.4493264310127279
0.2632074595786221,0.989274383273358,0.44130340163628096
0.26152994546211805,0.7705272271003188,0.4798614523024301
0.25371259524800616,0.7873741120107192,0.4249675414294851
0.2565479604910773,0.8441204622252511,0.4135396993262266
0.26006873673884895,0.8996913673667357,0.4285409032869046
0.25031878754807374,0.8668381493920022,0.3735071852821312
0.24444221292877594,0.7583596265472599,0.37926572402331815
0.251183963081016,0.7804610120585486,0.3849259217339322
0.2849676814921968,1.1742441635127978,0.4690565317445695
0.25513620421464983,0.7115000143513744,0.4556898037307816
0.2658297164352973,0.8872122978984965,0.4368414665834909
0.2524521930578774,0.7198563793979359,0.4136164153729521
0.25973568385465584,0.8706431259064809,0.4196017477312637
0.2585121682414935,0.9150830792727562,0.4190014796031716
0.26033452659845246,0.9067991923923244,0.4314296483587489
0.25493013613177284,0.9492230492313882,0.4463045331861447
0.2596223017147788,0.7433367527796132,0.4651982773821951
0.25864016631213727,0.9172978464756328,0.45914912399202
0.25169632209747306,0.9016361168054264,0.4133302114902419
0.28234794465219637,1.1214981177741392,0.45893019295680204
0.2593410430469207,0.7776421714213337,0.4551654458884422
0.257970414168969,0.7667871456525739,0.4485784779719173
0.2572828457452315,0.8565352592360307,0.4370839234504935
0.24646956677989124,0.7830199963348713,0.413129873033696
0.24752079056202803,0.8195403245968903,0.4123533941686771
0.2519106186568304,0.9628725384116412,0.41508850627089294
0.25593437981819606,0.8572873464427242,0.4405139634764382
0.25786207453975046,0.7855274703226601,0.4622543385022632
0.2509400016461315,0.7634551989326559,0.4016940266492186
0.27285077785746437,1.2688889709654645,0.4310467673414051
0.25786843185885905,0.7760625079437083,0.4457080039874414
0.26916569229984555,1.1768798660883093,0.4060050239175205
0.2549473030994245,0.8695776523191621,0.4090070779032985
0.2549877083023076,0.8366016365087492,0.4359434205020541
0.2597323743413336,1.0338966521122293,0.4409929475071538
0.252853568995249,0.7986944355450304,0.4116046073388249
0.2552042387778972,0.7623104126996842,0.4372339231342439
0.2731479659573989,1.1410296050604092,0.448381286419524
0.25400940151401635,0.7942523982543219,0.43915185279692615
0.26424752139535845,0.9273210178025966,0.4636648428694386
0.25838174884145376,0.7667096714146627,0.4392852588475808
0.26054796075455683,0.7564756140510771,0.4434487158411269
0.2612976639970547,0.8254787449530607,0.4519087136029082
0.254188072970094,0.8076861770850968,0.42309558048241735
0.2568890442950544,0.8492068779170059,0.4319744449086758
0.2606562878011596,0.8342311791733131,0.4479882806133525
0.25847732698651604,0.8809884463841496,0.4379619821318673
0.27089756313689173,1.0166855840618279,0.4475551056841184
0.2538661956167002,0.8012293890618116,0.437630601988533
0.26306954777836955,0.9883105328307288,0.4238493008193865
0.2713815280349796,1.0298149950769904,0.4127631129600994
0.2813853758988817,1.0458656337898289,0.4815789755533464
0.2721185546458094,0.876018504189853,0.4674485676095194
0.2934186061557352,1.2003939145337206,0.44957823550133225
0.25943714566857584,0.8731018308547799,0.4462928107311669
0.26241462329404974,0.8134704020872099,0.4255448894157279
0.26823014049209914,0.9155731246128892,0.43711455041916736
0.2707689059133071,1.001932215046632,0.4713718736575812
0.264032501738986,0.8864933810282905,0.4417309602947123
0.28197802997950605,0.947728188111414,0.4525439991700696
0.26881709996350023,0.8772786581861313,0.4938023606335885
0.26612533554727796,0.7604611334852449,0.4333425310035414
0.27037949029326425,0.8615143171669836,0.4686116245266282
0.3066562769857019,1.343540272831314,0.4806297934712663
0.28677509562911696,1.161275279888748,0.4981268622966498
0.26674767396813176,0.9778376499306156,0.4867121468434078
0.27926231523123074,1.123490135410137,0.4623682442269559
0.2728996967529371,0.9059676565488809,0.4533931595202034
0.27623558929413683,0.8472592780612114,0.514463459583542
0.29966709428045596,1.1942955677837783,0.500088597678511
0.28000015762354785,0.8960518849026876,0.474147489751932
0.288649542416991,0.8395575368631687,0.5690501688119769
0.29385566772193483,1.1772886508738631,0.5243352684724729
0.2944907517188941,1.1765107914012534,0.5315477022507549
0.2921384887253215,1.0144411548292378,0.5324094389610482
0.2954471053749614,1.0185045168681126,0.557479305832103
0.29084440944962753,0.8958083294600289,0.5351083450077393
0.3035230842459994,1.200536904861421,0.5766519400032208
0.30339012799670917,1.0822416962946415,0.5757072663507161
0.30285912801718745,1.1326357609080084,0.5518264640830961
0.2928951390279896,0.8613056293243442,0.525599980715099
0.2849295239831807,0.9097816864292372,0.5856763023109246
0.2813973216667553,0.9919412037407888,0.5878295766585268
0.273952366415843,0.9793809583819898,0.5901443247814812
0.2679626455627617,0.8774355344206026,0.5788638465338644
0.2875111259475682,1.0021878493962542,0.5608092729931771
0.2712457126314893,1.0000221987003324,0.5792311555187798
0.30971956563444564,1.4209637264854198,0.6137693991740649
0.28343710883504614,0.8853501564011981,0.5884270903523803
0.2873805954515249,0.9585783335199648,0.5726612449795739
0.29334372882479115,1.0529751257912652,0.6100023047795579
0.28843593861804356,0.9694464052228992,0.5950658028738836
0.28506524013229906,1.0226091003879658,0.6023601806380507
0.28539619631706936,1.1180403607091969,0.6272544968026527
0.29207302411892455,1.522735227683579,0.6213902038576881
0.28086630213850616,1.4237222380514722,0.5617490376812211
0.29239642215476536,1.3234572647445502,0.637675297050265
0.28589175525952226,1.1821148929671486,0.6721277138847079
0.27929102066339057,1.229132163371743,0.6216861971970331
0.2931565504995948,1.3684860120322029,0.6618656214392448
0.31249665697956525,1.185188432338783,0.7190358266863558
0.29722346642444714,1.0599206193024684,0.6703659909128795
0.3005760236462494,1.1457072547313136,0.7251009515469042
0.29099730951979746,1.1237813690427443,0.6779433056877683
0.2933092157286023,1.2023612715358676,0.700956936705028
0.29851734732730045,1.1774307151861632,0.6422989100935442
0.3172001120645556,1.4144774046066524,0.7144904500397926
0.33311953168819364,1.4852756243171492,0.6664378993525156
0.2973227718347873,1.1704858858936753,0.7168143680816179
0.2969368400175813,1.1190954552024663,0.6922469984886771
0.299414768727182,1.3407155719807553,0.6925729629200947
0.2950037064389667,1.0903681395505729,0.7329109518281273
0.32879073733427255,1.5499122691391332,0.6645415241220318
0.30064459477976974,1.1650419046710996,0.703771709200518
0.3030197830593588,1.1035977782338326,0.6665609127985147
0.311633406536659,1.0995594612527948,0.7181765997805938
0.3326671885961646,1.3805996246629797,0.6547435974688928
0.2997585557925293,1.1012340624729358,0.6629587460938977
0.3465823647034864,1.5668363742446003,0.6994832863487517
0.3000879937615495,1.0644933083847508,0.7183535762460305
0.2909681210910247,1.1747499318857848,0.6765614980009609
0.2969036085955709,1.4769482971493242,0.8974663874228966
0.2857954887061674,1.3370015889897169,1.2186796846535979
0.30436140111023613,1.4993920938586398,0.9094870637495776
0.29882732027126346,1.5780782868524093,1.2866093967516137
0.3063222304005368,1.5654368523864577,1.6361716874040446
0.30186344796390757,1.5816601035667872,1.5579906471600882
0.2989433050380627,1.5486173350826289,1.554419247835891
0.3008029786380795,1.5645010318277002,1.5427608654872542
0.3190317186382324,1.5423338568028417,1.5300840532504705
0.3483006485709867,2.365435915802536,1.4969657519388375
0.3152751410484992,1.5363628047150433,1.4957744826869956
0.3285109021440519,1.5308650042097494,1.5221077627448112
0.32465403217460337,1.44050309207248,1.4849152770866554
0.32842697067879273,1.6009767366619878,1.5032287948799736
0.32668474627412136,1.6086331531136566,1.4978876586819274
0.32386342034289983,1.4975791286151294,1.4902245142762933
0.3251697277780079,1.7237257126383088,1.4641162151266798
0.3318727050077724,1.4528605004541049,1.490243257897456
0.3360161715503756,1.6013087889334157,1.4745249377912844
0.33230574697779175,1.44766166321113,1.4785677579138643
0.33348736148077046,1.6381218901037096,1.496498265888328
0.3248033220726518,1.4786928402095834,1.4753014576889705
0.3332150818671275,1.4500755367879372,1.4778250571247051
0.38301179126334745,2.1411724796894958,1.4997275262616427
0.3381678730434132,1.534351690198516,1.507422289047519
0.34071445015525,1.4663034473834238,1.5370197775040737
0.35728309813235015,1.4866485655328376,1.5021095619240932
0.3612685202341916,1.5845456296094764,1.509470701447838
0.3554004370146312,1.5795198878526164,1.4607393447459849
0.35946705160948456,1.5098093606292118,1.5133302692867894
0.3622566378617064,1.5128470137572294,1.532948705375666
0.3583701798429232,1.5200589967341267,1.5161967880274936
0.39055994692947676,1.8357939323183323,1.5158639523387094
0.37106405217323674,1.6119204365494912,1.5016634267472322
0.3666049988299464,1.5635082152254771,1.502423431272403
0.37214728581355233,1.54543605558202,1.4885943026439674
0.37232097060288116,1.6156237402524027,1.5080679314442895
0.4021345815528946,1.8031276046292437,1.5316583506671229
0.3772668356900531,1.6808628718327498,1.5101208983108887
0.3825404743844856,1.6082851500703248,1.5141370461719077
0.3782242367107381,1.5839241888761932,1.509151258593788
0.37927310807835424,1.575924685939008,1.4910025874499897
0.3904798325131018,1.6199595891173777,1.5400858890465141
0.3981122572792061,1.5318095493239494,1.4850476275333326
0.38845615215832474,1.4739369619244886,1.5176483260144644
0.4130302435894144,1.7356927077911382,1.5219750349279446
0.40157951496262145,1.6704848364118796,1.5311705787204288
0.39130060882539824,1.5033315396525109,1.5381450817315132
0.39826959892170855,1.6161977413270991,1.5295504258186101
0.4045945304679693,1.4811650287921938,1.4977239641015845
0.403186417448783,1.6069472404980096,1.5087241585388051
0.4130413126600206,1.6901079190889894,1.4999491848849411
0.42386229103447604,1.7222123876450213,1.5075790135861822
0.4369073109316278,1.7319550224671003,1.5269398343681704
0.41955509423310205,1.5190294081130304,1.5405120585236074
0.42109123485122824,1.543948312425535,1.5347907079200769
0.44487493165383996,1.7441611775248682,1.52384160145852
0.4261941578178441,1.4490000431632677,1.502918412797046
0.4247899902340162,1.6864320207152392,1.4789065918180575
0.42567972434309387,1.5241503225635598,1.4948353996206143
0.4340171756642438,2.002107822042796,1.4802691389419966
0.4166714070884423,1.4588303696814415,1.5183974801004014
0.4263128591444187,1.5027789372170433,1.431236738208061
0.434046591799417,1.4849352101737199,1.5040669705879692
0.43072316977327946,1.3794361875234795,1.4529640096876673
0.4374238894791921,1.5644087052022826,1.4268239684336308
0.42528835167417367,1.4838063610986447,1.4545812871847985
0.47931971140350493,1.8361523842622915,1.479509424175461
0.4318403169825001,1.5937008470219405,1.428817991458193
0.4512394026340853,1.362551218852446,1.4468309928343177
0.45570056871363124,1.5380738409504502,1.3968211145579297
0.45064760634711093,1.4945269323586237,1.4104930106576037
0.4682879902163911,1.3934726518417853,1.4147555782821557
0.4899345417810619,1.7735372896269022,1.4114861219691957
0.47102298097494744,1.5539751007359115,1.3855848906098194
0.4679515626770535,1.495995570644095,1.412435823285238
0.4845501366972431,1.644745053149965,1.407792421178565
0.47062158994698144,1.545095829377393,1.4291512557420274
0.4756163843385852,1.4358493070513212,1.400481655440496
0.48359329701260134,1.5576421486819416,1.4170282228644364
0.5184477550705338,2.0775278760711897,1.4301289328854891
0.5057217454880729,1.5650343521356709,1.4342382506123794
0.4882949923163723,1.4822990421101727,1.3971206601685249
0.5447225523827048,2.0611632363806534,1.3976882132562525
0.49399611763078527,1.4334967859453664,1.3949600946144154
0.5057676460876345,1.5182567987935192,1.4143656888035017
0.49272323152853525,1.4099563700811308,1.399355663779966
0.5007695649545878,1.466537194772931,1.37689387146611
0.5042108352653191,1.5104793986567508,1.3590682038420114
0.5258962591621885,1.754488714617022,1.3650381197122392
0.50564795249209,1.3878224296691173,1.351779347678611
0.4969904269375868,1.3617565743503153,1.3448482770009205
0.504860935922381,1.4347963374101493,1.3148699481444392
0.5047661159931731,1.3193574230467666,1.3235914395473674
0.5616448670804107,2.2363585974719253,1.3739362136678404
0.5047316777275006,1.4226207159268651,1.303197582438593
0.6132988582537581,2.297309665251852,1.301139789430001
0.5210187604297889,1.4864269942105903,1.3366935662122577
0.5207956516641626,1.498458797719359,1.33583710610248
0.520417213901013,1.4254384833576348,1.3136926578841388
0.5437570320783361,1.5152018448681113,1.2951411777284418
0.5409996501268557,1.5667592032767936,1.3260803125770697
0.5346403918469429,1.4057177432117538,1.2722162292145969
0.5835937108877196,1.7748547621507902,1.274625137228427
0.5643956896024805,1.6543434194248818,1.3044134804903564
0.5474599975647354,1.3465884928420893,1.2791632035635727
0.5432714859773629,1.445692099686257,1.287898150148015
0.5709305731869341,1.6041131519069367,1.2720378775222227
0.5383760704348838,1.4134478748446415,1.3188910335256423
0.5794890963779246,1.8053995914287548,1.281173690839968
0.5477654455947619,1.5020120239224195,1.3039820679525658
0.5682986514703131,1.5886969224730136,1.3052198978097875
0.5776105644977747,1.690434023808943,1.31580359593543
0.5506581915729417,1.380441672012651,1.3187954700255835
0.5689596109120001,1.4345572476703274,1.3092623999252992
0.5705532472035116,1.614376981160355,1.3094792682548524
0.5662978808233169,1.5060217381495449,1.2977108514091495
0.5559333365246187,1.3084675336869038,1.2954191508685688
0.5587452171713584,1.3315338216284354,1.3256977985516305
0.5534428946597469,1.3064440859782485,1.3375589051628385
0.572630037066752,1.4880483708287557,1.3082709455325596
0.5879488413421315,1.8870266052255342,1.2928558004054893
0.5705382656141362,1.4158057771990544,1.2954024154404222
0.5671915106271845,1.3386455990359545,1.298475496971753
0.5657701172741705,1.3256196329965844,1.2977091102751392
0.5794117288635364,1.3850431410118496,1.2921360954713583
0.5745010727412531,1.3433981625865197,1.3091606089975687
0.57492083124058,1.4493818206589102,1.3247648401997123
0.5809087321801519,1.3061132599754652,1.3224512330047036
0.5831222894883615,1.5137293913265517,1.3143085981891138
0.576702761851684,1.3673166753390398,1.3207691333574183
0.5846865378749901,1.487674161580818,1.292970460779319
0.5876340192940466,1.4202087730036348,1.271949754075162
0.5811577353129285,1.3478563020771126,1.3099480871643008
0.5849566937802841,1.3734338279423255,1.2998264263177008
0.5896902691248522,1.3005166699768926,1.29963583490777
0.5815192851386687,1.4310482265235134,1.2802140271399247
0.578613677895433,1.3626670728569328,1.2950086528163394
0.5814037748712118,1.3888004217576153,1.2925746470219606
0.5898306347722747,1.4461064799079393,1.2765036448231837
0.5901672504292887,1.2311965864282677,1.2641911949727371
0.6871231141916746,2.032466000105255,1.290480966786029
0.6281389956367585,1.3474917750634283,1.2448925771198174
0.6823269301933425,1.4973047759202407,1.257510934069124
0.6186811176424781,1.3360924225242192,1.2108963214797033
0.6373909557314087,1.3180904314677404,1.2250010876085224
0.6300819595796991,1.257581518969842,1.2340861041424078
0.6222024452375962,1.1933424674678421,1.2160987048539484
0.6473037368327645,1.502049129739783,1.1981509518142233
0.6299864062309397,1.2915962378978805,1.199177835762821
0.6444333319967107,1.4230245401776824,1.2086555467936768
0.7021904617974735,1.8066921791176036,1.198854708682896
0.6478976309530815,1.2667184836537841,1.1874203910428087
0.6463793580413224,1.2612044653238796,1.1949557996677715
0.6723539578749473,1.450659399678855,1.1995717478569643
0.6461969400035966,1.3071104301896779,1.1982981678616498
0.644440651993612,1.2143492441156185,1.1617975753708345
0.671960420748344,1.3018437579064226,1.1768209533237919
0.7468794048460607,1.6584041709769641,1.1877614917243895
0.6528005323441319,1.272992095862473,1.1756238575578088
0.6461050098673705,1.3731628737481012,1.186447317111858
0.6640753202581187,1.2458898229796425,1.1806347960843415
0.6663392946128848,1.2855949278014531,1.1697869909935907
0.6793863558075098,1.4067925851852083,1.1771875651844317
0.6656234446021574,1.1939364373614094,1.1713593149524857
0.6617140752983947,1.159611922553321,1.1959157632517516
0.677309746670987,1.1683403338458982,1.166559036887268
0.6815236730987193,1.29173134497041,1.1961277695382375
0.6938509424075577,1.4239127043384512,1.1609757349814875
0.667346642640658,1.4504610516103509,1.179826041164305
0.6984289899714561,1.5890740501512193,1.1690101775410129
0.6808075530045647,1.1957533552177677,1.1678180224515815
0.6915141871112246,1.2815780123681308,1.163538248247023
0.6871769523039899,1.2146544713350131,1.1442904457804346
0.6926858416053718,1.2194453879710725,1.1299915293966694
0.6994413987005317,1.4349303118885817,1.1459583291239952
0.7215242590087803,1.3357025364973232,1.1433621267083545
0.6966817561315837,1.240207445163206,1.126632422846837
0.6971350352297182,1.178927688026894,1.1465971824943957
0.710540132201648,1.3358499460092497,1.1434924270693931
0.7018646051300004,1.1598585649407052,1.1116442169433316
0.7110019538499768,1.2414978502135754,1.1266927102117412
0.7212158511413995,1.2132007684416122,1.1360894430546469
0.7119108717751758,1.2573565055653029,1.1327425618299949
0.7119276458805672,1.2340181771254728,1.1371295135943718
0.7132194463055691,1.1760417522682665,1.1463271655884966
0.7118975056511891,1.211265223665206,1.1376033030845776
0.7166240511330222,1.1878463940900787,1.1523131329860987
0.7080947157540476,1.2473033709853676,1.1376208079373809
0.7361875231768613,1.376382873639482,1.1412397443278308
0.7253829979192061,1.1869566543208956,1.1294061276632938
0.7256772443007503,1.1818865497032598,1.1378193372397805
0.7343904928037162,1.2316292868034726,1.1005527917360638
0.7281161659912285,1.1571408945765844,1.1149798884337023
0.7334287119654104,1.311778136994134,1.1123252685942604
0.7672130590885732,1.4734495210148773,1.0887232918894816
0.7471566851683566,1.309123482374679,1.0915327145511602
0.7319154012524999,1.1591254926285584,1.0866746896363044
0.7358905353841056,1.2478962954273622,1.0922192744078196
0.7585759548554718,1.1240942738762474,1.0829402258046894
0.7566001761415302,1.081813751941173,1.1106199248395854
0.7584171530560572,1.1266219480759927,1.0777813127409632
0.7662990188843729,1.2028396753936712,1.1049063302509956
0.7565351027655776,1.1477051112257284,1.0932419396948736
0.7709621798782312,1.3062740426314616,1.0788773200348438
0.8817790970087346,1.911150964930109,1.1052177614388172
0.7745229388193539,1.2076731304370545,1.090633678144138
0.7732548430467654,1.2269174297178385,1.0944807080329813
0.7864547014324696,1.3069695943960045,1.1130591130336898
0.7794870367125969,1.1461638538803112,1.1173535054854082
0.7745366750186757,1.1983369479013668,1.1294193315891778
0.777234623839448,1.2142795555506596,1.1170767478707124
0.771605020160738,1.2389012697262356,1.099882013381798
0.8135609895274356,1.252898331544699,1.1177806700287185
0.7834384385212216,1.1696901322569102,1.1208734813153731
0.7869369030254308,1.2260210327445362,1.0906333816901028
0.7970930213857721,1.216948315856381,1.0998917755116324
0.7922419784292355,1.139126815695215,1.0944995196757097
0.7905911603652562,1.1548275572672848,1.11247410418708
0.8768149029037601,1.5269225354999938,1.1006498509273526
0.7697010959042012,1.210414007457468,1.1061445102359764
0.7867991928652738,1.0726073586471407,1.1000258898913418
0.7946034484376677,1.2609131063719994,1.09442620951717
0.8050261432171795,1.420531147079896,1.1262108031856508
0.820489706429351,1.3575253119462625,1.1160350340443443
0.808670615829126,1.2824607376135233,1.1136236731918396
0.8738772407474741,1.4881542144278097,1.0955547456168055
0.8155924180830079,1.2588879995691933,1.1253423153196267
0.850915630792919,1.4361786171240332,1.105662432319523
0.8429489829566509,1.3825601111989263,1.086239768004465
0.8147507820946045,1.1365369526599831,1.0895102319076926
0.823292780879959,1.3239561840951648,1.074864897335343
0.8255675014786164,1.1415899031823729,1.0895070419393234
0.8245191076530256,1.1284834112794258,1.0889845726153071
0.8233717140168989,1.0953284522749538,1.0666917842621528
0.8277148658180797,1.1943074378536394,1.0825606284729528
0.8338162495588856,1.2676568348080464,1.0876096091922094
0.8233459937052825,1.060235976629088,1.0755405445069144
0.8252887703824001,1.2893018555523101,1.0748428994855828
0.8574582083452178,1.3382429017181088,1.0886995343261794
0.8233538997379658,1.103419986842747,1.0617877016362929
0.8295796455972478,1.0772068030768895,1.0816644178047212
0.8340770880677675,1.0768471077178101,1.052207047156967
0.841921625366476,1.201819132420641,1.067175496051547
0.8483349704928943,1.181376972685671,1.0569610475818385
0.8461837885905577,1.0485934972114712,1.027250505007164
0.8452152269325737,0.9880028246251708,1.0296320974285564
0.8555780026030348,1.2521049854265314,1.01266207176255
0.8453923918391402,1.0713117233403822,0.9903443317056876
0.8457988736941587,1.123070651488436,0.9784562154846204
0.8636612898827574,1.1377039773925577,0.977010987443492
0.8490522321423082,0.959932022788432,0.972759681699282
0.8484957373685097,1.0838380539469628,0.9817243122296804
0.8809599843141358,1.13436302472086,0.989068879256999
0.8531447663962216,0.9501360191708834,0.9861690958296212
0.8495526792931409,1.0476995497755577,0.9820640884184876
0.8669514115661824,1.0747063130402663,0.967954562005382
0.8803017019578347,1.2824989301573868,0.9684221859972321
0.8545256983253016,1.0404507465687964,0.9759051719310464
0.8657470092416399,1.0278034131543237,0.975214431389278
0.8627235680518223,1.175966646060492,0.9715482548561084
0.9073567139514995,1.30294810095766,0.9774965138632368
0.875803253207063,1.0864836600875345,0.964248295724326
0.871222667348552,1.0492493867366846,0.9691680798031004
0.8845078750255805,1.1901133441109162,0.9797322076730882
0.8714152066171421,1.0239434346417864,0.9679409873010376
0.8656435749240683,1.1081145489555342,0.955816481827085
0.9220599880734451,1.343105880870639,0.9895533702533448
0.8865748105641919,1.1259215128753943,0.9830666128188952
0.8928771262568848,1.268008813176824,0.977791791676064
0.8989417996980099,1.1190150752200367,0.9838647303706484
0.8886675131140757,1.0720688846091186,0.9761652023911592
0.887568183373644,1.2189364253199664,0.9777703742031832
0.8865358341038945,1.0578072032146884,0.975131046779761
0.9059599102256811,1.302299380505127,0.9807819563435908
0.8912377562044792,1.1294741506948505,0.9782559639970018
0.9031800101964617,1.4248689550666271,0.9916826350601304
0.9048220295092284,1.2693220303358903,0.9648431686339058
0.9041658575703855,1.1031343282408388,0.946575944310304
0.9162056640791816,1.2074239244292257,0.9397258217033824
0.9055554430632347,1.0864802600175545,0.9335978685271012
0.8947322803061334,1.0114413623900036,0.9394820858478244
0.9000752964195564,1.0089568054467934,0.938679625524543
0.8939922919700882,1.036730487071137,0.9312931556532028
0.9041710834686845,1.2096130167016248,0.9419475828483276
0.9422190812464677,1.3345296463034313,0.9290783326517792
