window_size_1_RMSE,Plain_wAll,Linear_w200
0.17934721154774316,0.27040924430040475,0.4876326390315889
0.1824568273918907,0.2913964603672175,0.5048816806465471
0.17946974814397962,0.2758463622027686,0.4759185022821642
0.1798619931255982,0.2795339027856497,0.4687949767323952
0.18249955232372095,0.28001441374968955,0.5230709579952925
0.17914998014868247,0.28621170707214216,0.4916913802988219
0.18128552051507754,0.2756709851785163,0.5133372235057975
0.18432263063232632,0.2972063260005388,0.4802265341392716
0.18260622602396645,0.2754862571794423,0.4641978962874208
0.18172254320602327,0.27176556431122256,0.5227707971991259
0.1804628158748564,0.2738509943503193,0.4901167896480386
0.18138816060673627,0.301476930630645,0.4792862600048701
0.17931155601539114,0.287731217788796,0.5144271358059376
0.1803923129598497,0.2839691079579583,0.5086087498738883
0.18043869487689976,0.26426384726884083,0.4883500239587365
0.1814354338652077,0.2771081719611909,0.4794152497158792
0.181955111734435,0.3036835417932125,0.4903813251537155
0.18241745574213383,0.2820331644777031,0.4973619598650578
0.18367575510199952,0.33045815999724937,0.482867184866849
0.18615077352356527,0.312770857802053,0.4921405374120264
0.18954206451821784,0.3144782859668669,0.5042266854984826
0.18437648638681722,0.28232700230806185,0.488001043666595
0.1912167178745759,0.3427894188380436,0.5066115251579203
0.190232893376183,0.3037442385040624,0.469775176629956
0.1871933802070822,0.3069271425706463,0.47389703583732395
0.18840362346224773,0.3166320962465501,0.482480151398801
0.18705865698845447,0.29542014756675355,0.497679586911428
0.18940569285894046,0.2860329805069277,0.5153525584125159
0.1894953823291377,0.3073587099339091,0.5400032707850332
0.18536665334462937,0.2693565398113782,0.5025827145861271
0.18627642512688003,0.30380478849973663,0.4957867262147119
0.18941788948593044,0.3123964370656174,0.4927881660337294
0.18743918932209935,0.29496765822765225,0.4911438384746735
0.18700751262678694,0.2927816358912299,0.4970024603400108
0.18837905569443095,0.2997740559501155,0.5080837199736984
0.1884792346426819,0.3207665481009461,0.5375805129000562
0.18621191328454173,0.2908717039198148,0.4852819101179454
0.18665889001258867,0.2930937555088217,0.5077911557267456
0.18841460229156062,0.3195852458054882,0.5032088919348038
0.18872721486072624,0.3017416801937749,0.5011367783411328
0.18997747460317627,0.34327366338049464,0.5049979642340502
0.18744813026758217,0.2880771634430705,0.5039714485450633
0.18670980684544033,0.28249288124780103,0.482949782750666
0.18784985647513316,0.3031904256469488,0.5136395948654988
0.18631502653779278,0.30619159837023224,0.4770881444602574
0.18656684729030293,0.3091764730460332,0.4710360273765968
0.1888106325073641,0.3197663760916709,0.5047879619943871
0.18668160096944458,0.3106337112895694,0.5154864230099301
0.19140014677546383,0.2989521679268265,0.4975204628652384
0.18835481641211374,0.3137352599634425,0.5059263085899307
0.18555661721293099,0.32143446807622184,0.4965366982253525
0.18653249915444214,0.321760966025682,0.4774237768243823
0.1892337707375596,0.321316590968743,0.503692766344641
0.18892980934523768,0.316396724255736,0.4877887329642794
0.18810875987278172,0.3097567800212765,0.4808928899947439
0.18630823254456608,0.3307706300884326,0.4760708388047293
0.19174240108177146,0.3868307168180706,0.4987051903451912
0.18567954318384083,0.2982579023968108,0.4949592041823457
0.18761002868021304,0.32318889209630425,0.5133745107552505
0.1914754397770522,0.3175727522846608,0.5206860936024975
0.18673888608313682,0.31904325407730105,0.5044013916037108
0.1888801962091549,0.3076178153932308,0.5169701523484759
0.18129362150596925,0.3176638639598461,0.4695923423236698
0.18586911377267104,0.3488823542675757,0.4873524499633157
0.18699398458868022,0.3084690428555543,0.4926240676306905
0.18717950006049747,0.3419018378704844,0.4783161699753119
0.1897913995487854,0.3141187677183685,0.4957756671106383
0.18881153117571686,0.2959106150853587,0.4993105511681927
0.18527739730762272,0.3183146041467457,0.5049272002152992
0.1909413791365769,0.3063369327199018,0.5246861100960039
0.18603235205954102,0.34386365515537665,0.4769506816807289
0.18789118190138612,0.3194933629787641,0.5223665127067927
0.18595202451818352,0.29994319304803296,0.4960550156404835
0.18737727218080216,0.3213827814228287,0.5099744907207827
0.192267138663098,0.3292107946575555,0.5209908822814612
0.18994105612181278,0.31609159571660184,0.5022889296011788
0.18627117389990175,0.3953545645852571,0.5138234701005832
0.19029333655618116,0.30593654020254546,0.5109504426470397
0.18252846610296278,0.30019491206250665,0.5050657223404789
0.18679482397532954,0.3156802492900596,0.490920211110198
0.19284290110985253,0.3809559584282705,0.5043526112612121
0.18798259739292056,0.3181508066905829,0.496235222505444
0.18719654011982734,0.3032031538735958,0.4928301238126427
0.18741168450677592,0.3192271572991977,0.4965650862917166
0.1837742047068567,0.3138739208146677,0.5042102993486471
0.19004625586451104,0.3377086646853011,0.4673637188271706
0.19129388436490927,0.3431452957911877,0.5168833046755821
0.190172885075801,0.31055096377833324,0.5200928706002736
0.19317550764076075,0.3191723946501166,0.5416693655337719
0.1898496543496797,0.31286145239757635,0.4777764605831887
0.1931136962982412,0.37284996297691736,0.4855595827935428
0.18764846434804425,0.3215589288389517,0.4970100511230322
0.19047884774025728,0.31352206122279475,0.5072748431109652
0.18900170383609738,0.341944344933426,0.4828244674545533
0.18976527731028983,0.31080610092282496,0.5150435815454874
0.18983355553760642,0.3106741302371738,0.4841911655914652
0.18499533618343322,0.29546538405347084,0.48598858888766205
0.18732338052916542,0.314408068031878,0.4795569080008569
0.19193196992930184,0.3195950347432115,0.5023474334074948
0.19258278660330677,0.3230314535068892,0.5301945458399804
0.19190743433569687,0.3461422284047549,0.5017216233308418
0.19060191317688027,0.31021921010848946,0.5177579638954124
0.19208307957525547,0.3377740418003575,0.5128216815397253
0.18915768212783304,0.34431213390726434,0.4740155982536781
0.1956745551940623,0.3155811564790259,0.5166409887754686
0.19321316078438472,0.3528373964005638,0.500485392547895
0.19355708508550123,0.3372943034590239,0.47827868535045
0.19367301064751594,0.3488477892351965,0.5163462147870821
0.19327225779783444,0.32853580111575875,0.5102656257041057
0.19024172307800463,0.33130872092301866,0.4919053617758559
0.18875557288178055,0.3356038158698818,0.4862798975040396
0.1892281297581285,0.2903029046509938,0.4867373632901526
0.18757820008813936,0.3657292612192112,0.4941941456229882
0.19005146441477788,0.34322004263424616,0.4940996208443804
0.18828442192900424,0.3378632537313947,0.4773116862271617
0.19010655452577538,0.3683660129683048,0.4898092416655485
0.18763755535309928,0.3024605851379953,0.4917592579184379
0.18855989896866376,0.32561857756142226,0.4921826084734332
0.18894218426196174,0.3445156507798716,0.4898086116485105
0.1869474614247586,0.3288759149116144,0.5122764456528597
0.1946301786258661,0.3443082212477904,0.47627436507760396
0.18873254519856725,0.345789055201435,0.4732655823296233
0.19202398118327565,0.34451207179637,0.4866014211497218
0.1902056308211153,0.3646784227959806,0.5135119579195923
0.19551956094841252,0.3190188146370732,0.5029249784928137
0.18914835916911785,0.4018731888200622,0.4944923330070372
0.19024957537599113,0.3470110018626184,0.4889714172836376
0.19279336459977628,0.3341072965914523,0.5060442902113572
0.19355917915788468,0.3797111782115956,0.4991633225734654
0.1900329936183741,0.32163992128158697,0.5041469104273953
0.18917640352573403,0.3164939303278869,0.4838325791966546
0.1915376061859497,0.3391287800064831,0.5079247339798085
0.19269675671468747,0.3341475767786313,0.4933859474625072
0.1907381424178581,0.35323045371492,0.4877722718736463
0.19022651910825247,0.4242067063323784,0.4897099062553645
0.19132588202191214,0.33573070975836444,0.4913348872295205
0.19309701544994787,0.3872835363276744,0.4914092152008421
0.19468424719451277,0.36825192356157305,0.5036737590709011
0.19206032002342505,0.3572841340566397,0.4778550216612529
0.20074478097368662,0.40531929364930586,0.5153071563554238
0.1925378409945096,0.3700993934946601,0.4824077077198983
0.19211531569165585,0.33456332351004364,0.5081924408897512
0.19396194660784644,0.3550503206886062,0.4798973715126187
0.18656892466103353,0.3599246996453945,0.4819938308122353
0.19786824499729894,0.3838014552228475,0.5005254413187267
0.19642423763654068,0.3763191056273735,0.5076871472992337
0.18948815388916976,0.3339603832262339,0.4938608484945845
0.19199760162054325,0.33499657574843344,0.4667511035537621
0.1955929881186674,0.3865596964150621,0.5110999202275841
0.19257886154065104,0.3260846516205768,0.4910147828827138
0.19307884687704585,0.38589364510301416,0.4697642345729866
0.19404941120452826,0.3275753071904782,0.4999291819786613
0.19848203804041517,0.3771828051988518,0.5053709144697742
0.1924216022022641,0.3651787007002544,0.5096562414282143
0.19539748590521067,0.38187294211119577,0.4781488247428442
0.19565949905316504,0.33880579127927496,0.52223056530764
0.19851827199476652,0.3528052393625252,0.4984579101002283
0.19307359811854066,0.34260614994053834,0.4865148877635815
0.19065933647688915,0.3248116170301679,0.4872006157229721
0.19900998131345257,0.3671244147297708,0.4903631436400058
0.1924159896287373,0.3837853939625667,0.4809612565539946
0.19071537875266104,0.3742835189854745,0.4721370229425036
0.1924134623955293,0.3313458795974117,0.4958008715319629
0.19735496110790904,0.3371034581735598,0.4879548372897217
0.19479027564232712,0.3312389034342006,0.4725538500165014
0.20772527519980752,0.4143841089983553,0.5219433689561783
0.19403559421997094,0.3595713292805099,0.4652570638224349
0.1954129571131334,0.3646953223198505,0.4808082234012056
0.19347342106842838,0.38209542420954107,0.4878562829046861
0.197315680483621,0.4573679329787234,0.4960280876911733
0.19659760234461893,0.3504184516012364,0.5028491581752941
0.19645475664506598,0.360180220956325,0.521473392205614
0.19679828742990885,0.3534925647965324,0.5136155278807096
0.19750575598671058,0.3659499310459931,0.4791430775460304
0.19770613402929385,0.3674047195135231,0.492606653115989
0.20178015686998982,0.396632606422564,0.4798612102769553
0.19603357301487384,0.3557106008858129,0.4865177479303421
0.19222575020922314,0.36823823536772,0.4800695714354785
0.19672563394718975,0.3460755206511044,0.5103278629008379
0.19447970971110629,0.375722674783595,0.4958219984429801
0.19562488930306648,0.3306754329910116,0.4823417970556138
0.20346435100667754,0.4028778538100184,0.5093725675240779
0.19957702719871592,0.35286978242858064,0.5168319533897312
0.20057943832550337,0.3476500217231174,0.5093665694762549
0.20009580129545534,0.42364231236034205,0.5040258115872949
0.19938177764053683,0.3488414036268929,0.5040904339133987
0.1954573227258148,0.3646354764701024,0.4578381165927842
0.19610158054329482,0.3659124446269792,0.5187725067846748
0.19603436608938224,0.3772082460035831,0.4703465663373928
0.19683823543030832,0.35450778591112303,0.4668308461499908
0.1961130961697311,0.34983783813793606,0.4850513575427683
0.19645949262700335,0.34678219209612393,0.5125908172440872
0.1929099859226136,0.3997389015216526,0.5102673480553076
0.195323199637084,0.4052265463654575,0.47321507007920005
0.2004277948759046,0.3805228726335349,0.5138732631087213
0.19743044747065405,0.3641537983754199,0.4687012296074594
0.20810971294177993,0.4276916616814247,0.5065728536701458
0.19876153523783274,0.3813467054009829,0.4937300194909796
0.2005055799325389,0.3635372012221548,0.486017974376505
0.19696832371645465,0.3835103866028568,0.4757651389860764
0.1992181414583627,0.3341160955449952,0.5052483966198351
0.19879195878416553,0.3402882847735523,0.5052003900420022
0.1985931121612878,0.3500592607189443,0.4839904212605676
0.20287972748675184,0.3879614913383485,0.4954042520977234
0.20109518594953094,0.34704572390014543,0.4845928454572826
0.1994185125315169,0.3724354435202048,0.468992218246631
0.1986381559800055,0.3743924898199996,0.5002642537305839
0.19780309915481317,0.37441636094457,0.49413766986819296
0.20235276351864873,0.3767653302768467,0.4715523356943278
0.20067926480561227,0.3824766641373996,0.4891836158194484
0.21075548270543576,0.4898630978891583,0.5034540237373211
0.20486983188826116,0.3720013180548398,0.5136157235113061
0.20326431697021505,0.3678230057294451,0.5133460875053688
0.20129062090533018,0.3683665470339298,0.5027228191853792
0.1974691799805996,0.4084225962353408,0.5016919342319016
0.20196881247126292,0.3730677390319437,0.5133139662635312
0.19489836269320945,0.3655097098264746,0.4925669446192643
0.19887209991923022,0.41135666893646494,0.4885971956877917
0.2039621309685348,0.3921132898802439,0.5371523946536797
0.19343273652995382,0.37162798712559614,0.4627948759941162
0.19211887185439985,0.3632813853723391,0.4855762520274836
0.19841593465119775,0.3954163952951973,0.5044938092187421
0.19762154062387688,0.3567478904780147,0.4881279459833488
0.20204506467700475,0.4338037962645979,0.4951042006953997
0.20040366950086913,0.3598473313177864,0.5021197893586831
0.20027448361261413,0.3732919693054864,0.4848082008430732
0.20443481443436995,0.3614250673190891,0.5057833230191817
0.20147723837097023,0.3673636540681202,0.4978194335233319
0.19811362765345145,0.35315908962940434,0.4900598410814304
0.20171168408119233,0.3939212503477146,0.4962697364895478
0.19881955262670892,0.33539673928645064,0.5001604148277153
0.19908964583375727,0.3871464315675885,0.4884441215045761
0.20311179994736647,0.40605840078113536,0.4910589870313066
0.19886293992038545,0.37600477091568413,0.4979184353439474
0.2029567112197207,0.36033412059967,0.5113000882443574
0.20438350156648602,0.3726898921302199,0.5182171573985319
0.1938993802577748,0.3933485288828792,0.4980906795249192
0.20312104143032828,0.38099147953751256,0.50547659252364
0.19823225126395505,0.3420008173610408,0.518063630906264
0.2000019453531306,0.3946003207779505,0.5093272040455846
0.19901400418494647,0.3492735367695605,0.49685167876971403
0.19999099767359838,0.3612669056888732,0.4847200446638954
0.201039197756918,0.34400766503450586,0.4776110250639865
0.19866958830871448,0.3817509885788112,0.4889194385990732
0.1984225429832122,0.3774688145602528,0.4679473381382423
0.20085484922086885,0.4001593956773999,0.4890066492312069
0.20389095003627467,0.36267651614667373,0.4996451475628914
0.21120233152917106,0.4553767193841266,0.5288778605370261
0.20269860387161998,0.3661953164443512,0.5101295268677436
0.1994751760752326,0.4026186700100744,0.4883216615374125
0.20431996828039017,0.4145082185277759,0.4985976505551804
0.20037905111672663,0.3819977026094557,0.4890468624510298
0.20324872274195976,0.44941275064289227,0.520490686037373
0.20009190535610927,0.38285504315521857,0.4867851069390376
0.198694626078032,0.3959398168369917,0.4796840319011523
0.20262274034566147,0.3899603390217043,0.4824030484640036
0.19520015049198108,0.3679562698065272,0.48188991860013397
0.20005810154878276,0.3856232005987515,0.4986474677322164
0.2007642798188826,0.4004617531696898,0.4893744166682176
0.19898328256271186,0.3826350891316848,0.4742808952145938
0.2079767435656782,0.44126760800430576,0.4656486641114628
0.20506574704785444,0.35436693127031405,0.4847020739115386
0.19780203191379506,0.3680834475283693,0.4965150838725978
0.2004385482076394,0.3775259992457651,0.4815561547029618
0.19839844174740762,0.36621511314069866,0.4809445964051152
0.2054245033371293,0.3870461064803672,0.5353593117785752
0.20617485225039167,0.3979889688772311,0.4887498243837809
0.20023930646791593,0.3473713046511435,0.4873255773580235
0.19925938265685972,0.42455826669908736,0.4929793677972069
0.19962734553533834,0.3684143515371232,0.4914552102282305
0.19734606852308897,0.3871548223216565,0.4838933003245566
0.20436124019489355,0.3731658593018494,0.5062686263418784
0.2020489212548435,0.4196459563401422,0.4924139299479602
0.2058095451109731,0.39745544346693307,0.5236884856434106
0.21447064129644589,0.5513063070972657,0.4880360155164672
0.19727548363773414,0.3560299042708919,0.4907182232339618
0.20796839470634856,0.4023832391006106,0.4785225301729336
0.20416925612725786,0.4842541290403328,0.504135221230134
0.20273089534742403,0.4030922819508039,0.4823275214754447
0.20681904414343627,0.37720865944398896,0.5021330537800268
0.20118504253671854,0.4143081210605937,0.5059551999235252
0.20488857971561739,0.3887437670957036,0.4904289239566929
0.2056867749729001,0.3824022850933949,0.5065306778474651
0.21198192363922744,0.489083465341744,0.4783715675922086
0.20187906914914744,0.3853402796111321,0.4991432950077918
0.20278297129038225,0.3869693710228443,0.4900822817400989
0.2004851418710089,0.3972998259188452,0.4996317382789476
0.2018578299666847,0.3924080564996413,0.4960209304080895
0.2031012360081166,0.3936138291181143,0.4685054297339685
0.20415232359153332,0.3801122323139157,0.5018540631299482
0.21872612970771918,0.485190911863866,0.4950045161791472
0.20641564439033316,0.4529654154538232,0.5024002790692186
0.20209311991699364,0.4215538099395049,0.470982821219593
0.19951746816415256,0.4330688835649209,0.4892004110440084
0.2004898830814806,0.4010964105768949,0.4951741929072645
0.20020982900984827,0.4116577213552698,0.4846519216465808
0.222909858061454,0.4990790851560933,0.4895225737715579
0.20999510754924586,0.4915049743980512,0.4897869071298001
0.20480821853230638,0.3823762777032349,0.5097080277991102
0.20817747231808717,0.4004482268187569,0.5176071799656128
0.2016100671527564,0.3910956013520312,0.4794889221728066
0.2027778839744866,0.39618966401493017,0.5061317294173993
0.20488000921439373,0.41140638825223136,0.4772539312503049
0.20692637370304837,0.4472518798727044,0.5018254180865585
0.2029512245817681,0.4294869235484735,0.4796315978181326
0.19985796277224485,0.3979143589549923,0.4917639369395745
0.20080027126213817,0.42485850782939655,0.4736216546017158
0.20867527920993523,0.4021284628763538,0.4947858926823648
0.2100947680837848,0.4536656262904085,0.4824238772638286
0.20140614123889286,0.4572306520021731,0.5078484159809801
0.20918743137434645,0.3944244780701735,0.516824894451879
0.20506623042711403,0.4837208224517518,0.5008613010187289
0.2025780768565876,0.4252010761956439,0.4767047458920706
0.20375298083586912,0.4004450048778305,0.5017708232959976
0.20278070738167997,0.3842164473669929,0.4834964830462817
0.2014154988706137,0.3999457560642937,0.4764352651855879
0.20707405774211782,0.4760244536739037,0.4845540552169523
0.19960526809068305,0.5016149326786471,0.4552684488991518
0.21223488468582374,0.4118000548685978,0.5231910000306186
0.20552972476487028,0.3948192575910077,0.5012042517485605
0.2031891682769345,0.4171761347012334,0.5015872234172878
0.20843069421357113,0.3978558312328784,0.5048830316127814
0.2040655877985774,0.4664347836129353,0.491298056948281
0.20707754474649356,0.42219118096833136,0.4978738977142772
0.19875926054530255,0.35234497444556273,0.4978645827016939
0.20793349688072474,0.4202258335817253,0.5082726920071983
0.2087379333561239,0.4763677687516909,0.4762462700354385
0.20331474584471249,0.3838312257442139,0.518880533385104
0.2082699666311771,0.41002918402169297,0.5000875812207068
0.21260286823382274,0.5296010823828299,0.5064507798286673
0.20264646953295368,0.4496290597864208,0.4853622368234654
0.20749841611708006,0.38705730689314827,0.5106973733214375
0.20371025886285601,0.38508071429906604,0.5009881596594589
0.20620060476016808,0.4400571293399602,0.4895241398952582
0.20205165261427566,0.38799599573021104,0.5034242397038295
0.20591352432331322,0.5019054574461502,0.4998628140965779
0.20150826477575456,0.3853366772651413,0.4950576888970344
0.2184487157187926,0.5055536198260121,0.5107087783446477
0.20455095353518907,0.4351576831961089,0.4930740526711018
0.20817146914465487,0.42401416471035935,0.4829039494104274
0.20869211504862042,0.4807612695750058,0.5015104719215383
0.20803878917993118,0.4593419582126305,0.4980378103472175
0.20337308384539476,0.3686889971814205,0.4943130436425982
0.20851550322502724,0.38360273760516334,0.5081388248947257
0.2058340495495021,0.42165744199116056,0.5304220353058662
0.2069538969841036,0.3841204687410253,0.49190176743973096
0.20740413052389506,0.4254389069717979,0.4873847896326381
0.20712152857361338,0.4301598088160288,0.5030730644358132
0.20606877981507182,0.4304367800767471,0.4994966637095209
0.2086638360212687,0.4756475854493623,0.5245041813935639
0.21014148297774043,0.4303956010056066,0.5117188315885831
0.20759757575273935,0.4306328685923841,0.486253010194513
0.20658837358428567,0.4221432965725326,0.5065949133990061
0.20747943958678935,0.4314950663887756,0.5100516424925711
0.20911073014430095,0.4388109448862956,0.5069185445280439
0.20710223090610305,0.4610484546924982,0.5071637721401064
0.20164658077824957,0.4349786297554491,0.4748944467436552
0.20385735539639158,0.40181340313736535,0.4886883998911029
0.20275179671222168,0.4226039648258976,0.4743119717828527
0.20678103092411548,0.4707071604600906,0.4924911201482925
0.21098269421427346,0.4159311899305228,0.5205349754723461
0.20514689167781683,0.4874565831962674,0.4900879952345933
0.2050610439245087,0.435978793132844,0.4781950138156648
0.2071230779730466,0.5058785892136332,0.5026737017076794
0.20790098082762754,0.4685191096425161,0.5076947608583685
0.21240294853411476,0.4145205089978294,0.4996869031711562
0.20716691023571784,0.4309030178769157,0.4912857355385513
0.21055639903011716,0.451771730221272,0.4694403017619663
0.2120547219893829,0.4302027401631319,0.5067720289320675
0.21181698999752652,0.40030598892978897,0.5249124647076927
0.20826305601197936,0.4440316481760295,0.5169295472120448
0.20517259539145968,0.4030277408709636,0.4743011338073513
0.20717432028283297,0.4089468131781852,0.49374515466408603
0.20866753340442962,0.4234418522724772,0.5028327089825931
0.2139843164797905,0.42262554595803903,0.5285734478590599
0.21025399466349182,0.4476021949479742,0.4747867676100973
0.21167082667746043,0.41574663086212543,0.4900886811533261
0.21050026204114572,0.4154135879750492,0.4910061956392316
0.20518043568881394,0.40060487240948817,0.4879510291935464
0.20946370010070908,0.4263897756046653,0.498300630360317
0.2121849474895276,0.4215107037773197,0.4677814221374746
0.20916592106228055,0.4068540617981893,0.4709027588336706
0.2095857211538746,0.5280043688854699,0.478957379414509
0.20519896823780623,0.4201270532165759,0.514185796440306
0.2091566273819984,0.4251974420923571,0.4959885717028623
0.21357505975141042,0.4359767223450449,0.5078394822232998
0.20637042951131016,0.5589463069961375,0.4644290081804033
0.2112837039221514,0.4700099006267717,0.513060712009342
0.20562522036974493,0.4219080890584185,0.4592067456679684
0.2140972668935137,0.4445597703610725,0.5085565153922921
0.2122392524419282,0.4011676294604936,0.5016602404356673
0.20696285636022382,0.4886474039102602,0.4955778670460574
0.21095926416357544,0.4490133812890273,0.5041919127188573
0.20785529467394906,0.4240708576049412,0.4833470745869647
0.20645689127752842,0.4547250945792458,0.5032695506819369
0.20841118041067358,0.442204861885738,0.5089611815989344
0.20754279788666607,0.4367652386423292,0.4987574703334829
0.20747266958114224,0.4052199656219024,0.5130439976624112
0.2087248350756498,0.4194588149217367,0.5171579821854005
0.20777300366465654,0.4748569380206731,0.5301791386941163
0.2049871608333396,0.4814044637357896,0.4889460429046815
0.21079397346836237,0.4563828966121548,0.4852907567500671
0.20381003004192663,0.3905560147536221,0.4910345555184009
0.20966178513595196,0.4781063954382788,0.5020479735387897
0.20702447799997706,0.4344298512130937,0.47747516029426396
0.20666767849303555,0.4213706733283628,0.4855462614038305
0.2134744382978865,0.4467427913997983,0.4939647105224737
0.20969806572862779,0.4064624804223591,0.5340551909135786
0.20877301391418615,0.4628299027647103,0.4917937945767326
0.21202162932122842,0.4461574739570415,0.5000536970303561
0.2103018113898361,0.5262765317780425,0.4696723780392029
0.21122231138639713,0.4438818409709782,0.479708600232458
0.20806877567729282,0.4579459750283221,0.5023466955556278
0.21190684589117384,0.4507585447997892,0.50897766150111
0.2099823063876412,0.4602221821375991,0.4632052318996708
0.20944011608456242,0.4860655607763444,0.4989134733018742
0.21774679321051826,0.5035533454709659,0.5184389327176124
0.21415082848415992,0.4133958140479087,0.5264741357396788
0.20938845021113892,0.41346491059837226,0.5129888201120778
0.21785303211099702,0.5389123304919579,0.4860683864628137
0.2157800018794628,0.4975979320996864,0.498611331848397
0.21144373401532832,0.515091792474831,0.4871018989217049
0.215115654292637,0.4504555198833752,0.5128618295716891
0.21147656275264837,0.4354160719342064,0.4978281579409548
0.2125706862473099,0.4059877052322806,0.4966541902610486
0.2061448955065315,0.4311078810256751,0.4768825101856979
0.2053331008377963,0.47643073542478204,0.4933517513703887
0.20955316246983585,0.44930079608512696,0.4703294571632785
0.22566759201278025,0.6144427474749495,0.4970391717467986
0.22202381605175425,0.471935375255665,0.5025682746925876
0.2119053856024243,0.4510945430619485,0.494178152835201
0.2142082718719028,0.4603855724670741,0.4793889985091703
0.21273175225257687,0.4909517443203085,0.5008195417445251
0.21369393417910382,0.43468356526743857,0.5046616203138474
0.2138236388048785,0.43332905411907374,0.485270139029631
0.21435584464590612,0.5120917313023666,0.4900694311748255
0.2108847107790025,0.4774493149519284,0.5053628744107483
0.2096926456343289,0.4341289342791623,0.5173401087924251
0.21518750102060835,0.4644676488987488,0.5091801563636049
0.22211466462396806,0.5068659061578901,0.4742749517643627
0.20835449093182715,0.5086178856771082,0.4837300950213552
0.21271478921495998,0.4520346418094969,0.4848816633033685
0.21264708881730468,0.4483892060090032,0.4926509011679713
0.21411961172502436,0.4941069424324472,0.4697965624102492
0.21102338998997325,0.4429203318845276,0.4897003550122606
0.21403995497071818,0.4615002321030744,0.4890468991084502
0.21197953631550015,0.4621674330234018,0.479068780879081
0.20658487933679553,0.4633359831887699,0.5106689358124094
0.21232817325034406,0.4436006991843473,0.5041197201297141
0.2094602303158127,0.4832790646488275,0.4957550610747969
0.21796388699960162,0.4832483388447685,0.505001401371332
0.2155055169687796,0.5078045705815065,0.4838504384543992
0.21368909334038158,0.4437310023431705,0.495662912989358
0.21652726225455443,0.5806814965064602,0.4888450364048521
0.2130296913264397,0.4868594803851718,0.4789920736550621
0.21691533182186531,0.4680396920986498,0.4834103098140226
0.21283982267177948,0.47867201478843896,0.4880993319676078
0.21678224665178633,0.5087587748062485,0.47363766198712
0.21617487857736065,0.4693681132940182,0.4819332308830391
0.21986706528689595,0.5225501722049756,0.4643461890760833
0.21796330857036586,0.4601760603737909,0.4967267290109875
0.21567272832778642,0.5657735683189465,0.5063027618557594
0.21627374142532307,0.4849163269319389,0.5090554761900541
0.20902599947993483,0.5479743718982831,0.4978390357772999
0.20945298263716927,0.4712458429897506,0.4798992917710838
0.2135087264069511,0.4980896457102712,0.5074624654208554
0.22190990328383808,0.5511363896430914,0.5036783063541802
0.20920560325034734,0.4458532158233645,0.4689671448743282
0.21371387394424674,0.486214624462916,0.4977403720651161
0.21651668178829722,0.5048440145903456,0.5072695493712017
0.22281284357919673,0.4158281122733472,0.5323894292515867
0.21745002492386406,0.4656293429722478,0.511107072513846
0.22297208599355925,0.5283392251648604,0.5197433816186444
0.2133015761127134,0.5458207897637821,0.4821499483351874
0.21553610452324048,0.5316774653188633,0.5002622827265429
0.21130894399451644,0.4597708002684342,0.4849088902301581
0.21952776445030017,0.4546845026617778,0.4999572874450089
0.23583934303075543,0.6653935115735767,0.4812961074156804
0.21402243502907026,0.4884863013712996,0.4749563945935466
0.2148795792272058,0.4391392771119476,0.4910209845492179
0.21290974002709942,0.4260834700390076,0.4896265432077347
0.2131558374514141,0.4758910079222015,0.4763570175175099
0.21167975829762292,0.4641906681364034,0.4900144741781054
0.21662106161730077,0.4595451901215054,0.5085097696227033
0.2148336801861668,0.4348330600796736,0.4955267019563954
0.2203453010085969,0.4748562089948493,0.5187528578979405
0.22005636740886167,0.54699859643895,0.4877784108045185
0.21350201425365328,0.47206543656063,0.4884482888674889
0.2146109539573067,0.493458236700726,0.4633208112288954
0.21497871411033104,0.4878399073010942,0.4921000339849638
0.2193994262165174,0.4956287446440538,0.5142822881079805
0.21358902724786952,0.4270728459142484,0.4974615907819031
0.22095739330892386,0.4623436888768133,0.5299346194010505
0.2239235844146755,0.6601406050249606,0.4672022399420213
0.2233947841508894,0.4523965499111208,0.5117531406232999
0.21970001864264938,0.6005212301480332,0.4716540781850429
0.21345262854205324,0.4583037378430999,0.5018165223014658
0.2199791737526985,0.4771855608558622,0.5062584741474909
0.20890987439108316,0.4804279439704082,0.4892042962742536
0.2277894153836536,0.5293039232507545,0.5096309188563144
0.21539804729617365,0.5056734084248319,0.4760251530974805
0.21947981287094556,0.5183615771345358,0.4905668953155789
0.21257841564867463,0.4753775525101343,0.4644483058457419
0.2179161795544296,0.5230898686974539,0.4934568623557205
0.21599099232614385,0.5075871201335146,0.5211766548399182
0.2178088463225462,0.5153349431205786,0.5156563184390116
0.21271385634876772,0.507431904983306,0.4894773838725674
0.22047971970453567,0.4784338517897101,0.5001272498163999
0.22374162820017296,0.5559751096575015,0.4789214539722943
0.2196875376722839,0.4764139596588042,0.4984638992686304
0.22145185689923214,0.4718327759301152,0.5020194940726015
0.21521447362039084,0.494327636760267,0.4972341189025528
0.2100581224479037,0.4694192738798434,0.4726999594822944
0.2191609229031193,0.5054579718358763,0.5158139625589662
0.21888494447969747,0.5321994367834149,0.4810948751107623
0.22020106448058335,0.5473345151507046,0.4848203212279126
0.21476505545072555,0.4956053447965049,0.5156485381742675
0.2148173107680512,0.4965535485125536,0.4876056708769434
0.21267144825752435,0.4552302015748045,0.4833611672838109
0.21887222275247908,0.4619321788480527,0.5022345664480439
0.21350711309039927,0.47061728992228596,0.4870734583564033
0.21679706594345607,0.463224095899668,0.513076009749214
0.21456373173984314,0.5298599796728414,0.4569872455304813
0.21597204617052704,0.4797336090305245,0.5106151711719288
0.21339677459888268,0.4599896733948538,0.4716965494990816
0.22562106982586158,0.6617414987709596,0.5111897733340882
0.2217012395761376,0.5048116473973893,0.5001058440846244
0.21441359587643227,0.4763806603782082,0.5023467111894555
0.21908623405235603,0.5161217358893557,0.4737517494949229
0.21687069860354113,0.6173158316796813,0.4851862852098956
0.21433095890958662,0.5426619378047455,0.4964423377008329
0.2163905808375772,0.5572967669692865,0.4781995736463747
0.22208100842459327,0.5323619917528949,0.5181686881983337
0.22154208194114852,0.5020785334442531,0.5202480011971534
0.21958012398834248,0.5517811640375164,0.4771205087183734
0.212749850328578,0.4674378366921406,0.4826101546499391
0.2220324972751424,0.5207049583249029,0.5135421153412018
0.21914131727838743,0.4978400530502299,0.5077289077489642
0.21885106275237987,0.5067747897842748,0.4826250581103521
0.22133170547352665,0.5956336141939975,0.5017176287133643
0.21778914863618457,0.4709461806954622,0.4902956566253756
0.2197044670807237,0.500270009308308,0.4941945701734259
0.22797531254589917,0.625919896222566,0.4877635080400467
0.21654540362657124,0.5171298952898995,0.4961041625817795
0.21937996642388435,0.508049503211959,0.48895471984631206
0.22055913110650402,0.4783331112102278,0.4930275738164326
0.2179312887087994,0.5612160796545403,0.5105347100536132
0.22026002126000732,0.490700663525564,0.4838385869807766
0.21395066981211575,0.5300692102508556,0.4783643327183227
0.21690609822810408,0.5285206773863884,0.4610447547880922
0.21583328445809663,0.4753914169026338,0.4931472092854664
0.22731809671155298,0.6603570752967431,0.4941412042526409
0.21721991028244544,0.5101235599165403,0.5007508771275502
0.21846493748852225,0.5410856806102716,0.4991799750786765
0.21240646816622594,0.5917206087169695,0.4625419109955444
0.218727138448141,0.4731114436563898,0.4871711559269128
0.21325072743340762,0.4747989413125102,0.5018796530729748
0.22087141727671755,0.4750699772926935,0.5076611373035577
0.2283201022213025,0.6370430970670887,0.4942189569829399
0.22291261609571836,0.6037357580676292,0.4700362720718256
0.22088000319635775,0.5506292830965404,0.5110715351570767
0.2143847802625741,0.4833082830908252,0.4888082379635105
0.2197976435547736,0.4756208418194047,0.5068674879869728
0.21621725877266587,0.5818416996212474,0.4934762370784012
0.21958366550983496,0.5384682264480427,0.5112446620821325
0.21627852009777357,0.563947676761557,0.4896641605279243
0.21988160246986738,0.5442299901578908,0.5024559330824946
0.21765474906496493,0.5698960646864264,0.4928833375671611
0.22071295682787656,0.5272525967051306,0.4740571813927047
0.22071893674295268,0.5348180800406562,0.5087369521355516
0.2200064039690181,0.4975702547504208,0.5218922308488787
0.22130200788885673,0.5589534119801852,0.5132341913476475
0.22328806319602867,0.5020089477599585,0.489153310318207
0.2191114748308211,0.4572547398711068,0.5193742681749309
0.22326476127082337,0.5040303304402814,0.530724938026058
0.2192532258638167,0.536994193178966,0.5042581699421546
0.22035603537161905,0.542849251114582,0.4960109841802226
0.22141571334756663,0.5523804934160477,0.5032178691936937
0.22333746625020592,0.5886023449075051,0.5043454379995292
0.22539142278527596,0.5229514782418461,0.5022073134380449
0.21988729408651297,0.5003573340258985,0.4995378763916109
0.21617976683203693,0.6043543248797889,0.4662952001786324
0.21551073670406276,0.4669882016095201,0.4922467555333338
0.21813964845353762,0.4986868333179351,0.4755408915696934
0.22635399239872228,0.550102429203177,0.48280826092226903
0.2351517965067294,0.6906210351264532,0.5297153491771821
0.2192983520957452,0.4728392012072194,0.5330118573513115
0.21962795235472543,0.4884270981560148,0.5007972375084282
0.22833017002378875,0.6612338035304739,0.5171575654006542
0.22011403254954515,0.5535110597358364,0.485335418287096
0.22516157064077194,0.5684336848109126,0.5236302700518798
0.2253194458326434,0.6147706311787031,0.4860878611950213
0.21832184285803607,0.5196965705071911,0.4977876162629072
0.2217680235864845,0.4904471506043049,0.5284852687540332
0.2153515863538211,0.4705753643073994,0.4918629838366771
0.2183269113857157,0.5935430229558512,0.5025054076458215
0.21814753190870032,0.5453810802871726,0.4816600233708039
0.21846645012220775,0.4969138019647019,0.4738064352758001
0.2318584342042918,0.6447525957028805,0.4630528498283246
0.2255933129095321,0.5615455608669407,0.507751678259076
0.2246884318579851,0.6137885660352153,0.4981562590907976
0.22746452339469528,0.493194755651552,0.4896638138143393
0.21882059198586162,0.5569197906974097,0.49221461584467796
0.22096694390835464,0.5825609841152353,0.4873661605709765
0.22790180652555114,0.6588080902073572,0.5203741728985615
0.213114883023352,0.4669358635209763,0.4866420487113241
0.2207744653136589,0.5472508720509787,0.509128940354126
0.221280559881246,0.4782569805230042,0.4746573227926798
0.2216549211615429,0.512366940700524,0.5015930808755305
0.2142195137935179,0.4850743706400661,0.4918105937387718
0.22225026608574835,0.6162669981604685,0.493330468611228
0.21681398647648603,0.4885275044161023,0.4727818515866172
0.23341925030664717,0.613060910922748,0.5140719490060079
0.21581280111068257,0.5006164822587935,0.4697902483661581
0.21696296727910436,0.5032578269071264,0.503511223866699
0.22514255939911493,0.6324114523017061,0.4920261865474897
0.2191566482628761,0.5801990601628111,0.5057035119326677
0.22095154229502956,0.5058789930398413,0.4698128574782263
0.2171192270625464,0.5263655620571955,0.4924944546963162
0.21610846066279094,0.5227220791597166,0.4580549036777854
0.22262629216807134,0.5320334468129629,0.4944695033171296
0.2156442760443725,0.5444122726158686,0.4518534517324961
0.22052876954442194,0.5239037210904595,0.4933201536601677
0.2218283988725427,0.4834380655973228,0.4957846368504096
0.22541574768598807,0.4900870448710694,0.4873296415610529
0.21970052862571854,0.7331016594803831,0.4878745134904356
0.2224582577367527,0.5277388356545935,0.4780324669918362
0.2375024779567113,0.7290065961368092,0.509204421324279
0.22387378419624937,0.6430748135268185,0.4845398287325813
0.22430938310754897,0.5631828735366117,0.5158323438054153
0.21912025365935853,0.5738929928031566,0.4660764530428516
0.22197812606421416,0.5553413262205007,0.4906148483268552
0.23044349766636152,0.6144955879103545,0.5004791121956815
0.2178853321526867,0.5121052142244356,0.4780066309060665
0.22233728975311862,0.4637094063756286,0.5038760509840171
0.2228377543395662,0.5170251205274178,0.4868472950469262
0.2272970660600449,0.4741557370364474,0.4985694815486873
0.2253325267787366,0.5225972767699516,0.4845351524320178
0.21745751835256005,0.5622854148294225,0.4718024270463805
0.22923978969209827,0.5412180294402205,0.5072531732887515
0.2237415873908622,0.5266611027295613,0.4979808861727169
0.21946502681899063,0.5362438370932727,0.501184215209771
0.22070363363351728,0.5249385318921965,0.4814841229727952
0.2379145677679596,0.6553616548085087,0.479587095240608
0.21534083773055507,0.5560280593384788,0.49295377686293
0.2211549958315675,0.5129106979742493,0.5051772818275472
0.2207278174054602,0.5706412936789692,0.4972013137099899
0.2266665543635159,0.6179758140232972,0.4895278997104341
0.221221546625894,0.4990783800512954,0.4951880280668744
0.2229344508555052,0.5176735243707025,0.5029638936244748
0.21882128367988496,0.5318767479879741,0.45712672401634
0.22335941361369474,0.5391277626340751,0.5185519748937599
0.22309460591480382,0.5347448698586438,0.4919395406916081
0.22350589530133674,0.6227001563344289,0.4847625970408957
0.2228854489879023,0.535513638880779,0.4846790479169747
0.22408727968684286,0.5607364154369272,0.479286676989976
0.22201854622808428,0.5534690199934692,0.4943002504780668
0.21960404375274678,0.5045442464197103,0.4950232475451034
0.22519797379470533,0.5950254860700899,0.5143019171732037
0.22043048371326393,0.5632587281660699,0.4808918499116839
0.22462647102273425,0.5608605973963731,0.5210619655278799
0.22532216634705765,0.5602020510802174,0.5162838761274541
0.22518481240275257,0.5411512252808716,0.4837361857843188
0.22430148157995164,0.580083755566043,0.4918291395400709
0.23284639765881157,0.6500109352472111,0.500105517442098
0.23134782442663882,0.6494362192228916,0.508614068143278
0.2229010788257306,0.5464058417008685,0.5002182978247004
0.23738291946788642,0.6278797285787328,0.4927020516279662
0.22357215065757866,0.5037397442788981,0.4951458405384239
0.21855223835930654,0.5836281016109445,0.5055025259549716
0.21571541346893522,0.5240148122702655,0.5097318650389658
0.22430773219851255,0.5226374668665641,0.4971892618394323
0.2225697533276781,0.5014233283409009,0.4953247732522186
0.2255086477795155,0.6535214875735206,0.4842076743266616
0.23275955967476825,0.653515123848388,0.4869926110851071
0.2279220062382463,0.5288698559095103,0.4942483781847881
0.22876497946699523,0.6732426218410029,0.4766022238041304
0.23015604277483115,0.5586073926589434,0.5114110145626465
0.22059044170870806,0.515874178922378,0.5010023738527203
0.22078179084844063,0.5578593931717875,0.4860804202025835
0.22652558187557134,0.5344170085148346,0.4930353059906871
0.2307398418053117,0.6894209501354044,0.4722353711424555
0.2234724096996218,0.5013760492154451,0.5201718080831809
0.22705558165574596,0.6431067330914415,0.4954391173713762
0.22337968250764156,0.5623118873585293,0.4999097189132208
0.2297456326569543,0.6967319057381506,0.5053900085726124
0.22266683126981646,0.5240920672454026,0.5008354212129852
0.21959248788575167,0.5477041453507517,0.4730735051630823
0.24906053027298294,0.8014215041106497,0.4857323915867356
0.22191828694309548,0.5924809543740029,0.5023277172430606
0.2331256703903187,0.6400657426725851,0.5108472431250886
0.22822379506019375,0.6686321772914257,0.5027609212639014
0.22103072300612933,0.5233928222091816,0.4899546146805857
0.22419187394846019,0.5792439509703697,0.492493988058253
0.22602991833251596,0.5837488337217903,0.5082650177766765
0.21954436015290696,0.5541611581518022,0.459563557783036
0.22495187108959802,0.5445346310152416,0.5167640781404181
0.22603752382098555,0.5712901583370182,0.4942944631764645
0.22525502005631887,0.5451965382999099,0.5159097218006914
0.2417053873603444,0.7105154966396232,0.5023205011169604
0.21973222283993274,0.6167665934937605,0.4824860942213063
0.22114594148388306,0.5135295799896361,0.4959234334395549
0.22082556412443427,0.5676700879398492,0.4863224512444024
0.22721208899247,0.6149337425561985,0.4781146580436189
0.2292159878446717,0.6069862572398723,0.5083942494695181
0.22007821480970968,0.5168046014116008,0.5081336610688729
0.2191529714554469,0.4872047361166788,0.4855548286760113
0.23035707003883665,0.6292859388275068,0.4992116284504735
0.2292339471936757,0.6558670334373431,0.4815250596929561
0.22197530386585868,0.6330978756680719,0.4869531405454433
0.24238078222610754,0.6990869865546823,0.5079038896941539
0.22387728525685532,0.5419382069569055,0.5068247583109248
0.22369084296172814,0.528937220480036,0.5197859736571663
0.22862674578177522,0.5489167843395414,0.507166137252595
0.22544478548859154,0.5651013918003126,0.49237195259637495
0.2264522964498722,0.5755362888847607,0.5085892062414089
0.22877906618969082,0.6033414397371453,0.5099496219438526
0.2197401406862589,0.5505847501712825,0.4792514395996734
0.23116307482698129,0.5931961096450306,0.5154713937693193
0.2375580704457903,0.7248035047300011,0.4857542324995488
0.2350357992891616,0.5975493077177072,0.5356373197909743
0.22779132889730846,0.6001993611322414,0.4993968572803663
0.22348622606784072,0.5311202499807428,0.4847266010786306
0.22579113137286433,0.6389655308612496,0.4926853267031258
0.21677166649721527,0.5752479078026146,0.4845169334093159
0.22263345182762687,0.5195604384072925,0.5291478383940625
0.22861640554888168,0.6217047548211065,0.4871458464444753
0.22757613386219389,0.5593016328974915,0.4927363914742164
0.22533242545143728,0.6024018574294295,0.4907856670098557
0.2235720201130885,0.5485694261390092,0.5109313060942712
0.22767402191972572,0.5718476836882848,0.5012819812806704
0.2298575061721584,0.7181944110651121,0.5132296026294316
0.22264023729428983,0.5300627178293289,0.5106171269701493
0.2260417811845945,0.516680723717569,0.5067786529704468
0.25161523101242367,0.8911219571886452,0.5143000978258024
0.23145662871767886,0.7014876743922072,0.5018191304283942
0.22949056478052865,0.5255854982347896,0.4975620217734658
0.22764326074585292,0.520187598481669,0.4885206681433076
0.23524405333443282,0.6386497685691427,0.5269900151020268
0.22916729718869397,0.6479890208948847,0.5008091875141685
0.22884549436937732,0.5879377679950946,0.5061143639691079
0.22198917552701247,0.5976351997102876,0.4987658721102954
0.2185206300593998,0.5033227340232953,0.4906015853703108
0.2215574015491886,0.5524393873059874,0.4702297448504526
0.2216222788997929,0.5635799023880262,0.4896630025564399
0.22260369344599568,0.6279146924948404,0.4700058496190804
0.22164384664524348,0.6109799160426004,0.4869996906939211
0.22352433366101132,0.5635370143231031,0.4854523847814687
0.2313464949425886,0.7216583374433853,0.4825684453896474
0.23290926403933782,0.670573303339376,0.5005214647177947
0.23508923912859303,0.7281360378477649,0.5105107795173639
0.22398502943036783,0.6000361779676807,0.4965648150044036
0.22485547656660906,0.5696591437993163,0.4783378932632813
0.22960859903201083,0.6846312795933257,0.5116582043072277
0.23225525860188548,0.6791303619124218,0.483818305928031
0.22470281529276037,0.6025417237856846,0.5020544986742546
0.23063514168931698,0.7349640367754793,0.5189661887773027
0.24251865590546082,0.7864047247765114,0.4657404458644019
0.22695460261334677,0.5719780744497394,0.478463567654536
0.25208535171290236,0.7441333025586536,0.5077867025083445
0.2301096500996436,0.5924628807910783,0.5077852954452079
0.22462398369349368,0.5769118042790563,0.4892084068371246
0.23165690870539812,0.6001764914742662,0.5115797180237989
0.2304462983470128,0.519348587702678,0.521662378694816
0.2194325355712959,0.5715935927448403,0.4630985487714088
0.22386602063341063,0.5463492168204294,0.4985483921967338
0.22315182002536535,0.555735545209266,0.4880836552973742
0.23779230347015726,0.6265948127477573,0.50240057140135
0.23056062951106282,0.6437611625802988,0.5212577073657614
0.23358457434616547,0.7565791603503758,0.4941446215209016
0.2252632236155005,0.5847212165325997,0.4936376377572546
0.22749078489469213,0.5833843735584089,0.5082403368243551
0.2315747134095413,0.584390545923838,0.5264004312973447
0.23413680017865324,0.6450324811802507,0.5224062873832402
0.23584749563806498,0.6247274643954941,0.5088158031277313
0.23456525458413938,0.6253121865405401,0.5058815163829355
0.22601070107851556,0.7183920606419774,0.5283630174468701
0.22770429258798103,0.5895059229613885,0.4929232613366992
0.22986695328169304,0.6030686488561487,0.4828590613684562
0.2314037393621839,0.5833099451391084,0.504482108864233
0.23228495990680004,0.5818681135623995,0.4846894997803383
0.2421092446830267,0.7907376031870266,0.4883468233944629
0.23181510450367768,0.8496190744277908,0.44419767073099015
0.22393977658011288,0.5306268190584087,0.4877715643656168
0.22202875830021207,0.6394844270617137,0.4729103028277198
0.2328207561081583,0.6509062370880325,0.5211630207340856
0.2410594313608204,0.8678250326433873,0.502216856426141
0.2297041604992588,0.5781094533666543,0.5172940981651819
0.2322998952479691,0.5963922466372941,0.5114664833590754
0.23386038253493793,0.6203700519952905,0.5027772661069775
0.2409859301121347,0.7671817228525211,0.5382766820259246
0.2399334158631136,0.6799287402584993,0.4890607741125532
0.23673575115871706,0.6200307872260187,0.5208759131619944
0.22924436594633296,0.6175741771067564,0.4733891229162285
0.23799175438115014,0.6639676665659267,0.513203731865844
0.2279918967905222,0.5716250061710171,0.4930497732306713
0.23070964362694937,0.7101660301289958,0.5001189323940762
0.2300087059471069,0.5579481181564853,0.4928954520716195
0.23687157360150987,0.5995413223099859,0.5182551050192261
0.2295741065396469,0.5525461208571761,0.469672452898354
0.23588937586094536,0.7412491981478463,0.4989401139369434
0.23149676245668174,0.6483974370216365,0.4977718170926137
0.22984668544601156,0.6659452730528946,0.4603772006145653
0.23317941291986585,0.6185221062318164,0.4767909297643784
0.22963650702317248,0.5416110036982758,0.4867585995895668
0.22944371141630096,0.5552759700394857,0.5088823333943071
0.22712937444391226,0.5776357553457209,0.4900043152368028
0.23100758489270465,0.6008146832718655,0.4809324417847548
0.23740506070969608,0.6769690820910317,0.4945839599275347
0.2315360767505408,0.6478173953498658,0.4846336112739327
0.245392210528291,0.7501196724683254,0.5048468783709728
0.22828237666598844,0.6058542792520754,0.4787984089217776
0.2307967836941804,0.5445797998156583,0.5200839030663816
0.23072104816684608,0.6407308012658504,0.491318315706072
0.23407712699383942,0.5521288241432429,0.4822030959647658
0.22838034628532186,0.6065541434970647,0.4859780564022022
0.23413337021225777,0.5853250920140911,0.4957907655226976
0.2446132345711937,0.7720292282066087,0.4745487780076506
0.23313598288280907,0.6007483703867961,0.48761756193128497
0.23290504229238668,0.5978372684963322,0.5024777848494302
0.2306408374925457,0.5493199395575303,0.5149660586516229
0.2355017641573655,0.7252203694396759,0.4983626625620149
0.23430696170762594,0.6113845984334665,0.5034086208518782
0.23113596989134394,0.6125031128707988,0.4609855504758895
0.2287454677222203,0.6343997191303876,0.4703497325421238
0.2467383375981428,0.8872106177809349,0.4758611097920253
0.22896549558394919,0.6617976141722269,0.4667608498554444
0.23401862590943548,0.6821002453434207,0.4972217662907703
0.2617978756289958,0.906476311195504,0.5173996864817154
0.2351668616038838,0.6481393083707111,0.4776137979699044
0.23299121158219577,0.5879958996649784,0.5133950910110036
0.2396837968770926,0.6182422924728129,0.5064321404514922
0.24127340752344076,0.7400759242654196,0.515713616385995
0.23353817630462423,0.5669895887075215,0.4981139378036469
0.23684711233658354,0.5677913245061057,0.5115109458463802
0.24994934590682938,0.8280364319823812,0.4962752214646775
0.23457486049924284,0.6428535371740406,0.4746369133603733
0.23838423994184402,0.7338315113156171,0.4913709400034436
0.23684876245699482,0.6433738414472558,0.48726444179634104
0.2500070430619056,0.8478773346968069,0.4872561357889102
0.23289732384055634,0.5571501587928626,0.4864466772642938
0.2406268669284656,0.7715224624298876,0.5122935204868319
0.23405515958913106,0.5967099224614251,0.4908943532169314
0.23890302215520337,0.5597616729159463,0.5258330857456791
0.24370197479146707,0.706474604906968,0.4987606430745888
0.23685385266733355,0.6176843246206617,0.4866745291661022
0.2283616009028771,0.5851323992299361,0.479375882420801
0.23164845637095738,0.6190687836376303,0.469989292266964
0.23766690168542823,0.5834936525410911,0.5031883613265765
0.23286249180590912,0.5745488823422403,0.4861817551483068
0.2315896172606252,0.6078952276356394,0.4963827925824929
0.2363572614867638,0.5818266595690824,0.5028441162398241
0.23767231143269107,0.5638669189365665,0.5235891783233759
0.22957980503190106,0.6113057726012542,0.4590677826701046
0.23808663654179077,0.6407775544032114,0.4994862978953383
0.2344214469108152,0.602167463253201,0.4800059385661717
0.23802543501208198,0.5647131822949765,0.4967589908952024
0.2414943725335187,0.6724717323462712,0.5116052264001819
0.2385317645800887,0.7019298341277376,0.5176443345862003
0.23712197443530728,0.5803643586655101,0.5102354397222711
0.24440759900713716,0.6134877475372058,0.5171927452920199
0.24228142027623323,0.7055183448965698,0.4971442822570945
0.23916641581908438,0.6566762831692023,0.5096881064986354
0.23446911993480374,0.5783145937380504,0.4993904213280748
0.2340363498857604,0.6427545617060839,0.5015411550178801
0.23750008992479502,0.6197325490725989,0.5088938275441979
0.2390243480618701,0.6350694965301517,0.4964816765967052
0.2369345102231665,0.6378482524619036,0.4821065887729236
0.2431737642408926,0.62346381782077,0.5127891915704743
0.24604344887914886,0.6429809357835238,0.4986941991146147
0.23483504670605668,0.6340820397904633,0.4564291555440923
0.2470462990392705,0.7584206372996678,0.4942394061059134
0.25253860018245944,0.7941651187941428,0.4801768837549058
0.2436168494245363,0.8222809925076523,0.5049205611338733
0.23350700294969162,0.6026766790617253,0.4688876013617416
0.23777247685678402,0.5939531319882329,0.4994023966994209
0.24215537748132435,0.7063255069812339,0.5318050709336518
0.23470001481520064,0.6105141138826625,0.4908291144116103
0.24557375073498894,0.6279785411747194,0.5105651021993701
0.23969654574181518,0.6219128061855951,0.5078460403241946
0.2656387925402938,0.9677831525923618,0.487823291130409
0.23886973492432226,0.6195294579724695,0.491906340032729
0.24145028961776474,0.6400244676921488,0.4999757424422673
0.23217815287329951,0.6150205179744114,0.4622673050712274
0.24514149813221706,0.7539242506903867,0.4942309328456467
0.2378160615137208,0.687304318914443,0.4821624212896278
0.23666274554619926,0.6164757162893584,0.4791881594548168
0.23882426482089592,0.5982895928505,0.4774659561790278
0.24481064514300774,0.8153493804580644,0.4770032427488807
0.24715635023230767,0.5910160798314632,0.5283999350141958
0.2420037947316593,0.6743211353690753,0.4660007570529803
0.24536031810943537,0.6383956143466945,0.4841258272706394
0.26143245336078375,0.7819837045252293,0.5068475939473776
0.24076459266186936,0.6060294517726192,0.4912940922490002
0.2465036146227326,0.6414440781802156,0.4894430607174055
0.24348023298650126,0.7438204898685636,0.4933366974339292
0.2512003681831773,0.6570104896793538,0.5414808229448105
0.24809853415999034,0.637933079710599,0.4923320400132685
0.23865669458369787,0.6363517756263407,0.49359948798590203
0.24256350172830962,0.7108821226463005,0.4908446309762786
0.23460430542720906,0.6142715651368745,0.4824010095421896
0.24691675307539618,0.5855444792272673,0.506302543976717
0.24706974137623766,0.6793680920955119,0.5079338175440175
0.25107541770292074,0.8071868977208012,0.4934140923628378
0.25148463029740353,0.6259006942369179,0.4980944492828863
0.2484127973333669,0.6931879342736984,0.47312370525613895
0.24146773396343757,0.6586387650257276,0.5044471333437767
0.2490952219661827,0.7150685754805912,0.5085550138460972
0.2529430896309637,0.6352325387719513,0.4975927026566777
0.2521441338925058,0.8712689540348141,0.5015082412208757
0.2461243541767457,0.6946702639735274,0.5117781122361406
0.24535742929978596,0.6872325550553912,0.5059286802719709
0.24885098741647532,0.630209677546497,0.5038812851453067
0.24495427426580366,0.5978549271796606,0.5075674981160819
0.24365390952068167,0.6053957500865272,0.4776130245542128
0.24482824548866572,0.6487579931496638,0.4797506944524286
0.2418400721529996,0.6756460723039729,0.4784102645224173
0.2447691821191434,0.7075326537607244,0.5024959964052548
0.2459445302929941,0.6826879504305982,0.4966138344087795
0.24142655940910987,0.7468095297733334,0.479968361890331
0.24236282038038234,0.6046998897672758,0.4856532127846312
0.24220795683930976,0.6676645529265861,0.4892247602256983
0.24706606812254128,0.6433135607139309,0.5139540055555866
0.2544226573245241,0.6859619772658495,0.5094676051442436
0.24963533567750745,0.6365885550227183,0.5112800881450936
0.25198033271317494,0.7108140324907185,0.4691894756506232
0.24262753374460466,0.6659591142950448,0.4806604894686558
0.2427934106739729,0.6593490423291553,0.4776960730955021
0.2490060443465849,0.7163549970737509,0.4946809303770346
0.2503921430066444,0.7540801890356026,0.5150895565164533
0.2527059223873204,0.6991013579281855,0.5284875777237978
0.24115352895059305,0.6114111678812757,0.497721105683161
0.2506218937897794,0.6656414735710798,0.4978813657622869
0.2539555389341228,0.7430664079461322,0.4931324780331463
0.2519932041068531,0.6406905680702876,0.5293163109859164
0.24985122202221816,0.6930121695823189,0.5119381110994543
0.24054982711958356,0.6784144416583944,0.5288775781489126
0.24315904453552079,0.6327145431137255,0.5125233098339959
0.24705902820301318,0.6068580549030752,0.5081574389770303
0.24869655725706655,0.6326436668725425,0.5153577030695203
0.2505157294960319,0.6664500570068076,0.4969197366220806
0.25419415070535595,0.8555457944847586,0.4902656570458317
0.25209975578406246,0.7212681791088421,0.5013127725733175
0.24601987734874464,0.8634327964219561,0.482079688783236
0.2483988173481161,0.7265232790703944,0.5197588170725617
0.248050323258064,0.627083052245831,0.4941588806151953
0.2567143639692284,0.6549505675692283,0.5089479996250685
0.24679461688090013,0.672453673286276,0.5143059647289777
0.25075815302266624,0.7656704603861999,0.4754253337754068
0.2505270473226181,0.7060103027578433,0.4892276621576038
0.24365804755899373,0.6682608128107798,0.4926253031516403
0.24530742979239775,0.6413300585441088,0.5027234326554786
0.24820546742779334,0.738430203954123,0.5201136694130218
0.2760890835691876,1.179543522240429,0.483196148690469
0.24814443159558677,0.7779440216641951,0.5021796894759412
0.25377878087354144,0.7162437341682316,0.5029090991593406
0.2594381475817479,0.9065498230684422,0.4876323931224014
0.24889398546673444,0.6527334708302734,0.4970091104086304
0.2734471293761049,0.9183569569109004,0.4790408129319024
0.25251335417010046,0.8713262324586788,0.4924100923584037
0.24843934791462544,0.733861271258202,0.4748798668415066
0.2534802981707629,0.7901624515507406,0.5071252513534774
0.2545732783875179,0.9467088297021304,0.5082969904686652
0.24937369933397746,0.6301727820478545,0.5054161506322015
0.24848583894902723,0.6561588894240141,0.5304090078220475
0.2516695461938471,0.6736810950328085,0.5038700433309561
0.2450059385485557,0.6416866005440179,0.4957403168092604
0.25814025740874164,0.8302948670375997,0.5282159248865512
0.24238315791935314,0.6417281726994036,0.5082658947131212
0.24784029219375725,0.6515417203949977,0.5071570537086127
0.2429590970880529,0.628843803057198,0.4778890997765946
0.24186676573637775,0.6805228127066104,0.4796009185709182
0.24616278463935157,0.7061486374394051,0.4945947912581085
0.2386232010744803,0.7572321758679412,0.4820129677594601
0.2570233716489805,0.9192597205324574,0.5150589871621825
0.255067800252391,0.7415752686606756,0.508846966497365
0.24259696290286242,0.6465396859626655,0.4908923147182617
0.24693848236304533,0.6037196907641379,0.5151397055448171
0.24545691475626064,0.6770708244937542,0.5098575631739489
0.24641348073009384,0.6189120569499991,0.4966681102360508
0.24814441397939802,0.7399869725687505,0.5040709299999728
0.24285565496189523,0.6242777426647526,0.4689805333626492
0.2669414217249728,0.904061413314143,0.4780477936030762
0.25094237909399303,0.7222897255506546,0.4844065628651933
0.24583365964257367,0.7389622662966686,0.5062128738856777
0.24513518712862242,0.6332604538548628,0.5005075698071288
0.266046579094176,0.8726887696149612,0.5090888512890048
0.24883560637196755,0.6329435746240379,0.5032221131463903
0.26565687895604656,0.9522472414952364,0.5217232023724049
0.24672491483541847,0.7151153046902544,0.4808710792567106
0.2621651480522606,0.8307094838063956,0.4912883140374255
0.25341067661891714,0.7763448912456209,0.5089151578940146
0.24928252500020115,0.6445437124766074,0.4975565694362377
0.2549940949569073,0.8160199713480474,0.4902140213272741
0.24477772285072277,0.7623902625314575,0.4812589022270738
0.2517542468473856,0.7986916187539902,0.4906746747981681
0.26648659844076333,0.9627012755737278,0.4967182575362923
0.2635239375022296,0.9149473315855884,0.4903131334646945
0.24320030971775125,0.6484527170504043,0.492945701076288
0.26678794768002567,0.9177006521355452,0.5016448456378109
0.24901874756062534,0.620325310479478,0.5030894633559085
0.25103042419473426,0.7509185176680176,0.4846689430983768
0.26719243345788757,0.9737653050512292,0.4839684816874492
0.2450028246037052,0.6730052064568893,0.4795761645516392
0.24209620375948113,0.6582502341627453,0.4636101551154397
0.2491020615225564,0.675616696129666,0.5222087108463603
0.2531240050319316,0.6633250954998701,0.5071903403205757
0.24795733878669787,0.8198366193047613,0.4692804603082067
0.24837058308825555,0.6573191018970053,0.4868833879682725
0.24894144881713706,0.7194608238331875,0.48914222291632303
0.24800245027410192,0.6790219115571915,0.4849275005489484
0.24790355753161086,0.6429931362644872,0.4872634903184164
0.24611366754081276,0.7133226645632876,0.4878204492273184
0.24657391705668874,0.6638224492778384,0.5036111221382772
0.2593548432917657,0.850850609475488,0.48638764295371706
0.2508558456848798,0.6410667568492755,0.5250557488724219
0.2532187437127545,0.7800044362030691,0.4681644610702931
0.2613181893825813,0.8745979707004259,0.5090939753987727
0.24552231146908673,0.7134651776118095,0.5044571881800768
0.2558602875685348,0.7421102307026246,0.5102154867621064
0.2508428380038648,0.7186706028653619,0.4650136804002319
0.25543155787076594,0.7023292017022772,0.4997875886433193
0.24935209651178614,0.7538406629352886,0.4680895640133616
0.25445686500369985,0.778426818481787,0.5002698264320236
0.2740845929223411,1.0562027390689042,0.5020779064320573
0.25457124658977653,0.8385988881171212,0.4858043613591247
0.25663072495823297,0.6521383597145184,0.5020015479683856
0.24850387010580355,0.7240455899115976,0.4700704242289702
0.25271572352289723,0.6309808421351971,0.4891193098588853
0.26035325632839207,0.8707973549082554,0.5113092442398146
0.25375559992664365,0.7533803344566274,0.5104363226148461
0.24673716094206047,0.8384368413390232,0.4635351958756012
0.2738168018217638,1.1235699928837637,0.5208425871188471
0.2587675856389059,0.8648200158383845,0.4856917784142914
0.25775260772303177,0.8244799209975708,0.5007843554409936
0.2581425358621422,0.8204550026405003,0.49661172579906204
0.25659589185046067,0.6878129871268509,0.5118270029646743
0.2524737138526777,0.6873050345421775,0.4715292118777278
0.25212652803933255,0.8178528209110927,0.4857032562872661
0.2517847645972198,0.7037549236924646,0.4908180316543242
0.2576912294524132,0.7746137310710446,0.4937120841741285
0.25997735954315193,0.7898137540908314,0.499458133514483
0.2559094735042892,0.6433126025274878,0.5065498995416965
0.25992797249839095,0.7040350998646496,0.4937483372792382
0.2575293783885798,0.741045156977545,0.4911706304672012
0.25428670535930675,0.8769656923352439,0.4858809054104163
0.25467445503535596,0.7031033105232606,0.5005876587665516
0.2510420285400714,0.7260264578659356,0.4963902109905287
0.25371539121222597,0.7447240853694974,0.4896429710493722
0.2537838984433946,0.6778698405198021,0.4922553719952856
0.29302360051164944,0.9735543302497692,0.5286225849831955
0.2577683718730098,0.7334489167638604,0.5119094162117641
0.2573411024556237,0.7431411971982314,0.516994485044818
0.25404954382239525,0.7588806889916954,0.4869005314560214
0.260409492409679,0.7223399347811862,0.4636475586286417
0.28419329253571957,1.2231713497205041,0.476317239337465
0.25836473425387324,0.7499013158285887,0.4947893280244884
0.2555354577631417,0.6829050745252079,0.5230944333054542
0.2561286123823952,0.7531611440198066,0.5090744827944276
0.2807930681138606,1.1563249741890933,0.4637433440404161
0.2627609109673512,0.8237912881650048,0.5237147408980084
0.250852135842565,0.7597043655010023,0.4706917406438141
0.25558212190626045,0.7547575535526994,0.4924018110992936
0.25604785963636034,0.7805137659171977,0.5055834376540429
0.25169375193116944,0.6763510485576328,0.4909150460867784
0.26039273578017297,0.8384218578971582,0.5065312565611482
0.25681846218537463,0.793703238612414,0.4796234432070493
0.2506715262567385,0.8255827242276461,0.4828702389040426
0.2499775495215443,0.7117822463374895,0.4731303652874626
0.2575007203979334,0.7929208691395289,0.4694289782375691
0.251459201125816,0.8998686854010987,0.4925042622476277
0.25290481889933825,0.6982545685310022,0.5019571058072685
0.25378194081189853,0.7241046755196969,0.4973159829522591
0.2502984154548956,0.7518448905277026,0.4829442182230238
0.25032303378842047,0.8123267544902252,0.482318863301385
0.24847980991711321,0.7369465228461272,0.4830641859939893
0.2559591297277544,0.706182973361517,0.4951543820450921
0.2647376118076151,1.0016308836620482,0.4984944154190664
0.25105856420820255,0.8481002249493197,0.4986413109232675
0.27121324339893343,1.012021372679674,0.4914035091102094
0.26065461012247565,1.0378043352285768,0.4815356593791146
0.2554789900938779,0.7503919285723173,0.4975943713429734
0.257979802849933,0.7493487355989653,0.5199461662343811
0.2522334531010135,0.8213922090931497,0.4910142181385577
0.25252846406773644,0.7558236117326733,0.49426417108604104
0.25649534415244424,0.6855900716136862,0.4769532982649151
0.26064455268578834,0.7870899970484041,0.4970691381584771
0.2550450161107164,0.9043016895022103,0.4885535827241844
0.26837320036175705,0.8721576227380339,0.4885939704604861
0.2636740328068148,0.8099665519719956,0.5159712976498267
0.27714510014286753,0.9435200377138572,0.5117468032516657
0.25147055141672225,0.7427323381854147,0.4708388149180158
0.2551627090949362,0.6799504506274845,0.5070547947745955
0.2564549364147321,0.7342862099428866,0.4966185967472589
0.2571220910124767,0.7562662434308857,0.4824574126266944
0.26038176748256503,0.8570174304825068,0.5300845942415822
0.26385445832904114,1.036539706056795,0.4967493393650128
0.2603971795991529,0.80492930123843,0.5145209322190193
0.25778491252101043,0.829473338004865,0.4964966758391838
0.26828492494797707,0.8381624896932169,0.4977964793680483
0.2553239590339301,0.7515798189097683,0.4978468694731035
0.25176461220249724,0.7551486261341617,0.4960925477229742
0.25604180408597477,0.7895861402067316,0.5079037069938458
0.255360532348191,0.7226002947361798,0.5166054371991643
0.26604121848547,0.8020824884702002,0.5251373551474592
0.25945139270594175,0.7898150179968614,0.5302206969987829
0.2590997477483738,0.8185169321914348,0.4983900118905896
0.2579015111612759,0.7536463741966348,0.4907179797620306
0.2650881860800119,0.8788787937335918,0.5015536734910608
0.2652315305688855,0.7213830832111762,0.5131206726424371
0.2613024895859216,0.7909570624427584,0.5079519605615557
0.2610869543388701,0.7340523089153379,0.5124374897496197
0.26168874325144276,0.884459827775798,0.4957313364077492
0.2626662600987181,0.8164683241094894,0.4914592920569396
0.2615328217505286,0.8442325103428978,0.5131161168550886
0.2604036728602663,0.7435153414569495,0.5125486509056008
0.2660418326903919,0.8572506261403064,0.5390201730934179
0.2697319211749674,0.989274383273358,0.5153516692161851
0.26025343597789374,0.7705272271003188,0.5011381908648554
0.26136056689584153,0.7873741120107192,0.5045963346672181
0.2655033952312669,0.8441204622252511,0.5264735792822031
0.2702202070206347,0.8996913673667357,0.5196645969552119
0.2669419679886554,0.8668381493920022,0.4877525726814721
0.2595403932727914,0.7583596265472599,0.4982502564363842
0.26769884571335845,0.7804610120585486,0.5340995044808673
0.274654682308719,1.1742441635127978,0.4911788493184224
0.2641044348263794,0.7115000143513744,0.5029603372126281
0.267985042705939,0.8872122978984965,0.4860359950246876
0.26201799571741247,0.7198563793979359,0.5125859548906138
0.2694771038015285,0.8706431259064809,0.5196161598259512
0.2704209303665,0.9150830792727562,0.4968353438559399
0.2655383808996428,0.9067991923923244,0.5275039866870762
0.26137250738816087,0.9492230492313882,0.5233099324177389
0.26421129422418155,0.7433367527796132,0.5094779097679081
0.2646723184255721,0.9172978464756328,0.5029923575960712
0.2688240064601737,0.9016361168054264,0.5342314121632442
0.287448433909135,1.1214981177741392,0.5221466008211347
0.2694132994178379,0.7776421714213337,0.5826477638010412
0.26412245870705087,0.7667871456525739,0.5236369872125234
0.26623299195675737,0.8565352592360307,0.5148166274848895
0.2648797341374637,0.7830199963348713,0.5175160263890914
0.26054720253007213,0.8195403245968903,0.5092297022517343
0.26665019439673915,0.9628725384116412,0.5229497275916125
0.26725295065043625,0.8572873464427242,0.5195086390644351
0.27195876525766827,0.7855274703226601,0.5528145795576148
0.26914492585392014,0.7634551989326559,0.5179595930813465
0.29096456417533484,1.2688889709654645,0.5678302155026812
0.2690220626125372,0.7760625079437083,0.503187096833689
0.2800260582295846,1.1768798660883093,0.5274848932240325
0.27503369997257987,0.8695776523191621,0.5399406112495759
0.2707959806900491,0.8366016365087492,0.5474036048136701
0.2809690350799522,1.0338966521122293,0.5580010557616302
0.26835598903607205,0.7986944355450304,0.5431690038047399
0.2726828518385061,0.7623104126996842,0.5401683934853618
0.2859606725438856,1.1410296050604092,0.5224070880637175
0.2747528469035514,0.7942523982543219,0.5344691870829003
0.27687275456148996,0.9273210178025966,0.5712317527029628
0.28003917784594295,0.7667096714146627,0.5637900843541064
0.27541863061780913,0.7564756140510771,0.5415300857988288
0.27812989940935195,0.8254787449530607,0.5694353948551142
0.2709326108328522,0.8076861770850968,0.5501189698355095
0.27480987648045274,0.8492068779170059,0.5363978184079137
0.2738290638495915,0.8342311791733131,0.5599844943367316
0.27472401199444524,0.8809884463841496,0.5298753527438117
0.2762586600554217,1.0166855840618279,0.5358239378827225
0.27287955273451087,0.8012293890618116,0.5307641011227608
0.27851014348238146,0.9883105328307288,0.5472563220734223
0.2903601061050519,1.0298149950769904,0.5563556810629469
0.28778532748844343,1.0458656337898289,0.5557692988341048
0.285192740206884,0.876018504189853,0.5856563337075125
0.30672945159720194,1.2003939145337206,0.5727191894557998
0.2737936654898708,0.8731018308547799,0.5458529404499327
0.2790868858826944,0.8134704020872099,0.5652828397379891
0.28117183216792674,0.9155731246128892,0.5401732830876383
0.2764726335043452,1.001932215046632,0.5497629767357537
0.27656424603539365,0.8864933810282905,0.5657327786495289
0.29884164916243955,0.947728188111414,0.5705381714095362
0.28550842873574434,0.8772786581861313,0.6162484027915454
0.28177680328654886,0.7604611334852449,0.5916147528725013
0.2790045099550193,0.8615143171669836,0.5733892620173593
0.30048832309551515,1.343540272831314,0.5722017761053223
0.2982272824238499,1.161275279888748,0.6293057514866615
0.2839516864096966,0.9778376499306156,0.5922289320189968
0.2930314221807224,1.123490135410137,0.5960351791517815
0.29514982567207193,0.9059676565488809,0.6228125722675973
0.2856360797267642,0.8472592780612114,0.5885105427983771
0.3023161994897869,1.1942955677837783,0.6057899848591601
0.3013653350333303,0.8960518849026876,0.5969422500559957
0.2888278210340062,0.8395575368631687,0.5688610890290324
0.30895981091289515,1.1772886508738631,0.6128264654424879
0.3062285177406856,1.1765107914012534,0.5944136874596702
0.29394027616090956,1.0144411548292378,0.5955642598915265
0.2971838786137188,1.0185045168681126,0.6009396632432263
0.29183951836465255,0.8958083294600289,0.6162501491514015
0.30679592319396237,1.200536904861421,0.6253858669498382
0.3014351058780549,1.0822416962946415,0.6218897872741889
0.2837077626668752,1.1326357609080084,0.6399048372003463
0.28297001757630363,0.8613056293243442,0.6035105530323589
0.28307466439014173,0.9097816864292372,0.6263931203820701
0.28536656282203965,0.9919412037407888,0.6661268240609732
0.28638601003274095,0.9793809583819898,0.6353134357716469
0.2797145508097995,0.8774355344206026,0.6356041595087282
0.2842483011875762,1.0021878493962542,0.6704864488038156
0.2822206250499295,1.0000221987003324,0.6475240581524682
0.29427828018959756,1.4209637264854198,0.6766534663982755
0.2789480515317581,0.8853501564011981,0.6611472903621042
0.28273847432506416,0.9585783335199648,0.6797022282983158
0.28400646797418866,1.0529751257912652,0.6599157192285909
0.2836480520067791,0.9694464052228992,0.6601145266046017
0.2826044046359359,1.0226091003879658,0.6772218134713165
0.2767033412424906,1.1180403607091969,0.6886044304177248
0.2850058063680471,1.522735227683579,0.7266492146885137
0.28526889168980674,1.4237222380514722,0.7213763082117335
0.29039227803863144,1.3234572647445502,0.7159827690663575
0.2790406465567388,1.1821148929671486,0.7376508609296795
0.273401581082815,1.229132163371743,0.7369531958170942
0.28949889248162586,1.3684860120322029,0.7770324414523562
0.2939235801353255,1.185188432338783,0.7931473370065814
0.2791559627453318,1.0599206193024684,0.7772493263924458
0.2787883658863639,1.1457072547313136,0.7843393079672937
0.28243308386394345,1.1237813690427443,0.8086647095252468
0.29068872017447106,1.2023612715358676,0.8166260173467909
0.28946056634937034,1.1774307151861632,0.8205040901227855
0.30293229463606686,1.4144774046066524,0.7967042541970243
0.30773083051081107,1.4852756243171492,0.8310760283099522
0.2854983294372073,1.1704858858936753,0.7937876548656935
0.2824595875708845,1.1190954552024663,0.7897885737941067
0.2849358360942581,1.3407155719807553,0.7783839124125828
0.2830205646325805,1.0903681395505729,0.7743709101751115
0.30552375733938164,1.5499122691391332,0.8131642560959399
0.2880964104589712,1.1650419046710996,0.8282455618460682
0.29200104605117916,1.1035977782338326,0.7897716945338451
0.2926724643321674,1.0995594612527948,0.8048251135440359
0.31736935852854503,1.3805996246629797,0.8463502138078546
0.2871082263140297,1.1012340624729358,0.7830780226879186
0.32061356890763476,1.5668363742446003,0.8234138538931086
0.29141630008771796,1.0644933083847508,0.8556164216099694
0.29390784496667216,1.1747499318857848,0.8135863404080239
0.29067443145823996,1.4769482971493242,0.8790260084013215
0.2822973367234953,1.3370015889897169,0.9839917294209212
0.28013092452126903,1.4993920938586398,0.9801355817242421
0.27657084395294285,1.5780782868524093,1.2059337728283048
0.2785969254138271,1.5654368523864577,1.2697162979691776
0.28209295610690593,1.5816601035667872,1.2566982321247822
0.27617726883985666,1.5486173350826289,1.2827333951165487
0.2782749231600769,1.5645010318277002,1.2617926916526665
0.2980783415161795,1.5423338568028417,1.2336758846722633
0.31727564286614834,2.365435915802536,1.2845702780502668
0.28653829528949665,1.5363628047150433,1.248982080192134
0.30488424941927794,1.5308650042097494,1.2946247053380389
0.30314685817753473,1.44050309207248,1.2301285529355552
0.3145884934114786,1.6009767366619878,1.2701393255713571
0.30898989640083746,1.6086331531136566,1.214193248014288
0.30862475289249797,1.4975791286151294,1.247583042674406
0.305360061054774,1.7237257126383088,1.1754622252739901
0.31343585019982756,1.4528605004541049,1.1868059414388692
0.3209552677732353,1.6013087889334157,1.21903362400575
0.31448825938504943,1.44766166321113,1.2672918866122391
0.31539282061658175,1.6381218901037096,1.189870602374171
0.30977267450436324,1.4786928402095834,1.1845255298831996
0.31931023804439745,1.4500755367879372,1.2325769543441396
0.3478027414248105,2.1411724796894958,1.2817237981211016
0.3256450631603893,1.534351690198516,1.2983489635422925
0.32469089192673695,1.4663034473834238,1.2043875270070088
0.34280729371691054,1.4866485655328376,1.2109783886598835
0.34879245722028124,1.5845456296094764,1.2461447370222627
0.3505675099441573,1.5795198878526164,1.2543075313092242
0.34503906289656955,1.5098093606292118,1.258322667104523
0.3488720074495674,1.5128470137572294,1.2126384503022418
0.3486048008791222,1.5200589967341267,1.2676727358276905
0.37474415619947804,1.8357939323183323,1.2643190930041126
0.3599334499404225,1.6119204365494912,1.2993622410976284
0.35625755998260245,1.5635082152254771,1.2512530064658125
0.3573071275372612,1.54543605558202,1.2690639050416592
0.36363079779833923,1.6156237402524027,1.2397782969260946
0.3857719195800932,1.8031276046292437,1.2605622351519867
0.36347737277270825,1.6808628718327498,1.2503231473720318
0.36891270032634454,1.6082851500703248,1.2784260618342436
0.37159584616124325,1.5839241888761932,1.2592770261969288
0.3734310763980039,1.575924685939008,1.2918944729514876
0.38305221358218733,1.6199595891173777,1.2105140135576071
0.3878590464757737,1.5318095493239494,1.3075943599973678
0.38082779780192255,1.4739369619244886,1.3032416676965366
0.40607300805264374,1.7356927077911382,1.2446144881343038
0.39460231335067547,1.6704848364118796,1.2317085866626032
0.3821363751514933,1.5033315396525109,1.2401900001316315
0.3918525698544263,1.6161977413270991,1.2253066024001225
0.3972011897730818,1.4811650287921938,1.265763047401616
0.3976764525082104,1.6069472404980096,1.2628549579730228
0.4105113019990509,1.6901079190889894,1.256982182289217
0.4140892419163623,1.7222123876450213,1.2363765883454652
0.43121544269136736,1.7319550224671003,1.3203495800128064
0.41306641901544006,1.5190294081130304,1.3040091946452057
0.413911784856774,1.543948312425535,1.274074772145399
0.4333232253766266,1.7441611775248682,1.2877321264533084
0.41970337239211725,1.4490000431632677,1.2618523702473263
0.41846080104978756,1.6864320207152392,1.2384179883972068
0.41847369309855353,1.5241503225635598,1.3045684783764977
0.4341825723451935,2.002107822042796,1.2343067720276997
0.41348774609915717,1.4588303696814415,1.2456329829032775
0.419492050213898,1.5027789372170433,1.1874947853561426
0.42839518432744966,1.4849352101737199,1.214303691619474
0.4233709908969628,1.3794361875234795,1.2115739807588717
0.4353357626858785,1.5644087052022826,1.2183334552966638
0.4183222240203598,1.4838063610986447,1.1910605755486552
0.4669727729121307,1.8361523842622915,1.2305861419076296
0.43102757985336987,1.5937008470219405,1.2056554228985676
0.44666836879638633,1.362551218852446,1.1950070198945486
0.45116604185258635,1.5380738409504502,1.2095747671427426
0.45067217955743355,1.4945269323586237,1.2149625578265266
0.4630732973817968,1.3934726518417853,1.2438759369710235
0.48966455854761703,1.7735372896269022,1.1863397615746327
0.46626566664236774,1.5539751007359115,1.1581455231423758
0.465106626277382,1.495995570644095,1.2075015941753129
0.48117031810137706,1.644745053149965,1.1927683983421025
0.46954721960599016,1.545095829377393,1.1973198848760318
0.473395252059707,1.4358493070513212,1.2207373799785015
0.4818726262783865,1.5576421486819416,1.181329678975198
0.5142139633263095,2.0775278760711897,1.1926283150556118
0.5076399601889403,1.5650343521356709,1.168564588550269
0.48904939393795227,1.4822990421101727,1.1842816242615322
0.5435904931769652,2.0611632363806534,1.1956341171123368
0.4927348290284607,1.4334967859453664,1.1860039123208344
0.5014445493036759,1.5182567987935192,1.1842997298452738
0.4927742415801786,1.4099563700811308,1.198962614055666
0.5020919999776745,1.466537194772931,1.1825552722761592
0.5063634617881371,1.5104793986567508,1.1846178401440692
0.5239640361279021,1.754488714617022,1.1374388938557167
0.5066994139052569,1.3878224296691173,1.1216940926784622
0.5010897542891274,1.3617565743503153,1.1633212464670957
0.50404157976524,1.4347963374101493,1.1112441135817763
0.5000684065823344,1.3193574230467666,1.1516978344245197
0.5201163734786435,2.2363585974719253,1.1282691304591748
0.5043831479707762,1.4226207159268651,1.1447485837741485
0.5727415822853661,2.297309665251852,1.1552406971944889
0.5145382475860053,1.4864269942105903,1.1528007514126832
0.5272709249461905,1.498458797719359,1.0823772736094373
0.5187749958189727,1.4254384833576348,1.1191781935159175
0.5406701621991234,1.5152018448681113,1.1508597981046191
0.5365736528792334,1.5667592032767936,1.102000124632352
0.528451762202116,1.4057177432117538,1.098760765238523
0.5515086245708352,1.7748547621507902,1.168421642314918
0.556536219857536,1.6543434194248818,1.127576318732255
0.5444251503037597,1.3465884928420893,1.1587690166695421
0.5424815100659325,1.445692099686257,1.1328299753417028
0.5635703110683324,1.6041131519069367,1.1220466313363653
0.5390097987670965,1.4134478748446415,1.1750581254516936
0.5695121697269886,1.8053995914287548,1.1406224472405917
0.5473298342027048,1.5020120239224195,1.1007889187018447
0.5742824926364992,1.5886969224730136,1.1241273306656066
0.5666265911593058,1.690434023808943,1.124946368708833
0.549428715036334,1.380441672012651,1.1068803389225603
0.56604440412233,1.4345572476703274,1.1277596583503315
0.5737089275626137,1.614376981160355,1.1073420978679742
0.5742117232489623,1.5060217381495449,1.1171443315386251
0.5566588742674857,1.3084675336869038,1.127850336078832
0.5603605448129996,1.3315338216284354,1.1354735074007658
0.5606236794383817,1.3064440859782485,1.1008669107407898
0.5776887036386746,1.4880483708287557,1.1442086467126067
0.5820559924444012,1.8870266052255342,1.0991152346448605
0.5687773392497874,1.4158057771990544,1.1546587198632563
0.5684461289084813,1.3386455990359545,1.1228060410566818
0.564091010195511,1.3256196329965844,1.1508314182850468
0.580393699537398,1.3850431410118496,1.1135837734250231
0.5772272111848595,1.3433981625865197,1.1652546675971762
0.5763315599627371,1.4493818206589102,1.0863170480221789
0.5772057666297095,1.3061132599754652,1.1365838785998144
0.5867262460648323,1.5137293913265517,1.0970833677993084
0.5817354035933177,1.3673166753390398,1.0718671775707558
0.58405907445183,1.487674161580818,1.1297047979465034
0.5843609891787017,1.4202087730036348,1.1584377097936391
0.575078111158933,1.3478563020771126,1.153866327951368
0.5824882509788115,1.3734338279423255,1.1332643263949644
0.5841278577240131,1.3005166699768926,1.1534662012218255
0.5845486017106576,1.4310482265235134,1.124848557245154
0.581391698435668,1.3626670728569328,1.0914856527351082
0.577956929091009,1.3888004217576153,1.1139998579593573
0.5865237694147769,1.4461064799079393,1.134192152729738
0.5924588165841089,1.2311965864282677,1.1021610134823032
0.641417002500612,2.032466000105255,1.116800017097769
0.6229472162024008,1.3474917750634283,1.066850554201272
0.6793090028619598,1.4973047759202407,1.0519974869112323
0.6215101202018287,1.3360924225242192,1.0565250389350518
0.6288976010118553,1.3180904314677404,1.0708492993648675
0.6316004679537346,1.257581518969842,1.0509475903308516
0.6191956567717232,1.1933424674678421,1.0509222222646066
0.6465613049009877,1.502049129739783,1.0349728785956942
0.6257994774722806,1.2915962378978805,1.0510864044289159
0.6495182790463027,1.4230245401776824,1.0458702000308546
0.693483498123127,1.8066921791176036,1.038031733215849
0.6446524577632355,1.2667184836537841,1.0720329373436932
0.6466105421415569,1.2612044653238796,1.0704762019881595
0.6740563831852096,1.450659399678855,1.0418319977164674
0.6436111281154127,1.3071104301896779,1.039536277183852
0.6397842823785848,1.2143492441156185,1.0400519184531196
0.6610307736030835,1.3018437579064226,1.0616382448222421
0.7131064177834239,1.6584041709769641,1.0499307344019828
0.6494946684634594,1.272992095862473,1.0110996425187857
0.6485727425745896,1.3731628737481012,1.0095140256498458
0.6629734326305774,1.2458898229796425,1.021067526008671
0.6613286544943862,1.2855949278014531,1.0155461714398348
0.6769795718053949,1.4067925851852083,1.0286926943220585
0.6633950512708369,1.1939364373614094,1.0505909769848458
0.6627381453278887,1.159611922553321,1.0328826267412756
0.6689324985709255,1.1683403338458982,1.0347798604263465
0.679507355439905,1.29173134497041,0.9889170521200192
0.6945233399174233,1.4239127043384512,1.0372882594268658
0.6711097153625752,1.4504610516103509,1.0015125459792795
0.6970149926504368,1.5890740501512193,1.0017538554455503
0.6781880478322759,1.1957533552177677,0.9993952576598158
0.6892232001851244,1.2815780123681308,0.9742706622864374
0.6874723204125928,1.2146544713350131,1.0093346216337309
0.6954855624688581,1.2194453879710725,0.9820061024257086
0.6958833378836442,1.4349303118885817,0.9843298275109555
0.7134579139219115,1.3357025364973232,0.9788504161028476
0.6953763654736766,1.240207445163206,0.9921770681913312
0.6923829075855396,1.178927688026894,0.9998382224468584
0.7099111136826696,1.3358499460092497,0.9752347157136704
0.6974650498712078,1.1598585649407052,1.0227311310598084
0.7108609773631689,1.2414978502135754,0.9878869949118148
0.7130272699111063,1.2132007684416122,0.9966667256021082
0.720423361859367,1.2573565055653029,1.0187588200201398
0.7175253134534298,1.2340181771254728,0.9980352682793422
0.7147853012523087,1.1760417522682665,0.9748476840136716
0.7130180312283457,1.211265223665206,0.982090106503768
0.714795881405887,1.1878463940900787,0.9948548842937336
0.709579108538083,1.2473033709853676,0.9865498376902496
0.744106446235247,1.376382873639482,1.0334499982538303
0.7295440627904816,1.1869566543208956,0.9624432137621179
0.7294978369508849,1.1818865497032598,0.9932175970195872
0.7356090904627858,1.2316292868034726,0.9793163869987244
0.7328264533569759,1.1571408945765844,0.9711096657746924
0.731296656409807,1.311778136994134,0.9876034283290472
0.764246235838582,1.4734495210148773,0.9532116010630608
0.7505468417294295,1.309123482374679,0.961752986468615
0.74377230051295,1.1591254926285584,0.9533114412283707
0.7484076722155935,1.2478962954273622,0.9623552787428008
0.7651902885553207,1.1240942738762474,0.9611550371658424
0.7580716262250127,1.081813751941173,0.9818225400706868
0.7651330468904491,1.1266219480759927,0.9581234171332044
0.7753091730115743,1.2028396753936712,0.9401041260150989
0.7581782106695911,1.1477051112257284,0.958133366129195
0.7790063590557259,1.3062740426314616,0.96546686740824
0.8441515823544984,1.911150964930109,0.9746207923537986
0.7777641575617642,1.2076731304370545,0.9651331896644392
0.7832726764000537,1.2269174297178385,0.9730047467919845
0.7875758382664182,1.3069695943960045,0.9966509209265544
0.778242302864436,1.1461638538803112,1.020691244456857
0.7792201697593508,1.1983369479013668,1.0058211140670774
0.7767278455005023,1.2142795555506596,0.962028825552712
0.7752766729057499,1.2389012697262356,0.965112646583049
0.8111998797883142,1.252898331544699,0.9759848271099694
0.7862413357388942,1.1696901322569102,0.9672947451302182
0.7988263492657756,1.2260210327445362,0.9800803773507496
0.7965120995905434,1.216948315856381,1.0002804787296202
0.7994116353513576,1.139126815695215,0.9763340838304799
0.7923388744083062,1.1548275572672848,0.9791091397326016
0.8641384930862788,1.5269225354999938,0.9919002909018596
0.7758269984836875,1.210414007457468,0.9888434246413969
0.7927095006713631,1.0726073586471407,0.9562687639065656
0.7963348824592884,1.2609131063719994,0.9980997416806742
0.8143645044717982,1.420531147079896,0.9877316665519508
0.8251300744348568,1.3575253119462625,1.0071503255013121
0.8134355563143498,1.2824607376135233,1.0015415201755102
0.8682416544860578,1.4881542144278097,0.9808957940758276
0.8136426398243196,1.2588879995691933,0.9912572790167338
0.8560465515140555,1.4361786171240332,0.964114530636204
0.842873824881345,1.3825601111989263,0.9921075201953331
0.822584078687519,1.1365369526599831,0.942236965811906
0.8423274807126512,1.3239561840951648,0.9425645184379284
0.825205841288261,1.1415899031823729,0.9859458852844842
0.8279048218158767,1.1284834112794258,0.9532949608196156
0.8295363670536428,1.0953284522749538,0.9674645045825894
0.8322533124678431,1.1943074378536394,0.9555856919252966
0.8387328167159117,1.2676568348080464,0.9590411695006444
0.8288386324224594,1.060235976629088,0.948257030378072
0.8260651003983219,1.2893018555523101,0.963091034296615
0.8565128355770946,1.3382429017181088,0.9429261238972256
0.8296232671568049,1.103419986842747,0.9595169465821832
0.8344982564765311,1.0772068030768895,0.9349765630803116
0.8433294576867724,1.0768471077178101,0.9209927661481144
0.8485401303782265,1.201819132420641,0.9192945487786892
0.8483722954446562,1.181376972685671,0.9355846502013366
0.8470875847055079,1.0485934972114712,0.9115224459126828
0.8508561729439508,0.9880028246251708,0.9045738178111036
0.8634858569525548,1.2521049854265314,0.883209359512506
0.8499118188217281,1.0713117233403822,0.8680672389423375
0.8502447008584091,1.123070651488436,0.8646539354462327
0.8740994078321793,1.1377039773925577,0.8672894868362975
0.8541045230799154,0.959932022788432,0.8718305142023179
0.855012340181104,1.0838380539469628,0.8698206742209615
0.8828250828466713,1.13436302472086,0.8837038058059562
0.8558338868437317,0.9501360191708834,0.8663998738222978
0.8595261851688606,1.0476995497755577,0.8764030341407539
0.8747362153182511,1.0747063130402663,0.8613028877598812
0.8991988741737851,1.2824989301573868,0.8591206797237902
0.8616413532697156,1.0404507465687964,0.8823327317175805
0.8755992764081832,1.0278034131543237,0.8649153081540248
0.8731086678998079,1.175966646060492,0.8855227213768424
0.9157923517786872,1.30294810095766,0.8613158963816392
0.8824655737990982,1.0864836600875345,0.8543706935019842
0.8793056759625902,1.0492493867366846,0.86203329841833
0.8999097571096296,1.1901133441109162,0.8630633837235859
0.8783964703262,1.0239434346417864,0.8700881327568866
0.8763662736911981,1.1081145489555342,0.8650275883120803
0.931510089597467,1.343105880870639,0.8705092517531839
0.8866849868476213,1.1259215128753943,0.8933244181806035
0.9017750099903644,1.268008813176824,0.8721063902528741
0.9083799814782223,1.1190150752200367,0.8747777732261852
0.9025560031185106,1.0720688846091186,0.8749109347169276
0.8989622237013496,1.2189364253199664,0.9060505316335966
0.8942597733125774,1.0578072032146884,0.8627713432610814
0.9155948530963616,1.302299380505127,0.8862080599804691
0.8979432447365867,1.1294741506948505,0.8692671219639055
0.9139164652919602,1.4248689550666271,0.8700817777286066
0.9145004373539567,1.2693220303358903,0.8576593524762259
0.9129653016397179,1.1031343282408388,0.8599816674904933
0.9225992524630088,1.2074239244292257,0.8708470486419044
0.9145794053326552,1.0864802600175545,0.8415552674900997
0.9083441478249843,1.0114413623900036,0.8383292731195179
0.9089500994424508,1.0089568054467934,0.8601586779988775
0.9031036504967089,1.036730487071137,0.8464430602937175
0.9184539516709745,1.2096130167016248,0.8673032900127999
0.9544816834851798,1.3345296463034313,0.8346684092262647
