window_size_1_RMSE,Exp_wAll,Linear_w200
0.21534286580347065,0.4323173311112857,0.4876326390315889
0.21851580805433493,0.4350164935737056,0.5048816806465471
0.21221041644564478,0.40594346785670304,0.4759185022821642
0.21644904623615005,0.4379087150319173,0.4687949767323952
0.22492371577297313,0.4581425832737827,0.5230709579952925
0.219804212720597,0.444015245596456,0.4916913802988219
0.22744125639326696,0.4711074082300801,0.5133372235057975
0.22016343291149398,0.43989130972437857,0.4802265341392716
0.2232831110801156,0.4852109589848376,0.4641978962874208
0.22263101305994745,0.44017600576538,0.5227707971991259
0.21569775429728405,0.4271459199492358,0.4901167896480386
0.2139218889284863,0.3972015508328879,0.4792862600048701
0.21740830571198017,0.4280375851901419,0.5144271358059376
0.22058899537783727,0.4417597350550153,0.5086087498738883
0.21592351332585424,0.4415635349708376,0.4883500239587365
0.21204719379310272,0.42466073333814497,0.4794152497158792
0.22537939306053226,0.45376574877016296,0.4903813251537155
0.2240558746132474,0.4661146377839278,0.4973619598650578
0.21378890765749378,0.4199463790676387,0.482867184866849
0.22351315913363465,0.469047878918197,0.4921405374120264
0.21248051208718913,0.381352267784785,0.5042266854984826
0.2171000166076853,0.4527791810109318,0.488001043666595
0.22399760147787973,0.4610232819417485,0.5066115251579203
0.21593957744573763,0.4298121808556079,0.469775176629956
0.21865248067724954,0.45992361084587396,0.47389703583732395
0.21941981639930855,0.4546143599337873,0.482480151398801
0.2263156695229625,0.4985540845336725,0.497679586911428
0.2156748980609536,0.4085796938893125,0.5153525584125159
0.22229016238086402,0.4334323087726936,0.5400032707850332
0.21590764219074654,0.4342962162227073,0.5025827145861271
0.21916244297467435,0.4305136165955645,0.4957867262147119
0.21667715405536314,0.42356214142487614,0.4927881660337294
0.21595664766487957,0.4264728897021744,0.4911438384746735
0.2117777894873507,0.3874693693541799,0.4970024603400108
0.22315678448446782,0.4651126931029619,0.5080837199736984
0.22233611816143795,0.40988249556857975,0.5375805129000562
0.2146452547788099,0.4211467527468621,0.4852819101179454
0.22486142555569139,0.4650985776108534,0.5077911557267456
0.22001222109742052,0.4510244882649628,0.5032088919348038
0.221588387734759,0.4484939464173697,0.5011367783411328
0.21815817291820533,0.4430476179211228,0.5049979642340502
0.22141882753581663,0.4516456649572973,0.5039714485450633
0.2180820042485719,0.4347115884869794,0.482949782750666
0.21813997029743135,0.4212658237555839,0.5136395948654988
0.2124216563762039,0.4002154954009904,0.4770881444602574
0.21424137079719507,0.4337014507583569,0.4710360273765968
0.2202512866147253,0.4367333204559025,0.5047879619943871
0.22173650392161512,0.42841826204067207,0.5154864230099301
0.2208907718119616,0.4418554474378973,0.4975204628652384
0.21956589032840607,0.4529186644137321,0.5059263085899307
0.21855954016161733,0.4667907008635673,0.4965366982253525
0.21414277958558714,0.4389449140027744,0.4774237768243823
0.22005564245374265,0.4427942276609734,0.503692766344641
0.2171695020357083,0.4353857568996419,0.4877887329642794
0.2124384361547341,0.4062064021163546,0.4808928899947439
0.21922486806908278,0.4435094798974217,0.4760708388047293
0.20995343856266416,0.3998526766103005,0.4987051903451912
0.21720710893738499,0.4461357615756997,0.4949592041823457
0.22234303128273836,0.4379841782673804,0.5133745107552505
0.22251965415753922,0.4472842758057603,0.5206860936024975
0.22317456019955764,0.4771541415822746,0.5044013916037108
0.21653615459651515,0.4136337207331575,0.5169701523484759
0.21560772197678482,0.4451857494551819,0.4695923423236698
0.21612123989353185,0.4272621587576528,0.4873524499633157
0.21532749172735385,0.4376528228545803,0.4926240676306905
0.21302798259294625,0.4249247314275402,0.4783161699753119
0.21913439954186592,0.44549754411441467,0.4957756671106383
0.22159392325189767,0.4556735113406804,0.4993105511681927
0.21600931258290307,0.4255654899056357,0.5049272002152992
0.2221962473281656,0.44778709241293796,0.5246861100960039
0.21269396315927608,0.4296720930989221,0.4769506816807289
0.21557408569712608,0.41354040014478977,0.5223665127067927
0.21818992640436632,0.44536722851516536,0.4960550156404835
0.21616415090952418,0.4358424426572687,0.5099744907207827
0.2287215786970204,0.4738827649467121,0.5209908822814612
0.21723011733852382,0.4342898441285677,0.5022889296011788
0.21039483469523154,0.3808841950167951,0.5138234701005832
0.2236219904197535,0.4604067259162438,0.5109504426470397
0.21500092899779766,0.4221234714368503,0.5050657223404789
0.21768723394415523,0.4508627168437888,0.490920211110198
0.21898958760933357,0.4297129130160647,0.5043526112612121
0.21526815065975968,0.4363180858947435,0.496235222505444
0.21535169964606793,0.43069402414058905,0.4928301238126427
0.2153826951484391,0.4208745737868051,0.4965650862917166
0.22382124452988222,0.4737395168133798,0.5042102993486471
0.21161921649189466,0.40148305317366817,0.4673637188271706
0.21834001483624746,0.4288759591872849,0.5168833046755821
0.22162874582000697,0.4399201353645572,0.5200928706002736
0.22667023002522108,0.4550773012128845,0.5416693655337719
0.22088181009900423,0.4581600634482091,0.4777764605831887
0.21995084471574938,0.4452193734606576,0.4855595827935428
0.21716169024539808,0.4284122231240937,0.4970100511230322
0.2151664137814605,0.4071467059021928,0.5072748431109652
0.22060389050234314,0.4600175619412691,0.4828244674545533
0.22260714319097552,0.4532981365014813,0.5150435815454874
0.21140391752784296,0.3892939471252623,0.4841911655914652
0.21815875308241195,0.4379628952885168,0.48598858888766205
0.20897951295503156,0.3994976030102708,0.4795569080008569
0.21590986990245875,0.40717374504170784,0.5023474334074948
0.21369170638390805,0.3839301123042035,0.5301945458399804
0.21737901914799565,0.4152839038719479,0.5017216233308418
0.2143954829269743,0.3856657093273688,0.5177579638954124
0.22416577574407423,0.4653374640330538,0.5128216815397253
0.21095144120176662,0.3984895418432049,0.4740155982536781
0.21683910414057625,0.4102938629243724,0.5166409887754686
0.21990950726129946,0.4563978473190054,0.500485392547895
0.22196590567434477,0.4443830882018467,0.47827868535045
0.21626399222396187,0.3951062867288211,0.5163462147870821
0.21759522267811746,0.41621401110112827,0.5102656257041057
0.2183246443844859,0.4333489580220597,0.4919053617758559
0.2198030187741856,0.4603554679744616,0.4862798975040396
0.22047511617927826,0.4508570301747217,0.4867373632901526
0.2205257909880153,0.4562351488917952,0.4941941456229882
0.2188417452795284,0.4402281983556661,0.4940996208443804
0.21529177641276762,0.4308592648440723,0.4773116862271617
0.21301307834570105,0.4106243812248263,0.4898092416655485
0.21695070098183472,0.4451285500527492,0.4917592579184379
0.22381009400760565,0.4659711865039857,0.4921826084734332
0.21496809753895516,0.4175247737358937,0.4898086116485105
0.21599630108131967,0.4309232302955936,0.5122764456528597
0.21775180225859547,0.4450035740681265,0.47627436507760396
0.21288812467835375,0.4390346206701883,0.4732655823296233
0.22447753507862925,0.4736068403345062,0.4866014211497218
0.21202316836916155,0.3992460791575829,0.5135119579195923
0.2261767678614081,0.4941191202445603,0.5029249784928137
0.21637047471071866,0.4443301462188917,0.4944923330070372
0.2086904669008067,0.3818074197333942,0.4889714172836376
0.22058365729303134,0.4393746858020161,0.5060442902113572
0.2175102297445024,0.4377638186154904,0.4991633225734654
0.21194338220465134,0.4089541260826443,0.5041469104273953
0.2163064318562739,0.442964610895068,0.4838325791966546
0.21825196007274805,0.4320921355924388,0.5079247339798085
0.21111268518252302,0.3765444434211586,0.4933859474625072
0.2134669518033701,0.4411514022827723,0.4877722718736463
0.2159502895109851,0.4228602265378779,0.4897099062553645
0.21792564303831866,0.4332580034374612,0.4913348872295205
0.2165368369060115,0.4372416395710916,0.4914092152008421
0.22476210884608464,0.4705738204065663,0.5036737590709011
0.21445795924250483,0.4473273319531139,0.4778550216612529
0.21845391762953575,0.4333927798742113,0.5153071563554238
0.21571558182387635,0.4222291070088121,0.4824077077198983
0.2163682213451802,0.4184442092386439,0.5081924408897512
0.21412138249278928,0.4194265932724848,0.4798973715126187
0.21558772426607356,0.4237608307196284,0.4819938308122353
0.22166598165206536,0.4473390170358264,0.5005254413187267
0.22104423072161952,0.4439996690393183,0.5076871472992337
0.218035374721816,0.4500581301498633,0.4938608484945845
0.20993448271205267,0.415420087427154,0.4667511035537621
0.21748335109325467,0.4510079694617224,0.5110999202275841
0.21161747898279498,0.4128602989708546,0.4910147828827138
0.210187610008541,0.4131556540737487,0.4697642345729866
0.21729050634442665,0.4529349503044578,0.4999291819786613
0.21623517971495196,0.4376882148553126,0.5053709144697742
0.21744573873401674,0.4293864729815257,0.5096562414282143
0.21862597544317755,0.4434015939876804,0.4781488247428442
0.2147174900848989,0.417099851318561,0.52223056530764
0.2206018709565833,0.4362436157569842,0.4984579101002283
0.2240117059452696,0.4763559634634893,0.4865148877635815
0.21103749322203702,0.4103016370754408,0.4872006157229721
0.21997688513576052,0.447031271663886,0.4903631436400058
0.21144766156396488,0.4107969547038132,0.4809612565539946
0.21099649153898542,0.42139166472822537,0.4721370229425036
0.2125114836552995,0.4135376343122079,0.4958008715319629
0.2163189295159791,0.43687132824653613,0.4879548372897217
0.21948406030292744,0.44426884325822624,0.4725538500165014
0.22292519941878963,0.4442877219946724,0.5219433689561783
0.21524750769335008,0.4343803248744332,0.4652570638224349
0.21711488057828254,0.4319807805753826,0.4808082234012056
0.21909642738343152,0.4588120871500505,0.4878562829046861
0.21828879005100493,0.4313694694880235,0.4960280876911733
0.21714299275160903,0.4147430603626847,0.5028491581752941
0.2217581510158132,0.4415194514054621,0.521473392205614
0.22540636719500282,0.4509312533525667,0.5136155278807096
0.21654361522883384,0.4363005193848036,0.4791430775460304
0.22029804677615983,0.4509238743204815,0.492606653115989
0.21219943992337698,0.42051660268524826,0.4798612102769553
0.2156334584853591,0.4373050404497101,0.4865177479303421
0.21895653867529016,0.4570222303683592,0.4800695714354785
0.2198297569788259,0.4507676732725651,0.5103278629008379
0.2254457645684601,0.48247726134236296,0.4958219984429801
0.22235573374366474,0.4456952613912689,0.4823417970556138
0.2228549615621385,0.4547525220974016,0.5093725675240779
0.2192223217746983,0.4081347627447041,0.5168319533897312
0.22083337889773944,0.44157063610099256,0.5093665694762549
0.2165886868426179,0.4069943626062975,0.5040258115872949
0.21920012286748425,0.451795015209636,0.5040904339133987
0.21514375546272477,0.439882611101473,0.4578381165927842
0.21650821096945286,0.4296037916585563,0.5187725067846748
0.21427710172412417,0.4400255259164487,0.4703465663373928
0.21646224419320625,0.4435109840664804,0.4668308461499908
0.2212768993095444,0.4805997546242018,0.4850513575427683
0.2192477037887949,0.4375241648751584,0.5125908172440872
0.21483486113246805,0.41980097051292026,0.5102673480553076
0.21280063702451466,0.42642733671917343,0.47321507007920005
0.2198826627340594,0.4189527766500156,0.5138732631087213
0.2158196221888332,0.4426338073771893,0.4687012296074594
0.22405695435611467,0.4480370978467009,0.5065728536701458
0.22242585225176226,0.4505468781925834,0.4937300194909796
0.22271528133899468,0.4686688117037859,0.486017974376505
0.21522839037451402,0.4155719148842827,0.4757651389860764
0.21739047167284284,0.4216221151296233,0.5052483966198351
0.22535667718895977,0.4776901329126256,0.5052003900420022
0.21274533891606354,0.404528949539899,0.4839904212605676
0.22543922227900318,0.4769649885486512,0.4954042520977234
0.2276035095107418,0.4988278170108703,0.4845928454572826
0.21047415327906716,0.4171534225723725,0.468992218246631
0.22026971720042743,0.4556351107579949,0.5002642537305839
0.21896443561420834,0.4373061058012756,0.49413766986819296
0.2207633928905651,0.4636038494398671,0.4715523356943278
0.21919307078644615,0.4541102897236488,0.4891836158194484
0.21986584058564404,0.4404011227149249,0.5034540237373211
0.22501035899602514,0.4637984074444156,0.5136157235113061
0.2239438243618258,0.4556342777464734,0.5133460875053688
0.22286723504084643,0.4644396443369784,0.5027228191853792
0.21896488170599604,0.4414634950925179,0.5016919342319016
0.218683280194379,0.4258438801968802,0.5133139662635312
0.2172800520568208,0.4289572125123892,0.4925669446192643
0.2187989111328422,0.42084214420033467,0.4885971956877917
0.22297337462998182,0.42394047110601796,0.5371523946536797
0.22262851233742798,0.4715812825759407,0.4627948759941162
0.2138555534761121,0.41193648362602026,0.4855762520274836
0.2258555257462861,0.4518586006150638,0.5044938092187421
0.22091754955941753,0.4606367068745776,0.4881279459833488
0.22793823311200184,0.4693916221987775,0.4951042006953997
0.2185102350948432,0.43559190091773536,0.5021197893586831
0.21621366965921562,0.4213002455905599,0.4848082008430732
0.2168527622981102,0.4267942252927219,0.5057833230191817
0.22046423838124213,0.4446803821987204,0.4978194335233319
0.21496340190301905,0.4222765212554905,0.4900598410814304
0.22321975172332223,0.4548288137054192,0.4962697364895478
0.2162657173029655,0.4273319590104638,0.5001604148277153
0.21505885106863987,0.43457719188296506,0.4884441215045761
0.21620555018852225,0.4412954834284703,0.4910589870313066
0.2147721548642107,0.4094709828665649,0.4979184353439474
0.22261202308714978,0.4387845537751969,0.5113000882443574
0.2167916594059384,0.4230334217058296,0.5182171573985319
0.21285166645158707,0.4226877827197728,0.4980906795249192
0.22281232567837114,0.4535045691357986,0.50547659252364
0.2144206845336121,0.3985266349843247,0.518063630906264
0.22717381000752168,0.4717890264349421,0.5093272040455846
0.22201188871310612,0.4574947348916096,0.49685167876971403
0.21711321653765084,0.4402674406796995,0.4847200446638954
0.22093295149705305,0.4490243699895224,0.4776110250639865
0.21857352559794896,0.4445644595539694,0.4889194385990732
0.22103268589031433,0.4472889546563239,0.4679473381382423
0.2126266930985441,0.4071117924361104,0.4890066492312069
0.22759965497948115,0.4768179397563358,0.4996451475628914
0.23085622891247148,0.5037921514269523,0.5288778605370261
0.21668402988417002,0.37707397901085776,0.5101295268677436
0.2119635513734448,0.4049243784961003,0.4883216615374125
0.21509165927219623,0.42703197015967503,0.4985976505551804
0.220558482546876,0.4671700045559452,0.4890468624510298
0.22266569656170848,0.456518500526631,0.520490686037373
0.22331031630622125,0.4647043013187737,0.4867851069390376
0.21325762187180558,0.4147539085696916,0.4796840319011523
0.2173642865881037,0.4316492540926854,0.4824030484640036
0.21218659648428984,0.4240771260507678,0.48188991860013397
0.21864419739428592,0.4267330674109679,0.4986474677322164
0.22104805667037059,0.4567687205344346,0.4893744166682176
0.21412900241406171,0.4020739358913005,0.4742808952145938
0.22241582973403712,0.4785933484326872,0.4656486641114628
0.2211251832672098,0.4359790854283765,0.4847020739115386
0.21871024024188931,0.450329339429578,0.4965150838725978
0.23110572706100654,0.5081373700894093,0.4815561547029618
0.22050723542260228,0.4576226744372587,0.4809445964051152
0.22854482578913513,0.4601044705928725,0.5353593117785752
0.23285102604636657,0.5097140769535984,0.4887498243837809
0.2222121166967781,0.4619811199726213,0.4873255773580235
0.2176234687931624,0.4310115770029592,0.4929793677972069
0.21728447081336646,0.4448496911065303,0.4914552102282305
0.2214151455002952,0.4592326700214989,0.4838933003245566
0.21895314204238414,0.4216927628486856,0.5062686263418784
0.21925638921700027,0.4387538911376711,0.4924139299479602
0.22823278142659895,0.4884271153155308,0.5236884856434106
0.21900229403976773,0.4320154170074396,0.4880360155164672
0.21778342543253135,0.4559550016628453,0.4907182232339618
0.2279197609536929,0.4961075667268474,0.4785225301729336
0.22177659439624503,0.4511535682434655,0.504135221230134
0.22712528886324393,0.4757536094867605,0.4823275214754447
0.21993716852869977,0.4314080269098589,0.5021330537800268
0.2243776612235139,0.4573009568746715,0.5059551999235252
0.21905677743280072,0.4371366033189221,0.4904289239566929
0.21395867162473572,0.3919096489886645,0.5065306778474651
0.22410488188986816,0.4777069537957921,0.4783715675922086
0.21746511003369498,0.4276676626512023,0.4991432950077918
0.22252671297911295,0.4614293399598454,0.4900822817400989
0.2180556811487968,0.4428922684207518,0.4996317382789476
0.2161262437337944,0.4344285322234019,0.4960209304080895
0.2217437090497877,0.4804793536169568,0.4685054297339685
0.21836859071612366,0.4244810905834809,0.5018540631299482
0.21716600672994907,0.4107075263026681,0.4950045161791472
0.22282024887459032,0.4592404030591788,0.5024002790692186
0.21890352202482466,0.4494538354233776,0.470982821219593
0.21008318461677805,0.4096269391871034,0.4892004110440084
0.21255817135303548,0.4143340269666895,0.4951741929072645
0.22051697603622297,0.4736233748083454,0.4846519216465808
0.22343532661965362,0.4484438105753161,0.4895225737715579
0.22390283045886342,0.4662749008549541,0.4897869071298001
0.2234166238344967,0.445319864483708,0.5097080277991102
0.21704518549720647,0.4155353934524567,0.5176071799656128
0.22137852864570184,0.4546724029328458,0.4794889221728066
0.21518211490659325,0.4050035721352019,0.5061317294173993
0.21918286398491357,0.44586457362337584,0.4772539312503049
0.21714630822604014,0.4116255766790599,0.5018254180865585
0.21810380988645187,0.46498230247566497,0.4796315978181326
0.2211836491800243,0.4650699915443012,0.4917639369395745
0.21745244161225785,0.4317345790631986,0.4736216546017158
0.21535077871822486,0.4085032878585835,0.4947858926823648
0.22013738313188186,0.4143120593749423,0.4824238772638286
0.2210576856576187,0.4486942536115499,0.5078484159809801
0.22409182973711822,0.4380634759592686,0.516824894451879
0.22580491645913625,0.4782265163787732,0.5008613010187289
0.22042600046497468,0.4491840232076251,0.4767047458920706
0.22192939433800038,0.4346517988889269,0.5017708232959976
0.21350284769905073,0.4210313758907799,0.4834964830462817
0.22064157726246492,0.4708837393290157,0.4764352651855879
0.2214566735487398,0.4540480975380836,0.4845540552169523
0.2110334721467845,0.4215795132014179,0.4552684488991518
0.21640338269424433,0.3865975061787414,0.5231910000306186
0.2289226587944019,0.4866451157487742,0.5012042517485605
0.2180024360217406,0.4400200984423707,0.5015872234172878
0.21319043915449995,0.3990642193149189,0.5048830316127814
0.22061395225631464,0.4593293747884922,0.491298056948281
0.22276505854249173,0.4432469738280922,0.4978738977142772
0.22562978541436884,0.4822807434029099,0.4978645827016939
0.22319187839990262,0.4516645693044126,0.5082726920071983
0.2145280604990493,0.43257038363203376,0.4762462700354385
0.2178109608638501,0.4132521798659963,0.518880533385104
0.22503452563270096,0.4655594520722681,0.5000875812207068
0.212934403976452,0.4012232239694851,0.5064507798286673
0.2142525113165025,0.42558902056257497,0.4853622368234654
0.22338828399074187,0.4448946892344911,0.5106973733214375
0.2228418678795952,0.4553538733187858,0.5009881596594589
0.21658686078305908,0.4150267602320785,0.4895241398952582
0.21705457463663932,0.4261977043887233,0.5034242397038295
0.2174058693611892,0.441337818423505,0.4998628140965779
0.21742603580837355,0.4274316918188631,0.4950576888970344
0.22340674588984807,0.4635629194168217,0.5107087783446477
0.21591218163137807,0.4130235006098167,0.4930740526711018
0.22081022265374842,0.4407064102450553,0.4829039494104274
0.22466754274035453,0.467760844859177,0.5015104719215383
0.2154268219576812,0.4217258032449569,0.4980378103472175
0.2240783979119071,0.4600273400847116,0.4943130436425982
0.22164272634728568,0.4488519120394017,0.5081388248947257
0.22086252790353764,0.4328447633362721,0.5304220353058662
0.21936479973556636,0.44536325428834295,0.49190176743973096
0.21768452087285817,0.421190524771302,0.4873847896326381
0.22045812304464726,0.4319886356676261,0.5030730644358132
0.22260101945437147,0.44409317453834063,0.4994966637095209
0.23316150717098563,0.5017171727124803,0.5245041813935639
0.22033300645885276,0.436617314776256,0.5117188315885831
0.21202784601007976,0.401032666759492,0.486253010194513
0.21939092908470986,0.4347038697508345,0.5065949133990061
0.2196726883166209,0.4304353366719911,0.5100516424925711
0.22574718071967012,0.4802248502595552,0.5069185445280439
0.22159171327272914,0.4695280688956537,0.5071637721401064
0.22258696834931524,0.4758744016980074,0.4748944467436552
0.2148600513405058,0.4171758066780985,0.4886883998911029
0.21886720955803682,0.4433846511062237,0.4743119717828527
0.22303638907795093,0.4602560207882916,0.4924911201482925
0.22255494945172438,0.42136998189289016,0.5205349754723461
0.21657690619217118,0.4295948929838827,0.4900879952345933
0.21772950171296068,0.4447009988659343,0.4781950138156648
0.2197605120565819,0.4401137393239079,0.5026737017076794
0.21690109282138503,0.4098399683744859,0.5076947608583685
0.21840701735200155,0.4206150192857301,0.4996869031711562
0.22100158682393498,0.4533195714301793,0.4912857355385513
0.21355500693132334,0.4299089215337738,0.4694403017619663
0.21692255600385843,0.4118834007845008,0.5067720289320675
0.2203171593447017,0.4166004245808411,0.5249124647076927
0.22368774109176456,0.4683497191931441,0.5169295472120448
0.21062380637795022,0.4018376795614093,0.4743011338073513
0.21288610290555365,0.4038151246080839,0.49374515466408603
0.21434965452045063,0.40935951721847796,0.5028327089825931
0.22690206565738058,0.4641291202255334,0.5285734478590599
0.21816686659817802,0.44606301686215305,0.4747867676100973
0.22349383390130506,0.468745573697657,0.4900886811533261
0.2176722761752923,0.43091118175626064,0.4910061956392316
0.21593533063906967,0.4296176626539085,0.4879510291935464
0.22078259174333986,0.4432488982628257,0.498300630360317
0.2172696617239629,0.4300372061844713,0.4677814221374746
0.2193526134460815,0.450700421034154,0.4709027588336706
0.2115101965727977,0.4215946186895227,0.478957379414509
0.22244210409325887,0.4541427487650668,0.514185796440306
0.2143423078781076,0.3900780678337827,0.4959885717028623
0.22582283402805473,0.4658873491710239,0.5078394822232998
0.21580633359541357,0.4574992243036869,0.4644290081804033
0.22172306751398604,0.4341306837201227,0.513060712009342
0.21714365883635608,0.4500471900387679,0.4592067456679684
0.2205600670956622,0.4152701872419417,0.5085565153922921
0.21473948919972738,0.4141805739735808,0.5016602404356673
0.2136276776667544,0.4000444107973997,0.4955778670460574
0.21896813301935553,0.4423738176513845,0.5041919127188573
0.21758753035283684,0.4465960211486399,0.4833470745869647
0.21685804628166366,0.4478078319763286,0.5032695506819369
0.21719586433208915,0.4328121724979617,0.5089611815989344
0.22254262056915716,0.4344790205214613,0.4987574703334829
0.22108707468071348,0.43001474932728456,0.5130439976624112
0.2231045517038513,0.440736217894304,0.5171579821854005
0.22316443383365128,0.4204940378439985,0.5301791386941163
0.23065504967277115,0.5069367392680585,0.4889460429046815
0.21653363396542077,0.420323189961192,0.4852907567500671
0.21284056546053495,0.4102902088971438,0.4910345555184009
0.2196045441346182,0.43692752068054813,0.5020479735387897
0.21298065424199336,0.4034235474308983,0.47747516029426396
0.2235229132351732,0.4413888682002208,0.4855462614038305
0.218206787630015,0.4193809313770773,0.4939647105224737
0.22582819893485884,0.4538653731059408,0.5340551909135786
0.21665636593464363,0.42126407055367865,0.4917937945767326
0.22182846829260747,0.44226381857458624,0.5000536970303561
0.22270938855653355,0.4694802490681396,0.4696723780392029
0.21203195715029893,0.378970137102846,0.479708600232458
0.2230689262230296,0.4617554362997364,0.5023466955556278
0.2153921274986795,0.4188603859863981,0.50897766150111
0.21961161087211503,0.4653562536958347,0.4632052318996708
0.22000151310276927,0.4518151520086689,0.4989134733018742
0.223358048341402,0.4403535336614847,0.5184389327176124
0.22536954890060426,0.4512393568929249,0.5264741357396788
0.220211393337732,0.4003148121871942,0.5129888201120778
0.2115717688156338,0.40386291730972795,0.4860683864628137
0.21615879183141667,0.4120217446232928,0.498611331848397
0.22311572716200564,0.44810551079615424,0.4871018989217049
0.21876448511219115,0.4122944616670312,0.5128618295716891
0.2203114439543399,0.4368688845899543,0.4978281579409548
0.22112048516582686,0.4575015962547446,0.4966541902610486
0.2135091478852221,0.41035753120378665,0.4768825101856979
0.21745731543235117,0.4427171792915099,0.4933517513703887
0.21695980085125818,0.44692780357074297,0.4703294571632785
0.21422749985689446,0.4164634272083812,0.4970391717467986
0.21793334643243828,0.4201370702926121,0.5025682746925876
0.2199560147579617,0.4593036571753508,0.494178152835201
0.21043996708931625,0.4002501335119109,0.4793889985091703
0.22184106325402986,0.4698690463765026,0.5008195417445251
0.21325401375469114,0.4095881661708261,0.5046616203138474
0.21324123632204203,0.4167065566708444,0.485270139029631
0.22037399863804916,0.4539604810767484,0.4900694311748255
0.2155574852465346,0.4252393243141915,0.5053628744107483
0.2163105217587213,0.41886166817490456,0.5173401087924251
0.21804638799115925,0.4155726658939278,0.5091801563636049
0.2215709664310389,0.4561183351309538,0.4742749517643627
0.22107242319060202,0.4621733013231151,0.4837300950213552
0.21617949068843828,0.4313672348894426,0.4848816633033685
0.21632623534427659,0.42538389532335535,0.4926509011679713
0.21448405248984004,0.4250630597639216,0.4697965624102492
0.21478017006664574,0.4275696655891885,0.4897003550122606
0.22232336490620916,0.4506989055899229,0.4890468991084502
0.21602973815146,0.4207057072627532,0.479068780879081
0.22361385703744907,0.4604177024597781,0.5106689358124094
0.221461061658819,0.453522708187873,0.5041197201297141
0.2176214776874993,0.44356730594371024,0.4957550610747969
0.22396951512141705,0.4663419483896423,0.505001401371332
0.21456929763091442,0.41638570386530377,0.4838504384543992
0.21528378512573684,0.4241332032018982,0.495662912989358
0.2100749930103396,0.4016251433551077,0.4888450364048521
0.22071960074559702,0.4628516033246505,0.4789920736550621
0.21440519100600944,0.42298791764808974,0.4834103098140226
0.21642270740702887,0.4416349450886629,0.4880993319676078
0.21211720196909256,0.4012607309992081,0.47363766198712
0.21247879726181368,0.4131215379447242,0.4819332308830391
0.2138038062322221,0.41971835521307854,0.4643461890760833
0.22103373380330232,0.44287613222239003,0.4967267290109875
0.21771759548188754,0.4399647406132643,0.5063027618557594
0.2096144392528896,0.3685388774419731,0.5090554761900541
0.210927657035213,0.3867709275547884,0.4978390357772999
0.21510135849862094,0.442403688277412,0.4798992917710838
0.21512378719185643,0.4265375690291143,0.5074624654208554
0.2140096932608249,0.3946032294778348,0.5036783063541802
0.21856315255876402,0.4534829084908363,0.4689671448743282
0.2208784870111186,0.4475579110727069,0.4977403720651161
0.21775546137303853,0.4467762514291047,0.5072695493712017
0.21366272822798735,0.3869496722314863,0.5323894292515867
0.22061655609768532,0.4347932840728802,0.511107072513846
0.22404427364630913,0.4445439406435349,0.5197433816186444
0.22229533864853596,0.4430229643454111,0.4821499483351874
0.21295954004376078,0.4137039784678085,0.5002622827265429
0.21604034086105436,0.4268432700368428,0.4849088902301581
0.22138562465655295,0.4676373932959211,0.4999572874450089
0.21023214724854494,0.38829559318186896,0.4812961074156804
0.21152155418763727,0.420300393740395,0.4749563945935466
0.2160438921903971,0.4268797454857707,0.4910209845492179
0.21295349914731918,0.4013144667545289,0.4896265432077347
0.215607464879133,0.4405546372006555,0.4763570175175099
0.21124347986814873,0.39942621714745774,0.4900144741781054
0.21951525079438827,0.4353534437224888,0.5085097696227033
0.21434989606964713,0.4073867178758245,0.4955267019563954
0.21629428761299907,0.4267453758990839,0.5187528578979405
0.20665571485782755,0.3874297868040234,0.4877784108045185
0.216849387546565,0.43958588381211255,0.4884482888674889
0.2164525447124624,0.4579818744918012,0.4633208112288954
0.21917756037191702,0.4310054819789947,0.4921000339849638
0.21117813291271695,0.3720465336389085,0.5142822881079805
0.22035451704221767,0.45017763338674427,0.4974615907819031
0.2166610497405837,0.4036639664550447,0.5299346194010505
0.21756819389618387,0.4446094362817833,0.4672022399420213
0.22679871822125075,0.4565766047095577,0.5117531406232999
0.21224081046816312,0.4141690534358212,0.4716540781850429
0.21969864281594503,0.4310549928476394,0.5018165223014658
0.2213372166478706,0.4525872088742649,0.5062584741474909
0.2171808321894755,0.44318018794416,0.4892042962742536
0.22451235757059268,0.4576176356074624,0.5096309188563144
0.21781568171347787,0.4641080190052044,0.4760251530974805
0.21440703362960575,0.4420713494101593,0.4905668953155789
0.20979007583734088,0.3962576197762273,0.4644483058457419
0.2171881059683083,0.4265532906067888,0.4934568623557205
0.21839257460987432,0.4285281915922885,0.5211766548399182
0.21606689156544462,0.4110710361471878,0.5156563184390116
0.21381812418763918,0.4140322736424401,0.4894773838725674
0.2122110925289895,0.40235313914390747,0.5001272498163999
0.21134724336916436,0.4104435881788522,0.4789214539722943
0.21746684258886867,0.4369473045764875,0.4984638992686304
0.22987979904704767,0.4849329444286848,0.5020194940726015
0.21771317001340904,0.4413522312027053,0.4972341189025528
0.21062695648090501,0.4146469594712601,0.4726999594822944
0.21657063853438657,0.4120597046854563,0.5158139625589662
0.2173851686223847,0.4373272047846202,0.4810948751107623
0.21539966606862648,0.4252595038843523,0.4848203212279126
0.22057504569969275,0.4431058413303233,0.5156485381742675
0.21953228490871113,0.4408819459044572,0.4876056708769434
0.21734619041415165,0.4334701473680573,0.4833611672838109
0.21954879904245353,0.4506679860999613,0.5022345664480439
0.21802768957707364,0.4458264961751055,0.4870734583564033
0.220885767705276,0.4551702966876794,0.513076009749214
0.21032634921945154,0.4335065706286992,0.4569872455304813
0.22099703457827932,0.4302059469000431,0.5106151711719288
0.21181234884186695,0.4247485728546815,0.4716965494990816
0.2210375968445267,0.4573009501445415,0.5111897733340882
0.21941960748647527,0.44096022412203867,0.5001058440846244
0.21390604394343485,0.4127816875997234,0.5023467111894555
0.2149924509886636,0.3954200370719739,0.4737517494949229
0.2105533935270968,0.41735787872766905,0.4851862852098956
0.21402197096608142,0.4213480880281617,0.4964423377008329
0.21408437583880932,0.417220048373096,0.4781995736463747
0.2241098815999926,0.4530159629895888,0.5181686881983337
0.22321247497983576,0.4445006435217412,0.5202480011971534
0.21912397974581566,0.4688938324073363,0.4771205087183734
0.2133095588180717,0.4102723543393718,0.4826101546499391
0.21241709831519068,0.3871337440980708,0.5135421153412018
0.21633171695605527,0.4343710549961457,0.5077289077489642
0.21448622449084073,0.4073954455424497,0.4826250581103521
0.21685940367144624,0.4228402634079271,0.5017176287133643
0.21963869217582663,0.432660522801161,0.4902956566253756
0.21272687758947398,0.40891610281807506,0.4941945701734259
0.21917793179165698,0.4337697109118788,0.4877635080400467
0.21295166289392856,0.4168455433003096,0.4961041625817795
0.21502665626269812,0.44002385805119615,0.48895471984631206
0.2191818884216926,0.437061184797784,0.4930275738164326
0.21324902308568291,0.3980664476113679,0.5105347100536132
0.21994044926494336,0.4423915039121597,0.4838385869807766
0.2092652171022365,0.3951649884564034,0.4783643327183227
0.21602694312517698,0.4371043130315818,0.4610447547880922
0.2186218032203798,0.4295031522610709,0.4931472092854664
0.21412472585325037,0.4089636471117241,0.4941412042526409
0.22309678452416357,0.4576203433798102,0.5007508771275502
0.21992369647935217,0.4504356249826113,0.4991799750786765
0.22577116834527655,0.5005933204843005,0.4625419109955444
0.22320005297524706,0.4621221622395353,0.4871711559269128
0.21012333069470862,0.3788924213367371,0.5018796530729748
0.22494592316472878,0.4499090624127022,0.5076611373035577
0.21762151223743206,0.4430268149733035,0.4942189569829399
0.22159106371440898,0.4515785823228573,0.4700362720718256
0.22246695766964397,0.453273313077141,0.5110715351570767
0.22310023201582088,0.4531785878863957,0.4888082379635105
0.21688283109804124,0.4241941599355462,0.5068674879869728
0.21309045630411616,0.4020475688734359,0.4934762370784012
0.21712358879698537,0.4056814900044139,0.5112446620821325
0.21627789764818267,0.425089301331897,0.4896641605279243
0.21012697941295605,0.3840941323442239,0.5024559330824946
0.22289646225570775,0.4814389958484462,0.4928833375671611
0.21738088741053369,0.4540019417335157,0.4740571813927047
0.21597604442329252,0.41708562602647214,0.5087369521355516
0.22065306631227713,0.4172599089138713,0.5218922308488787
0.21431245078233657,0.40018293934654736,0.5132341913476475
0.21663709547849053,0.44027025693704,0.489153310318207
0.22086701337503173,0.4359562018554807,0.5193742681749309
0.22406119161758972,0.4559836478258237,0.530724938026058
0.21681392720851758,0.42238364006785895,0.5042581699421546
0.21421662122860957,0.4159650270402384,0.4960109841802226
0.2199798702439066,0.44855325354997533,0.5032178691936937
0.2196960246175525,0.4398940589264949,0.5043454379995292
0.21617300729323552,0.4032557277645624,0.5022073134380449
0.22281407765662536,0.4449513450633695,0.4995378763916109
0.21623517225441355,0.45290802701998906,0.4662952001786324
0.21473420667004775,0.4081196818503278,0.4922467555333338
0.21527433611941224,0.4237612569589424,0.4755408915696934
0.21145872978617283,0.397806435128745,0.48280826092226903
0.22092807006709414,0.4233039624154856,0.5297153491771821
0.22120022833847147,0.4146977988080357,0.5330118573513115
0.21893664449670028,0.4587773678434405,0.5007972375084282
0.21111474583549344,0.3900303532703638,0.5171575654006542
0.21272325021597654,0.4131734308073728,0.485335418287096
0.227785197562956,0.4734679653796373,0.5236302700518798
0.21780621663452707,0.44044375638122574,0.4860878611950213
0.21672622748126188,0.4098016391414053,0.4977876162629072
0.22324723291801227,0.4242970393970084,0.5284852687540332
0.21611636947384852,0.4351027473123414,0.4918629838366771
0.21426823973793635,0.4087791065026168,0.5025054076458215
0.2095621469035943,0.4047356605934984,0.4816600233708039
0.21935027005920557,0.4563978966275084,0.4738064352758001
0.21822939464055374,0.4261591199478106,0.4630528498283246
0.21370567035031607,0.3989076468621419,0.507751678259076
0.21743707603353862,0.4424761075558088,0.4981562590907976
0.22994341077230135,0.4951070715160257,0.4896638138143393
0.2221197807253919,0.4764208910463178,0.49221461584467796
0.22189334823291118,0.4611532244287762,0.4873661605709765
0.21940036795378945,0.41922356404952793,0.5203741728985615
0.21068935832657107,0.4056897628373046,0.4866420487113241
0.21756478747501556,0.4316870738339793,0.509128940354126
0.2202174628178661,0.4374032918597828,0.4746573227926798
0.21558729011313787,0.4128897299411515,0.5015930808755305
0.2175379836072642,0.4380480955495013,0.4918105937387718
0.21713375121895329,0.4283122559248453,0.493330468611228
0.21561713529023124,0.4412297643837904,0.4727818515866172
0.22735834564792426,0.4553053464232517,0.5140719490060079
0.20764483605598927,0.3722474078695116,0.4697902483661581
0.22022065303951144,0.4472732070068545,0.503511223866699
0.2277696782803073,0.4884321171872226,0.4920261865474897
0.22323613389063177,0.4577092050876127,0.5057035119326677
0.21373536775704896,0.4190301711642247,0.4698128574782263
0.21410689804665842,0.4196612383752882,0.4924944546963162
0.21514636266373152,0.4394803739100099,0.4580549036777854
0.21434773503019144,0.4064288211209913,0.4944695033171296
0.21205902386464237,0.4244744032081841,0.4518534517324961
0.21925537681933163,0.4461367598630045,0.4933201536601677
0.21423618960821103,0.4131376852529899,0.4957846368504096
0.21713620301356862,0.4419060633333976,0.4873296415610529
0.21520904961963425,0.4014953761365235,0.4878745134904356
0.21810083371116407,0.43219726366444855,0.4780324669918362
0.22484013688204782,0.4562562543063062,0.509204421324279
0.22155266736000243,0.4474726288451847,0.4845398287325813
0.21893300448194908,0.4370795983364008,0.5158323438054153
0.20820617068798772,0.3982707358458111,0.4660764530428516
0.2165477474488052,0.4412279362430852,0.4906148483268552
0.21560730494910735,0.43434896202595297,0.5004791121956815
0.21729710534194266,0.448194326259428,0.4780066309060665
0.21915262991298598,0.4213191469596762,0.5038760509840171
0.22439639525818383,0.4797226186480828,0.4868472950469262
0.21731071934735738,0.4207831691822196,0.4985694815486873
0.22174625339507378,0.4525228906286933,0.4845351524320178
0.2162210407428988,0.44692836837676303,0.4718024270463805
0.21846860068032206,0.4308594108309852,0.5072531732887515
0.21939678685534736,0.43152086131357736,0.4979808861727169
0.21809649147390378,0.4267938042451647,0.501184215209771
0.21851499951041348,0.44541622797095576,0.4814841229727952
0.21933838024375227,0.4511801041417205,0.479587095240608
0.22031276832023405,0.4471524548162815,0.49295377686293
0.2201724153277986,0.43924217643047,0.5051772818275472
0.2168111170530856,0.439527759060307,0.4972013137099899
0.22189730243889152,0.4587796056211338,0.4895278997104341
0.22178402103794842,0.4735960675177792,0.4951880280668744
0.21260168154191014,0.4043820352191592,0.5029638936244748
0.2107441001128988,0.4314853022684696,0.45712672401634
0.2149993917291007,0.4117828601237647,0.5185519748937599
0.2140789403214616,0.39597490051785295,0.4919395406916081
0.21984176189527693,0.4349654399041358,0.4847625970408957
0.21901250456790547,0.4256029253565192,0.4846790479169747
0.21789995629990724,0.4305890759571571,0.479286676989976
0.21264877806293228,0.38718409380169133,0.4943002504780668
0.2182186744019933,0.4396804288814604,0.4950232475451034
0.2171971482513212,0.4352236652185473,0.5143019171732037
0.21655089986618709,0.4308223466567225,0.4808918499116839
0.22018713128778525,0.4248195300053022,0.5210619655278799
0.2208225184324758,0.43918695110504297,0.5162838761274541
0.2119826060426282,0.3761961238095157,0.4837361857843188
0.2186566112064031,0.4411792163252586,0.4918291395400709
0.2178261651850979,0.4399068487931174,0.500105517442098
0.2265552297477362,0.4583350152466134,0.508614068143278
0.2234118977914264,0.4677613096905692,0.5002182978247004
0.2131279961198132,0.4049880460748595,0.4927020516279662
0.22459638782027277,0.4787534912900039,0.4951458405384239
0.22197487458673704,0.463447789185331,0.5055025259549716
0.20833947117359414,0.3845141904452597,0.5097318650389658
0.21527916762279226,0.4096955365146671,0.4971892618394323
0.21764670979885062,0.4088237714152285,0.4953247732522186
0.21739111449388165,0.43690454877154855,0.4842076743266616
0.2198788145173755,0.4623492821524394,0.4869926110851071
0.2180673529420267,0.4349353423095143,0.4942483781847881
0.2152274232877963,0.4178028906103484,0.4766022238041304
0.21981800481243036,0.4290797464891407,0.5114110145626465
0.22850163946206803,0.5004151827957629,0.5010023738527203
0.21401516482126876,0.41735207873927793,0.4860804202025835
0.21572685366208375,0.40985955728427614,0.4930353059906871
0.2229169934623315,0.4693496660829608,0.4722353711424555
0.21669973467216494,0.3998512480203197,0.5201718080831809
0.21866457656611502,0.4416145130355813,0.4954391173713762
0.21959794507929928,0.4445893956578758,0.4999097189132208
0.22582556040966523,0.4777963280313268,0.5053900085726124
0.2219905861418703,0.4424098969377612,0.5008354212129852
0.22573386192784858,0.4864274944168156,0.4730735051630823
0.2182227706221302,0.4452191214861913,0.4857323915867356
0.2195736390004259,0.4395969592264978,0.5023277172430606
0.22067766348985213,0.4352224738649712,0.5108472431250886
0.22135280645218727,0.4617796984890084,0.5027609212639014
0.21897147820775764,0.4519765008954247,0.4899546146805857
0.21664167445168925,0.4328660745341791,0.492493988058253
0.22088497388832526,0.4486764531191932,0.5082650177766765
0.20747937443502842,0.3909950490972433,0.459563557783036
0.22176328933317954,0.4451558316342325,0.5167640781404181
0.22352974423225158,0.4451978810138141,0.4942944631764645
0.2206000135874455,0.4306170873988085,0.5159097218006914
0.21955505971385336,0.4359064508645038,0.5023205011169604
0.21145346896388095,0.39932185121051533,0.4824860942213063
0.21378405104768788,0.4083428404435889,0.4959234334395549
0.2158572029737874,0.42802803190689104,0.4863224512444024
0.22112759855894382,0.4414556049140983,0.4781146580436189
0.21498674952051403,0.4036892381702915,0.5083942494695181
0.220184354765668,0.4525964929363054,0.5081336610688729
0.21636954934267302,0.4437327370783594,0.4855548286760113
0.2169227443051788,0.4200495658988776,0.4992116284504735
0.2127473151417378,0.4153501940131325,0.4815250596929561
0.22179291630513961,0.4793482965253187,0.4869531405454433
0.22054610678188694,0.4416131364885462,0.5079038896941539
0.2236480861989339,0.4596502691324344,0.5068247583109248
0.22148354403271184,0.4509985116802808,0.5197859736571663
0.2129663453293891,0.4071683977339937,0.507166137252595
0.2137498334510662,0.4085636066274262,0.49237195259637495
0.22428656943177672,0.4746684125412275,0.5085892062414089
0.2150868798629272,0.4046595771866451,0.5099496219438526
0.22653590089227926,0.5051770887600091,0.4792514395996734
0.22137486561755373,0.4342821982111109,0.5154713937693193
0.2231524488649506,0.4700135255191201,0.4857542324995488
0.22104561879807405,0.4160926744564801,0.5356373197909743
0.22402610958889554,0.4631697035673426,0.4993968572803663
0.21794215745156492,0.4331128348172734,0.4847266010786306
0.2180193332147901,0.4332155991549454,0.4926853267031258
0.21910896698532079,0.4563493781746917,0.4845169334093159
0.21368670595346934,0.3880175355955665,0.5291478383940625
0.21881738779034685,0.4426839812079672,0.4871458464444753
0.21673707800642433,0.4389670731516708,0.4927363914742164
0.22183225702409579,0.463052640490864,0.4907856670098557
0.22164601425311992,0.4538370291203364,0.5109313060942712
0.2210471768146864,0.4446704356292005,0.5012819812806704
0.2177652219354112,0.4087103144487628,0.5132296026294316
0.21525781810624806,0.4129110497320267,0.5106171269701493
0.21529599396380392,0.4080206879487686,0.5067786529704468
0.22533725933498808,0.486062756565001,0.5143000978258024
0.21934604129509733,0.4494300019280726,0.5018191304283942
0.21589793518982744,0.4236346806708594,0.4975620217734658
0.21383542145905202,0.4062460882571836,0.4885206681433076
0.22699650841094532,0.4707443835986236,0.5269900151020268
0.21795579438970655,0.4227215898214034,0.5008091875141685
0.22309404090075405,0.4772213453793439,0.5061143639691079
0.21746435151627433,0.4266811452011247,0.4987658721102954
0.21063963591569362,0.3977481615306715,0.4906015853703108
0.21257856720359578,0.4069865872445685,0.4702297448504526
0.21970116484998306,0.4662197434685527,0.4896630025564399
0.21580688528258624,0.4504579504784666,0.4700058496190804
0.22090625329267613,0.4532083483611072,0.4869996906939211
0.21492701026733765,0.4151887749342436,0.4854523847814687
0.2137692298813355,0.4201948258307735,0.4825684453896474
0.22146249957166347,0.4596294650965597,0.5005214647177947
0.2206898480904998,0.452217436989603,0.5105107795173639
0.2122023745242438,0.4015071627178404,0.4965648150044036
0.21675566171054336,0.4196722228910015,0.4783378932632813
0.21805523486614525,0.4346028206864424,0.5116582043072277
0.2168230113510844,0.4466265482525128,0.483818305928031
0.2201362220166664,0.4400079629035351,0.5020544986742546
0.22261031105330353,0.4394098083183994,0.5189661887773027
0.2211947136819047,0.4582993475396873,0.4657404458644019
0.2121693979243202,0.4019450003551479,0.478463567654536
0.22098102188317767,0.4337178846348129,0.5077867025083445
0.22100462590091552,0.4543810435053741,0.5077852954452079
0.214441282279651,0.4294262393385522,0.4892084068371246
0.22240669598749221,0.4478770816722845,0.5115797180237989
0.21683028948216443,0.4050182198012777,0.521662378694816
0.21902116298688448,0.4613919184233734,0.4630985487714088
0.2186318365603324,0.4565252602097435,0.4985483921967338
0.21982382005528467,0.4390882037470507,0.4880836552973742
0.21999853666828423,0.4140191530469626,0.50240057140135
0.2203252005681459,0.4331569435985773,0.5212577073657614
0.2163090294427012,0.4476715591009658,0.4941446215209016
0.21861747083494548,0.45110272820853203,0.4936376377572546
0.21538313046424348,0.4348031707345037,0.5082403368243551
0.21208641706944917,0.3977225028565205,0.5264004312973447
0.2216549744555409,0.4570491658831578,0.5224062873832402
0.224950976497488,0.4648187132832344,0.5088158031277313
0.21767776497014815,0.4268389164682144,0.5058815163829355
0.2185231842456311,0.4410941486896451,0.5283630174468701
0.22536576483559134,0.4925782883076337,0.4929232613366992
0.21721908818534566,0.4416888485977501,0.4828590613684562
0.21509225793607878,0.410449644386501,0.504482108864233
0.21382205000695728,0.4123325401317471,0.4846894997803383
0.21665100077988303,0.4205618276303305,0.4883468233944629
0.20881855544759248,0.41843509692463005,0.44419767073099015
0.21694075423264145,0.43723142506799134,0.4877715643656168
0.2193970413606379,0.4671312166528612,0.4729103028277198
0.22342139660214022,0.4529586202347449,0.5211630207340856
0.21854495498171328,0.4220552728528521,0.502216856426141
0.21506786758021348,0.38260646145074256,0.5172940981651819
0.2199416956641075,0.4035198663798301,0.5114664833590754
0.2164124701475135,0.4118599688357073,0.5027772661069775
0.22167957306733166,0.4258149558068332,0.5382766820259246
0.21842419530591292,0.4163775464634157,0.4890607741125532
0.21900522116380614,0.4140384795208336,0.5208759131619944
0.21754491059260694,0.4351780775896625,0.4733891229162285
0.21955438356266976,0.4306796206321814,0.513203731865844
0.21554804412869003,0.4107589030961744,0.4930497732306713
0.220193592887386,0.4395458277353611,0.5001189323940762
0.21390672664189608,0.41049827240937214,0.4928954520716195
0.21751034829240168,0.4151048453012666,0.5182551050192261
0.21670450120606802,0.4233029334789608,0.469672452898354
0.21496526445213363,0.4109434729256989,0.4989401139369434
0.21326571270259367,0.4180670018468514,0.4977718170926137
0.2080727139626687,0.4078509832562917,0.4603772006145653
0.21473113184914394,0.4237652565440995,0.4767909297643784
0.21575935325777432,0.4228819552008721,0.4867585995895668
0.2114800839597823,0.4016986919804033,0.5088823333943071
0.21809618681200513,0.4468475750191412,0.4900043152368028
0.20886087156534333,0.3905676255256245,0.4809324417847548
0.21783532420642757,0.41117993135776615,0.4945839599275347
0.21597298969089956,0.4157550208931801,0.4846336112739327
0.21717188160198844,0.4345178422889519,0.5048468783709728
0.21485012966549813,0.4202460042482685,0.4787984089217776
0.21434786373373427,0.3865322859086494,0.5200839030663816
0.21679536623821669,0.4126905828426889,0.491318315706072
0.22511988064416172,0.4777063516029017,0.4822030959647658
0.21606566068384653,0.4384480482966665,0.4859780564022022
0.22629909704235288,0.484531965216824,0.4957907655226976
0.21991727479004056,0.4568203916705792,0.4745487780076506
0.2134605106287205,0.4229816613600028,0.48761756193128497
0.22163143030996338,0.4557295386756606,0.5024777848494302
0.21886293924383676,0.4178089374668281,0.5149660586516229
0.2227212627075515,0.4635223387827637,0.4983626625620149
0.21182298966710195,0.3836234664286843,0.5034086208518782
0.21350125965362016,0.420908371208791,0.4609855504758895
0.21130274960291537,0.4211568831526965,0.4703497325421238
0.22142896203102086,0.4610733619834368,0.4758611097920253
0.21688346798454172,0.4480236876445214,0.4667608498554444
0.21291722311216382,0.4153742690542016,0.4972217662907703
0.22597205138774473,0.4732312167702627,0.5173996864817154
0.21913708688711217,0.4251323537857003,0.4776137979699044
0.22576430401256942,0.4691901909200933,0.5133950910110036
0.2182684015611207,0.4249571096581882,0.5064321404514922
0.22473031485476305,0.4655284611980888,0.515713616385995
0.21212542520320646,0.3925262025669485,0.4981139378036469
0.21973233248113813,0.4293768704649512,0.5115109458463802
0.22307754078647427,0.45136773350919795,0.4962752214646775
0.21587561762225074,0.4071506187283928,0.4746369133603733
0.22235094566677158,0.4634347189395822,0.4913709400034436
0.21809793008361233,0.44317303581265466,0.48726444179634104
0.2215542543931539,0.4492929055623249,0.4872561357889102
0.2187903129677527,0.4497913397658835,0.4864466772642938
0.22167204753303427,0.4527729204128212,0.5122935204868319
0.21668583153322443,0.43043011925165264,0.4908943532169314
0.22138632543098602,0.4430927687927707,0.5258330857456791
0.21879404029684238,0.4351213614135915,0.4987606430745888
0.21521797698518655,0.4087475301702279,0.4866745291661022
0.21682907003586785,0.4499437833610657,0.479375882420801
0.21673839370393444,0.445966629695323,0.469989292266964
0.2225609312764564,0.4542534982708346,0.5031883613265765
0.21566721950582463,0.4235802446636092,0.4861817551483068
0.2164100277533278,0.4335296659326875,0.4963827925824929
0.21612885491394793,0.433411280470645,0.5028441162398241
0.22195727878304944,0.4137261620793183,0.5235891783233759
0.21598691108167237,0.4297715071109868,0.4590677826701046
0.214983369363422,0.4210567352543924,0.4994862978953383
0.21624231323995743,0.4329194240770323,0.4800059385661717
0.21420348229517877,0.3970059990700744,0.4967589908952024
0.21998092738924632,0.43232643888171984,0.5116052264001819
0.21624860521936365,0.4055046861120043,0.5176443345862003
0.21846830711654852,0.4060559094941153,0.5102354397222711
0.22174885393010058,0.4402893736678085,0.5171927452920199
0.22085360681769534,0.4458346704112045,0.4971442822570945
0.22763145921650185,0.4851132891263367,0.5096881064986354
0.2186460994965063,0.4346381465694804,0.4993904213280748
0.21954522439963373,0.4495933938838253,0.5015411550178801
0.2150309506246871,0.4194807269847679,0.5088938275441979
0.21522262487576335,0.43059093119353054,0.4964816765967052
0.21584573766392876,0.4437729861390112,0.4821065887729236
0.21918679995546364,0.4388413108294118,0.5127891915704743
0.21310619366215103,0.3967495242919011,0.4986941991146147
0.21333827473145855,0.4094336162595582,0.4564291555440923
0.21987905204003938,0.4436078544448685,0.4942394061059134
0.22401744718217687,0.4663077130301251,0.4801768837549058
0.2214552029862179,0.4382049238939825,0.5049205611338733
0.21389621011782445,0.4332374126835312,0.4688876013617416
0.21693174178613772,0.4309908153199111,0.4994023966994209
0.2199685546239654,0.4137701135383032,0.5318050709336518
0.21993873582728385,0.4513929446125813,0.4908291144116103
0.2202036647173725,0.4245065269153365,0.5105651021993701
0.22090369525862363,0.4333289389157332,0.5078460403241946
0.21501403009975925,0.4067912764063564,0.487823291130409
0.21499782983912383,0.4205449139220864,0.491906340032729
0.22025458986591132,0.4322230349964949,0.4999757424422673
0.21452243404592244,0.4438725641808005,0.4622673050712274
0.22305189103454992,0.4646660276208076,0.4942309328456467
0.22237109169562172,0.4717570282678982,0.4821624212896278
0.21788107520553623,0.44628868232053337,0.4791881594548168
0.21140173018022376,0.3997026446226536,0.4774659561790278
0.21574938295750598,0.4305613608413168,0.4770032427488807
0.22136183980789398,0.4345761603168908,0.5283999350141958
0.21781691086511829,0.44984070087392425,0.4660007570529803
0.2173252776982237,0.4372033726332151,0.4841258272706394
0.2287533991842691,0.4934328935216415,0.5068475939473776
0.21768854900497808,0.4340625890468828,0.4912940922490002
0.2115940454958736,0.4020949214855621,0.4894430607174055
0.2145039475851371,0.4122200828170775,0.4933366974339292
0.2241181506684269,0.4484207865226363,0.5414808229448105
0.2199321905306546,0.4473322277914271,0.4923320400132685
0.21632017261636258,0.4509975660465415,0.49359948798590203
0.21580307588647143,0.4287588753656859,0.4908446309762786
0.20881262777320359,0.3851139924243433,0.4824010095421896
0.21909337963830558,0.4202421916951819,0.506302543976717
0.2187813014883746,0.4431101182807937,0.5079338175440175
0.2173278537339683,0.427478721094176,0.4934140923628378
0.22282466185428412,0.4626550776043985,0.4980944492828863
0.21995584138474353,0.4609319301640027,0.47312370525613895
0.22343106214371913,0.4655037762798544,0.5044471333437767
0.21490428368784786,0.4117932345293863,0.5085550138460972
0.21996368864846916,0.4183904780124464,0.4975927026566777
0.22126776793466882,0.4519849340117729,0.5015082412208757
0.21654701798753317,0.4204034197106578,0.5117781122361406
0.2154168150514974,0.4154197952596713,0.5059286802719709
0.2222722711382923,0.4523047852050066,0.5038812851453067
0.2210078946595794,0.4329531729372289,0.5075674981160819
0.2193062295779228,0.4544692205487523,0.4776130245542128
0.210545973746695,0.3849272620631723,0.4797506944524286
0.21892984337352586,0.4431419448114197,0.4784102645224173
0.21445017209231593,0.390973776546981,0.5024959964052548
0.21794315732596048,0.4295303701509557,0.4966138344087795
0.21338608705357553,0.42852803024620856,0.479968361890331
0.2166135170456866,0.4354402804353556,0.4856532127846312
0.2103174616722797,0.3945035377306156,0.4892247602256983
0.21927348828266596,0.44073640571538825,0.5139540055555866
0.22153562295671428,0.43742830328154975,0.5094676051442436
0.22008878102655338,0.4304386685972881,0.5112800881450936
0.2198053968396667,0.454031798869327,0.4691894756506232
0.2187299913889364,0.4576736035436266,0.4806604894686558
0.21613001748134317,0.4205036603462524,0.4776960730955021
0.2224752522442048,0.4774246560858314,0.4946809303770346
0.22017764521854657,0.4376607241294617,0.5150895565164533
0.2221185181124883,0.42687411637375056,0.5284875777237978
0.2115634457187661,0.38822503133391817,0.497721105683161
0.22353358608957663,0.4748785164988469,0.4978813657622869
0.22078573870989657,0.4448356724574383,0.4931324780331463
0.21943127987485375,0.405332647914275,0.5293163109859164
0.2183150789529419,0.436684824009431,0.5119381110994543
0.2186176770862211,0.4217275276416684,0.5288775781489126
0.22410840467370904,0.482060810363037,0.5125233098339959
0.2217606795566624,0.4415895641841948,0.5081574389770303
0.22033368830907826,0.4297946137158999,0.5153577030695203
0.21879611764632834,0.4138372132969236,0.4969197366220806
0.2226602382769341,0.4572600800695157,0.4902656570458317
0.2258011101106427,0.483894063758084,0.5013127725733175
0.21887338794099168,0.4564116036764449,0.482079688783236
0.21994672017891417,0.4459463814454615,0.5197588170725617
0.22600626039670324,0.4942329277241183,0.4941588806151953
0.22317051636005772,0.44260198960862857,0.5089479996250685
0.22800717480735955,0.4641625367131199,0.5143059647289777
0.21715996352088823,0.4356108738650321,0.4754253337754068
0.21667376959731782,0.410720440305546,0.4892276621576038
0.21697994189295433,0.4299284126750792,0.4926253031516403
0.21837245412866566,0.42234227739700825,0.5027234326554786
0.2215377134099017,0.4250997645108157,0.5201136694130218
0.2159631493562009,0.4148818279749956,0.483196148690469
0.2177114804015506,0.4352623947294753,0.5021796894759412
0.22031294668793372,0.4284513102384189,0.5029090991593406
0.2168257930575895,0.44128793313909903,0.4876323931224014
0.2194720210694849,0.4240532204701827,0.4970091104086304
0.22162208238893463,0.4510944599081603,0.4790408129319024
0.22048008846517417,0.455809427711828,0.4924100923584037
0.21890961060108607,0.4594229498841042,0.4748798668415066
0.22178824611545317,0.4379371513735956,0.5071252513534774
0.217149587491043,0.4318057527397013,0.5082969904686652
0.21914217484962847,0.42972796791245504,0.5054161506322015
0.21556475630838356,0.3998107841996203,0.5304090078220475
0.2193340119124447,0.4369623485745947,0.5038700433309561
0.21716899475175402,0.4429549331997581,0.4957403168092604
0.2202614729012877,0.4257794830487529,0.5282159248865512
0.2222982292424955,0.4641098244481411,0.5082658947131212
0.21318116861477854,0.3942659675018773,0.5071570537086127
0.2130193980307073,0.4261620108941647,0.4778890997765946
0.22053604370801771,0.4641881893436956,0.4796009185709182
0.22192397603654687,0.4583367354266914,0.4945947912581085
0.21541786308380032,0.4307695525982133,0.4820129677594601
0.2155919400412475,0.4105640118705513,0.5150589871621825
0.21620724729347018,0.4157923171843467,0.508846966497365
0.2186720058219259,0.430399170506875,0.4908923147182617
0.22042677113268538,0.4456958040094658,0.5151397055448171
0.22056948965574918,0.4463961503778617,0.5098575631739489
0.21170428833083185,0.3976348124303054,0.4966681102360508
0.22402674444980555,0.46623543419904606,0.5040709299999728
0.2118742664786071,0.4091160539086824,0.4689805333626492
0.21492385783549323,0.4393089457622479,0.4780477936030762
0.21511483911935614,0.4199581465812889,0.4844065628651933
0.22438785239797174,0.4849813044411938,0.5062128738856777
0.22458145477668212,0.4754052384472643,0.5005075698071288
0.21695882286858173,0.424526420848556,0.5090888512890048
0.22252844401636707,0.44412973980665105,0.5032221131463903
0.2250014272951411,0.4571811196711929,0.5217232023724049
0.2186114707536411,0.4505316859221924,0.4808710792567106
0.22188756231466783,0.4675528073180996,0.4912883140374255
0.21500102100076035,0.4363934408487917,0.5089151578940146
0.2123633933600191,0.402309297135294,0.4975565694362377
0.21599414281692403,0.3945313975248703,0.4902140213272741
0.20965910584816436,0.4028499329929266,0.4812589022270738
0.2219077842729268,0.4465201493182887,0.4906746747981681
0.21224358196628587,0.4013815481450721,0.4967182575362923
0.21467469108642334,0.4213781195596579,0.4903131334646945
0.20871754937119064,0.38342812423198347,0.492945701076288
0.2171056737562152,0.4229370916825468,0.5016448456378109
0.21805611418752058,0.43118529921644944,0.5030894633559085
0.21521259311483054,0.4314485510792948,0.4846689430983768
0.21564316549981094,0.4139878406957492,0.4839684816874492
0.21066249520824543,0.3969243787288535,0.4795761645516392
0.21235930524815422,0.4254312689473158,0.4636101551154397
0.21600061242182528,0.4096292233585692,0.5222087108463603
0.21756088870381218,0.4171660352533733,0.5071903403205757
0.21786419819610217,0.4690687842654144,0.4692804603082067
0.2217891222102909,0.4666444373795464,0.4868833879682725
0.2184374192098153,0.4738951346783011,0.48914222291632303
0.2137968407875463,0.404821914343728,0.4849275005489484
0.2246217485275357,0.4842381533878266,0.4872634903184164
0.22039097429588658,0.4727306903562561,0.4878204492273184
0.21746672122313998,0.4353771115946724,0.5036111221382772
0.2163911312545907,0.43801238659081176,0.48638764295371706
0.22011552754698516,0.4420769037410637,0.5250557488724219
0.21322078177493253,0.4161180166008413,0.4681644610702931
0.21629476909446674,0.4032525281380179,0.5090939753987727
0.21413056684997078,0.4162009059140525,0.5044571881800768
0.2183879173671548,0.4119999179418326,0.5102154867621064
0.21625736113884708,0.4391336912369523,0.4650136804002319
0.21456691207174872,0.4059964758778104,0.4997875886433193
0.21254976813799978,0.4158645817141626,0.4680895640133616
0.2244896139317145,0.4744442814360828,0.5002698264320236
0.22120252984745492,0.4528355181653431,0.5020779064320573
0.2162192680662328,0.4369885706672095,0.4858043613591247
0.22452658562220953,0.4786989728949521,0.5020015479683856
0.2152658400081132,0.447077284452816,0.4700704242289702
0.21960251491124005,0.4435149168078146,0.4891193098588853
0.2161678011736698,0.4131516493971752,0.5113092442398146
0.21776277079055553,0.41980611401374057,0.5104363226148461
0.21409892445655238,0.4439268780154949,0.4635351958756012
0.22163607989142162,0.4334035212157971,0.5208425871188471
0.22065764089745143,0.4508346282462016,0.4856917784142914
0.21935287515417223,0.4196624009737961,0.5007843554409936
0.21643385162268566,0.4117224361056971,0.49661172579906204
0.21644705698126274,0.4143094538258944,0.5118270029646743
0.21999596912563582,0.4636873197106053,0.4715292118777278
0.21259139914003072,0.4151114381473084,0.4857032562872661
0.21311233215972475,0.3997769136989151,0.4908180316543242
0.2166616902086625,0.4298780801087638,0.4937120841741285
0.21684680613422594,0.40585536027892055,0.499458133514483
0.218382875131921,0.4041262932738339,0.5065498995416965
0.2208377884058774,0.4463206469260282,0.4937483372792382
0.21967855888132973,0.4524205102566842,0.4911706304672012
0.22023258913839847,0.4596201279242885,0.4858809054104163
0.21380003622015473,0.4087419722713934,0.5005876587665516
0.21971649859382064,0.4567659816298978,0.4963902109905287
0.22355257088500696,0.481767453937026,0.4896429710493722
0.21657147756537792,0.42884281323395096,0.4922553719952856
0.22390019719960969,0.4584684513619661,0.5286225849831955
0.21896898352893793,0.4140400867585346,0.5119094162117641
0.22284077190195117,0.4494802625925508,0.516994485044818
0.2169263162337945,0.42413308910657066,0.4869005314560214
0.21792958694012896,0.42994818371964144,0.4636475586286417
0.2178225971044821,0.39907008660639703,0.476317239337465
0.2257252070432135,0.4628154451757023,0.4947893280244884
0.21507523860722577,0.4096181632349573,0.5230944333054542
0.2146772266024025,0.3948997155441541,0.5090744827944276
0.2165152932435893,0.44867775897626705,0.4637433440404161
0.2253818241461636,0.4650012179237819,0.5237147408980084
0.2152272288806934,0.4491446484920631,0.4706917406438141
0.22129306542260557,0.4506543544827597,0.4924018110992936
0.21725759371418565,0.4247273335617943,0.5055834376540429
0.21252814933749614,0.4018406125539248,0.4909150460867784
0.21516475782611333,0.4238700094853866,0.5065312565611482
0.21500484546651868,0.4274982882088102,0.4796234432070493
0.2178428340889679,0.4429507261465437,0.4828702389040426
0.2188994162573534,0.44277137635342617,0.4731303652874626
0.21467572066916968,0.4261242229376513,0.4694289782375691
0.22152240597581943,0.4339161550609449,0.4925042622476277
0.22172224737640048,0.4604667200982952,0.5019571058072685
0.22271335299960257,0.4694229794466043,0.4973159829522591
0.2149481507966027,0.42284112945528507,0.4829442182230238
0.22088963168877007,0.4570717788143797,0.482318863301385
0.21557420024887158,0.4228206133451885,0.4830641859939893
0.21489226875063794,0.41238875777568496,0.4951543820450921
0.2228254718023711,0.4484069020067775,0.4984944154190664
0.21455686275381575,0.4391067008320267,0.4986413109232675
0.2134442252513025,0.38379726085101146,0.4914035091102094
0.22244699781469848,0.4617479622715821,0.4815356593791146
0.2223551903066439,0.4772897321294193,0.4975943713429734
0.22629963640324255,0.4281303939024629,0.5199461662343811
0.21965378941310187,0.445213121797843,0.4910142181385577
0.22103028855264006,0.44868436026652997,0.49426417108604104
0.2188019420756169,0.4130318662746632,0.4769532982649151
0.21722959329329686,0.425241766144309,0.4970691381584771
0.21845845320199092,0.4284665376134292,0.4885535827241844
0.22469737948714413,0.4530430096738901,0.4885939704604861
0.22124420499263373,0.44589163968163376,0.5159712976498267
0.21975112760136006,0.4069361389282528,0.5117468032516657
0.21587631442700633,0.4341213898614877,0.4708388149180158
0.21901856978420636,0.4394745681139501,0.5070547947745955
0.22249053382903866,0.4638143433196503,0.4966185967472589
0.22286694418132263,0.4399715556666809,0.4824574126266944
0.2182164227286647,0.4167134984562909,0.5300845942415822
0.2220075958814748,0.45018819344260896,0.4967493393650128
0.2228815629152438,0.4440578548791983,0.5145209322190193
0.2190830535019687,0.4299338497572722,0.4964966758391838
0.2236179993501552,0.4556308053470676,0.4977964793680483
0.2128953621064413,0.40950156448223735,0.4978468694731035
0.21720535072365402,0.4239301886854717,0.4960925477229742
0.22024719743522364,0.4153322788205789,0.5079037069938458
0.221749564356167,0.4616249225750274,0.5166054371991643
0.21956264189533112,0.3774865882569272,0.5251373551474592
0.23223926964547076,0.4977339915202383,0.5302206969987829
0.21857930740177445,0.4289361548260924,0.4983900118905896
0.22053606748236054,0.4352376444236401,0.4907179797620306
0.22040778051664456,0.4110596773261992,0.5015536734910608
0.22389187833197802,0.4295397339432859,0.5131206726424371
0.21952416022617757,0.40489242414326426,0.5079519605615557
0.2208391918135041,0.4209384292797824,0.5124374897496197
0.22340819459350436,0.4459745776739416,0.4957313364077492
0.2262813891570939,0.4737868115402153,0.4914592920569396
0.23076056722604166,0.4871280567258132,0.5131161168550886
0.22137909069109407,0.4224920413875526,0.5125486509056008
0.22862900258485566,0.4493264310127279,0.5390201730934179
0.22273474775079236,0.44130340163628096,0.5153516692161851
0.2312421308546043,0.4798614523024301,0.5011381908648554
0.22264329233852004,0.4249675414294851,0.5045963346672181
0.2175135423092162,0.4135396993262266,0.5264735792822031
0.22153011137969592,0.4285409032869046,0.5196645969552119
0.21129254232927594,0.3735071852821312,0.4877525726814721
0.21439067354828836,0.37926572402331815,0.4982502564363842
0.21675705587531816,0.3849259217339322,0.5340995044808673
0.2257936294809079,0.4690565317445695,0.4911788493184224
0.22593622209453668,0.4556898037307816,0.5029603372126281
0.2231343848615466,0.4368414665834909,0.4860359950246876
0.21863531507010422,0.4136164153729521,0.5125859548906138
0.21876593937749825,0.4196017477312637,0.5196161598259512
0.21362261646070546,0.4190014796031716,0.4968353438559399
0.21549432944057514,0.4314296483587489,0.5275039866870762
0.21502411817018058,0.4463045331861447,0.5233099324177389
0.2217863640719584,0.4651982773821951,0.5094779097679081
0.22007191587367267,0.45914912399202,0.5029923575960712
0.21565006469851383,0.4133302114902419,0.5342314121632442
0.21790059848569038,0.45893019295680204,0.5221466008211347
0.225184383727722,0.4551654458884422,0.5826477638010412
0.22248777740783374,0.4485784779719173,0.5236369872125234
0.21791648723638918,0.4370839234504935,0.5148166274848895
0.21740163369326632,0.413129873033696,0.5175160263890914
0.21273575710083165,0.4123533941686771,0.5092297022517343
0.21576916947316732,0.41508850627089294,0.5229497275916125
0.21483342081983473,0.4405139634764382,0.5195086390644351
0.22568279679428316,0.4622543385022632,0.5528145795576148
0.21350915747741553,0.4016940266492186,0.5179595930813465
0.22323820159297283,0.4310467673414051,0.5678302155026812
0.21931424627347437,0.4457080039874414,0.503187096833689
0.21606123569235033,0.4060050239175205,0.5274848932240325
0.21796573506000938,0.4090070779032985,0.5399406112495759
0.22205817625358748,0.4359434205020541,0.5474036048136701
0.22333295020413213,0.4409929475071538,0.5580010557616302
0.2244314352075969,0.4116046073388249,0.5431690038047399
0.2217484982725982,0.4372339231342439,0.5401683934853618
0.2274094013293633,0.448381286419524,0.5224070880637175
0.2222745432369352,0.43915185279692615,0.5344691870829003
0.22933131192350253,0.4636648428694386,0.5712317527029628
0.22481342208952168,0.4392852588475808,0.5637900843541064
0.2265793195277967,0.4434487158411269,0.5415300857988288
0.22967567520161172,0.4519087136029082,0.5694353948551142
0.2191891147081931,0.42309558048241735,0.5501189698355095
0.22458280254235055,0.4319744449086758,0.5363978184079137
0.2246548425391036,0.4479882806133525,0.5599844943367316
0.22605863866705797,0.4379619821318673,0.5298753527438117
0.22802649116483317,0.4475551056841184,0.5358239378827225
0.22229399179595327,0.437630601988533,0.5307641011227608
0.22325019484277875,0.4238493008193865,0.5472563220734223
0.2247516187800995,0.4127631129600994,0.5563556810629469
0.23457762848740799,0.4815789755533464,0.5557692988341048
0.235159381947018,0.4674485676095194,0.5856563337075125
0.23101243339027097,0.44957823550133225,0.5727191894557998
0.22527697394502627,0.4462928107311669,0.5458529404499327
0.22357842775856562,0.4255448894157279,0.5652828397379891
0.22558723185936258,0.43711455041916736,0.5401732830876383
0.2283838323879606,0.4713718736575812,0.5497629767357537
0.22954569463796076,0.4417309602947123,0.5657327786495289
0.2301567794558581,0.4525439991700696,0.5705381714095362
0.23635220769861817,0.4938023606335885,0.6162484027915454
0.2327244782637362,0.4333425310035414,0.5916147528725013
0.2339207166620752,0.4686116245266282,0.5733892620173593
0.23313689069415197,0.4806297934712663,0.5722017761053223
0.24719196353643402,0.4981268622966498,0.6293057514866615
0.2412595963920779,0.4867121468434078,0.5922289320189968
0.2364081359356089,0.4623682442269559,0.5960351791517815
0.23758803041957655,0.4533931595202034,0.6228125722675973
0.24110448600384035,0.514463459583542,0.5885105427983771
0.24467898692688028,0.500088597678511,0.6057899848591601
0.24641845507994625,0.474147489751932,0.5969422500559957
0.24912441283319975,0.5690501688119769,0.5688610890290324
0.24795495323172653,0.5243352684724729,0.6128264654424879
0.24451579171075635,0.5315477022507549,0.5944136874596702
0.24759500097490558,0.5324094389610482,0.5955642598915265
0.2506510834843059,0.557479305832103,0.6009396632432263
0.2516739955495053,0.5351083450077393,0.6162501491514015
0.25421375795346535,0.5766519400032208,0.6253858669498382
0.2615236085696032,0.5757072663507161,0.6218897872741889
0.24615977332359354,0.5518264640830961,0.6399048372003463
0.24712705583901048,0.525599980715099,0.6035105530323589
0.25049369924229753,0.5856763023109246,0.6263931203820701
0.2447383896040052,0.5878295766585268,0.6661268240609732
0.24136691602117977,0.5901443247814812,0.6353134357716469
0.24952193941729786,0.5788638465338644,0.6356041595087282
0.2556101506243553,0.5608092729931771,0.6704864488038156
0.25055798345406594,0.5792311555187798,0.6475240581524682
0.2495645353638762,0.6137693991740649,0.6766534663982755
0.24516222129622925,0.5884270903523803,0.6611472903621042
0.25222243957391155,0.5726612449795739,0.6797022282983158
0.25885358442213957,0.6100023047795579,0.6599157192285909
0.25318954107712316,0.5950658028738836,0.6601145266046017
0.25160484262596744,0.6023601806380507,0.6772218134713165
0.24961317256951104,0.6272544968026527,0.6886044304177248
0.2507455706701175,0.6213902038576881,0.7266492146885137
0.24721512226262632,0.5617490376812211,0.7213763082117335
0.25909222504078855,0.637675297050265,0.7159827690663575
0.2529173360262444,0.6721277138847079,0.7376508609296795
0.257229673945563,0.6216861971970331,0.7369531958170942
0.2690721338050369,0.6618656214392448,0.7770324414523562
0.2896646482043723,0.7190358266863558,0.7931473370065814
0.27725523629592147,0.6703659909128795,0.7772493263924458
0.2809875724716449,0.7251009515469042,0.7843393079672937
0.27755813767530263,0.6779433056877683,0.8086647095252468
0.28246836821817006,0.700956936705028,0.8166260173467909
0.27912571792927665,0.6422989100935442,0.8205040901227855
0.2928460608338888,0.7144904500397926,0.7967042541970243
0.2863539078839979,0.6664378993525156,0.8310760283099522
0.2914543944524344,0.7168143680816179,0.7937876548656935
0.2861191641774431,0.6922469984886771,0.7897885737941067
0.2855728945933733,0.6925729629200947,0.7783839124125828
0.2811633208947314,0.7329109518281273,0.7743709101751115
0.29611958418808115,0.6645415241220318,0.8131642560959399
0.297171985799725,0.703771709200518,0.8282455618460682
0.2928526916214671,0.6665609127985147,0.7897716945338451
0.30347127213120423,0.7181765997805938,0.8048251135440359
0.30775336321566127,0.6547435974688928,0.8463502138078546
0.29043422150670123,0.6629587460938977,0.7830780226879186
0.28610099986830684,0.6994832863487517,0.8234138538931086
0.2873609644917016,0.7183535762460305,0.8556164216099694
0.2854511015626543,0.6765614980009609,0.8135863404080239
0.29333065323204904,0.8974663874228966,0.8790260084013215
0.2851215691194251,1.2186796846535979,0.9839917294209212
0.28865797637736906,0.9094870637495776,0.9801355817242421
0.29250990856657133,1.2866093967516137,1.2059337728283048
0.30214390853117534,1.6361716874040446,1.2697162979691776
0.29657631067623186,1.5579906471600882,1.2566982321247822
0.29348249750497596,1.554419247835891,1.2827333951165487
0.2957585965631497,1.5427608654872542,1.2617926916526665
0.3146876431211873,1.5300840532504705,1.2336758846722633
0.31010035372610334,1.4969657519388375,1.2845702780502668
0.30810092475366024,1.4957744826869956,1.248982080192134
0.3253024428028254,1.5221077627448112,1.2946247053380389
0.3242708951507332,1.4849152770866554,1.2301285529355552
0.33233580212511754,1.5032287948799736,1.2701393255713571
0.32713563468911033,1.4978876586819274,1.214193248014288
0.3289956976790593,1.4902245142762933,1.247583042674406
0.3241396622028102,1.4641162151266798,1.1754622252739901
0.3314092000319839,1.490243257897456,1.1868059414388692
0.33412139315809425,1.4745249377912844,1.21903362400575
0.33126482903341736,1.4785677579138643,1.2672918866122391
0.3320902867526504,1.496498265888328,1.189870602374171
0.3321422336734613,1.4753014576889705,1.1845255298831996
0.3438524949978297,1.4778250571247051,1.2325769543441396
0.3495244247746574,1.4997275262616427,1.2817237981211016
0.34092009568843085,1.507422289047519,1.2983489635422925
0.3457944001230198,1.5370197775040737,1.2043875270070088
0.36778801376566134,1.5021095619240932,1.2109783886598835
0.36891063790160317,1.509470701447838,1.2461447370222627
0.3687610916881091,1.4607393447459849,1.2543075313092242
0.3701352259576309,1.5133302692867894,1.258322667104523
0.3709696222871235,1.532948705375666,1.2126384503022418
0.37121587016004914,1.5161967880274936,1.2676727358276905
0.36945135848027943,1.5158639523387094,1.2643190930041126
0.38037758990061127,1.5016634267472322,1.2993622410976284
0.3777669801991509,1.502423431272403,1.2512530064658125
0.38044623916837417,1.4885943026439674,1.2690639050416592
0.3767387466757335,1.5080679314442895,1.2397782969260946
0.3789675161938601,1.5316583506671229,1.2605622351519867
0.38620975865209123,1.5101208983108887,1.2503231473720318
0.3817297402500377,1.5141370461719077,1.2784260618342436
0.38875728025583256,1.509151258593788,1.2592770261969288
0.3979885953165596,1.4910025874499897,1.2918944729514876
0.40258992260601373,1.5400858890465141,1.2105140135576071
0.40578457215910596,1.4850476275333326,1.3075943599973678
0.4118941369377528,1.5176483260144644,1.3032416676965366
0.4128959844075053,1.5219750349279446,1.2446144881343038
0.4112668772802722,1.5311705787204288,1.2317085866626032
0.4116706375878508,1.5381450817315132,1.2401900001316315
0.41619113282552606,1.5295504258186101,1.2253066024001225
0.42125321664840565,1.4977239641015845,1.265763047401616
0.42144899648426787,1.5087241585388051,1.2628549579730228
0.42938759832461926,1.4999491848849411,1.256982182289217
0.4322051341500508,1.5075790135861822,1.2363765883454652
0.43439730703112533,1.5269398343681704,1.3203495800128064
0.4360886698667413,1.5405120585236074,1.3040091946452057
0.4371231909059015,1.5347907079200769,1.274074772145399
0.44025849057256733,1.52384160145852,1.2877321264533084
0.44463689120711725,1.502918412797046,1.2618523702473263
0.4406927760136658,1.4789065918180575,1.2384179883972068
0.4405502570355142,1.4948353996206143,1.3045684783764977
0.4492952001014473,1.4802691389419966,1.2343067720276997
0.4395977342071316,1.5183974801004014,1.2456329829032775
0.4472050421032281,1.431236738208061,1.1874947853561426
0.4539081875934498,1.5040669705879692,1.214303691619474
0.45480920616427384,1.4529640096876673,1.2115739807588717
0.45232529980069414,1.4268239684336308,1.2183334552966638
0.4543591261349147,1.4545812871847985,1.1910605755486552
0.4520866238353598,1.479509424175461,1.2305861419076296
0.45647706681812295,1.428817991458193,1.2056554228985676
0.4694599098854242,1.4468309928343177,1.1950070198945486
0.46774926488837515,1.3968211145579297,1.2095747671427426
0.48361434383633567,1.4104930106576037,1.2149625578265266
0.49385805239331,1.4147555782821557,1.2438759369710235
0.4949699359343595,1.4114861219691957,1.1863397615746327
0.49494128258219383,1.3855848906098194,1.1581455231423758
0.4906703385339181,1.412435823285238,1.2075015941753129
0.49868015871252214,1.407792421178565,1.1927683983421025
0.49653347663300046,1.4291512557420274,1.1973198848760318
0.5056670584964645,1.400481655440496,1.2207373799785015
0.5085677508744194,1.4170282228644364,1.181329678975198
0.516047921024952,1.4301289328854891,1.1926283150556118
0.5193970461814602,1.4342382506123794,1.168564588550269
0.5228687515321915,1.3971206601685249,1.1842816242615322
0.5238730924379604,1.3976882132562525,1.1956341171123368
0.5209917142844874,1.3949600946144154,1.1860039123208344
0.5211861471414104,1.4143656888035017,1.1842997298452738
0.5199867899251092,1.399355663779966,1.198962614055666
0.5335691416250545,1.37689387146611,1.1825552722761592
0.523531458953717,1.3590682038420114,1.1846178401440692
0.5317907037883908,1.3650381197122392,1.1374388938557167
0.528292492348801,1.351779347678611,1.1216940926784622
0.5257189145975358,1.3448482770009205,1.1633212464670957
0.5249920197685477,1.3148699481444392,1.1112441135817763
0.5275318098716282,1.3235914395473674,1.1516978344245197
0.532152260077003,1.3739362136678404,1.1282691304591748
0.5320220232194984,1.303197582438593,1.1447485837741485
0.5277732800778402,1.301139789430001,1.1552406971944889
0.5419774007289806,1.3366935662122577,1.1528007514126832
0.5502693829277165,1.33583710610248,1.0823772736094373
0.5532689770254714,1.3136926578841388,1.1191781935159175
0.5537858943384084,1.2951411777284418,1.1508597981046191
0.5569759698534648,1.3260803125770697,1.102000124632352
0.5557570425297977,1.2722162292145969,1.098760765238523
0.5563499492832679,1.274625137228427,1.168421642314918
0.5633794827030231,1.3044134804903564,1.127576318732255
0.5738432874441954,1.2791632035635727,1.1587690166695421
0.5699839383512351,1.287898150148015,1.1328299753417028
0.5737439248078071,1.2720378775222227,1.1220466313363653
0.5671926482735348,1.3188910335256423,1.1750581254516936
0.5728787055381102,1.281173690839968,1.1406224472405917
0.5700737325370274,1.3039820679525658,1.1007889187018447
0.5782282693221844,1.3052198978097875,1.1241273306656066
0.5744884597093877,1.31580359593543,1.124946368708833
0.5854601887464053,1.3187954700255835,1.1068803389225603
0.5865153302618807,1.3092623999252992,1.1277596583503315
0.5891133603144423,1.3094792682548524,1.1073420978679742
0.5962907795072421,1.2977108514091495,1.1171443315386251
0.5907548766905433,1.2954191508685688,1.127850336078832
0.5854463192141425,1.3256977985516305,1.1354735074007658
0.5910595824286117,1.3375589051628385,1.1008669107407898
0.5913856715563955,1.3082709455325596,1.1442086467126067
0.6021761090405161,1.2928558004054893,1.0991152346448605
0.5956110395461716,1.2954024154404222,1.1546587198632563
0.5939434061083155,1.298475496971753,1.1228060410566818
0.5934088274362247,1.2977091102751392,1.1508314182850468
0.6083953519256253,1.2921360954713583,1.1135837734250231
0.600500998422489,1.3091606089975687,1.1652546675971762
0.6199449322826635,1.3247648401997123,1.0863170480221789
0.611196881606628,1.3224512330047036,1.1365838785998144
0.6178306937882334,1.3143085981891138,1.0970833677993084
0.6190818610338531,1.3207691333574183,1.0718671775707558
0.6093124817167085,1.292970460779319,1.1297047979465034
0.6011732761063486,1.271949754075162,1.1584377097936391
0.604316582762207,1.3099480871643008,1.153866327951368
0.6113516395910356,1.2998264263177008,1.1332643263949644
0.6183800076605794,1.29963583490777,1.1534662012218255
0.6114429648771494,1.2802140271399247,1.124848557245154
0.6207583005586302,1.2950086528163394,1.0914856527351082
0.6179278378597237,1.2925746470219606,1.1139998579593573
0.6250040011466342,1.2765036448231837,1.134192152729738
0.6297049973595716,1.2641911949727371,1.1021610134823032
0.6297762244728207,1.290480966786029,1.116800017097769
0.6627864000355157,1.2448925771198174,1.066850554201272
0.6626019611921586,1.257510934069124,1.0519974869112323
0.6607284905118505,1.2108963214797033,1.0565250389350518
0.6542309076252834,1.2250010876085224,1.0708492993648675
0.665544691614693,1.2340861041424078,1.0509475903308516
0.664044926515777,1.2160987048539484,1.0509222222646066
0.6659489884398352,1.1981509518142233,1.0349728785956942
0.661526554770092,1.199177835762821,1.0510864044289159
0.6600391677421029,1.2086555467936768,1.0458702000308546
0.6829102688528418,1.198854708682896,1.038031733215849
0.6833753298016209,1.1874203910428087,1.0720329373436932
0.6784305006966068,1.1949557996677715,1.0704762019881595
0.6844385510695316,1.1995717478569643,1.0418319977164674
0.6858308214973776,1.1982981678616498,1.039536277183852
0.686199428422643,1.1617975753708345,1.0400519184531196
0.6881873286718693,1.1768209533237919,1.0616382448222421
0.6897357586084144,1.1877614917243895,1.0499307344019828
0.6889262545257969,1.1756238575578088,1.0110996425187857
0.6984574602463227,1.186447317111858,1.0095140256498458
0.7048587327259251,1.1806347960843415,1.021067526008671
0.7065343870710865,1.1697869909935907,1.0155461714398348
0.69666445290886,1.1771875651844317,1.0286926943220585
0.7113570134449065,1.1713593149524857,1.0505909769848458
0.707951097462163,1.1959157632517516,1.0328826267412756
0.7046258985825048,1.166559036887268,1.0347798604263465
0.7214987138706072,1.1961277695382375,0.9889170521200192
0.7092361281200908,1.1609757349814875,1.0372882594268658
0.7200266240483115,1.179826041164305,1.0015125459792795
0.7242617891956951,1.1690101775410129,1.0017538554455503
0.7362909892655612,1.1678180224515815,0.9993952576598158
0.7342864023310082,1.163538248247023,0.9742706622864374
0.736178731687681,1.1442904457804346,1.0093346216337309
0.7317813303819533,1.1299915293966694,0.9820061024257086
0.7255837468128891,1.1459583291239952,0.9843298275109555
0.7285845726880075,1.1433621267083545,0.9788504161028476
0.740861931013298,1.126632422846837,0.9921770681913312
0.727923446334978,1.1465971824943957,0.9998382224468584
0.7435692014232742,1.1434924270693931,0.9752347157136704
0.7341958690384379,1.1116442169433316,1.0227311310598084
0.7518309732495755,1.1266927102117412,0.9878869949118148
0.7358446925842859,1.1360894430546469,0.9966667256021082
0.7556128259877676,1.1327425618299949,1.0187588200201398
0.7536889130827268,1.1371295135943718,0.9980352682793422
0.7498538913911966,1.1463271655884966,0.9748476840136716
0.7532992186501428,1.1376033030845776,0.982090106503768
0.7531646968936502,1.1523131329860987,0.9948548842937336
0.7596519871863668,1.1376208079373809,0.9865498376902496
0.7773598997693267,1.1412397443278308,1.0334499982538303
0.7730997867581775,1.1294061276632938,0.9624432137621179
0.7765471949403683,1.1378193372397805,0.9932175970195872
0.773314023316028,1.1005527917360638,0.9793163869987244
0.7697086405359653,1.1149798884337023,0.9711096657746924
0.7608690786305408,1.1123252685942604,0.9876034283290472
0.7776527245867827,1.0887232918894816,0.9532116010630608
0.7857727322514027,1.0915327145511602,0.961752986468615
0.7892142049104354,1.0866746896363044,0.9533114412283707
0.7831143862694643,1.0922192744078196,0.9623552787428008
0.8058388527172099,1.0829402258046894,0.9611550371658424
0.8104889959487969,1.1106199248395854,0.9818225400706868
0.8090329281723858,1.0777813127409632,0.9581234171332044
0.8197036448052757,1.1049063302509956,0.9401041260150989
0.8081472185334152,1.0932419396948736,0.958133366129195
0.8039844544381487,1.0788773200348438,0.96546686740824
0.8129039821009107,1.1052177614388172,0.9746207923537986
0.817746273159896,1.090633678144138,0.9651331896644392
0.8326505163901501,1.0944807080329813,0.9730047467919845
0.8202440307749697,1.1130591130336898,0.9966509209265544
0.8238707104905529,1.1173535054854082,1.020691244456857
0.8278979658639668,1.1294193315891778,1.0058211140670774
0.826112599195071,1.1170767478707124,0.962028825552712
0.8416960436032116,1.099882013381798,0.965112646583049
0.8369845119221822,1.1177806700287185,0.9759848271099694
0.8409598092574426,1.1208734813153731,0.9672947451302182
0.851877173155488,1.0906333816901028,0.9800803773507496
0.8560563936432238,1.0998917755116324,1.0002804787296202
0.8518430388771556,1.0944995196757097,0.9763340838304799
0.8504835022075298,1.11247410418708,0.9791091397326016
0.8515191698902236,1.1006498509273526,0.9919002909018596
0.8628769122325912,1.1061445102359764,0.9888434246413969
0.8631808399900988,1.1000258898913418,0.9562687639065656
0.8534639259762307,1.09442620951717,0.9980997416806742
0.863541083614264,1.1262108031856508,0.9877316665519508
0.8574674912134277,1.1160350340443443,1.0071503255013121
0.8654216148351773,1.1136236731918396,1.0015415201755102
0.8700497462105068,1.0955547456168055,0.9808957940758276
0.8778717967513586,1.1253423153196267,0.9912572790167338
0.8835718144393254,1.105662432319523,0.964114530636204
0.8927376975827905,1.086239768004465,0.9921075201953331
0.8847689734296245,1.0895102319076926,0.942236965811906
0.8963819630917362,1.074864897335343,0.9425645184379284
0.8818390220274545,1.0895070419393234,0.9859458852844842
0.9048683858719971,1.0889845726153071,0.9532949608196156
0.8898015424751964,1.0666917842621528,0.9674645045825894
0.8952215810786504,1.0825606284729528,0.9555856919252966
0.9013717306488414,1.0876096091922094,0.9590411695006444
0.8963482399544286,1.0755405445069144,0.948257030378072
0.8920595735032054,1.0748428994855828,0.963091034296615
0.9021766183202553,1.0886995343261794,0.9429261238972256
0.8920203287965307,1.0617877016362929,0.9595169465821832
0.9110359983019581,1.0816644178047212,0.9349765630803116
0.9143840506951215,1.052207047156967,0.9209927661481144
0.9114684819193876,1.067175496051547,0.9192945487786892
0.9082305576919787,1.0569610475818385,0.9355846502013366
0.913355015505781,1.027250505007164,0.9115224459126828
0.9279840856572423,1.0296320974285564,0.9045738178111036
0.9305164871684051,1.01266207176255,0.883209359512506
0.9234651457555338,0.9903443317056876,0.8680672389423375
0.9193409435383839,0.9784562154846204,0.8646539354462327
0.9365082609508392,0.977010987443492,0.8672894868362975
0.9224021115966096,0.972759681699282,0.8718305142023179
0.9251900908589051,0.9817243122296804,0.8698206742209615
0.9377683913065721,0.989068879256999,0.8837038058059562
0.9401855322068964,0.9861690958296212,0.8663998738222978
0.9232151679256555,0.9820640884184876,0.8764030341407539
0.9290268071340552,0.967954562005382,0.8613028877598812
0.937788316038958,0.9684221859972321,0.8591206797237902
0.9265566694351108,0.9759051719310464,0.8823327317175805
0.9423479764553135,0.975214431389278,0.8649153081540248
0.9358562240188242,0.9715482548561084,0.8855227213768424
0.9594254248025894,0.9774965138632368,0.8613158963816392
0.9426845996828201,0.964248295724326,0.8543706935019842
0.952183578873183,0.9691680798031004,0.86203329841833
0.9591799996551532,0.9797322076730882,0.8630633837235859
0.9331971011811919,0.9679409873010376,0.8700881327568866
0.9373676602159661,0.955816481827085,0.8650275883120803
0.9658981420533769,0.9895533702533448,0.8705092517531839
0.9399672875289464,0.9830666128188952,0.8933244181806035
0.967785194123264,0.977791791676064,0.8721063902528741
0.9504508304476328,0.9838647303706484,0.8747777732261852
0.9516092902606583,0.9761652023911592,0.8749109347169276
0.9558931960291176,0.9777703742031832,0.9060505316335966
0.9657819959060856,0.975131046779761,0.8627713432610814
0.9721092904292971,0.9807819563435908,0.8862080599804691
0.964110865176717,0.9782559639970018,0.8692671219639055
0.9538095189974937,0.9916826350601304,0.8700817777286066
0.9609362887917708,0.9648431686339058,0.8576593524762259
0.9650188987788045,0.946575944310304,0.8599816674904933
0.9725117517462141,0.9397258217033824,0.8708470486419044
0.966784199787169,0.9335978685271012,0.8415552674900997
0.9723771612019421,0.9394820858478244,0.8383292731195179
0.9653092939797763,0.938679625524543,0.8601586779988775
0.9829285038124934,0.9312931556532028,0.8464430602937175
0.955286190396962,0.9419475828483276,0.8673032900127999
0.9638343309888555,0.9290783326517792,0.8346684092262647
