window_size_1_RMSE,Plain_w200,Exp_wAll
0.21111108506966514,0.4876435401735815,0.4323173311112857
0.20868227970026737,0.4712536893593996,0.4350164935737056
0.21000928682470074,0.5037865674623973,0.40594346785670304
0.21280565317107047,0.5076743815542275,0.4379087150319173
0.21783439991823456,0.5027818597624112,0.4581425832737827
0.22022240875566276,0.5272601204358994,0.444015245596456
0.22272902939347816,0.5258262350182256,0.4711074082300801
0.21385702425642358,0.4914967513125502,0.43989130972437857
0.22170196910152684,0.4945625953448314,0.4852109589848376
0.21362070803165598,0.4948915694474478,0.44017600576538
0.21367298919298947,0.5076934838593684,0.4271459199492358
0.2058898310170286,0.491455878653255,0.3972015508328879
0.21757167885217218,0.5376941542012859,0.4280375851901419
0.21683038662842116,0.5131236752337308,0.4417597350550153
0.21272127463677643,0.4738881407585782,0.4415635349708376
0.21607554560815725,0.5188371711800808,0.42466073333814497
0.22052400387599452,0.5206654275799056,0.45376574877016296
0.2195567018475925,0.5040296673496578,0.4661146377839278
0.21095089795817626,0.4964498863994102,0.4199463790676387
0.2220490735060489,0.5126486645636249,0.469047878918197
0.2044591967608841,0.4994103614863142,0.381352267784785
0.21555569998008595,0.5010911500762538,0.4527791810109318
0.21859833258850891,0.4899022639588521,0.4610232819417485
0.21374683422743376,0.5086475941548897,0.4298121808556079
0.21351530234862146,0.4918591867013373,0.45992361084587396
0.21548060227452506,0.4861620302205138,0.4546143599337873
0.2282056044160326,0.5246601068524204,0.4985540845336725
0.20805574531417306,0.4956083743773473,0.4085796938893125
0.21095994355180767,0.479177905759484,0.4334323087726936
0.2184872644499096,0.5236708506106578,0.4342962162227073
0.2118597066378576,0.4868290383659011,0.4305136165955645
0.2083187313550093,0.4898468340018454,0.42356214142487614
0.21406683469841944,0.5021213818475279,0.4264728897021744
0.20821815360416934,0.5146955653689385,0.3874693693541799
0.21547269276765327,0.4739970451755848,0.4651126931029619
0.2126385725800192,0.5061825009849007,0.40988249556857975
0.2144634384379794,0.5210200384365308,0.4211467527468621
0.21858032823755238,0.5040031083922079,0.4650985776108534
0.2141263161711724,0.4914134296824551,0.4510244882649628
0.2162373910597721,0.4992285286201127,0.4484939464173697
0.22045468989066755,0.5224096441231967,0.4430476179211228
0.21877707326312276,0.5123016269551731,0.4516456649572973
0.21551064510118983,0.5131311299141461,0.4347115884869794
0.21049043664295497,0.4937558725604188,0.4212658237555839
0.20771005953325555,0.4950236411480702,0.4002154954009904
0.21832465274882437,0.5426291869112132,0.4337014507583569
0.21807476396395623,0.5187964492770638,0.4367333204559025
0.21368440009575607,0.4977380981821218,0.42841826204067207
0.2127217457682652,0.493255449120085,0.4418554474378973
0.21089090169285307,0.4774823429669239,0.4529186644137321
0.2146375699147546,0.4824379296515962,0.4667907008635673
0.2154005419608075,0.49465034672883795,0.4389449140027744
0.2167655277878334,0.5164313957014189,0.4427942276609734
0.21424122269465506,0.5118837181917394,0.4353857568996419
0.21175831871117382,0.4967648714637972,0.4062064021163546
0.21133648066457236,0.4857273286212914,0.4435094798974217
0.2118110241404339,0.5381877788631111,0.3998526766103005
0.21811473550698157,0.5148809529412209,0.4461357615756997
0.2153058572776925,0.5238827270267435,0.4379841782673804
0.21131883185437864,0.4891987486469925,0.4472842758057603
0.2227610128101812,0.5179588092963437,0.4771541415822746
0.20571933211439647,0.4932890629715597,0.4136337207331575
0.2155532723471702,0.5071656006249152,0.4451857494551819
0.21165896591539954,0.5028983373211525,0.4272621587576528
0.21540680602061762,0.508716275843414,0.4376528228545803
0.20755961755094862,0.4764036064159883,0.4249247314275402
0.2146252756222803,0.4986630216341135,0.44549754411441467
0.21807055491311134,0.4972730305423772,0.4556735113406804
0.21125813293216225,0.5105565790414703,0.4255654899056357
0.22028515367618837,0.5209097270797077,0.44778709241293796
0.21306886390082547,0.5047223453081557,0.4296720930989221
0.2145937079368908,0.5123034421383106,0.41354040014478977
0.21502480954528422,0.5111793265983452,0.44536722851516536
0.21699912764556614,0.5250038015310914,0.4358424426572687
0.2202866469699711,0.5080910012880421,0.4738827649467121
0.2123900446186074,0.5021033873785998,0.4342898441285677
0.20457163308281218,0.5007406326447851,0.3808841950167951
0.2179817508725163,0.5041839923457154,0.4604067259162438
0.21490943101903373,0.5179364483373814,0.4221234714368503
0.2123596922922689,0.4986368705085321,0.4508627168437888
0.21519261492202726,0.513093391638356,0.4297129130160647
0.2104869914374636,0.5032979109814658,0.4363180858947435
0.21193665849786011,0.5125749443312694,0.43069402414058905
0.21433478925718014,0.534608150921156,0.4208745737868051
0.21752023115178745,0.4859031401593208,0.4737395168133798
0.20665474021288904,0.5003213182777749,0.40148305317366817
0.21064199205780398,0.5022243900925475,0.4288759591872849
0.2124693057195286,0.5155889367712119,0.4399201353645572
0.21371638360303144,0.4817507309439217,0.4550773012128845
0.21821920858929986,0.5205795173501933,0.4581600634482091
0.21458912636129668,0.4956592008289562,0.4452193734606576
0.20870410825576527,0.4793328660231088,0.4284122231240937
0.21315888586455864,0.5135882076624679,0.4071467059021928
0.21848915497810487,0.5086581239423595,0.4600175619412691
0.2209054866060059,0.5207517740918409,0.4532981365014813
0.20815135886195663,0.4936729898476929,0.3892939471252623
0.22190302424948855,0.5410715895527795,0.4379628952885168
0.21090627753421665,0.5097092499011894,0.3994976030102708
0.2138479267117006,0.5112703296128164,0.40717374504170784
0.2068578048213993,0.4967021010069637,0.3839301123042035
0.2157890868787077,0.5164429896653219,0.4152839038719479
0.2053006311782461,0.4940310369191501,0.3856657093273688
0.2202459500333333,0.5163838219095792,0.4653374640330538
0.20622660005602914,0.4830469304314585,0.3984895418432049
0.20957009685309708,0.4881172148346043,0.4102938629243724
0.21499586586320837,0.4942606754183205,0.4563978473190054
0.221364701743332,0.5329682043637676,0.4443830882018467
0.20617709683621002,0.4821886368026608,0.3951062867288211
0.21078958385856267,0.4989874613011897,0.41621401110112827
0.2131174811132155,0.4948658185645528,0.4333489580220597
0.2175659045992338,0.48232182743317,0.4603554679744616
0.21784078114038782,0.5267485049763659,0.4508570301747217
0.2212034547906387,0.5211201830527115,0.4562351488917952
0.21375529429553133,0.4862431755860285,0.4402281983556661
0.21911605629978517,0.5486067721592953,0.4308592648440723
0.21195628145368242,0.5185930128283708,0.4106243812248263
0.2109860392066396,0.4766206445079159,0.4451285500527492
0.22488422521303428,0.5319784229850477,0.4659711865039857
0.2129119686450168,0.5262375963132703,0.4175247737358937
0.211541237755996,0.5045401400405141,0.4309232302955936
0.2130740485606914,0.5067997721063775,0.4450035740681265
0.2175123357222145,0.5416878845641705,0.4390346206701883
0.2199422842971512,0.5128858320196029,0.4736068403345062
0.204085083471396,0.4893715649847376,0.3992460791575829
0.22292634752478513,0.5036816243535568,0.4941191202445603
0.21437242495386827,0.5092129851404626,0.4443301462188917
0.20166396226012004,0.4787815166092699,0.3818074197333942
0.21206873630855128,0.4863876822195057,0.4393746858020161
0.215267585527918,0.5135088108388749,0.4377638186154904
0.20817767671477191,0.5080491584294463,0.4089541260826443
0.21696715255509919,0.5023755357363503,0.442964610895068
0.21516726916011517,0.4988725072840778,0.4320921355924388
0.20358126248904113,0.5086876300120321,0.3765444434211586
0.20857857580464928,0.4821105214832627,0.4411514022827723
0.21897293308973687,0.5364491435945264,0.4228602265378779
0.21503344963704157,0.5032968501478879,0.4332580034374612
0.21639584104294105,0.5103242609179136,0.4372416395710916
0.2211883379158596,0.5215481133390848,0.4705738204065663
0.2117342703998053,0.5040219116852677,0.4473273319531139
0.21197364025795806,0.4970749675883392,0.4333927798742113
0.21023515209774135,0.4708161215960611,0.4222291070088121
0.20546670756689625,0.4750883995932009,0.4184442092386439
0.20396484884435645,0.4686343711629091,0.4194265932724848
0.2125960282197039,0.47917372306771,0.4237608307196284
0.2145414703105198,0.5020444288968113,0.4473390170358264
0.2158343684253695,0.5084793350074179,0.4439996690393183
0.2096416881175925,0.4622057562091871,0.4500581301498633
0.20861230345957116,0.5077835101338968,0.415420087427154
0.21535852374358186,0.5222776106786969,0.4510079694617224
0.20910635534777777,0.5046972093360838,0.4128602989708546
0.2070570087403264,0.4973732737850392,0.4131556540737487
0.2178571396815936,0.5293255194304078,0.4529349503044578
0.20843848377076682,0.4989134735526243,0.4376882148553126
0.21098605522655972,0.4973732642565538,0.4293864729815257
0.2128376470107782,0.4982095451540428,0.4434015939876804
0.20728244912327629,0.4933872911983832,0.417099851318561
0.21899546149262747,0.535053518008501,0.4362436157569842
0.22069460720475217,0.4870294900591577,0.4763559634634893
0.20761424495607034,0.503342637324263,0.4103016370754408
0.21313543822167552,0.4880794706795436,0.447031271663886
0.2098655627543521,0.5110316697093823,0.4107969547038132
0.2129865519657293,0.5203936991880678,0.42139166472822537
0.21068798059567442,0.5055694061541302,0.4135376343122079
0.21182213372685293,0.5125643637458644,0.43687132824653613
0.21833998726941017,0.5088634768416942,0.44426884325822624
0.21483547773743353,0.5254140485074712,0.4442877219946724
0.2102771874426791,0.4902116556578751,0.4343803248744332
0.2129331366504757,0.5204962730777926,0.4319807805753826
0.21397484860488078,0.485043422055775,0.4588120871500505
0.21592300389837635,0.5161153732201677,0.4313694694880235
0.21420406609941423,0.5255957471747699,0.4147430603626847
0.22040152660101348,0.5205656690445313,0.4415194514054621
0.21856269759334107,0.506990584964139,0.4509312533525667
0.2174949991168371,0.5100963678428394,0.4363005193848036
0.21191313759213343,0.4619305439245759,0.4509238743204815
0.20729406629849187,0.4911255616796488,0.42051660268524826
0.21367354853096487,0.5022833567144942,0.4373050404497101
0.21759257283506706,0.5048696326875738,0.4570222303683592
0.21406546124914885,0.4763780320926281,0.4507676732725651
0.2224373841055543,0.5064966829511818,0.48247726134236296
0.21594531019120614,0.5054308480158436,0.4456952613912689
0.21721114769563207,0.4941050115045914,0.4547525220974016
0.2071141849867445,0.4885388134665968,0.4081347627447041
0.21016443996927237,0.469165944023862,0.44157063610099256
0.20953730147431343,0.5108100014993944,0.4069943626062975
0.21801586295432065,0.5162733978445869,0.451795015209636
0.21434827840186657,0.499021874511099,0.439882611101473
0.2113839702177425,0.4938563101293447,0.4296037916585563
0.2164475746528968,0.5247420178747925,0.4400255259164487
0.21994097777557228,0.525842478314789,0.4435109840664804
0.2184384501470137,0.4967265209751154,0.4805997546242018
0.2136210217227908,0.5045290244994941,0.4375241648751584
0.20852017161058028,0.512992480702335,0.41980097051292026
0.21190888390050816,0.5134656450256349,0.42642733671917343
0.2101589447493672,0.49740803525798405,0.4189527766500156
0.21408893917707914,0.5083226458447956,0.4426338073771893
0.2170968104447298,0.505017387639296,0.4480370978467009
0.21803277719703817,0.5101544965848465,0.4505468781925834
0.21299599870983507,0.465265028534896,0.4686688117037859
0.21627303223174457,0.5314925244810431,0.4155719148842827
0.21051619576969138,0.4938481045476628,0.4216221151296233
0.21623414703072774,0.4729423067780844,0.4776901329126256
0.21126537908774007,0.503286446282055,0.404528949539899
0.2193083676966708,0.5120115843091234,0.4769649885486512
0.2244626312262396,0.4773173135760174,0.4988278170108703
0.21560633418409825,0.5022517530200125,0.4171534225723725
0.21756060862991158,0.5173767107296439,0.4556351107579949
0.214432280441596,0.5002892090976825,0.4373061058012756
0.2220759351048355,0.5203664688570119,0.4636038494398671
0.21589811177032922,0.4999040830844448,0.4541102897236488
0.21718341519212012,0.5109677108609134,0.4404011227149249
0.21916890251409502,0.5060353585811479,0.4637984074444156
0.21713629542359986,0.5089225949302587,0.4556342777464734
0.22027356994604655,0.5120477824927954,0.4644396443369784
0.21707880715876057,0.5183647323131777,0.4414634950925179
0.21467625232159054,0.5060545254570156,0.4258438801968802
0.21812846501620964,0.5118317710334542,0.4289572125123892
0.208004914513433,0.4810732554054925,0.42084214420033467
0.20837810617508581,0.4824337937433919,0.42394047110601796
0.22217104086572037,0.5127224274018398,0.4715812825759407
0.2089727639346522,0.4799981191216621,0.41193648362602026
0.21978024780612784,0.5153438599647551,0.4518586006150638
0.2140302227211026,0.4808983880128818,0.4606367068745776
0.2250716565234057,0.5307311632691295,0.4693916221987775
0.21098551951147124,0.4884705832063089,0.43559190091773536
0.21096332500064563,0.4990884844951367,0.4213002455905599
0.20782340862729196,0.4663386070963568,0.4267942252927219
0.21882015884872005,0.5054168547969813,0.4446803821987204
0.21103379583586793,0.493716151991352,0.4222765212554905
0.21489883905921658,0.483679754960307,0.4548288137054192
0.21225287510676377,0.493535185278669,0.4273319590104638
0.21487211400834766,0.5028155132830406,0.43457719188296506
0.21399246260985713,0.5053206464495873,0.4412954834284703
0.2112921517164831,0.4941380215170912,0.4094709828665649
0.2106550292294692,0.4594597224407627,0.4387845537751969
0.20994476992300357,0.4984940197584675,0.4230334217058296
0.20930013745706294,0.4956885517409553,0.4226877827197728
0.2165189578814334,0.4978496507642586,0.4535045691357986
0.20778801107573097,0.4922812989599542,0.3985266349843247
0.22054669275062935,0.4829609192969044,0.4717890264349421
0.216135343497048,0.5052006674508701,0.4574947348916096
0.2094002250990058,0.4681744127197258,0.4402674406796995
0.21705131246360898,0.5025702433391285,0.4490243699895224
0.21231292517899247,0.4862678885503202,0.4445644595539694
0.2166912674604508,0.4979323439691661,0.4472889546563239
0.2098249044841584,0.4898278695288525,0.4071117924361104
0.22180204066308393,0.5081436764150901,0.4768179397563358
0.22469698839616392,0.5183729240701173,0.5037921514269523
0.20852813610699536,0.5049424956689349,0.37707397901085776
0.2100942058236567,0.4972186962064285,0.4049243784961003
0.20936498653376248,0.5175097906205522,0.42703197015967503
0.21936228550829476,0.5124156081818476,0.4671700045559452
0.21099147644636992,0.4738925946779088,0.456518500526631
0.21888536758886942,0.5110161258126705,0.4647043013187737
0.20780524117235863,0.4928184242172928,0.4147539085696916
0.2161954220195669,0.5180820869761704,0.4316492540926854
0.21294804971083253,0.4965188347384629,0.4240771260507678
0.21739895995844907,0.5357115841928654,0.4267330674109679
0.22197997173759149,0.5259580414122336,0.4567687205344346
0.21209921347074875,0.5203695241818334,0.4020739358913005
0.22483309396810916,0.5204298297755974,0.4785933484326872
0.21606036381451374,0.5096526552693237,0.4359790854283765
0.21616326548966558,0.4982467405345264,0.450329339429578
0.22890577388380742,0.5156714270911791,0.5081373700894093
0.21719511301452685,0.4874821880760799,0.4576226744372587
0.21937110854165084,0.5108694771915094,0.4601044705928725
0.22690887928703127,0.4986568134150471,0.5097140769535984
0.21960579778243697,0.5061189288325516,0.4619811199726213
0.2138550139739615,0.4985903640897133,0.4310115770029592
0.21537376072919834,0.4757892011921304,0.4448496911065303
0.21601236702064988,0.4871313404665604,0.4592326700214989
0.21344398636364076,0.5062673329912998,0.4216927628486856
0.21429337370249202,0.5196552267901837,0.4387538911376711
0.2287379032400646,0.5359781865021561,0.4884271153155308
0.21589332032458558,0.5053804045769705,0.4320154170074396
0.2173077124653697,0.5063723661281694,0.4559550016628453
0.22261871723266755,0.4949162804061643,0.4961075667268474
0.21878756392025203,0.5198167345022643,0.4511535682434655
0.2184380914727759,0.479615579462339,0.4757536094867605
0.21294225426065277,0.5027637425045639,0.4314080269098589
0.21890409173994288,0.5165321851830434,0.4573009568746715
0.21033506518934947,0.4745097739039999,0.4371366033189221
0.21017574244872023,0.4981581850506685,0.3919096489886645
0.22569194111530153,0.5055815659436661,0.4777069537957921
0.21549091687631894,0.5102583647331101,0.4276676626512023
0.21762367772302135,0.4923907461094541,0.4614293399598454
0.21642718062567176,0.5334765578489334,0.4428922684207518
0.21801577170081635,0.539487876133969,0.4344285322234019
0.22344316696366553,0.5107239554837958,0.4804793536169568
0.21073473580781482,0.4940291442302416,0.4244810905834809
0.21004847190681525,0.4924427418817472,0.4107075263026681
0.21722060669016707,0.4944718900237442,0.4592404030591788
0.2191466332988882,0.5316220413858332,0.4494538354233776
0.20798116627298818,0.4886717159898935,0.4096269391871034
0.20808548140521205,0.4851379992405941,0.4143340269666895
0.22011897619764983,0.4992724080545903,0.4736233748083454
0.21660525245568457,0.4917256920972203,0.4484438105753161
0.2222310621655443,0.5214182265816466,0.4662749008549541
0.21370433242326697,0.5062320955027847,0.445319864483708
0.21016680479686187,0.5028251825291459,0.4155353934524567
0.21596734405061213,0.4851009420613766,0.4546724029328458
0.21069129951509416,0.5131752921344702,0.4050035721352019
0.21456684137691034,0.5092497163185831,0.44586457362337584
0.2124378854909384,0.5102271512017433,0.4116255766790599
0.22278522746648016,0.5208126388413085,0.46498230247566497
0.22067756084314413,0.5287880196979378,0.4650699915443012
0.21534635951712333,0.4952082772689688,0.4317345790631986
0.20795959998566593,0.47865705898836897,0.4085032878585835
0.21279351405747388,0.5316177301390465,0.4143120593749423
0.21726566786079587,0.5212670661085155,0.4486942536115499
0.21617163219407487,0.5118478073135172,0.4380634759592686
0.22105937824817987,0.512169442619128,0.4782265163787732
0.21637607090901306,0.4988115317094142,0.4491840232076251
0.21586028985473937,0.5021694644484552,0.4346517988889269
0.21093990578610744,0.5017299980111519,0.4210313758907799
0.2191187803699568,0.5174733740637099,0.4708837393290157
0.2160595600102404,0.4903182242895126,0.4540480975380836
0.21117607774135755,0.4920868153328666,0.4215795132014179
0.20887042412201512,0.5061099835574633,0.3865975061787414
0.21791165521811762,0.4825855274246548,0.4866451157487742
0.21644634339747604,0.5211748516810932,0.4400200984423707
0.20747237305703806,0.5153811960639789,0.3990642193149189
0.22018326280943604,0.5190273476260345,0.4593293747884922
0.21793395480157554,0.5257489571756984,0.4432469738280922
0.22065203000206843,0.5108426824717441,0.4822807434029099
0.22242986714855523,0.540816416603814,0.4516645693044126
0.21365335596716378,0.4965260172261026,0.43257038363203376
0.21040934286835103,0.5051507311198158,0.4132521798659963
0.21941169324005327,0.5269351914897565,0.4655594520722681
0.20778523726546447,0.5077759408650784,0.4012232239694851
0.2118337708281617,0.5147001752608665,0.42558902056257497
0.21746825659645533,0.4932286553143432,0.4448946892344911
0.2140950946864494,0.4850344045535202,0.4553538733187858
0.21818614031168196,0.5259861108073584,0.4150267602320785
0.21224107581492802,0.4995515885404385,0.4261977043887233
0.21371579977678634,0.4893045762693552,0.441337818423505
0.2138644377831742,0.5041488994492618,0.4274316918188631
0.21551135466592414,0.4954104703858668,0.4635629194168217
0.20896227061828035,0.4704557905021009,0.4130235006098167
0.2149032252898354,0.5102982164610492,0.4407064102450553
0.21567752338967133,0.496865433758773,0.467760844859177
0.21022080835198395,0.4952179167952194,0.4217258032449569
0.2161645886113787,0.4919876602611719,0.4600273400847116
0.21859905012019765,0.5097440411396803,0.4488519120394017
0.21480826579910586,0.490284561943578,0.4328447633362721
0.21231737563916858,0.4821901675755428,0.44536325428834295
0.2166644542108088,0.5042417925541246,0.421190524771302
0.21181217375676384,0.4943512900320941,0.4319886356676261
0.21230064346122687,0.4896119037147133,0.44409317453834063
0.2248491687436598,0.5195021774864805,0.5017171727124803
0.21623501951270363,0.5268178809098746,0.436617314776256
0.20474357350256903,0.4647927616691364,0.401032666759492
0.21186719893246855,0.4916644884001089,0.4347038697508345
0.21307822081034317,0.5004289012626609,0.4304353366719911
0.22405600209299334,0.5196901872639461,0.4802248502595552
0.21732699435633251,0.4942722962053512,0.4695280688956537
0.22053981613713006,0.5105933565451091,0.4758744016980074
0.21037390887713983,0.4949563255845242,0.4171758066780985
0.21324852912573442,0.4964868156732718,0.4433846511062237
0.21357783537769556,0.4831204153463276,0.4602560207882916
0.21102260472239942,0.4950503796808806,0.42136998189289016
0.21297742156629704,0.4955230275220432,0.4295948929838827
0.21646969584841907,0.5113748355775051,0.4447009988659343
0.21462911211106422,0.4932786377065866,0.4401137393239079
0.20898124067261378,0.5046296028407803,0.4098399683744859
0.2130346998218619,0.509538164798598,0.4206150192857301
0.21547488274009777,0.4889219609694823,0.4533195714301793
0.21520094504791218,0.5149352204715982,0.4299089215337738
0.21010386421735375,0.4997634730954783,0.4118834007845008
0.21496549060742814,0.5223218400873397,0.4166004245808411
0.21832282754216273,0.5055731194269715,0.4683497191931441
0.2067424138114031,0.4756957308156886,0.4018376795614093
0.21053979342883497,0.509694278063608,0.4038151246080839
0.21355432118938622,0.5145852638800321,0.40935951721847796
0.21975797973969272,0.519264885530363,0.4641291202255334
0.21502953831962476,0.5005768118886251,0.44606301686215305
0.21617093637107757,0.48424457560885,0.468745573697657
0.20859232046807846,0.4951882335421566,0.43091118175626064
0.21477380591735507,0.5160983597163022,0.4296176626539085
0.21059706710963105,0.473620385260888,0.4432488982628257
0.21441487475303653,0.5068666692557984,0.4300372061844713
0.22194860623678125,0.5289551862473149,0.450700421034154
0.2117005745809424,0.5186620597138796,0.4215946186895227
0.217487278360122,0.5045959599368264,0.4541427487650668
0.20897967342789442,0.5225253212375384,0.3900780678337827
0.21712607635418557,0.5071458733848284,0.4658873491710239
0.21755454719362038,0.5041896708052037,0.4574992243036869
0.21161361270210421,0.4736186846636461,0.4341306837201227
0.2158435102660017,0.4848859777609751,0.4500471900387679
0.21242417177626804,0.4913983283818944,0.4152701872419417
0.20591727791782177,0.4785493719741574,0.4141805739735808
0.20725448015109957,0.4924760990858551,0.4000444107973997
0.2126104548208402,0.489155919230017,0.4423738176513845
0.21828654350908816,0.5179140264683597,0.4465960211486399
0.2148626502934101,0.4982573873974207,0.4478078319763286
0.2146248761940351,0.5168638841619775,0.4328121724979617
0.21713828116274725,0.5027769690975968,0.4344790205214613
0.21634859960106645,0.5216915443506316,0.43001474932728456
0.21990077054596432,0.5191076949415976,0.440736217894304
0.21458698682763835,0.5098789706932688,0.4204940378439985
0.22874114114452346,0.5196225938307915,0.5069367392680585
0.21307796865991882,0.4892561081732909,0.420323189961192
0.2090696082995268,0.4923046180009982,0.4102902088971438
0.21296975060983622,0.4926867892202785,0.43692752068054813
0.2118418595250959,0.5138465486354569,0.4034235474308983
0.22352017098514915,0.5237793679983023,0.4413888682002208
0.21521163422500805,0.5076646230513638,0.4193809313770773
0.21773470897658803,0.5001175623276379,0.4538653731059408
0.21781834741312223,0.5149651110439785,0.42126407055367865
0.21391748151853726,0.4976747588722518,0.44226381857458624
0.22072889065304846,0.5068516379827436,0.4694802490681396
0.20905341005624842,0.5206988938367282,0.378970137102846
0.22089025422154748,0.5161609969438962,0.4617554362997364
0.21258462755019,0.4965567187583638,0.4188603859863981
0.21802975531609167,0.503348314772406,0.4653562536958347
0.21495851239996588,0.5028924124043612,0.4518151520086689
0.2122412825871779,0.4877131284406194,0.4403535336614847
0.2155556083757432,0.4921737397907336,0.4512393568929249
0.2132720532490767,0.5377690795510186,0.4003148121871942
0.20617753619773374,0.4904719421000323,0.40386291730972795
0.21241213217157287,0.5089068657939861,0.4120217446232928
0.21296759933105755,0.4848012712703273,0.44810551079615424
0.21348219709960845,0.5042125501320548,0.4122944616670312
0.21434202913650593,0.5026567129606115,0.4368688845899543
0.21287185860697477,0.4974709495180467,0.4575015962547446
0.21172584926044677,0.5203358202923872,0.41035753120378665
0.21154198902099466,0.5060558993346257,0.4427171792915099
0.21734870750268215,0.5171718630833716,0.44692780357074297
0.21097838204141212,0.4843520991591227,0.4164634272083812
0.2140780024978276,0.510551809822012,0.4201370702926121
0.22096423439143006,0.5254223763387585,0.4593036571753508
0.20487121719584647,0.4835136059134637,0.4002501335119109
0.21858719324116727,0.5044895359997371,0.4698690463765026
0.20928722300017225,0.5141172897438576,0.4095881661708261
0.2099960884616052,0.5166677176493409,0.4167065566708444
0.21310984415493114,0.48577562401686897,0.4539604810767484
0.20778788959110708,0.49599118442802603,0.4252393243141915
0.2126841603265516,0.5096795674814506,0.41886166817490456
0.2086863662480946,0.4959376892206926,0.4155726658939278
0.21718869449738265,0.5142023119214197,0.4561183351309538
0.21615354855847144,0.4929790226884832,0.4621733013231151
0.21039137364779983,0.4955200393853959,0.4313672348894426
0.21334386202742356,0.5077924736774009,0.42538389532335535
0.21089861645674968,0.4930775511289368,0.4250630597639216
0.20958486367878687,0.4910043411415703,0.4275696655891885
0.2134502454768232,0.4744827040356202,0.4506989055899229
0.20776165209253172,0.4891901312382405,0.4207057072627532
0.22211543719160962,0.5301405988802992,0.4604177024597781
0.21187581009788112,0.4782116247810558,0.453522708187873
0.2162834674450955,0.5121914131138133,0.44356730594371024
0.21097604973214792,0.4639205945172064,0.4663419483896423
0.21148747088343037,0.5125471284873596,0.41638570386530377
0.21106398108580549,0.5007955147242126,0.4241332032018982
0.2056576781285885,0.4848199747379606,0.4016251433551077
0.2179695344533605,0.5017130965069664,0.4628516033246505
0.21283587607331178,0.5098719123855181,0.42298791764808974
0.21063004646088823,0.4785477309475724,0.4416349450886629
0.20577654650860253,0.48779113711090005,0.4012607309992081
0.21402288553702464,0.5406342139478161,0.4131215379447242
0.2115282823181431,0.4921749817587773,0.41971835521307854
0.21001107180847484,0.4652092307759138,0.44287613222239003
0.2121154671929878,0.4905051143919688,0.4399647406132643
0.20616660112813187,0.5157662521573582,0.3685388774419731
0.20737091373871358,0.4928953313975589,0.3867709275547884
0.21845551458404647,0.5081928222071752,0.442403688277412
0.21210967113077558,0.5184828795225327,0.4265375690291143
0.20911953393075103,0.4947879331370089,0.3946032294778348
0.22241607042849573,0.531835193579996,0.4534829084908363
0.21427199955225626,0.4919443167262086,0.4475579110727069
0.21233582640628637,0.479623604022721,0.4467762514291047
0.20494183265192015,0.5010151489641431,0.3869496722314863
0.21288954117644537,0.4963951895157449,0.4347932840728802
0.2133869036438444,0.4913375018981733,0.4445439406435349
0.212632120477272,0.5003475516784455,0.4430229643454111
0.2078607219250323,0.4823344427502328,0.4137039784678085
0.21261604354294378,0.5237294403622116,0.4268432700368428
0.2176664457307695,0.5074700057708512,0.4676373932959211
0.2068537650982457,0.4958466399660106,0.38829559318186896
0.2116593680268545,0.4887563070125623,0.420300393740395
0.21014584264612396,0.4850885427834248,0.4268797454857707
0.20990064554398016,0.5204219095553649,0.4013144667545289
0.216150187880722,0.5036703316318009,0.4405546372006555
0.21154501376098067,0.5151371626371637,0.39942621714745774
0.21583730981151128,0.5167068521464182,0.4353534437224888
0.2105828936050706,0.5058112865072938,0.4073867178758245
0.20628332871658706,0.4815012727197205,0.4267453758990839
0.20211430601948674,0.4666784845392286,0.3874297868040234
0.2076504893450128,0.4670097963668818,0.43958588381211255
0.21596380417096264,0.5095918998938367,0.4579818744918012
0.21880154703599955,0.5472250454511286,0.4310054819789947
0.20325941278042536,0.5063130249717697,0.3720465336389085
0.21921688273663342,0.504124447780966,0.45017763338674427
0.20720679811818563,0.5051772543169224,0.4036639664550447
0.20910362408647265,0.4713578610522612,0.4446094362817833
0.22104185922206657,0.5188606807546366,0.4565766047095577
0.20835788419073706,0.505724116082764,0.4141690534358212
0.2160729886698875,0.51457003168548,0.4310549928476394
0.21464379625558394,0.5020527518060398,0.4525872088742649
0.2131071527113989,0.4884292147865142,0.44318018794416
0.21367041319395333,0.4761037052313744,0.4576176356074624
0.21884357757539774,0.4962502720643596,0.4641080190052044
0.215015767665084,0.4959112358544318,0.4420713494101593
0.21004366955231027,0.4998292954565146,0.3962576197762273
0.2104802647278858,0.4887484693554219,0.4265532906067888
0.21181552750742028,0.4896288161094674,0.4285281915922885
0.20954797835617886,0.5186125414150912,0.4110710361471878
0.21193550851792323,0.5037087153500243,0.4140322736424401
0.20773912586420515,0.5121477019637249,0.40235313914390747
0.2083053996022892,0.4968700819643976,0.4104435881788522
0.21120779456008001,0.4985970737183479,0.4369473045764875
0.2235743562965569,0.5066694828065337,0.4849329444286848
0.21226200939418796,0.4930389188081341,0.4413522312027053
0.21119204164682537,0.5223818729348699,0.4146469594712601
0.21237949079612964,0.508825462470045,0.4120597046854563
0.2207013469643082,0.5118508815757482,0.4373272047846202
0.21217843355747923,0.4987158672286167,0.4252595038843523
0.21400448522954613,0.5073481275203882,0.4431058413303233
0.2161380441007613,0.5062119017134793,0.4408819459044572
0.2132779143691654,0.4935711887409472,0.4334701473680573
0.21479978774080555,0.5019996424071808,0.4506679860999613
0.21355917668552324,0.5163006419616428,0.4458264961751055
0.2173883314492529,0.5260941162827908,0.4551702966876794
0.21105071458332902,0.5059842129575816,0.4335065706286992
0.2170750854752,0.5171264778090174,0.4302059469000431
0.2133276427738534,0.5129597441738863,0.4247485728546815
0.2154387726527798,0.4866739187785367,0.4573009501445415
0.21536259680109965,0.5098564095335552,0.44096022412203867
0.21364125994267738,0.5217318322536834,0.4127816875997234
0.21196853119939227,0.5073318339004163,0.3954200370719739
0.2070524654989415,0.4809392167962948,0.41735787872766905
0.20855153987262232,0.4761804612845311,0.4213480880281617
0.21306236862434302,0.5151886473389864,0.417220048373096
0.22012647301097055,0.5227894847500788,0.4530159629895888
0.21548371134189304,0.5004766513456718,0.4445006435217412
0.21752824952596633,0.5056557827915511,0.4688938324073363
0.2122298686387519,0.4989992285815888,0.4102723543393718
0.20803159092072593,0.5021056701702574,0.3871337440980708
0.21281360768440763,0.5094729947158873,0.4343710549961457
0.21218666446115664,0.5160747497907948,0.4073954455424497
0.2124584332210779,0.5196807736925502,0.4228402634079271
0.21324447230279348,0.5079813186452415,0.432660522801161
0.20705257625956378,0.4768453521401928,0.40891610281807506
0.2143473540005266,0.5262627095247175,0.4337697109118788
0.21075950465717685,0.5064971679524933,0.4168455433003096
0.21401699357348958,0.5138567347563803,0.44002385805119615
0.21157614634465133,0.4780192426799729,0.437061184797784
0.20654306109188866,0.5040701932190308,0.3980664476113679
0.21990315260343998,0.5222174484232552,0.4423915039121597
0.21165157520283132,0.5050352010627293,0.3951649884564034
0.21310264916677554,0.4903082608373004,0.4371043130315818
0.21571429531697434,0.5055373098155339,0.4295031522610709
0.2098519656405375,0.5078131049597628,0.4089636471117241
0.2227282023234967,0.5509231798842602,0.4576203433798102
0.21443334289776936,0.5047396013163431,0.4504356249826113
0.22706014138360722,0.4971151526385029,0.5005933204843005
0.22494250859638812,0.5351358708578378,0.4621221622395353
0.20663187087371304,0.5038624563588315,0.3788924213367371
0.21389358288430785,0.4892690755434536,0.4499090624127022
0.216714196731961,0.5152168947114437,0.4430268149733035
0.21887620046925885,0.5134505759863854,0.4515785823228573
0.217427214727955,0.507657696707062,0.453273313077141
0.21803233427201438,0.495609864686959,0.4531785878863957
0.21040777888769463,0.4955889801573929,0.4241941599355462
0.21406504632931556,0.5136058294920435,0.4020475688734359
0.20846976928954092,0.4898623156993741,0.4056814900044139
0.2107730708174201,0.5001043130765556,0.425089301331897
0.2067646393701456,0.5151555512920571,0.3840941323442239
0.22274754612329273,0.5120751078500155,0.4814389958484462
0.2166138126251463,0.5095099664496494,0.4540019417335157
0.21217934533881,0.50136812075946,0.41708562602647214
0.2149914398589225,0.5244350508083029,0.4172599089138713
0.2086839267767333,0.4783100894801937,0.40018293934654736
0.21578437526845576,0.5011245132245775,0.44027025693704
0.2167566000529545,0.5264579162111298,0.4359562018554807
0.21873391798049813,0.5121385168541963,0.4559836478258237
0.2124599998944036,0.5060866951533292,0.42238364006785895
0.2089803372214136,0.4987715100814837,0.4159650270402384
0.216679638720453,0.504675364315052,0.44855325354997533
0.21768067983128175,0.5181773353529511,0.4398940589264949
0.2140142488061185,0.5290426135884079,0.4032557277645624
0.21502122437764282,0.4827822774715134,0.4449513450633695
0.21777398563426742,0.4959833519511242,0.45290802701998906
0.21116997493432585,0.4935441856603656,0.4081196818503278
0.21073437822614913,0.5008771159720308,0.4237612569589424
0.20361002896505745,0.4760428736035548,0.397806435128745
0.20891733892456785,0.4898749231472961,0.4233039624154856
0.20642586431458185,0.4745500703217682,0.4146977988080357
0.2122534724742399,0.4873546178996091,0.4587773678434405
0.2068197075541667,0.5117207280404787,0.3900303532703638
0.2085948051992509,0.5016591170084034,0.4131734308073728
0.22210484596421265,0.5092382087919851,0.4734679653796373
0.22032421195226326,0.5300398315766851,0.44044375638122574
0.21079486322537114,0.4922983120008325,0.4098016391414053
0.2116930680109968,0.5010961100300055,0.4242970393970084
0.20989210862388127,0.4861263269685786,0.4351027473123414
0.2123438701981835,0.5168482787154176,0.4087791065026168
0.2094617666902478,0.5125728255655865,0.4047356605934984
0.21367580233264888,0.4912406963005525,0.4563978966275084
0.2158690508438604,0.5106390924042218,0.4261591199478106
0.21108694821106133,0.5246041560296997,0.3989076468621419
0.21207628470035172,0.4741125033722082,0.4424761075558088
0.22766238643847395,0.5188013135634579,0.4951070715160257
0.2150734614620972,0.4850736013370915,0.4764208910463178
0.2176742975650071,0.4920516579161518,0.4611532244287762
0.21562993303174013,0.5243364523450993,0.41922356404952793
0.20489055134312514,0.4866224081861302,0.4056897628373046
0.21324268656084244,0.500302187076383,0.4316870738339793
0.21932895401998803,0.5156889315829812,0.4374032918597828
0.21343298090146656,0.5117383512581672,0.4128897299411515
0.2163491442218639,0.5077689836846586,0.4380480955495013
0.21378262681573204,0.4950931398107894,0.4283122559248453
0.21331239889711945,0.4930015224963218,0.4412297643837904
0.21549328451395222,0.4826267339945257,0.4553053464232517
0.20816550111248192,0.5086303478791785,0.3722474078695116
0.21682868428158059,0.5222497093984907,0.4472732070068545
0.22153928622506783,0.4938901666216064,0.4884321171872226
0.21618079422918585,0.4790200563942682,0.4577092050876127
0.21163202476292944,0.5043013982905851,0.4190301711642247
0.2087869767876511,0.491945359939832,0.4196612383752882
0.21195477108875957,0.4860018603969957,0.4394803739100099
0.21336632262737773,0.5125681348890943,0.4064288211209913
0.2144741158901624,0.5231214603979306,0.4244744032081841
0.2188476773239762,0.515111780953326,0.4461367598630045
0.21213247801675097,0.4954603289476696,0.4131376852529899
0.21812427360557213,0.5166274319136129,0.4419060633333976
0.20484763433771078,0.4684093089888784,0.4014953761365235
0.21105363378663547,0.4843162442921109,0.43219726366444855
0.21629057055789447,0.4927132495245076,0.4562562543063062
0.21701553751199548,0.5030979273184221,0.4474726288451847
0.21760230003900552,0.5287738607274143,0.4370795983364008
0.20878360720916334,0.5067022278778215,0.3982707358458111
0.21563695994808676,0.5055746515073906,0.4412279362430852
0.21463594713721862,0.5179009502071024,0.43434896202595297
0.21884592228470126,0.5293927644037132,0.448194326259428
0.21024490416726951,0.4817539697671336,0.4213191469596762
0.21668098980170838,0.4787225503180432,0.4797226186480828
0.20917659227948027,0.5142687830536802,0.4207831691822196
0.21767385866904448,0.5119545439878674,0.4525228906286933
0.21724046761902038,0.5239689366120468,0.44692836837676303
0.2135890315814538,0.5020278648649761,0.4308594108309852
0.21275195896194482,0.4924021403037815,0.43152086131357736
0.21252173966775667,0.5061921516137253,0.4267938042451647
0.21407773611320396,0.509248929421435,0.44541622797095576
0.21431009512614932,0.489381127771354,0.4511801041417205
0.21674029944575623,0.5052804893132805,0.4471524548162815
0.21455034292650815,0.5019984912704125,0.43924217643047
0.21296526283362,0.4960336258457419,0.439527759060307
0.21602769000437683,0.5054970717652341,0.4587796056211338
0.2234267120902083,0.5295774454503756,0.4735960675177792
0.21279511046669644,0.5274670954511985,0.4043820352191592
0.21327105972110622,0.5096373572318108,0.4314853022684696
0.20797192671228437,0.5028431133764175,0.4117828601237647
0.20848154284007012,0.5129640675537105,0.39597490051785295
0.21503517938419597,0.5029092907725645,0.4349654399041358
0.21518185488599628,0.5121087564478581,0.4256029253565192
0.2114165286028095,0.4980458062388332,0.4305890759571571
0.20394238806167814,0.4739266361170019,0.38718409380169133
0.20940404397655882,0.4821838428040872,0.4396804288814604
0.2121878517558761,0.5174173763902903,0.4352236652185473
0.21520072464806353,0.4988085555416255,0.4308223466567225
0.20959869787658633,0.5005617834452489,0.4248195300053022
0.21515360590981839,0.5131214106645712,0.43918695110504297
0.21077316717143643,0.5174715778875332,0.3761961238095157
0.21240354903995443,0.4948507566795198,0.4411792163252586
0.2168280131428431,0.5222142897409736,0.4399068487931174
0.22130446689820574,0.5311376502484777,0.4583350152466134
0.22026948269768268,0.5070008260487068,0.4677613096905692
0.20765880945285659,0.4891501777835105,0.4049880460748595
0.22415029178784038,0.5342100828884553,0.4787534912900039
0.21963600899291597,0.5051641428653325,0.463447789185331
0.2045060014572809,0.4905808260783772,0.3845141904452597
0.20889817423642196,0.4976762343802552,0.4096955365146671
0.21159197665831933,0.5095312335932856,0.4088237714152285
0.21221207706572037,0.5136033035510735,0.43690454877154855
0.2143042975111932,0.4769254478286246,0.4623492821524394
0.21607757452744836,0.5104486152875846,0.4349353423095143
0.21099848862342807,0.4955314842866382,0.4178028906103484
0.2119986054138044,0.4827317288179445,0.4290797464891407
0.23037129799687942,0.5279456003218517,0.5004151827957629
0.21005108766196057,0.4973372416487664,0.41735207873927793
0.21141869679504516,0.5085531374664027,0.40985955728427614
0.2255558320461494,0.5491421455452956,0.4693496660829608
0.20623088742858556,0.4882069702998297,0.3998512480203197
0.2157733988264953,0.498645750755063,0.4416145130355813
0.21726674935656234,0.5109005559897608,0.4445893956578758
0.2182206648258408,0.502971336110691,0.4777963280313268
0.21663159224662962,0.509395619480834,0.4424098969377612
0.22375779054042788,0.5171533544785075,0.4864274944168156
0.21588691931535053,0.5170579217708439,0.4452191214861913
0.21776638456871253,0.4971069079842666,0.4395969592264978
0.21336681097765414,0.4974828842099995,0.4352224738649712
0.2208603402764637,0.5239462194005438,0.4617796984890084
0.2140053146468473,0.5002447673589157,0.4519765008954247
0.21089159007115113,0.4805205407695727,0.4328660745341791
0.21427646810612505,0.5015597775243769,0.4486764531191932
0.20928771569358381,0.494432462600489,0.3909950490972433
0.2171014027732896,0.5285967095642845,0.4451558316342325
0.2212398684598324,0.5327699688975163,0.4451978810138141
0.21591766536995308,0.5106554939520737,0.4306170873988085
0.21517047117948718,0.5055222736676914,0.4359064508645038
0.2093203971885634,0.5013155912384873,0.39932185121051533
0.2102602117993013,0.5054592417098174,0.4083428404435889
0.21776639851898744,0.5412819426601281,0.42802803190689104
0.21262501820090562,0.4813088397632903,0.4414556049140983
0.20899197392243457,0.5060729867136303,0.4036892381702915
0.21510652970724928,0.4834322861923791,0.4525964929363054
0.21475390364067282,0.4984879404604616,0.4437327370783594
0.21642570733514999,0.5342195522441506,0.4200495658988776
0.21110073908783364,0.5056201786834799,0.4153501940131325
0.21882301392692646,0.4835365361086633,0.4793482965253187
0.21349765771685902,0.5023019598051643,0.4416131364885462
0.22085086641985904,0.5201167310464373,0.4596502691324344
0.22009563211550426,0.5290868491134721,0.4509985116802808
0.21032623421703445,0.5109121796802274,0.4071683977339937
0.20669217217970015,0.4767047693573197,0.4085636066274262
0.2199749413696868,0.5008329614909758,0.4746684125412275
0.20668323223968524,0.4902720769858273,0.4046595771866451
0.22217385934157588,0.5053032558105129,0.5051770887600091
0.2157783919467053,0.5109733919782816,0.4342821982111109
0.22196909971321183,0.5138476239133545,0.4700135255191201
0.2079425098879002,0.4692822590960132,0.4160926744564801
0.21949667630073905,0.5195093857064683,0.4631697035673426
0.21605592064168447,0.5129267904983638,0.4331128348172734
0.21729477176408415,0.5321550057447131,0.4332155991549454
0.21745080654101356,0.512461828744088,0.4563493781746917
0.21301639334782152,0.5449696445110817,0.3880175355955665
0.21509576785975743,0.5205970292462387,0.4426839812079672
0.21293874432082902,0.4885209103213308,0.4389670731516708
0.2180703502542991,0.5053524713387717,0.463052640490864
0.21496429159234076,0.4921892582173806,0.4538370291203364
0.21218174323951836,0.4916529321081169,0.4446704356292005
0.20982348089875777,0.4850010282353587,0.4087103144487628
0.20893688957713674,0.5060927039953717,0.4129110497320267
0.20533666975060824,0.4696874177013839,0.4080206879487686
0.22182238614212454,0.5107841528941384,0.486062756565001
0.21184598747604255,0.4968946491320533,0.4494300019280726
0.20961785505645955,0.5104045227641977,0.4236346806708594
0.2066114170080774,0.4963709027743144,0.4062460882571836
0.21727120077010878,0.4849706519643759,0.4707443835986236
0.20960524518077822,0.4892164380521665,0.4227215898214034
0.21545492127568594,0.497230198718303,0.4772213453793439
0.21182111159344408,0.4998751652576874,0.4266811452011247
0.20830208905980552,0.4951238219349569,0.3977481615306715
0.21041071329238384,0.5025225055179713,0.4069865872445685
0.21685740244464383,0.5025398220275998,0.4662197434685527
0.21294444645751348,0.4984056196878193,0.4504579504784666
0.2168100487853728,0.4919030701881348,0.4532083483611072
0.21277910395113678,0.5199583679000772,0.4151887749342436
0.21023163956831226,0.5041368398453161,0.4201948258307735
0.2155048229109776,0.5070462957451752,0.4596294650965597
0.20835329447707907,0.4608635858036837,0.452217436989603
0.20595189932966684,0.4944234001994867,0.4015071627178404
0.2155108735490726,0.5156631326144218,0.4196722228910015
0.21273502379142528,0.4890497181609917,0.4346028206864424
0.21470457059674403,0.5031470874639979,0.4466265482525128
0.21657340954032375,0.5100402231879687,0.4400079629035351
0.21128491100443006,0.494131929277412,0.4394098083183994
0.21901404386936613,0.5131737421546512,0.4582993475396873
0.20796152653703878,0.4959701029401314,0.4019450003551479
0.2107315647973335,0.5023814159147267,0.4337178846348129
0.21753771882192807,0.5127785473021693,0.4543810435053741
0.2076878857944035,0.4796198144744639,0.4294262393385522
0.2144929895567801,0.510148713909089,0.4478770816722845
0.21497858909517042,0.5437228369625848,0.4050182198012777
0.2180078559713084,0.5109466619130248,0.4613919184233734
0.21463292448977106,0.5125336545320229,0.4565252602097435
0.21739448994060312,0.5026597547590902,0.4390882037470507
0.21044530294566016,0.5064615217941743,0.4140191530469626
0.2132558966111727,0.5110704688001532,0.4331569435985773
0.21253500683549842,0.4925887930547073,0.4476715591009658
0.2146664667393103,0.5083149098685267,0.45110272820853203
0.21290312378491894,0.513964369531503,0.4348031707345037
0.2088113526753131,0.5116453094018921,0.3977225028565205
0.21760432155802192,0.5112417899093785,0.4570491658831578
0.21924097789416463,0.5274308180742643,0.4648187132832344
0.21131888382616637,0.5072432993652712,0.4268389164682144
0.21200742962018215,0.4880026386029301,0.4410941486896451
0.21963465526559753,0.4907588773914995,0.4925782883076337
0.21024627836655502,0.4888727558106222,0.4416888485977501
0.21258834807246196,0.5205104613210986,0.410449644386501
0.20754185884275678,0.4844452006335721,0.4123325401317471
0.21505959425463367,0.4953649491760216,0.4205618276303305
0.21338247374505934,0.5020796492762174,0.41843509692463005
0.21201384340398838,0.5003515615611919,0.43723142506799134
0.21692170355439017,0.5221575102691296,0.4671312166528612
0.21627994792217464,0.50985010003335,0.4529586202347449
0.21120304226501566,0.5165430188242581,0.4220552728528521
0.20857102307604763,0.5304852940021574,0.38260646145074256
0.21330258277825925,0.5187802752318265,0.4035198663798301
0.21041674126760143,0.4955851738689407,0.4118599688357073
0.2114415527597727,0.5071274011082822,0.4258149558068332
0.20960301645388668,0.4933622965036394,0.4163775464634157
0.21161260177223298,0.4949040089457506,0.4140384795208336
0.21086108284023133,0.4848140721871356,0.4351780775896625
0.21342465992794843,0.500936711536706,0.4306796206321814
0.21262229595833024,0.5151019043467283,0.4107589030961744
0.21014164668166074,0.4919725120420296,0.4395458277353611
0.2099030309693608,0.4841526602077909,0.41049827240937214
0.2138518965035501,0.5206476384932793,0.4151048453012666
0.2116756542493424,0.5114904480577461,0.4233029334789608
0.21516713722730996,0.5266121684625559,0.4109434729256989
0.20897695032354213,0.5046256001072915,0.4180670018468514
0.20846596240923232,0.5172255042073685,0.4078509832562917
0.21239569239133316,0.5218343426344294,0.4237652565440995
0.2071082691103613,0.4899624306556058,0.4228819552008721
0.20982061843039485,0.5257318187787656,0.4016986919804033
0.21450848899732308,0.5048848576583829,0.4468475750191412
0.208707681775874,0.5008091134578043,0.3905676255256245
0.20752430967920873,0.4795331223207187,0.41117993135776615
0.21619352937622388,0.513237809934517,0.4157550208931801
0.20887317395754515,0.4861402621026788,0.4345178422889519
0.21109032455729376,0.5173730419811096,0.4202460042482685
0.20447282271243217,0.4984298144632968,0.3865322859086494
0.2099832608112738,0.5103997006845051,0.4126905828426889
0.2152677950781699,0.4815009837654376,0.4777063516029017
0.2099337614449011,0.492818737939836,0.4384480482966665
0.22166915060244732,0.5171308406907624,0.484531965216824
0.2179090972029185,0.49505110494351595,0.4568203916705792
0.2076879409631858,0.4694283609091824,0.4229816613600028
0.2177127548379659,0.502913896771351,0.4557295386756606
0.2047133826215892,0.4586564363168778,0.4178089374668281
0.21686493320891642,0.4851612183847553,0.4635223387827637
0.2061696257324165,0.5082003171094869,0.3836234664286843
0.21096353933180112,0.5102556559565312,0.420908371208791
0.21134737770250353,0.5085549226790651,0.4211568831526965
0.21250332786507264,0.4776244211936891,0.4610733619834368
0.218377712927945,0.5081807310700306,0.4480236876445214
0.20938423531114359,0.4857032858427599,0.4153742690542016
0.22254583495748279,0.5235469668947449,0.4732312167702627
0.20805509147888437,0.4896112118357097,0.4251323537857003
0.21949602178286443,0.4855524895038698,0.4691901909200933
0.21067126241560147,0.4843752487151866,0.4249571096581882
0.22089247793507855,0.5184836952105296,0.4655284611980888
0.20701053920586127,0.5040648753429671,0.3925262025669485
0.21394026959480858,0.4983946238628272,0.4293768704649512
0.22642702479033416,0.5627050179526198,0.45136773350919795
0.2093574753871586,0.5020256533826283,0.4071506187283928
0.2193514687646095,0.5153156028906902,0.4634347189395822
0.21146530172574213,0.4901503778591986,0.44317303581265466
0.2168905704953017,0.498073385327202,0.4492929055623249
0.2177095287288756,0.5141039701282074,0.4497913397658835
0.21463937239236763,0.4982797136930159,0.4527729204128212
0.21163656949926934,0.4948771316465786,0.43043011925165264
0.21900390485912063,0.5193542859132944,0.4430927687927707
0.21388238378357,0.5140907856676806,0.4351213614135915
0.20959213548608724,0.489838050646386,0.4087475301702279
0.21858711849106327,0.5163798330379727,0.4499437833610657
0.2142601855212751,0.5006070932725258,0.445966629695323
0.2180310681247392,0.4999282773733204,0.4542534982708346
0.21239052411980958,0.5129456149446745,0.4235802446636092
0.21418630122753307,0.5181180778882145,0.4335296659326875
0.2118693100548244,0.4999371159501901,0.433411280470645
0.2146807526658664,0.5137859851600218,0.4137261620793183
0.21257034000502817,0.4995456338459954,0.4297715071109868
0.21506976576136755,0.5215167806189581,0.4210567352543924
0.2105776922423946,0.48578975180925,0.4329194240770323
0.20745242947080153,0.4849063028646644,0.3970059990700744
0.21486757178985327,0.4987326022150856,0.43232643888171984
0.21021884532874188,0.5139060841025183,0.4055046861120043
0.2083350208793245,0.4744474909722914,0.4060559094941153
0.22129380931036524,0.5201515136093637,0.4402893736678085
0.2121668578780868,0.495734659318691,0.4458346704112045
0.22123186068094772,0.4974609522462717,0.4851132891263367
0.21300362929431355,0.504442217033639,0.4346381465694804
0.2134579739634133,0.4936642675017397,0.4495933938838253
0.2077378189195725,0.4978670190953012,0.4194807269847679
0.21267421423695457,0.5159120698283801,0.43059093119353054
0.21254021705739184,0.4980782310238353,0.4437729861390112
0.21343390269778112,0.4961796239430945,0.4388413108294118
0.20932012648639056,0.5166131188545553,0.3967495242919011
0.21012484809947338,0.4986515780021533,0.4094336162595582
0.21881732911980273,0.5176515448837903,0.4436078544448685
0.2211291937083966,0.5069889796373912,0.4663077130301251
0.2154277077999658,0.5014282009324105,0.4382049238939825
0.21506118640005092,0.508730271160108,0.4332374126835312
0.2126677947219983,0.5024699278377674,0.4309908153199111
0.21133440043178567,0.4856350577132398,0.4137701135383032
0.2198937739345051,0.528522925007302,0.4513929446125813
0.21112735974361796,0.487719238502857,0.4245065269153365
0.21566083995382088,0.5115816561904204,0.4333289389157332
0.20965300296981418,0.4985843782107095,0.4067912764063564
0.2107923199412242,0.4894590454255801,0.4205449139220864
0.21264751243193125,0.4914207190515982,0.4322230349964949
0.216271588968019,0.5029198438196478,0.4438725641808005
0.2143342554251494,0.477373424605246,0.4646660276208076
0.2212064573117064,0.5213116794777622,0.4717570282678982
0.21672253363626215,0.4906155976004532,0.44628868232053337
0.21013360379461815,0.5091645167318196,0.3997026446226536
0.2110588213484288,0.4896925327895858,0.4305613608413168
0.21265756935989455,0.5025450947811929,0.4345761603168908
0.21698665253855368,0.5317745149655381,0.44984070087392425
0.20941986472079527,0.4787731369911818,0.4372033726332151
0.2194706111460939,0.4844973324281303,0.4934328935216415
0.21721133580908536,0.5228933002056059,0.4340625890468828
0.20360940123737234,0.4671683664385789,0.4020949214855621
0.21169273603182492,0.5207603088024336,0.4122200828170775
0.2175581755745145,0.5112961549475494,0.4484207865226363
0.21158315995460442,0.4998348536111586,0.4473322277914271
0.2120903068775834,0.499532730805557,0.4509975660465415
0.21213940047335936,0.4963934386650394,0.4287588753656859
0.20658503461737948,0.4853948754688656,0.3851139924243433
0.20788007985797363,0.4835417697129863,0.4202421916951819
0.21518505567514196,0.5046703618782094,0.4431101182807937
0.2173539784239349,0.5235128389079567,0.427478721094176
0.21633480988326434,0.4967512213590886,0.4626550776043985
0.22126899053325744,0.5272805689254869,0.4609319301640027
0.21736723441644812,0.4916829573005532,0.4655037762798544
0.20925198880553586,0.488476814003045,0.4117932345293863
0.210507226426876,0.486280702154251,0.4183904780124464
0.21725995132422316,0.5140315645584471,0.4519849340117729
0.21087980255113842,0.502865118493245,0.4204034197106578
0.20950465495188383,0.4808140905106398,0.4154197952596713
0.2182007162615326,0.534454783502686,0.4523047852050066
0.2140067749914965,0.5045026860922274,0.4329531729372289
0.2220795284149652,0.5207129287917457,0.4544692205487523
0.20275520012614237,0.4904538688760434,0.3849272620631723
0.21609736735099225,0.5004879729835541,0.4431419448114197
0.2083866502625898,0.5069074286821807,0.390973776546981
0.2106926242131294,0.511978673846601,0.4295303701509557
0.21337808831656702,0.5122620819060965,0.42852803024620856
0.21572232535414662,0.5147518138619184,0.4354402804353556
0.21008612648023942,0.5104779145989551,0.3945035377306156
0.21450246661574057,0.4874158152729541,0.44073640571538825
0.2121335153653673,0.484112201981097,0.43742830328154975
0.21847857220419825,0.5387771083171429,0.4304386685972881
0.21741310600105584,0.5091740504204247,0.454031798869327
0.21643687838364437,0.4893939929385076,0.4576736035436266
0.21292924817392545,0.4959309751115854,0.4205036603462524
0.22173942790611365,0.5022375076358476,0.4774246560858314
0.21264929009299585,0.4978632911025784,0.4376607241294617
0.2119006567492646,0.4981839793804554,0.42687411637375056
0.21190535761456328,0.5152937529500271,0.38822503133391817
0.2132786014205462,0.4595147108668819,0.4748785164988469
0.2195200851970273,0.5262750836233419,0.4448356724574383
0.21559395126971304,0.5376255421541951,0.405332647914275
0.21154046007447527,0.4755556714215138,0.436684824009431
0.21425497350393685,0.4929580533396065,0.4217275276416684
0.2171308563490147,0.488875604439205,0.482060810363037
0.2158440595243226,0.5154461429722276,0.4415895641841948
0.2101745798928986,0.497018194851275,0.4297946137158999
0.21582696172585575,0.5272363179598245,0.4138372132969236
0.22031250270669922,0.504240877480687,0.4572600800695157
0.22027399756088442,0.4983249886131019,0.483894063758084
0.21833391612560096,0.4957264881894876,0.4564116036764449
0.21493142609484803,0.5042478627253143,0.4459463814454615
0.22183901950516197,0.5049452957240801,0.4942329277241183
0.2167995762027561,0.5000247464315547,0.44260198960862857
0.22208394477381213,0.5240436568752627,0.4641625367131199
0.21155519949261226,0.4794995892427563,0.4356108738650321
0.20834080286418213,0.4819699787694472,0.410720440305546
0.2135127968100059,0.5142206026165416,0.4299284126750792
0.20997701616414488,0.4870522185758106,0.42234227739700825
0.21594526410885195,0.5197733521093082,0.4250997645108157
0.21081834496940122,0.5037958902013003,0.4148818279749956
0.21566203210511742,0.4912222374775584,0.4352623947294753
0.21382105922752928,0.494168346275852,0.4284513102384189
0.21100115423391316,0.4795039158171776,0.44128793313909903
0.21225222118243245,0.4878797336273175,0.4240532204701827
0.21748202692508073,0.4923903931593155,0.4510944599081603
0.2199752367901775,0.4946104990631848,0.455809427711828
0.21756273967820824,0.5066141211131711,0.4594229498841042
0.2174919188441394,0.5302151664016599,0.4379371513735956
0.21423689404143123,0.5083770003770799,0.4318057527397013
0.2086008816308989,0.4809327651779299,0.42972796791245504
0.21051515272738996,0.52819334070261,0.3998107841996203
0.21345464865778194,0.5144386486704989,0.4369623485745947
0.21547363120003277,0.4844590014898599,0.4429549331997581
0.21092039008985516,0.5030655993845081,0.4257794830487529
0.22009576007799544,0.5009330342773581,0.4641098244481411
0.20966247398470106,0.5296436335449903,0.3942659675018773
0.20913414679945108,0.4877644792750447,0.4261620108941647
0.2169160163202212,0.5079686281303776,0.4641881893436956
0.21294269588821974,0.4875019399395468,0.4583367354266914
0.21656305523481198,0.5124205370550421,0.4307695525982133
0.21243072116318465,0.5237158586238032,0.4105640118705513
0.21301032185440527,0.5265552701137302,0.4157923171843467
0.21448790908445128,0.5157619874958219,0.430399170506875
0.21653350975526256,0.5334190202152151,0.4456958040094658
0.21627070160039633,0.4928907834650713,0.4463961503778617
0.20693327640016754,0.4939990405461873,0.3976348124303054
0.22514188877482189,0.5286310507656145,0.46623543419904606
0.2062146634903616,0.5010610764937978,0.4091160539086824
0.21299849285123387,0.50241641843128,0.4393089457622479
0.21326402273197942,0.5345744722821518,0.4199581465812889
0.22029471105002685,0.4904533258529876,0.4849813044411938
0.22014436711725469,0.4915111455294804,0.4754052384472643
0.21293127127510877,0.4943273858267703,0.424526420848556
0.21502543510802125,0.5030436337511238,0.44412973980665105
0.22194712150122445,0.5388564440080855,0.4571811196711929
0.21043276175170242,0.4836220500642817,0.4505316859221924
0.2193370423409369,0.499170278562202,0.4675528073180996
0.21222551601067002,0.5008228207418857,0.4363934408487917
0.20634070448226896,0.4921157447023773,0.402309297135294
0.20966720164215272,0.5114801400813633,0.3945313975248703
0.20911455946642257,0.5100119815143174,0.4028499329929266
0.2149438262982587,0.4979694129707173,0.4465201493182887
0.21008961021270622,0.5326911863730146,0.4013815481450721
0.21014184626369264,0.495485573470489,0.4213781195596579
0.20483631011954273,0.5050384831157286,0.38342812423198347
0.20634618796016724,0.4806711744012465,0.4229370916825468
0.21300552623372293,0.4899522595589342,0.43118529921644944
0.2121289814144363,0.4959991701132248,0.4314485510792948
0.2141556957237115,0.5070469711178083,0.4139878406957492
0.20979369966425016,0.5116277879504224,0.3969243787288535
0.2109136085244134,0.5191818817454057,0.4254312689473158
0.20786035167729403,0.4802776100240252,0.4096292233585692
0.20938456466721703,0.4924559858299747,0.4171660352533733
0.21791282201547993,0.5070701089201838,0.4690687842654144
0.22222929711752748,0.5144081264511428,0.4666444373795464
0.21924717973929128,0.4975775293598568,0.4738951346783011
0.2083746864330065,0.5031709301596075,0.404821914343728
0.22445534906253442,0.5193158923152048,0.4842381533878266
0.220075654935047,0.5351688684320427,0.4727306903562561
0.21194702659499087,0.4802346822067588,0.4353771115946724
0.21351981336162296,0.5207985425149844,0.43801238659081176
0.21100594052972194,0.4978390686033585,0.4420769037410637
0.20547094921037473,0.4870859313916234,0.4161180166008413
0.206703588993981,0.5038201978727787,0.4032525281380179
0.2123244117113952,0.4969737970958074,0.4162009059140525
0.20449325741530308,0.4766312083514949,0.4119999179418326
0.21685169142169713,0.5055644968201447,0.4391336912369523
0.20814827957283913,0.4926653939740103,0.4059964758778104
0.21349839964018696,0.5040707124847877,0.4158645817141626
0.21911329157909576,0.4972616280809157,0.4744442814360828
0.2121342266796925,0.4623130210530563,0.4528355181653431
0.2104777268580544,0.4917286326560478,0.4369885706672095
0.22210901088803076,0.5302114488298165,0.4786989728949521
0.2134052668229704,0.4734068868113629,0.447077284452816
0.21852556924248603,0.4999229370013784,0.4435149168078146
0.20916227833008277,0.4926017423637593,0.4131516493971752
0.2091997993365284,0.4819381701248565,0.41980611401374057
0.2137287464820573,0.4960758005690257,0.4439268780154949
0.20998566196363377,0.4814473554965782,0.4334035212157971
0.21680830129808065,0.5040800656306963,0.4508346282462016
0.2117636583397299,0.4996478983391784,0.4196624009737961
0.2112689729181629,0.4896449901000807,0.4117224361056971
0.2085003175420173,0.4708492155407227,0.4143094538258944
0.22333922285061153,0.5373677112552583,0.4636873197106053
0.21542746230861132,0.5121602799567929,0.4151114381473084
0.211223765810248,0.5060803272668941,0.3997769136989151
0.21735438042681401,0.5143208186570324,0.4298780801087638
0.20861076172746834,0.4946878776862434,0.40585536027892055
0.21035873194757357,0.5094746091238934,0.4041262932738339
0.21627934964328857,0.4880608274685455,0.4463206469260282
0.2182806293479096,0.5040117524862611,0.4524205102566842
0.21579278944958324,0.5024403102369567,0.4596201279242885
0.21674148613196464,0.5356883394841006,0.4087419722713934
0.21723246654762515,0.4950451183986733,0.4567659816298978
0.2207145422505671,0.5146520186338784,0.481767453937026
0.21207351599464888,0.5106804065640024,0.42884281323395096
0.22000447247629082,0.5055505870320857,0.4584684513619661
0.2125833273415214,0.5151398033456461,0.4140400867585346
0.2134824891170723,0.5063266830057149,0.4494802625925508
0.20861024059464559,0.4821982866526782,0.42413308910657066
0.21558576078906624,0.5177648805722637,0.42994818371964144
0.21023269459385718,0.4802310337791554,0.39907008660639703
0.21490966334455894,0.4818206713921404,0.4628154451757023
0.2118954081893494,0.4985165933105484,0.4096181632349573
0.20494823958828653,0.4884485707104765,0.3948997155441541
0.2197443003770401,0.5084866173658991,0.44867775897626705
0.2161609583993489,0.5065433954632302,0.4650012179237819
0.21863477310792206,0.511538570138974,0.4491446484920631
0.2114377443305208,0.4821473743177969,0.4506543544827597
0.21448037790094635,0.502595907182391,0.4247273335617943
0.21019776469254545,0.505475295631055,0.4018406125539248
0.21021540453569806,0.4859005915622118,0.4238700094853866
0.20913682204066916,0.477191984614376,0.4274982882088102
0.2179243191390693,0.5057582627774295,0.4429507261465437
0.21541363509424705,0.4964465643953432,0.44277137635342617
0.21412003933466203,0.5086387796789591,0.4261242229376513
0.21532178850288852,0.4977188560803061,0.4339161550609449
0.22062312654883587,0.5030692572896686,0.4604667200982952
0.22083077513604688,0.514435516733345,0.4694229794466043
0.20894759472167446,0.4827417148192704,0.42284112945528507
0.2224022801750283,0.5164094851907007,0.4570717788143797
0.2146831768844597,0.5039400149970796,0.4228206133451885
0.2149027317981624,0.5219968211529593,0.41238875777568496
0.21997504822044456,0.5240572418704995,0.4484069020067775
0.21388953965550336,0.5056979227478151,0.4391067008320267
0.20974691862133366,0.4938449803247916,0.38379726085101146
0.2232347920775206,0.5022687977885546,0.4617479622715821
0.22146340136063836,0.4973103080319883,0.4772897321294193
0.22230669872676195,0.5044080316252829,0.4281303939024629
0.22614963519075978,0.5043564443207771,0.445213121797843
0.22585496139547281,0.5080965247657027,0.44868436026652997
0.2217314615996768,0.5204364107987288,0.4130318662746632
0.21788909962271227,0.502109991240874,0.425241766144309
0.22510255935549758,0.5159592111602961,0.4284665376134292
0.22833592390136404,0.5095930459522495,0.4530430096738901
0.22321761282223668,0.4966726193227111,0.44589163968163376
0.2222383347416475,0.5177833402997928,0.4069361389282528
0.22138920229228481,0.4714376851521856,0.4341213898614877
0.22194343764936167,0.5017662247085881,0.4394745681139501
0.23129642673910364,0.5379020830431158,0.4638143433196503
0.2256091694023202,0.5102207501042401,0.4399715556666809
0.2175307470550729,0.5154305680526883,0.4167134984562909
0.224704810858181,0.4916367351493783,0.45018819344260896
0.2226860413064985,0.5229765498646334,0.4440578548791983
0.22384607519867872,0.5001783683776394,0.4299338497572722
0.2281930087054263,0.5203443214209932,0.4556308053470676
0.22532417458600537,0.5121611422667517,0.40950156448223735
0.22728909033416897,0.5176690263146471,0.4239301886854717
0.2274744472189998,0.5306519898081635,0.4153322788205789
0.23289673651597023,0.5148485948647394,0.4616249225750274
0.22851457100614603,0.5449980909644895,0.3774865882569272
0.23861196969002674,0.513951267093955,0.4977339915202383
0.23053871658090272,0.5270126592186738,0.4289361548260924
0.2310028634459082,0.5090926532539858,0.4352376444236401
0.23003316334513763,0.5387122071100452,0.4110596773261992
0.23196815002588764,0.5545108643595517,0.4295397339432859
0.22865576873144222,0.5347139619393426,0.40489242414326426
0.22885110709041484,0.5296243787393836,0.4209384292797824
0.23177741008995617,0.5322543998648713,0.4459745776739416
0.2343968849011712,0.5280159186439553,0.4737868115402153
0.23965951954194042,0.5479055640715033,0.4871280567258132
0.22608408043639977,0.5367086305625671,0.4224920413875526
0.23548232472982747,0.5403658881055662,0.4493264310127279
0.22954670186850434,0.5413181349159211,0.44130340163628096
0.23703565456504244,0.5372880384493481,0.4798614523024301
0.22880036187163802,0.5721533722425282,0.4249675414294851
0.22607751491589986,0.5240275233177564,0.4135396993262266
0.2262872111110503,0.5426028746930978,0.4285409032869046
0.2208653649440516,0.5096810184852806,0.3735071852821312
0.22224281930564188,0.5580221405215373,0.37926572402331815
0.2265905220746712,0.5455279771095559,0.3849259217339322
0.2373594806418731,0.5308267140291063,0.4690565317445695
0.23277421512845112,0.5173991926545327,0.4556898037307816
0.23131665737190005,0.5278745402077692,0.4368414665834909
0.22876442184930873,0.5301571826170244,0.4136164153729521
0.22448734832175896,0.5413946414785179,0.4196017477312637
0.22350166387080442,0.5285614938373535,0.4190014796031716
0.22338739280101247,0.5304875062205088,0.4314296483587489
0.22485224663695558,0.5453610555707045,0.4463045331861447
0.23140108860067266,0.5712338916789579,0.4651982773821951
0.22793743464997498,0.5576352392356418,0.45914912399202
0.22544538377195467,0.5729278861089345,0.4133302114902419
0.2237253787856991,0.521992742055805,0.45893019295680204
0.23107851033215873,0.5504564786114104,0.4551654458884422
0.2282659302515355,0.5555744577694578,0.4485784779719173
0.22514459923238006,0.5395446561309071,0.4370839234504935
0.22419224601949078,0.5552233243014157,0.413129873033696
0.22124451264689549,0.5606708595878195,0.4123533941686771
0.2220902212833629,0.5453786681729773,0.41508850627089294
0.2255408812406429,0.5542514503888563,0.4405139634764382
0.23066937688851966,0.5715057960004972,0.4622543385022632
0.22014262973600043,0.551387296346205,0.4016940266492186
0.22520434503462172,0.5534912177987631,0.4310467673414051
0.2284788263213137,0.5646215315492781,0.4457080039874414
0.22446810612808052,0.5909291444176522,0.4060050239175205
0.219940741019807,0.5523253882659822,0.4090070779032985
0.23103071829559363,0.5866408203324509,0.4359434205020541
0.2286344451193416,0.6026616851517109,0.4409929475071538
0.23006812261725545,0.5689708956525583,0.4116046073388249
0.22919662874397165,0.6193046172374147,0.4372339231342439
0.2322457222239259,0.5735854367233086,0.448381286419524
0.22979671824718279,0.5732968488918327,0.43915185279692615
0.23420744870305993,0.5676001550286326,0.4636648428694386
0.2340741909719818,0.5933391394609798,0.4392852588475808
0.2345274792647759,0.6041614351415564,0.4434487158411269
0.23684200657680524,0.6037669200905428,0.4519087136029082
0.2305828808369521,0.5959515927638112,0.42309558048241735
0.22841750223542778,0.5798349088637832,0.4319744449086758
0.2370115065018443,0.6015906548155234,0.4479882806133525
0.2363506530405957,0.5788882323672894,0.4379619821318673
0.24045605554836122,0.6162213361634019,0.4475551056841184
0.23401251815196933,0.6050555036878467,0.437630601988533
0.23275205172717506,0.5878813904464895,0.4238493008193865
0.22948961521403202,0.5775957106418781,0.4127631129600994
0.2394733598477776,0.6294968843387764,0.4815789755533464
0.24163410456262274,0.6195099868101326,0.4674485676095194
0.2376728483484994,0.6138720733331745,0.44957823550133225
0.24314928318000306,0.67028705282856,0.4462928107311669
0.2343751459954628,0.6474771640559134,0.4255448894157279
0.23773756531606163,0.6455984786881074,0.43711455041916736
0.24200968298200182,0.6297475985708505,0.4713718736575812
0.23830218156226884,0.6251586667679906,0.4417309602947123
0.23845542248412613,0.6313906042607854,0.4525439991700696
0.24570458469803583,0.6394091750713864,0.4938023606335885
0.24091841531392041,0.6617708946047471,0.4333425310035414
0.23922828938862487,0.6332469618216805,0.4686116245266282
0.2408545198687373,0.6485488360478516,0.4806297934712663
0.2514263993976448,0.7025941592369901,0.4981268622966498
0.24829841362143856,0.666098752082705,0.4867121468434078
0.2448246388004161,0.6633562380071634,0.4623682442269559
0.2412372219076583,0.6600668945440283,0.4533931595202034
0.2520125800280374,0.6551583273586742,0.514463459583542
0.25260489074033043,0.6604779903408103,0.500088597678511
0.24540761919130688,0.6522014009656592,0.474147489751932
0.25795164469991916,0.6695493696953068,0.5690501688119769
0.25315745173682636,0.6788248424440725,0.5243352684724729
0.2512716497743196,0.6871045797981327,0.5315477022507549
0.2530907366552116,0.6907951275887612,0.5324094389610482
0.25813795762523706,0.7012062289318456,0.557479305832103
0.2585828380167432,0.6880975092055621,0.5351083450077393
0.26132699931305753,0.6840258405934148,0.5766519400032208
0.26010391314784426,0.7165265421167522,0.5757072663507161
0.2574651005064121,0.6988941912409878,0.5518264640830961
0.2570017048004632,0.7127452399760168,0.525599980715099
0.2552028661754269,0.6711838042911472,0.5856763023109246
0.2519769529331797,0.7210396559656944,0.5878295766585268
0.24426498358823195,0.7148673771516093,0.5901443247814812
0.2504064231651199,0.7008991011169471,0.5788638465338644
0.2600417258342523,0.7380251958900216,0.5608092729931771
0.25245213816764855,0.7564557085655843,0.5792311555187798
0.25961684479443936,0.7399682416866834,0.6137693991740649
0.24967204553608313,0.746736596157747,0.5884270903523803
0.2560188388448016,0.7137842465466792,0.5726612449795739
0.26373800538083597,0.7632649859405141,0.6100023047795579
0.25449642681390194,0.7162379281524488,0.5950658028738836
0.2508442219372935,0.7629771621219652,0.6023601806380507
0.25545813397428385,0.7701100601358054,0.6272544968026527
0.2514296466452597,0.8230867430404714,0.6213902038576881
0.24619035299536235,0.8390655403486929,0.5617490376812211
0.25517007444077583,0.8307952854167753,0.637675297050265
0.2558473208897179,0.8724320243235744,0.6721277138847079
0.2589092756598967,0.8679979092150921,0.6216861971970331
0.2667814612199223,0.8961876948360706,0.6618656214392448
0.27979302692623764,0.8803108318173171,0.7190358266863558
0.27434685488227567,0.9104685741693548,0.6703659909128795
0.28096127879937816,0.8612734574511492,0.7251009515469042
0.2735371287738673,0.9280726831557692,0.6779433056877683
0.2735769154662631,0.8850718320947926,0.700956936705028
0.2775424782558646,0.9000181783169061,0.6422989100935442
0.28163853986211307,0.9118090087225066,0.7144904500397926
0.27497150958795674,0.9038671185028168,0.6664378993525156
0.28670130089788737,0.8861255505688423,0.7168143680816179
0.2791174880346453,0.9258453153915212,0.6922469984886771
0.2791762226523246,0.9010404061702232,0.6925729629200947
0.2782509213472465,0.9048969078245771,0.7329109518281273
0.286737948112059,0.9425748329892482,0.6645415241220318
0.28432019585105783,0.9529168699239507,0.703771709200518
0.28323937501940344,0.9129677522832428,0.6665609127985147
0.30374534560968514,0.9506214222668236,0.7181765997805938
0.3020069234190501,0.9690295208931016,0.6547435974688928
0.28091174518523987,0.9300834701014006,0.6629587460938977
0.27623714510647623,0.9399953695136364,0.6994832863487517
0.2878639325639046,0.9958675015759868,0.7183535762460305
0.2761393168130836,0.9774748370447042,0.6765614980009609
0.2881518537858997,0.9878659782895084,0.8974663874228966
0.27870954313253754,1.0604531171584852,1.2186796846535979
0.28710018379565727,1.0839147825402833,0.9094870637495776
0.2906591178198373,1.2098315253819174,1.2866093967516137
0.29506926838807795,1.2964743029800447,1.6361716874040446
0.29753024423949076,1.3897107013815515,1.5579906471600882
0.28624821334725287,1.2465463059108808,1.554419247835891
0.287128514435158,1.3283045533418978,1.5427608654872542
0.3066368574228445,1.2834521579025917,1.5300840532504705
0.30344545424101166,1.220881600149809,1.4969657519388375
0.3099771691612203,1.3328228588144413,1.4957744826869956
0.3271517714104577,1.295993248242484,1.5221077627448112
0.32066613462751353,1.230660631670384,1.4849152770866554
0.32313547871911674,1.2313970324977097,1.5032287948799736
0.3240839607168018,1.2799228221959398,1.4978876586819274
0.3253098527841334,1.3098939445829074,1.4902245142762933
0.3188446451337607,1.2660185097747871,1.4641162151266798
0.328839398314811,1.2617526364188212,1.490243257897456
0.3298578091226512,1.3019572589848452,1.4745249377912844
0.3299347248964796,1.2164841288023118,1.4785677579138643
0.3300878928435936,1.2213085851758951,1.496498265888328
0.3284968233416329,1.2336145321940828,1.4753014576889705
0.3309615847777236,1.2412589029695298,1.4778250571247051
0.3425981210632305,1.2281073747412434,1.4997275262616427
0.33613609472268174,1.3032786351919927,1.507422289047519
0.34138395175143105,1.2173807876133336,1.5370197775040737
0.3636369978016514,1.280299276744019,1.5021095619240932
0.36132621867965414,1.2250132403311154,1.509470701447838
0.3636254984349211,1.2346415255105976,1.4607393447459849
0.36720113391786824,1.3011705485131912,1.5133302692867894
0.36501400380294824,1.2435498725687022,1.532948705375666
0.3668830259106079,1.2379272917647872,1.5161967880274936
0.36760947614531775,1.2278580520194189,1.5158639523387094
0.37725721865503514,1.2576878683583743,1.5016634267472322
0.3751622437745321,1.2736862756780185,1.502423431272403
0.3771754680942768,1.266130641377725,1.4885943026439674
0.37551140287066337,1.2331572573244491,1.5080679314442895
0.37915008131539535,1.2357417456441189,1.5316583506671229
0.3818985115128488,1.2823705936853715,1.5101208983108887
0.38265609539056844,1.3056677106286865,1.5141370461719077
0.38376760560186013,1.3255115207356585,1.509151258593788
0.39543635743971595,1.2315851667186852,1.4910025874499897
0.40204381707911424,1.2739794418771853,1.5400858890465141
0.3998347889445631,1.3046880429892824,1.4850476275333326
0.407018252424169,1.3599207550469958,1.5176483260144644
0.41143832212920356,1.2399141830935512,1.5219750349279446
0.41136598479927644,1.3122194716773803,1.5311705787204288
0.4122342373502103,1.2225428054804983,1.5381450817315132
0.4117290546842942,1.3006115649542804,1.5295504258186101
0.41665266075631124,1.3507475727333982,1.4977239641015845
0.4184006898849897,1.2874038113280313,1.5087241585388051
0.42385523854199514,1.285724597973786,1.4999491848849411
0.4332809352404976,1.295420146332626,1.5075790135861822
0.4315585298390408,1.2526900529688674,1.5269398343681704
0.4339363190700118,1.3001970394981148,1.5405120585236074
0.43463815154603813,1.29322142626015,1.5347907079200769
0.43960522072875663,1.2274203580501206,1.52384160145852
0.4451099517292442,1.2727665073092609,1.502918412797046
0.4389467637452678,1.2781912038575265,1.4789065918180575
0.44081537757526407,1.246830355808334,1.4948353996206143
0.4422117670242223,1.250121931196308,1.4802691389419966
0.4364402380706889,1.262513956423944,1.5183974801004014
0.44661012143908757,1.2195865092315905,1.431236738208061
0.44983114811776104,1.2572302223866911,1.5040669705879692
0.4507067512368122,1.2002706874143714,1.4529640096876673
0.45366462717813394,1.2017796572067885,1.4268239684336308
0.4529467456529324,1.2442994111915415,1.4545812871847985
0.45390072174607127,1.1930108131126538,1.479509424175461
0.45387152746112475,1.216808913943675,1.428817991458193
0.4708819698067779,1.2501041989223107,1.4468309928343177
0.4698258966906477,1.1573541513626824,1.3968211145579297
0.4823161547093844,1.2248555322212358,1.4104930106576037
0.49834040794173334,1.2090117812181451,1.4147555782821557
0.49580886270885555,1.1868853763291631,1.4114861219691957
0.4939787807091385,1.2245494525247391,1.3855848906098194
0.49140530855477615,1.22497905380917,1.412435823285238
0.5003193834768619,1.1941207263524438,1.407792421178565
0.5010612151344942,1.2175053720565243,1.4291512557420274
0.503465854502887,1.2742331709328634,1.400481655440496
0.5030408420607876,1.3174460824437313,1.4170282228644364
0.5211122090718643,1.2154630345484887,1.4301289328854891
0.5180114645362193,1.1997964560273064,1.4342382506123794
0.5203728319810618,1.19515460368689,1.3971206601685249
0.5205451017131988,1.2434642888007603,1.3976882132562525
0.5216056630016536,1.2582992423485502,1.3949600946144154
0.52055598924063,1.2371361912182666,1.4143656888035017
0.522054003796551,1.221488696547704,1.399355663779966
0.530472007546551,1.1751833727989152,1.37689387146611
0.5253350263432733,1.1855317045814346,1.3590682038420114
0.5279167676244488,1.1977262247086318,1.3650381197122392
0.5267010128471007,1.13627171826852,1.351779347678611
0.5257930995215251,1.1741443745319269,1.3448482770009205
0.5302274565954183,1.175159610123919,1.3148699481444392
0.5314795740569661,1.1280401373640672,1.3235914395473674
0.5302640228002948,1.1426918385957752,1.3739362136678404
0.5264326818382479,1.1957082616933423,1.303197582438593
0.535095364338869,1.1137740183278606,1.301139789430001
0.5421039930104642,1.1653159670501925,1.3366935662122577
0.5469701184045885,1.1064454843766107,1.33583710610248
0.5556466635425603,1.133028488621746,1.3136926578841388
0.5548588793491283,1.1367930406909794,1.2951411777284418
0.5554675193469184,1.1231600881635948,1.3260803125770697
0.5612498209044028,1.1032112413602413,1.2722162292145969
0.5667917718460473,1.1316844457802555,1.274625137228427
0.5659113156160022,1.1182895416089629,1.3044134804903564
0.5762365974557853,1.1393104294491698,1.2791632035635727
0.5709877311370534,1.171258474659624,1.287898150148015
0.5804358554987239,1.09755598248741,1.2720378775222227
0.5726964818574203,1.1793267335568454,1.3188910335256423
0.574649066587407,1.1243865162241855,1.281173690839968
0.5741341197136662,1.100658408413751,1.3039820679525658
0.5779962332781696,1.1456708290477065,1.3052198978097875
0.5783736874938245,1.1796909790179,1.31580359593543
0.5851260305058779,1.13153419256355,1.3187954700255835
0.5891698575404475,1.1538572600337198,1.3092623999252992
0.5889247350334574,1.1377875347300592,1.3094792682548524
0.5907813162152291,1.137592938366115,1.2977108514091495
0.5927858466870152,1.158900347520364,1.2954191508685688
0.5962804969989072,1.1179186581067728,1.3256977985516305
0.5877279657388516,1.203307789577178,1.3375589051628385
0.5919466486441682,1.1144902229028315,1.3082709455325596
0.5965536712398216,1.152061861794388,1.2928558004054893
0.593631900104922,1.1566384353527766,1.2954024154404222
0.5955012655237004,1.1651348583199337,1.298475496971753
0.6001666349651678,1.1345310162289155,1.2977091102751392
0.607241433667433,1.150857930197904,1.2921360954713583
0.610892701457863,1.1275259947678602,1.3091606089975687
0.6181846005734286,1.1267030993881808,1.3247648401997123
0.622019662650057,1.1068784927599298,1.3224512330047036
0.614240489501367,1.1131884114707444,1.3143085981891138
0.6152915456376639,1.1154812564942935,1.3207691333574183
0.6078128870596881,1.1199582070806675,1.292970460779319
0.6077227089925179,1.1271987878598868,1.271949754075162
0.6068809119894465,1.1845355973499598,1.3099480871643008
0.6100884880772267,1.1523511543754226,1.2998264263177008
0.6215321948514081,1.144407566494568,1.29963583490777
0.6149373103119588,1.1525055881219588,1.2802140271399247
0.6112805462170647,1.141783474137888,1.2950086528163394
0.6219120909878371,1.0908413004976625,1.2925746470219606
0.6354534039636264,1.109428717361575,1.2765036448231837
0.6302886065907791,1.1556148084181153,1.2641911949727371
0.6241266921050729,1.1139737546933193,1.290480966786029
0.6601899943470257,1.0930903401481191,1.2448925771198174
0.6629742616941691,1.097690641877843,1.257510934069124
0.6619402178900109,1.0823465089498596,1.2108963214797033
0.6671609671722689,1.0333658667172632,1.2250010876085224
0.6550067492161373,1.0801504566730011,1.2340861041424078
0.6661389147682147,1.0393823736108585,1.2160987048539484
0.6501956763290063,1.0977732745683475,1.1981509518142233
0.6698071835062936,1.0342714189912745,1.199177835762821
0.6572739920682852,1.0653871595071784,1.2086555467936768
0.6830838435057252,1.074611490763495,1.198854708682896
0.6782185343643536,1.0740736250650569,1.1874203910428087
0.6847813306940774,1.0601828977586143,1.1949557996677715
0.6787732720503777,1.0644735637374136,1.1995717478569643
0.6845713473300988,1.0244171977165517,1.1982981678616498
0.6859216395508494,1.0706537524123811,1.1617975753708345
0.6915427359489127,1.0690054080827602,1.1768209533237919
0.698987169661208,1.0517635438256074,1.1877614917243895
0.6922501153455033,1.0082351943614372,1.1756238575578088
0.6955097445602934,1.0473713590098237,1.186447317111858
0.7004919539664249,1.0146530657320647,1.1806347960843415
0.7027311138862815,1.0320093532429688,1.1697869909935907
0.6967502046361335,1.0667813461393183,1.1771875651844317
0.7059534462807087,1.0187081341136386,1.1713593149524857
0.7078682339398958,1.0345499030814609,1.1959157632517516
0.7064689745881952,1.0186557164504817,1.166559036887268
0.7147807288758223,1.0207149437563827,1.1961277695382375
0.7065960952953335,1.0167150672285026,1.1609757349814875
0.7241387307323577,1.0038789609135732,1.179826041164305
0.7265096899700577,0.9823381944338644,1.1690101775410129
0.7290740069032262,0.9828963861265264,1.1678180224515815
0.7275992935613148,0.9989323047564248,1.163538248247023
0.7183565060681606,1.0459869387096434,1.1442904457804346
0.7156485336375547,1.0005986622941279,1.1299915293966694
0.7273368362286248,0.9845398715116204,1.1459583291239952
0.7360166564866819,0.9888050098797252,1.1433621267083545
0.7365534272718424,0.9970036533728692,1.126632422846837
0.7345742985898103,1.006212902460637,1.1465971824943957
0.7401434294968009,1.013031600803548,1.1434924270693931
0.7308828801012325,1.020423265191456,1.1116442169433316
0.7475646040268087,1.0196865884433697,1.1266927102117412
0.7405681150456773,1.02570268986966,1.1360894430546469
0.7444387483569106,1.0198111824821638,1.1327425618299949
0.7499317375956264,1.0123047211471865,1.1371295135943718
0.7495974253113693,0.9825866558819364,1.1463271655884966
0.7564315889222835,0.9890835662268892,1.1376033030845776
0.7500866710692242,1.0090487869630795,1.1523131329860987
0.7460728751911632,1.02556909611932,1.1376208079373809
0.7702421391985586,1.0022438217545706,1.1412397443278308
0.7756447684411397,0.9758060139462728,1.1294061276632938
0.7710591785337593,1.019276516344152,1.1378193372397805
0.7681414054649914,1.0447412556643323,1.1005527917360638
0.7678047183891795,0.9711068661705664,1.1149798884337023
0.7704273052667868,0.9785785258704248,1.1123252685942604
0.7630095238686944,0.9843001221868488,1.0887232918894816
0.7794798718756759,0.9902097267351776,1.0915327145511602
0.7712052898220696,0.9965956903250586,1.0866746896363044
0.7739539767304473,0.9912755823101256,1.0922192744078196
0.8048113479914608,0.993677133250546,1.0829402258046894
0.8109116118076927,0.9682419911133155,1.1106199248395854
0.8090579231010078,0.9886135580244596,1.0777813127409632
0.8034644818911018,0.9765131210610966,1.1049063302509956
0.8012747631744677,1.0008310643469245,1.0932419396948736
0.8061119166387093,0.9919732222490214,1.0788773200348438
0.8134214480027727,0.9677868162463324,1.1052177614388172
0.8266365468397764,0.9978838120532512,1.090633678144138
0.8283717816641064,0.9899527428340459,1.0944807080329813
0.827813360689432,1.006590608379236,1.1130591130336898
0.8413993469726639,0.9726821209526862,1.1173535054854082
0.8242110268028086,0.9986042780872856,1.1294193315891778
0.8376377414466699,0.9973108042732446,1.1170767478707124
0.8329489617472506,1.0004855670531971,1.099882013381798
0.8414043168803402,0.9646351777044454,1.1177806700287185
0.8336859910160511,1.0005091731206774,1.1208734813153731
0.847613821821794,0.9573283055548416,1.0906333816901028
0.8564446875601849,0.9760463026707452,1.0998917755116324
0.8423424279716708,1.0014940079784704,1.0944995196757097
0.8495359614879162,0.987388438841498,1.11247410418708
0.8658203373865859,0.9616773052647992,1.1006498509273526
0.8542988725207402,0.9859082538324442,1.1061445102359764
0.8574186142399205,0.9940016104210634,1.1000258898913418
0.8551616415117114,0.9737413235117924,1.09442620951717
0.836788516901057,0.9998909983012022,1.1262108031856508
0.8607175910961041,0.9990043045824522,1.1160350340443443
0.864448157292323,1.0295494258868196,1.1136236731918396
0.8654469980303425,0.9801357452786064,1.0955547456168055
0.8734568123840606,1.0073312472632436,1.1253423153196267
0.8945559150034148,0.9764200748667204,1.105662432319523
0.8884541353545649,1.00497406255688,1.086239768004465
0.8762692194839309,0.9485957583699534,1.0895102319076926
0.8654399671166835,1.013948629151881,1.074864897335343
0.8606268445479861,0.9844544495732416,1.0895070419393234
0.8846997258949731,0.9987676823981384,1.0889845726153071
0.8883774936303334,0.9367019987232535,1.0666917842621528
0.8873278744579299,0.9467160091653138,1.0825606284729528
0.8813951932041015,0.9982182054974658,1.0876096091922094
0.8939094583436779,0.9913100243106076,1.0755405445069144
0.8931500126192867,0.9554093188241594,1.0748428994855828
0.8886984246730375,0.9705012072423002,1.0886995343261794
0.8840836147844418,0.9529480720876502,1.0617877016362929
0.9134055596291722,0.9498171013513396,1.0816644178047212
0.9053119700027531,0.9580632795257408,1.052207047156967
0.9122070194904808,0.9136626656546016,1.067175496051547
0.9202551628700121,0.9368197243080107,1.0569610475818385
0.933925714572573,0.8976315427345053,1.027250505007164
0.9191616356280806,0.882663048871682,1.0296320974285564
0.9342220294789219,0.8820040067688382,1.01266207176255
0.9238955285913388,0.8748271281813704,0.9903443317056876
0.9176219397550152,0.8797160104509311,0.9784562154846204
0.9114217530090022,0.8674263716710772,0.977010987443492
0.9178946820846611,0.9215338581799682,0.972759681699282
0.9068341073234266,0.8673461176965289,0.9817243122296804
0.9147345061747862,0.8752489790066948,0.989068879256999
0.9186560853717485,0.8854441698479348,0.9861690958296212
0.9312079862254652,0.8688997538502599,0.9820640884184876
0.9176887822237589,0.8935797300730556,0.967954562005382
0.9294588977686236,0.8547263176549373,0.9684221859972321
0.9034666777592377,0.8904283729105003,0.9759051719310464
0.9371563106098215,0.8691110571615946,0.975214431389278
0.9167239389085563,0.8539287434909021,0.9715482548561084
0.9353481584458331,0.8820778730217669,0.9774965138632368
0.932203226106443,0.8727296340867587,0.964248295724326
0.9467180417796192,0.8799235560726043,0.9691680798031004
0.9359551574716002,0.8655173319415793,0.9797322076730882
0.9544469543220261,0.8748140431118694,0.9679409873010376
0.9344303159743882,0.8794221040091016,0.955816481827085
0.9461530876558047,0.8867136597566158,0.9895533702533448
0.9534649170380212,0.8763751317130318,0.9830666128188952
0.9572150393706442,0.8619525660615001,0.977791791676064
0.9573670713964144,0.8990168842161081,0.9838647303706484
0.9476020676847208,0.8620669054480555,0.9761652023911592
0.955720184783913,0.8883420142020516,0.9777703742031832
0.9660660142513092,0.8750233745237196,0.975131046779761
0.9667638027155477,0.8985342235456629,0.9807819563435908
0.9547760968795811,0.891182089673364,0.9782559639970018
0.9576872057225054,0.8816923464209516,0.9916826350601304
0.9436935600341342,0.8482264936385406,0.9648431686339058
0.966373625713753,0.8573267644463425,0.946575944310304
0.9704490715227911,0.8467040446439594,0.9397258217033824
0.9623910583480304,0.8698753332069172,0.9335978685271012
0.9652257677050154,0.8498233775415557,0.9394820858478244
0.9656045948678621,0.852261528471774,0.938679625524543
0.9647998335766053,0.8628586551333968,0.9312931556532028
0.9484846641234739,0.8969236070475385,0.9419475828483276
0.9672727667381592,0.8464248035403908,0.9290783326517792
