window_size_1_RMSE,Exp_wAll,Linear_wAll
0.23117402501267142,0.5348608394025015,0.3438372398236917
0.23724096705360107,0.5382572839897908,0.3551033446860295
0.23925924429981746,0.5021387737429146,0.37474633805372015
0.23663496605083972,0.5416180148712548,0.3826212132783728
0.23696052761502098,0.5663390938116154,0.3631823143177352
0.23527702740721157,0.5491872901297292,0.34709401757703423
0.23407070379525588,0.5813385116108755,0.3444462848176553
0.2375215385461412,0.5433483815753881,0.3439447670477898
0.24023028069115485,0.5996494577237284,0.366588577170199
0.23494986783214425,0.5450961989982998,0.3395143038711273
0.23615426705879744,0.5271181680942071,0.35453458487961464
0.23096956020561782,0.4925193960056474,0.33727647851672465
0.23486004906909533,0.5290909583972045,0.3643253212740937
0.2375509120969793,0.5482708644077542,0.35621783359339704
0.23879681402955658,0.5471474061650462,0.3951781455134204
0.23487532842454742,0.5250720732841313,0.3725408331829527
0.23837919219287873,0.5604293683177007,0.383765823605932
0.24350936393258948,0.5739696025652812,0.3494228875918396
0.23937529807251187,0.5191586149054787,0.3684004953085519
0.23915762170123334,0.5813295194370116,0.3281927034561221
0.23406534674789276,0.4740856824262781,0.3651542260988341
0.2395843766964273,0.5596441899238696,0.3587165403256026
0.23946954425968703,0.5685865584575539,0.3744022339953952
0.23602775782871113,0.532102754729228,0.3500036974581868
0.24047161452761218,0.5707412421044046,0.3654400135061598
0.23758284451926756,0.5624410919568446,0.35123675480246386
0.2433003570355117,0.6162816975382823,0.3785734863050655
0.23076226419289586,0.5059241041819188,0.3375823909456135
0.23677916479212505,0.5376367885777673,0.34189560307135153
0.23382740112179845,0.5360667871440954,0.3563675894522143
0.23582129656123715,0.5309947132679183,0.35618743622701193
0.23360089301890544,0.5244608287864784,0.3715077594173156
0.23926780144129642,0.528005132924039,0.3462410085427217
0.23376004044598492,0.4795936089493506,0.3773754136839571
0.24025360387812786,0.5747376789189622,0.3525449098422051
0.23561903049228738,0.5075539984646289,0.3738246540605875
0.23664627638424257,0.5203297307680175,0.3311929491156468
0.24925571264448346,0.5734836269149111,0.4482721304794372
0.240849274177888,0.5556319089949157,0.3707596833834713
0.2404671278579304,0.5544714618690514,0.3560203435287614
0.23896484386436126,0.5481685980652137,0.3557858828992587
0.24228727803597783,0.5576463286385143,0.3886134801613135
0.23523961548434127,0.5361375344963792,0.3435662587174847
0.2391558376933005,0.5226302082269574,0.35902868600648496
0.2353660803197047,0.4949291940536276,0.3607314681966154
0.23270839387473147,0.5362545961266154,0.3428892719299588
0.23803072938550882,0.5398759659489506,0.4096901897623487
0.23425672511837337,0.5309839576189362,0.3543927704586606
0.23994856866750125,0.544186905915381,0.3540914883663752
0.23793215658740943,0.5576660651621966,0.3479739214285853
0.23798844780692888,0.5758279746134513,0.3475410344720647
0.2371727618390145,0.541607637012858,0.3789584802513224
0.23767853838201933,0.5466412185292132,0.3945463594517597
0.236114481973656,0.5383311875601376,0.3612495923459111
0.23534988343363727,0.504141297115282,0.3527756214081865
0.239960126353535,0.5475306977465991,0.3601974106729822
0.22917974566792312,0.495394143747985,0.3315975919168905
0.23927504213066714,0.5526598463709798,0.3625043536544297
0.23794092065738018,0.5433677970756297,0.3667320479103881
0.2357105323553562,0.5521380576711767,0.34215042644059435
0.24080992751338826,0.5886199037162041,0.3740166923673221
0.23583685099345486,0.5105445995000236,0.3800332164526905
0.2366788570046851,0.547798116784882,0.3713651586012563
0.23893719547548622,0.5269461904029628,0.3473664489452301
0.23577872174740813,0.5410556894836145,0.3752389870816371
0.2346359811053737,0.5253128634311417,0.36869179112957823
0.24063403936484629,0.5499798399559441,0.3449512887143316
0.2366347057773337,0.5603855172054221,0.3530355055739445
0.23520836759502142,0.5266458907529686,0.3707048236124686
0.2370218433557653,0.5531108416451179,0.350825415386575
0.23583248122579809,0.5306269403450519,0.3836100308743449
0.23333649254143893,0.5117717065108512,0.3408475922777691
0.23672026911445532,0.5482782594708929,0.3678724849404685
0.23753056030671565,0.5351177390629646,0.3596289494689222
0.2375627841471877,0.5836285513321705,0.3911192407848336
0.24210723357757552,0.5374350366450624,0.3659971608810557
0.23156700023980523,0.4715026958952634,0.3836497102111408
0.2359774312503749,0.5682761467284806,0.3672283811539059
0.23219641135802552,0.5211961707733115,0.33002441119108816
0.23649323572129347,0.5558025950687042,0.3779173501218999
0.23653990244964307,0.5307336330120266,0.38882694582618776
0.2359198566428642,0.5391345663024193,0.3523509277437678
0.23926300874603834,0.5319183637622831,0.38428380339510015
0.23649091859881666,0.5198528931290385,0.39914088497044503
0.24401117855707571,0.5829634679273289,0.3723666098762777
0.23252720351315986,0.4963530784160749,0.3796350187109572
0.23582441461682557,0.5300968285925075,0.35991350361191565
0.2408002591869695,0.5432069184433144,0.3738677569463846
0.23767196401958615,0.5627133908340408,0.37913076596999934
0.23960741400166813,0.5649399307673183,0.3653770012949774
0.23808371647528226,0.5512364371867726,0.3731941761970077
0.24058498679442947,0.5303074399664726,0.38955656006404416
0.23457777627410606,0.5033544730376969,0.36879933237010026
0.23926863275293928,0.5679590762598691,0.3813993012106843
0.2403233246588403,0.5592302130172658,0.3688163455807182
0.23537927292240687,0.4811045227933059,0.35656861808885226
0.23463853979026594,0.5398078776913627,0.3378995319869898
0.23660369187586971,0.4939789719472234,0.36068508658074383
0.24085180030523726,0.5040460190075413,0.37322495784729065
0.23383608191737232,0.4756569810332699,0.3963566473679929
0.24068925385749537,0.5149427927198118,0.431635653664056
0.23027533912764997,0.4798391078167459,0.388662977520542
0.24332319008023265,0.5745863693769915,0.3952844090539195
0.23289124553889257,0.4923832420350713,0.35119066923997466
0.2334373978752048,0.5070686864873127,0.4014262258856688
0.23931454395099622,0.5618814245399135,0.35852525927100004
0.2404020826418554,0.5517729733712314,0.3765668002120083
0.2367218915713139,0.4875838884815039,0.373199977265258
0.23832047889213168,0.5145615515051055,0.4058201988759933
0.2398872675257896,0.5355903343546228,0.3612500977122776
0.2419289396881152,0.5689580498534523,0.36881442788976
0.24396603970794456,0.5561821178595018,0.37278553837206496
0.23898101738124766,0.5623652021922322,0.34754364312737906
0.23997948389989276,0.5440096794353092,0.4052303344653588
0.2377608878693307,0.5329196402684363,0.3548547605155406
0.24045572585456992,0.5090748094523575,0.4204072922412647
0.23636556026432942,0.5497588593954474,0.4005961402541046
0.24223818533451993,0.5752713887056677,0.3861703757136924
0.23615648159794755,0.5168994050297347,0.3637253372570397
0.23273076393441697,0.5337421455392829,0.4147151065925145
0.23902731439950933,0.549899327500781,0.3771138588210773
0.23973865717425108,0.5410692033371421,0.3613392419509161
0.24375682458256698,0.5849620203763143,0.3927470588488913
0.23567177297562497,0.4954485942051594,0.4007068115076291
0.24435846890212437,0.6096077191005272,0.3579244114008295
0.2419149286982473,0.5493813408941274,0.3751759072158292
0.23704650358117577,0.4734450211921113,0.3559787056842644
0.23441440625182963,0.5428972117617569,0.3550562258728588
0.23800499970417321,0.5407519850059149,0.3733489071221022
0.24056233858756995,0.5061686076393651,0.38132435579021307
0.24286804905186807,0.5472445086988494,0.3779335831025184
0.23589058821473746,0.5327277244880481,0.381844516585626
0.23568559609666948,0.4657812387126631,0.3607800852133064
0.2424970692519163,0.5466647222874716,0.3775169949668504
0.23983943525133447,0.5242910138310501,0.3668163412730118
0.23826355898062668,0.5351319849920511,0.3752095166307049
0.23754714561541743,0.5421831775513539,0.38709832184179577
0.24666963678389464,0.5803079869882545,0.3727906334050934
0.23922602833462944,0.5517328857274979,0.3719107637107574
0.24266104476412007,0.5350199661235866,0.38798235997003416
0.24498476019465287,0.521702650234802,0.4235855990677668
0.23415733417812976,0.5197214474092396,0.40930550252929576
0.2386545546535192,0.5179497048193649,0.3670762113266389
0.23962720991734632,0.5250160152519114,0.3903514879146953
0.24408404159725036,0.552832647748286,0.4455866150346728
0.23749281584515075,0.5479492276620627,0.3576884850701625
0.24199318859001168,0.5560387760010078,0.3615960395995381
0.24319253528642196,0.5139828393072843,0.4075527526648317
0.2408454758962334,0.5575666114475175,0.383393457731656
0.2415700399781308,0.5115633509215143,0.4353750969788671
0.2357397248494726,0.5111327857340229,0.37252186025463296
0.2447174056342795,0.5600515456554661,0.4269170200036621
0.2408679304045268,0.5410948087795073,0.39810768526132817
0.2418461990142952,0.5325537644175131,0.4080643688207266
0.2406754419761421,0.5484450041614221,0.3662982555257725
0.23702494417925796,0.5158726866838313,0.3822852277596404
0.23987171241073346,0.537132202068846,0.42633083432127533
0.24956042071695705,0.5889860173344931,0.40533049812116795
0.24025978531148293,0.5074183051904054,0.3846742354541308
0.24451622540357357,0.5520396958472651,0.4277335850776127
0.2371031090078236,0.5091593899107166,0.3932020758925719
0.2398691265137771,0.5214010613758456,0.4123643156377774
0.23898112726190077,0.5134885094441899,0.4014602062190567
0.23888650601093406,0.5411205773741194,0.3800938758431319
0.2418745640977215,0.5494906233014876,0.3876805640365044
0.24251910573790703,0.5483643074522676,0.3736382681508571
0.24423557887683178,0.5373919313784773,0.4134686515688357
0.23868951449093737,0.5336366151335271,0.4000562531674607
0.24521912581030825,0.5668504552257171,0.3989147645873154
0.23984198449074057,0.5336096765705282,0.4130496169150182
0.2400838111256392,0.5130682435477674,0.4228102641533292
0.24120974546656704,0.5452294005759427,0.38739396080102745
0.24388749166099022,0.5564440226240202,0.4043477026385959
0.24159885699039876,0.5377731012410017,0.3609167160321591
0.24683227145894743,0.555331258550624,0.3776149461531524
0.2413036521403495,0.5194980604707647,0.4025471297192213
0.24192776713128183,0.5385719384829174,0.38014736260259374
0.24311774555035878,0.5636841683951952,0.3572140395092503
0.2408317555773814,0.5579374758888799,0.4828818791488682
0.2502682707052726,0.5958999883803796,0.4154254483557884
0.2463032682491906,0.5503988120238967,0.3891835221642087
0.24173123640502747,0.5608193888280367,0.38681693627067104
0.24210798916761533,0.5046825633851073,0.4296278579309569
0.24658923912620645,0.5457004800568698,0.4458904685037362
0.24377516851081057,0.502506151737946,0.4353024375528281
0.24205460284972286,0.5579143168915158,0.40500550523633416
0.2386702020270938,0.5437015821425247,0.3748858681205445
0.2360476427911656,0.5292893433142631,0.37149080244615296
0.2395174480053003,0.5424998254812169,0.3891701466963313
0.2464168815364475,0.5479414991504722,0.38217897577472654
0.2455980526889666,0.591755762963665,0.4142841132552492
0.23991803962236583,0.5405148265458415,0.3841880066682237
0.24012780802321826,0.5178301093696159,0.3794314820975386
0.23806885497385166,0.5263688746840194,0.4093377094434292
0.24289341322387084,0.5181965391011015,0.3910411195216485
0.23987993964892146,0.5461507514170542,0.3889244192994512
0.2463480377354856,0.5525160639087596,0.4072872546340587
0.24776399467173305,0.5537190962762952,0.3832964186902112
0.2525692899861712,0.5799422266699849,0.3886800018771857
0.2460133125309948,0.5129540929814521,0.39596643955979455
0.24361783774084825,0.5194168584354049,0.4239043702017732
0.2498354925459752,0.5894122463709015,0.4259082415068907
0.2442473379754615,0.4992388661950896,0.3803951915433792
0.24959071855896958,0.5878034526568696,0.3995014472166903
0.25489046268959503,0.6161489783949483,0.39121451400279256
0.24741864384958484,0.5151752386475186,0.44364502415334506
0.24835103374358,0.5612736725251714,0.4077913423185292
0.24554044452844787,0.5400485198352734,0.4041759617211903
0.2483018698692699,0.5725910279800717,0.3809097246155324
0.24733679775994113,0.5606267945575485,0.3982444776897301
0.24787668478473435,0.5443916722278588,0.3876331346635661
0.24611898805002866,0.5730320717629498,0.3888236327969563
0.24989714326770215,0.5637119791442444,0.46110067372374
0.2503428470281526,0.5735064323981707,0.3911512951563115
0.24954321541607502,0.5441710222254527,0.44777521836394696
0.25378364986892366,0.5269828217539082,0.5237400675804235
0.2464487198904379,0.5280567845526055,0.3774968210268738
0.2399880458906139,0.5185297570707236,0.4421431720297119
0.23944628441456453,0.5236977742280122,0.4249719779020508
0.25097789899170936,0.5819075888126489,0.391232422783893
0.24483906453793158,0.5101343071459021,0.4422679117949945
0.2456440218145598,0.5564538093401253,0.3982826622341619
0.24794416183724388,0.5669567435561139,0.3998928485096434
0.2515012491258958,0.5791552124425501,0.4660227105065328
0.24815611355870637,0.5376204081978575,0.41700405680205466
0.2498067092560382,0.5206995607150671,0.5116396365555466
0.24910033112564142,0.5266451846644847,0.3963959511773091
0.24946181875637652,0.5491603800234212,0.4320266017799901
0.24131509754894656,0.522538681365563,0.3961808054531899
0.2481553345887992,0.5626235878574287,0.4462079442296463
0.24763995509431333,0.52919336445542,0.418528342157752
0.24588799664763375,0.5369448813859521,0.4299198405342432
0.24616858662853017,0.5454444995922486,0.4420136468178265
0.241505029069447,0.5069226773571921,0.4050980840448127
0.25385134496437195,0.5423320566974343,0.4502059730899836
0.2424815933950604,0.5212800017700017,0.4415555992683814
0.24098917357024885,0.5193098997824553,0.3702560383468345
0.2553635395592684,0.5594111207058604,0.4598797784157949
0.24981122666166697,0.4934697502996485,0.4556063723063173
0.25303406753686164,0.580869325542318,0.4640578174763698
0.24737740897484053,0.5626653523571591,0.3607999394574197
0.25356138971687514,0.5418728127033777,0.4345680391176696
0.2533888581064214,0.5527022944637578,0.4215259683692063
0.2461617904803874,0.5491017746231905,0.39662669856066574
0.2506213922282914,0.5525237781339447,0.4240793758634304
0.24447767193583791,0.504624208527717,0.4244358579140432
0.2612499944825347,0.5888959253292078,0.4895168208973469
0.25377865557238344,0.6209977043201642,0.4494004555391166
0.2472519920095836,0.4675752289855752,0.4725816737481186
0.2468819299582999,0.4999917267904325,0.3782428842790159
0.24620140188413747,0.5266651890461318,0.4259620098011198
0.26116517394799166,0.5760823413444127,0.5005835900421113
0.2499741545075501,0.5624344730984103,0.4486323408989821
0.25160544612420455,0.5720676093476874,0.3899893036835656
0.2493899819984182,0.5119282389456523,0.4252287352904123
0.24838730584089774,0.5337208197752439,0.3996726177354601
0.2444222567015205,0.5231764602627073,0.41476952277734336
0.2516732071965755,0.5267502529374837,0.41539684720884507
0.25009542386711314,0.5641246160097174,0.4802332593534128
0.24864367504987075,0.4962073552978798,0.3947663420330682
0.25318791406068286,0.5911955932904409,0.4798307893956201
0.25287950708923773,0.5389872747917788,0.4398133480143792
0.24949168181618817,0.5549036102045249,0.42575205798724813
0.25771438825608123,0.6246492588410445,0.4149028353274904
0.254770209214072,0.5643870378375401,0.4553211824540578
0.2499196292264711,0.5647653388442653,0.4196892093481466
0.2627132122507868,0.6249285772283613,0.4273751776281823
0.2536002518201753,0.5697962557434562,0.4197008648800316
0.2568979810295964,0.5315925184260437,0.4245996831562383
0.25484986623191447,0.5486813617645978,0.4304192109277538
0.2501422771944438,0.5668906644341621,0.3941706477366821
0.24931649583454485,0.5230996677439353,0.4136651301892174
0.2567408905925897,0.5417354815216446,0.5445596187835681
0.25614666369445593,0.6010129848847081,0.4162934933099916
0.2527071161188898,0.5317762682504606,0.4705246708809031
0.24971977936273296,0.5618706834624505,0.43191637174012215
0.2575147465464946,0.6137824078931831,0.4300278944209709
0.25349429905768006,0.5557263230180536,0.5381096652658619
0.2549943797764687,0.5871501286606575,0.4580934875867842
0.25415616191766893,0.5319974339528258,0.4701950831138825
0.2573907474971005,0.5624874062348906,0.42998144921431786
0.2515505343053697,0.5398742990799695,0.4160378414965353
0.2519394248771967,0.4851829133484733,0.4540100664560934
0.25555384522913804,0.5890584018177916,0.4112604490243079
0.2500816528998838,0.527969047526783,0.4282383315802537
0.2640837824267243,0.569561589104021,0.4593362948528011
0.2521767578120228,0.5464072456347019,0.4258430836522937
0.2504470350512651,0.5365675389117647,0.4145285375261771
0.25718760854734884,0.5917564795780847,0.43211402827861056
0.2542806749606558,0.5255311526676113,0.4226621877230169
0.2510558147246563,0.5071469210312087,0.4455304254060761
0.2579646832876441,0.5651701953650522,0.4344458806654276
0.254345639309274,0.5540482947243608,0.4486955386438758
0.24707317423410333,0.5046459184420243,0.38685665649487055
0.24964629073720254,0.510337744587146,0.42393870946059947
0.2569999205519096,0.5823349223817961,0.4224987674773253
0.25606394395077375,0.5542216652477654,0.42982516788276826
0.25421566117318445,0.5731914803814493,0.44703010264169
0.2633662604145729,0.5481033194623938,0.501976131442776
0.2519619539218307,0.5132018518519588,0.4381721367863328
0.2543387105091886,0.5621358327219231,0.4487798902818279
0.24888827543250935,0.5011091295577859,0.4833925440444426
0.25152690603817107,0.5509402205742497,0.4682351121837013
0.24596759933311776,0.5084577450944853,0.43460036983613903
0.2538810321026216,0.5745082872419531,0.4080069647141083
0.2562947911306136,0.5740755653318697,0.437742493121956
0.2576044125164612,0.5345313135450762,0.4742028248676213
0.24760051128526633,0.5039896090009888,0.44473595645120334
0.25536494022680506,0.5121980145426186,0.4938753737216563
0.2537965674358962,0.5530078377528684,0.4279126230085933
0.25149466465212444,0.5405764736841832,0.4541285814451609
0.254230877403715,0.587101633403215,0.4649707301845982
0.25349516527633503,0.5543031790266228,0.43728719179742
0.25515497552045296,0.5367369149281811,0.4563227147339441
0.252287961409872,0.519715028809142,0.480824058310069
0.25140140634888325,0.5823246790027689,0.4777529240871626
0.25090679741975297,0.5591564096991022,0.5007103663175665
0.2516208556778768,0.5216381571992981,0.4553227003677048
0.2520157925138023,0.4785825898226179,0.4369526718648884
0.2638206931915488,0.5987615606018784,0.4542944880627512
0.2529596428010493,0.5431844977419954,0.4572682575041334
0.2458835102345396,0.4922211444946743,0.4563901950185643
0.2571665234619479,0.5677796119215591,0.455324922166337
0.2553885616781113,0.545746785959605,0.4842504157426304
0.2583837167139004,0.5960970585070999,0.4439286285291818
0.2573148333865574,0.5571848217431229,0.4585593276616535
0.2507971744500144,0.5339866336850361,0.4037062151970587
0.2511007031383586,0.5097228201408122,0.43337128348966536
0.2561824705715022,0.5761849153209783,0.4155171095210812
0.25828126467173634,0.494969000722248,0.5395929585993293
0.24860457409942105,0.5252254672700564,0.4526767748536216
0.2569920833810708,0.5477707009687491,0.4441155354065402
0.25826768408769557,0.5619544952991775,0.4581837112696155
0.25890648483944134,0.5125506941417982,0.4933973256563848
0.2526480355879604,0.5273032803866016,0.43953759112779217
0.2560530637579495,0.5451817256682818,0.44565749948382655
0.2531684651721888,0.5283904089315595,0.4621197254223681
0.2529633870962572,0.5706493234072665,0.4523821569527752
0.2503851157392451,0.5103439807765051,0.4334267517327358
0.2530394808954966,0.5429980905535731,0.4203665972583732
0.25513245746003355,0.5756228254230651,0.4281575452219373
0.254492757759321,0.5208852362327506,0.4625913343857203
0.2563793443032541,0.5672224830995185,0.4383728225592942
0.2601752797520662,0.5542583872690472,0.4458346097262901
0.25849374483556564,0.5343384705879345,0.4623944462991057
0.2552494213039971,0.5489651904128461,0.4456396150818154
0.25915119479626575,0.5191564981784706,0.4471548249889936
0.25567623149156193,0.5313649742382345,0.4387069173902585
0.25793842273598433,0.5485500478780275,0.4271321600541469
0.2646546252216699,0.6167528226039964,0.5156577895194522
0.26039609533565244,0.5407121592074953,0.560374625699044
0.25467932427368395,0.4949101966401767,0.4940020132350154
0.25512960219974967,0.5371498765527566,0.4799667401688978
0.2582077696774318,0.5310590666002769,0.4521907538351952
0.25839860512740476,0.5925288369455973,0.4774827322458457
0.2632238657733923,0.5795429042025608,0.5166060901766977
0.253753660066348,0.5854927384193349,0.4505153242572431
0.25247542698525344,0.5159604496542306,0.44308661936323934
0.25573925166505174,0.5445892945549303,0.5034663208404122
0.2613142048575571,0.5674251209286565,0.5289097522626681
0.2580756739470886,0.5225863480770895,0.4819962233530145
0.25906547799364227,0.5302577905323562,0.4834966861922594
0.25907215080076135,0.5485031705701668,0.4587874434183861
0.2579550174463746,0.5447273533652116,0.4820979192565098
0.2550068476372159,0.5070137929146309,0.460153407573534
0.2519371374374607,0.5191899032470765,0.4420709006798728
0.2616504209944621,0.5596153671366507,0.4508393694205306
0.2589616100089467,0.533150450272434,0.4496839106715054
0.25826481260279915,0.5101786581654192,0.4685385925065734
0.25820175237069815,0.5147041059029891,0.4638619793078611
0.2616401334802914,0.5773027243982908,0.4608689919746154
0.2614552125971403,0.4970633298869582,0.4703345355051244
0.2555540466737771,0.4986583749990348,0.44053245983782696
0.2588465366560556,0.5061366918276675,0.4641534318102468
0.27041225955510095,0.5729694555078104,0.528715977296
0.2587507064894097,0.5516362086126734,0.4092658144192259
0.2638317926417176,0.5786582474364096,0.4959526441615318
0.2524011155133121,0.5326118639245508,0.5310032860980316
0.25880740532480323,0.5300055366876301,0.4765409868584907
0.25732660155357295,0.5462587866554677,0.4589859785321954
0.25522249209373515,0.5332158014792655,0.446757900523404
0.2633536737576286,0.5576950382304864,0.4801576623481034
0.25879906551474435,0.5204607827125607,0.4806999675643786
0.2552393623502539,0.5610268165525677,0.43550076487299705
0.25558974941796336,0.48296637063282305,0.4905242781116722
0.2637787863165461,0.5744825892672559,0.4608537290000752
0.2629452801046347,0.5654542095857432,0.5188229802080127
0.2603288431859409,0.5373735616646284,0.5169592334845903
0.26385405949934787,0.5560324941357627,0.4891065965849423
0.25930315031572626,0.5136564301934855,0.5361871542789491
0.25941406300612146,0.5107647927252986,0.5550365387918856
0.25439159165287367,0.4934482495112936,0.5113849121493876
0.2555096056252317,0.5464514333153552,0.4222527819011597
0.2621685096111423,0.5523534607472147,0.4940471398958972
0.26092150551133436,0.5542339350499692,0.4815910263976235
0.2548053310560112,0.5336849648072026,0.4793757195463234
0.26262043190180945,0.53608400872307,0.4646172157608647
0.25644785687223304,0.5313907167580745,0.4631710821753645
0.25448221582948866,0.5436744296667044,0.5017468641272471
0.25944589756066977,0.5196228251921793,0.4802319925755048
0.2668562486534577,0.6230190426029537,0.4701888816436775
0.25491026289262986,0.5192553777867712,0.4846861113580636
0.2551839551394456,0.5058834949722767,0.4357771774629572
0.25984725481073645,0.5397510050251892,0.4975038482025825
0.25370262178658154,0.5006361618042703,0.4321486263402523
0.2579665060154413,0.5447045304584875,0.4627067953758725
0.26250748479595837,0.5191253082440855,0.4678503642014067
0.2587791856169331,0.5595602625518933,0.4838884093882093
0.265748617088676,0.5211136000549128,0.533083959530646
0.2542067072434285,0.5464389984529147,0.4524854433642879
0.2580007071341766,0.580196365283888,0.4418278910766165
0.2530464326180616,0.4713886877515335,0.5004038602666678
0.2673822672398213,0.5704659326198998,0.5633100050707224
0.2544527904870694,0.5157311687339533,0.5741231145177589
0.2591462565389114,0.5758556273545112,0.4369609860121415
0.25562435905041675,0.5588745727248398,0.5005741086975375
0.254827672762405,0.5426177459164195,0.5027302244768981
0.2596073676668022,0.5556048783520132,0.43774600786383466
0.25563516655611956,0.4950852425314594,0.4548822104931783
0.2720342999107878,0.5013720014966466,0.5812451193733992
0.2542656777799224,0.5088099641627731,0.4617709902961444
0.26005321026839906,0.552530771431067,0.5448687190378813
0.2569913495575006,0.5098162988751028,0.4866758424053133
0.2596658158701992,0.5399336449588102,0.4659892696467765
0.2581964501211599,0.5639458778692206,0.4849986063962396
0.255597977317666,0.5066564912350063,0.5983768858260933
0.25269226053104377,0.5460799422832335,0.4818139911328339
0.25562715419897064,0.5503414803006746,0.4938863280828107
0.25437097847919754,0.5162557089527857,0.4460671052032113
0.25387479972625954,0.5185987327735091,0.4500935946209551
0.26614334316351596,0.5679056021762158,0.5163753685168446
0.2602093479732663,0.4948595968317484,0.5554887141030105
0.25884081108240165,0.5799841291354472,0.47053709116215003
0.2561933381321817,0.5078305632271283,0.5527874423054642
0.25296593845097776,0.5151455769545927,0.446257732422624
0.2608386798090665,0.5613347169411604,0.5020053644630142
0.24998507421964203,0.5253808367466015,0.472084628743865
0.25507145646689355,0.5182561411454524,0.5393726972473498
0.25406200418923325,0.5129839361880394,0.5520023642814162
0.26281920677093135,0.5621446894493682,0.5384961384262535
0.2622895871132584,0.5697136544573672,0.4713536750618462
0.26230571928738566,0.5347241457527236,0.4989262826169116
0.2599835724775328,0.5266969474955683,0.5522600171847608
0.25522545608471947,0.5249347568754777,0.4898283988506264
0.25977393622335,0.5301857943183339,0.4786298102089094
0.2615795023217948,0.5578436605811684,0.5578173951570732
0.2588089679920128,0.5221306997549968,0.5066841661111513
0.2595874645918959,0.5721374433368838,0.473275515291303
0.25920318703735623,0.5617643464864661,0.4871136429535074
0.2582291300010771,0.5489639875561327,0.5977492370464278
0.26415939768143376,0.5767934086130706,0.4564957793802191
0.26172471162743655,0.5162775303114738,0.5030085764448738
0.2614062637995175,0.5255043549558113,0.5537901992740909
0.25043964681114705,0.4979992177544314,0.4680874089635573
0.2609412855952189,0.5713068869853452,0.4922236940571371
0.2569773114815443,0.523430953882679,0.5098428619646047
0.2649584801325318,0.5442682068580879,0.5396848327151467
0.25485653138354103,0.4975497256951131,0.478830151982781
0.25072781258224747,0.5131625244454118,0.4982816111903243
0.2630299141197409,0.5214374307207406,0.4527220055512801
0.26273621061359714,0.5484831085728151,0.5043934048650087
0.264855990835891,0.5468129690922269,0.4543668895016247
0.25565416375007965,0.4575222374838843,0.5242359688704
0.2578003124635936,0.4802225034038585,0.4881888393525044
0.26100900518052805,0.5493193455306864,0.4718451839918277
0.26055120527089065,0.5281857883181091,0.5133387470092676
0.2606294489549393,0.4892430093013392,0.5485412873129071
0.26311119222873347,0.5608391179273396,0.4961273553437383
0.26169878217396436,0.5539048903383409,0.5634762857500106
0.26052455678196573,0.5528131153296311,0.4955567808229542
0.2582012876007515,0.4798143061119893,0.5492422657701116
0.2610664800876602,0.5371115321363655,0.4969757496543201
0.262598956211378,0.550016681492888,0.4864531514426812
0.2573653512210103,0.5482909765602179,0.5112200913004791
0.26188101124929875,0.5109560952760177,0.4963800467193959
0.2590980242521202,0.5285553864470468,0.5056048804437555
0.2654076802766418,0.577308772787968,0.4867292745509694
0.2574557943740601,0.4807015811998223,0.4907841796441401
0.2632091577030802,0.5217712869104052,0.536642483524155
0.2583390713097815,0.5281624569937333,0.5526678120706586
0.25599971544862343,0.4966023113554593,0.5067960685212429
0.2626980234273499,0.5444343673704803,0.5167584618559231
0.2599926921609978,0.4954840397304682,0.5041563966485212
0.26220971611398075,0.5382102622145708,0.4976084769957864
0.2617810444953442,0.5052561513575986,0.4762711507151685
0.25991558788320573,0.5272858596008269,0.5532178380241701
0.2632526126185117,0.4801343448898058,0.5359604671680301
0.25665896709648567,0.5450998991597931,0.5275161826848741
0.2631924572208498,0.5655986272015551,0.5098025805223626
0.2637961847314874,0.5330768487917954,0.4664471516055174
0.2556411223261772,0.4621375800678744,0.5004621772019825
0.2688887464788367,0.5572807717593898,0.4799580795370688
0.25556856344072026,0.5008048476393431,0.4767495416858937
0.26331157946736194,0.5501090677664429,0.4997814300980224
0.26691716574804913,0.5651619509596274,0.5353746975991747
0.26411556616533904,0.5137025024762542,0.5588868901170467
0.2577100711587213,0.5341773497084121,0.4827879478796643
0.26642849691308484,0.5611861659064158,0.548981826695901
0.26223985791861154,0.5505425670496846,0.5057602285256619
0.2747259542333589,0.5641587547807623,0.6445207255859091
0.26431688260513314,0.5731227521201975,0.5535882453556307
0.2610373454323816,0.5469119070734895,0.49647573368037
0.2571311871358299,0.4892544325913565,0.5578013463963747
0.258146699130978,0.5278710029625495,0.5170888086055031
0.2629806995457895,0.5313229626465309,0.4907994261357643
0.26469300409821284,0.509359021334735,0.5177305270302138
0.2609099425822147,0.5110246539783252,0.5746852336788913
0.25780333620200435,0.4967094018028111,0.5245735736276657
0.2592973358740514,0.5081267592369113,0.530288956932332
0.26156798149325877,0.5405928612856608,0.5152878201260731
0.2744438996556726,0.6000405452768762,0.6830070366884483
0.26373828700689006,0.5475256018905345,0.5579809871739357
0.26176738546057804,0.5118597363849632,0.5861717185556619
0.2629939934351829,0.5103939557719512,0.565714859020408
0.26367744896882683,0.5413802198444962,0.5667677573564035
0.26394596596617276,0.5271484317346856,0.4909296231354133
0.263257169994686,0.5502948935563731,0.540428936018696
0.26168414087432607,0.5441833397090758,0.5013992765689135
0.26712801758092064,0.5369411414757295,0.5483359518062929
0.2617551291995704,0.5568751461488679,0.5221598689239577
0.26999630240428746,0.5506464345569444,0.4918628261347481
0.2716817442827368,0.562778470659285,0.5519986245906914
0.26677793025281143,0.5365210506652446,0.520746410570601
0.264567687374775,0.5323468050566167,0.5524453776710632
0.27121043041146453,0.5253904532191468,0.5835871673061334
0.26673097112368827,0.5628257515335215,0.4653355296317308
0.2646681413376019,0.5439060833814611,0.44888123074699393
0.26272735128169356,0.5110659981226903,0.5504588926041426
0.2682037316347531,0.4902932477933106,0.6064580603991242
0.2578621074703526,0.5160579836399678,0.5465285622891365
0.2635482729878982,0.5205154874911988,0.514767311756318
0.2639892236448302,0.5172780784659377,0.5139968355518023
0.26810698803231775,0.5581873509545884,0.5061976392806321
0.26596633881047305,0.5485831806904509,0.4686462876469343
0.26912775103077136,0.5792065418990539,0.534675148936993
0.2720307497789952,0.5081267848260037,0.5967976059345509
0.26079262631449984,0.4800894851132873,0.4941630735326879
0.2628249819021995,0.536492874735654,0.5293754465422326
0.2600185304920652,0.5049854274552865,0.5284130233072432
0.2635731617994334,0.5229569142848904,0.5475582795377123
0.26462238844104463,0.5336525053531974,0.5398854673710869
0.2587269216837685,0.5056887415117594,0.5041322984480813
0.2634577317110434,0.5371367351783667,0.5389204353178075
0.25788055323991926,0.5144089611305831,0.5200882739961165
0.2633656998319479,0.5430373631028138,0.5823353785779256
0.2685592069327671,0.5400297112286045,0.5066228102472962
0.26570718490893297,0.4922627373432062,0.5435193282908772
0.2666476496483481,0.5450352042762382,0.5951233367835563
0.2639597220921759,0.4884294469988293,0.5099176032793421
0.26819342809657015,0.5405455434865322,0.6583565108482293
0.2659817635678599,0.5312873868354377,0.4903051312004564
0.2695412691093431,0.5059658678861865,0.639061518450523
0.2650902049744534,0.5650745857207841,0.5169963789124506
0.26489996121424886,0.5554279619551609,0.5062491940691136
0.2708395681286529,0.6182337835705455,0.5489126641100945
0.2691562281144674,0.5697497494452074,0.5283076123969584
0.2633084871561619,0.4692112121833433,0.5408069357518578
0.2774620298654838,0.5572580697021335,0.717482102338076
0.26622304409825553,0.5463583836863944,0.5952149218952172
0.2705106370785305,0.5587314806593647,0.5428495862773278
0.2662834247182845,0.5607761047339086,0.4817079876336277
0.277355141406681,0.5588390120491143,0.5797014265891343
0.26479542803747963,0.5241128375309724,0.5322270309458519
0.26103685165592544,0.4984007994871642,0.5041703595017201
0.259296481215127,0.5028501362659935,0.5188088476832273
0.2641385023619838,0.5251830012969958,0.5138682728709374
0.2615733663271209,0.4762002471767653,0.5082153538297234
0.27047017136900825,0.595052338984396,0.5397809516452268
0.26918875172999834,0.5609942363771911,0.6418553456948035
0.26761722473659366,0.5151886595015333,0.6147341395017866
0.2686530692510208,0.5172885135246683,0.5633032044117464
0.26397233930851866,0.4962963801322622,0.5565505856213884
0.28037072475025593,0.545210559488875,0.7012229913260138
0.2687761545688496,0.539961427022834,0.5208501951828177
0.26623369706197686,0.5643425005536359,0.6090969604771999
0.266269189636103,0.5235418217222868,0.5649469574367223
0.27125805029352495,0.5149217649142862,0.5985506392706553
0.272405455367101,0.5553069788740068,0.6625449552370146
0.2687164273372049,0.5441146068995849,0.5215106004575949
0.267459274346148,0.4980897259334603,0.5298536633028251
0.2740685791889747,0.5508806481101487,0.5503107133033492
0.2753695660239974,0.5608440503020852,0.5540407459546354
0.26762450031287144,0.5046385775313876,0.5495378650624768
0.2880840971323737,0.5236737475786652,0.7452603114385711
0.2620423536081576,0.4943239916913975,0.5698163236649285
0.26319844296477446,0.5232286935093385,0.5356658149812092
0.2696583850750211,0.5137812002029394,0.5216157797230454
0.2687123307941613,0.565628345708495,0.5391837509574371
0.2641677143875887,0.4830368896491407,0.4912566699528835
0.2700810344099291,0.5114777338669266,0.5069135077812955
0.2745194529028063,0.585718664648681,0.5345487384899122
0.26887773584321084,0.5431245058240723,0.5618837212187725
0.2585851904601885,0.5070361802947452,0.5334675224879941
0.2696715478355925,0.5259663081696347,0.5210858074266866
0.26533383911129244,0.5381552546207263,0.5696501989474079
0.2630001601910581,0.5072182570948458,0.5628480278783686
0.2658046082000381,0.5010511360993654,0.5654565584572648
0.26859032289179285,0.5643247021896893,0.6233268904144444
0.2699430640406763,0.5286688672884257,0.5270434021864507
0.2631670398255569,0.4938889775488938,0.6351041932337302
0.26772740666400496,0.5480300933615071,0.6370261724742161
0.27286401007358974,0.6116503072654909,0.5444371877339099
0.27464070289303066,0.5882626560977439,0.5943977585862908
0.2721795978647912,0.5695135337892823,0.5781421771271007
0.26294945984263984,0.5190703922613451,0.5040560324544252
0.27470315299344317,0.5023534617392079,0.6529522184180583
0.2716988081594571,0.5349939744429012,0.5551710092922921
0.2703870446617831,0.5404859765085629,0.5307927418224395
0.2675979073974905,0.5105327403954462,0.5817901725492076
0.2677232504619745,0.5416397701257452,0.531556264807239
0.26544508332347944,0.5312163347939665,0.5582072975620695
0.26822411128262846,0.546627092891304,0.5773105991735187
0.2689156867897935,0.5646831669014011,0.5277688239302721
0.25777388291210945,0.4617084937085664,0.4951341582236855
0.27214063722444365,0.5536730001673535,0.5651247420909076
0.2792297682051523,0.6046240861225674,0.6017140460313832
0.2789814871158756,0.5659481886370918,0.5779458284537914
0.2774815466564354,0.5198897727947682,0.6062809108641367
0.2697283114745429,0.5195966841684015,0.5797970131706348
0.27372747397289265,0.5434336292716994,0.5216154510172993
0.27303905889939956,0.5031508997784501,0.5858191821241401
0.25947065481874493,0.5252092418697455,0.5805551782975303
0.2714077294861738,0.5502175250238757,0.5446360782528753
0.2629474863324979,0.5121104123569162,0.5588864311302323
0.26803211392678694,0.5463264636321135,0.5832590895668449
0.26796604296144105,0.4962153140072204,0.6757421973392719
0.27928544803418875,0.5349080636069942,0.5743212869555027
0.27631563193762126,0.5645002887194925,0.6593188693939968
0.269763739938553,0.5537759831536488,0.5377995750855363
0.26560165999305163,0.5411819607116191,0.5530001454265671
0.2698744718999609,0.4927796752966906,0.5925161870200363
0.2754736456821328,0.5454776971984652,0.5473270043216438
0.26999864951492,0.536734599496159,0.5540802258621554
0.27175200096993707,0.5547027724035333,0.6107615179975725
0.27453264135455535,0.520993172592038,0.6561234652777973
0.2781437757450435,0.590960296673315,0.552024586531513
0.2640246373896621,0.5174071168145656,0.5329590518446018
0.27174145336032124,0.558431636679944,0.5252873073136469
0.26833258167212637,0.5518377943432441,0.5869216712522988
0.2787634432508505,0.5333011732013976,0.6688887244738079
0.26687724491637305,0.5323711675595711,0.5188920451889489
0.26761697699694886,0.5284170799358469,0.5110263535283439
0.27036397055607697,0.5522145626912878,0.5410874831049379
0.2741124309896237,0.5564160788457105,0.5824567028366051
0.27170818097719496,0.553373860699081,0.6947539185901913
0.27679514420796125,0.5427391919631868,0.5380250022018579
0.27880599681780954,0.545329348177344,0.6144271384969
0.27658124675166706,0.5668100404092985,0.5903392822891393
0.2728720228619207,0.5853826252582246,0.5583407908745315
0.2668951187364236,0.5002202164774,0.5353446765032984
0.2653564034822873,0.5339535650579151,0.5513384328205233
0.26093870167883837,0.5091925709056886,0.5753016438640135
0.2637103047167733,0.4897246927879898,0.5558634866719714
0.2721166709285025,0.5379122341485725,0.6451822553446742
0.27281244706178165,0.5269888990125376,0.5401069146794787
0.26842395859140333,0.5314468108431689,0.5920321567341915
0.2627538157811678,0.4785269201862248,0.56790176530955
0.2684624940064529,0.543845002252609,0.5623072084412274
0.2718210096311131,0.5365676696686833,0.5757635282457171
0.277605520345315,0.5334493418474233,0.5269536380023153
0.2770379846336871,0.5261961879068043,0.5740784961713338
0.27396815206500746,0.5415396359253675,0.5893811338084389
0.27431011906618485,0.46581110513981394,0.6590690632565908
0.2727367615525109,0.543661744251825,0.5616882704428483
0.27272769580155254,0.5431815013763577,0.5470128559643912
0.2732610265013133,0.5656955969431635,0.6004505770789561
0.27350394332180256,0.5779079641168865,0.6308442179247676
0.27671397585515134,0.5017438556339449,0.7038040671334335
0.2697828677250256,0.5911767462689645,0.5331883887470774
0.27723299719052485,0.5737038564986313,0.6199409198158652
0.2649429122973843,0.4757575726802463,0.5662823526084766
0.2641932419932845,0.5061275504778381,0.6248013986330585
0.2605249534981081,0.505236827112898,0.5902108229573431
0.2676665760106537,0.5397364108612982,0.558020189977495
0.2752375998252054,0.5702745674678096,0.5492038623000055
0.27208449028990156,0.5374597008706711,0.5250459509615897
0.2680366171222222,0.5170495632162264,0.56048458484186
0.2760636836432026,0.5314544151980451,0.6017041556188214
0.2838475594839889,0.6166923537171051,0.5927350780848829
0.27261042612874076,0.515398077967552,0.5677601804521365
0.26298027802111523,0.5055359299737467,0.7050703934637466
0.27703574066724673,0.5797943012553679,0.620328927039706
0.27653024991122316,0.4958508937708619,0.6549054173350445
0.2736284620724115,0.545996155374734,0.6526515123142196
0.27305170286546604,0.5493934995868593,0.6090930217148434
0.2743919845737633,0.5901747552791445,0.6073441716542269
0.2772595838132479,0.5465832117085049,0.7174912764495441
0.27836609896622017,0.5989683240676321,0.6017613193702598
0.27666146068369957,0.5487437015434589,0.6632332001664101
0.27534827080996094,0.5445445493118594,0.6248232558832448
0.2706837904700317,0.5368830393099581,0.5764139019602419
0.27210338324498395,0.5706429016251711,0.5577070033612826
0.2750632911399222,0.5586858150587445,0.5679815905625037
0.26404364024534444,0.5345463778763426,0.6134766776475813
0.27653505891938657,0.5556510845160946,0.5847723628829208
0.25981579802602023,0.4849006413393304,0.5408732009925636
0.2697430279549312,0.5507418327869281,0.5780183948630594
0.2678294287445246,0.5503832191898826,0.5730059533770195
0.2687264823893464,0.5309797164865744,0.6239563162377615
0.2687435455057174,0.5397308809967464,0.5503728101703225
0.2714527139588179,0.4945037337868457,0.7092304280565209
0.27134642897002403,0.5064078011673057,0.5584641148731011
0.26885789658179204,0.5301839982355291,0.5829527737194006
0.2674653208074148,0.545680087671442,0.5816081052197427
0.2676033433799728,0.5009431460270828,0.6244916425944925
0.27915008799068747,0.5584051233349637,0.5804321423888511
0.2778910324574104,0.5500284692834849,0.6394617834481905
0.2668136404588481,0.5190771648503741,0.5676898594798674
0.2707372528725519,0.5130527574051174,0.5738390241695188
0.27291125176257536,0.5913995766052016,0.6630899145037442
0.2701329179004841,0.5467846257468013,0.630866998644047
0.27915667911034386,0.5673995613185068,0.633634956393393
0.28387783574708014,0.5564063389819975,0.7037861362905998
0.2690373926272884,0.5041831701643626,0.5943723974363389
0.2709178574361775,0.5062533694535357,0.6053234638529047
0.28015324436971606,0.5852407719315671,0.5967996671944944
0.2741058115996739,0.5008541139910145,0.7181006524089324
0.284287263331337,0.6226825375145767,0.5686703350459008
0.27360099030108626,0.5362514782693363,0.5993577329921623
0.27369968682711526,0.5796561828593072,0.5970713361638815
0.26782632532831974,0.5154367034110396,0.5294764041345261
0.27925126441247095,0.5725284623850674,0.6752447929445838
0.2691214488585632,0.5369434585168695,0.5847713986550445
0.26987316936087,0.5359731377362863,0.5842047287699849
0.2769603123371318,0.5644148016651445,0.7091759056603916
0.27025354558089626,0.4812366373653718,0.6340656091371464
0.2743206240768064,0.5476619313625136,0.6054721531502373
0.2745679837388092,0.5420591583449215,0.5930694726171031
0.27725053357973795,0.5721645340453035,0.6209279673136101
0.27232186413480064,0.5605626082846445,0.6347881063658981
0.27520710884095156,0.548381481654512,0.5894619573957024
0.26879362770470416,0.5046888251279456,0.6478284943201325
0.27727422514492694,0.5107787912816761,0.6762131434741429
0.27768009427359597,0.5049385484246927,0.6761581234440162
0.27443797950035953,0.6003268035484969,0.6262004520097549
0.27691985782284245,0.5556865149012266,0.5802077943301004
0.28347376942880553,0.5253668654184631,0.6830970081582464
0.2715144631254059,0.5016604943609877,0.5794754132056575
0.28148485457836614,0.5804288861075035,0.6554725697494652
0.2894366939138178,0.5234127303886134,0.6713100729314992
0.2807864131373321,0.5885128451523517,0.6148333386965635
0.2818080390693108,0.5281272396930128,0.6828450453814733
0.27967933788309435,0.491708455586517,0.6913494108926099
0.27110105179407307,0.5018505086597188,0.6377799853061444
0.2826560884387521,0.575225653728174,0.6387661242380155
0.2868606683215976,0.5576184972617716,0.7956085657184162
0.2817288221917773,0.5601532590874261,0.6719175463539195
0.2830511544370796,0.5144024155612109,0.6608672419132828
0.27590048121387767,0.5203903134483266,0.6877192675886684
0.2756487832456941,0.5672744247180548,0.5772835959054331
0.2817862965487952,0.5578657991315931,0.6670084803003367
0.27446881420775526,0.4963259701531765,0.5962660680929581
0.2831208196014383,0.5207127171479605,0.6200586246655242
0.2749698373046698,0.5369593771746844,0.5739241842733555
0.28256926789930736,0.5534885353828846,0.6359032535077194
0.2840673203176413,0.5438219703589954,0.8036440784345564
0.28113959057859766,0.5437061792405218,0.7664439525542904
0.2949828249540843,0.5650609022475601,0.8419535208616463
0.28064992470916655,0.4966898570969798,0.6803989494326232
0.28333521990156924,0.5353723485918053,0.6934088632545224
0.2824872859997667,0.5613888068611389,0.6055777943756567
0.28574014810442405,0.5310560390231317,0.6453257311511486
0.27837312197107106,0.5541600738808055,0.5719319310723757
0.2712314900169966,0.5014662116311694,0.6009236920345904
0.2823915410205269,0.569822616774459,0.6769949353719791
0.2753135237020416,0.5645367893292564,0.6253903326051263
0.2796975081069079,0.5412978722851017,0.6693064304674737
0.2764607249065027,0.5122201949960902,0.582066876100334
0.2841938848588257,0.5367686480950248,0.6154038754692998
0.2758730624731198,0.55247485371574,0.6925300277066139
0.27939909457195805,0.5573398775022772,0.61275672349044
0.28661647817703406,0.5380476764605049,0.7369539454587517
0.27722867593274053,0.4924036215347794,0.6649605161385229
0.2831504496540336,0.5645420656356055,0.6653426391762975
0.29367103907801545,0.5743721500874043,0.7270242632780216
0.27739862774957147,0.5283517062406474,0.7235803770966552
0.2747471607669645,0.5434744040305552,0.5888791298318615
0.28860634894650444,0.6092178727343651,0.6475527431612091
0.27947880515128465,0.5467848420742355,0.6653284438397098
0.27818580100455603,0.5082474601343676,0.7147572132119769
0.27713848483284603,0.5102965976054171,0.6469018650253142
0.2850242599342547,0.5215963210373249,0.6548607856272648
0.27879041145368416,0.5194231415980284,0.6400057878970143
0.27951297879401055,0.5410359013905027,0.6384999197884004
0.2823435659516746,0.5787656452697946,0.6533221208977288
0.2833163804378563,0.5614545671836021,0.7022431502741167
0.27937896732269984,0.5228506432534696,0.6649778053684827
0.27769053262676424,0.4727050257814278,0.6266754332121682
0.3001532724069952,0.500383020932214,0.7698824981253648
0.2786907146981278,0.5089198118368524,0.7419735906683016
0.2893082725768171,0.5271608352011591,0.6703607379736047
0.2784311570755405,0.5153797587021809,0.6085677189229177
0.27695766449597614,0.5138708354617575,0.6723007645371075
0.2827054898732278,0.5376578816941128,0.6857158587156188
0.2825141995451918,0.5325403811914687,0.6350858578536002
0.28851227124168544,0.5078568754859032,0.7172708417230946
0.2846655043078587,0.5417938497035519,0.6540693044231651
0.2771532489116936,0.5063569692758548,0.6405137007935147
0.27888071027911987,0.5124830428851471,0.6626787198416021
0.27789571226426596,0.5227182592631298,0.605607887187766
0.289508699837818,0.5083718486617985,0.6723881736460393
0.2734168536523684,0.5175457155719624,0.6417084028637011
0.28235617512223704,0.5033400571436883,0.6598665198548499
0.2805865278877731,0.5234494423433567,0.630302271376324
0.2998004138880795,0.5223550349336609,0.8200010427655839
0.2791410023551577,0.4958307519829925,0.6255700825377676
0.2845459056176339,0.5514896046851167,0.6742011501780741
0.2792011548987196,0.4813635094497449,0.6711509198947576
0.2761335214756743,0.5086151769529279,0.6135071961682624
0.28571536074819776,0.5122992147579681,0.6159249674958768
0.2791931874716421,0.5359653733120782,0.6349719248632857
0.28582808628296535,0.5197684630540289,0.7955578868630141
0.2742899985888397,0.4768876345718515,0.6577025393663356
0.28021236143228845,0.5105010075178441,0.6566988251561326
0.28327119580229926,0.5903020761451567,0.6187504720844834
0.2802746759276349,0.5428147807811091,0.6221619999212472
0.29430873868493296,0.6000975720468406,0.6551068672304495
0.28408240405960145,0.5646813192850922,0.6656250154751859
0.28006284398503967,0.5214327790645724,0.696257270351294
0.2867225577039909,0.5619035129602153,0.7125692971088867
0.2859992902381646,0.5173268986505107,0.6153188594237369
0.28526205946670957,0.5705733592446794,0.6296597737139353
0.28288418431672524,0.474127409658357,0.7794381846916041
0.28195643213833893,0.5213661361640852,0.7091727868539718
0.28934407557373765,0.521510099027224,0.6929634830531641
0.2923362897947926,0.571029390714979,0.7129540079873777
0.29107327106712466,0.5549182462701341,0.6226267929303346
0.28675483244187316,0.5145489806268931,0.6508732004614326
0.29165637766059,0.5851886402906075,0.7572390542186689
0.288558530281518,0.5266184856005902,0.6462364239412302
0.2981774454701562,0.5802958170518925,0.6291520567306838
0.2819051424542148,0.5275504906184482,0.6784050233362247
0.2924491011233198,0.5748533699081819,0.6508178804703044
0.2877249791470046,0.4871805240611628,0.7159701078742466
0.28946794016400323,0.5319033137085455,0.6473830653542124
0.28793096726512996,0.5593817674159847,0.6360062435429285
0.2825748681653804,0.5050571929679825,0.5886323837222626
0.28414196136173586,0.5721091697066861,0.65368934360436
0.2928643805608848,0.5485032765455159,0.7475820555896583
0.28775534918863666,0.5577108478321372,0.7147928722789229
0.30170876804454905,0.5579508679072094,0.8495421976660746
0.2908669788529992,0.5599328295277782,0.6648254794678359
0.2952929033815678,0.5330340239011602,0.7470123808334058
0.2841677993813283,0.5485598157391134,0.7893902090234579
0.28679354184905054,0.537841251943596,0.6647810780811665
0.28444252926871305,0.5048680279105155,0.6463109765502131
0.2839201903268226,0.5572079999098792,0.5996528464868357
0.2862983186269921,0.5504246207459271,0.6372696646022104
0.2913964742593359,0.5618258811434251,0.641291102978375
0.2878826710760696,0.5239950245240592,0.6092250817650121
0.2851632503861225,0.5339844850792599,0.7231691299012478
0.294381378087445,0.5366098328006457,0.7632280960315451
0.29728698651484015,0.5135027725485571,0.9356235930832308
0.2879623392908641,0.5308498756296457,0.6654623565150147
0.2842790670612323,0.5216762462069259,0.6315585933327478
0.291497036203885,0.5349926434701863,0.6972069664147736
0.2842665300346921,0.4908753746658554,0.7227848287326367
0.28597939030966896,0.5336009062741506,0.6796613680348763
0.2910702593418838,0.5022621939876648,0.7426690108463575
0.285424155632353,0.501547797415177,0.6649927288216341
0.29435134345600805,0.5451257594749371,0.641605757732046
0.2990481649697435,0.5527200693390444,0.7215061901815021
0.3001275681337228,0.599338611493849,0.6848250234211792
0.2991061185303575,0.5373586037296179,0.7375200471638369
0.2958011100364559,0.5550945775712046,0.6869986660263421
0.29561798495644137,0.5196120235342142,0.751745934998048
0.2916358040306214,0.5322606552264142,0.6764191313344852
0.29445672627118163,0.5497353625879815,0.7036086049511647
0.28615799921004875,0.5432031204724413,0.6966185323306939
0.2921765364089069,0.4912471082906124,0.7975724752619259
0.2920739754915299,0.5074683730583888,0.7162646737826208
0.2965450752982365,0.5485400955022534,0.7482731776270868
0.30063342278193,0.5775308747256643,0.6727266736158916
0.29477690948232904,0.5416330329302823,0.6819589905149216
0.3014411269514301,0.5372959221953325,0.8140765199772395
0.3040817918878939,0.5338520525209054,0.8168754956584614
0.29440367843394066,0.5115757842903433,0.7033243282287428
0.2947818164272246,0.5574189516475363,0.8503188401765351
0.296152943068684,0.5259642798961386,0.6605708742949932
0.30004069670076655,0.5367208006150022,0.8451029427085746
0.2951129984856269,0.5046032186325323,0.7303997558696257
0.29536914781490636,0.5207731664843476,0.7005949885090768
0.3008549524986848,0.5346763429986657,0.6636539567460527
0.29858594359226115,0.5480948834485497,0.70089890458249
0.29456279845549066,0.5742358453096069,0.7183205691252352
0.29448176408486315,0.5817841530332727,0.7376652105036855
0.2965149423390946,0.5517298854163921,0.617213183691619
0.28759267804173905,0.4951237908894161,0.7278203632975587
0.29038236606084106,0.533197156361758,0.7058294919453723
0.2911381259597596,0.5377541258831589,0.7196661529167558
0.294266083952535,0.5557195386541361,0.8100681932373469
0.2951945984619592,0.5425762942675031,0.6993730533728404
0.31428992414366225,0.6120798076888441,0.7788027319169228
0.2982468129722415,0.5385590306902405,0.6933019341737366
0.29338069704314784,0.4973185943247573,0.7329975227879355
0.29156957886548396,0.5113165513800727,0.7808051423251322
0.2975261614004806,0.5552287449984163,0.7124034844715831
0.30075867307300613,0.5549405718831583,0.7429706269807365
0.2972198717233772,0.5563517179819306,0.7148453033481491
0.29786858493133084,0.531211552429461,0.8002107771029131
0.29150947689022744,0.4772866854649887,0.6946640779277589
0.29551720371700385,0.5209148324504164,0.6943907700557803
0.29876848595903027,0.5489199693698379,0.7927873847483298
0.30154123789062187,0.5280235388532487,0.7248657779735833
0.3025132774813849,0.5720805628758109,0.7409613063598534
0.29795274620624634,0.5692804593344192,0.7747804044173844
0.3030735110539215,0.5766410407460546,0.8560731590011947
0.2970290973832671,0.5114789951270386,0.7671037323491622
0.2939943617671203,0.5174034349348505,0.7387481445612851
0.29916002106167555,0.5607025389271271,0.6812756312312044
0.2918040334389599,0.5192213864858563,0.6902051421121458
0.2959145611541209,0.513104605819956,0.7176730301620499
0.3079745653208254,0.5579687841901542,0.8435652381238046
0.30332652350852324,0.5325519476020484,0.7378990676968583
0.3020391905251127,0.5624455201884321,0.7832135352622678
0.2927212381177585,0.4762286354718999,0.6965362328495789
0.31674992112864775,0.5470780222293967,0.8834706375150709
0.3011859126893327,0.48496974340314397,0.897388911534647
0.30263144266109376,0.5321599433673715,0.8123764260519937
0.30962544674993275,0.5315280027916593,0.7946380788921463
0.30480234900885744,0.5396255117543461,0.7620145931296577
0.3035358384466682,0.4893720417217866,0.8414082762694247
0.3187896584029835,0.5463655855013256,0.8859805371548817
0.3035430383614249,0.5435278304639302,0.7386045754900339
0.30362954279513926,0.5340094356064279,0.798856581556636
0.30940546000729713,0.5629547167563629,0.7516061055132061
0.30994387302714926,0.5648909403611512,0.7541223417445105
0.29695600570812897,0.5202230035390193,0.7478861685861115
0.3060270541617015,0.5912269724270518,0.7728614038892994
0.30815645300678685,0.5420610535460828,0.7868744347454113
0.2992110277729057,0.5273601269716691,0.7152640903712231
0.29654823520871043,0.4804497633307668,0.7282347487086205
0.3113540544636717,0.5886736854293657,0.7997805510579422
0.3006527852455426,0.5507004845946715,0.7432333070761113
0.30131041624026866,0.5017237403648054,0.7870460692062075
0.2986668386277946,0.5411937761983211,0.8139995161572111
0.3139239934192167,0.5226659833931226,0.9047310299861672
0.3128774659996095,0.5955659337626814,0.8109144587078014
0.29847647372094516,0.548743689598378,0.7907909285425286
0.30023372499526857,0.5336388380026592,0.7289282605302299
0.3007671267710398,0.5120158751865318,0.8047144989505479
0.30285496952375157,0.5659670855391531,0.7460535517818401
0.3104541694320544,0.5989595123281239,0.7162392277340588
0.3106722440335753,0.5640371078105031,0.7431940003829028
0.3021437362533951,0.5514186347765783,0.7384378135837066
0.31019612975643496,0.6115976860386426,0.7113615295210021
0.31571254929664966,0.5484550322929229,0.9613910708662776
0.30824243841750426,0.5747358226489585,0.728098327101514
0.30993429513566956,0.539425381588137,0.7466272356568667
0.30448095550490095,0.5093809683815771,0.721701565842105
0.29685321524543734,0.5327401967252059,0.7090267535917666
0.2990038164335264,0.5215176183966208,0.7643693702064229
0.3033141545838626,0.5253575463518516,0.8193120179716797
0.2928796341558584,0.5121615881530315,0.7196964208580794
0.29651256796083614,0.5363681125434814,0.7003178536786069
0.30394739793206643,0.5314937005764758,0.7706822009524159
0.3042737931873945,0.545990830037168,0.7940765738873685
0.3042194282888356,0.5242567376102939,0.7023319061033435
0.3128028374571121,0.5568739070177768,0.8260089670570733
0.315355698023754,0.563126261035646,0.8744967976046497
0.3046786821747798,0.5677932797649938,0.7169036115087537
0.3057446148963116,0.5414695441091549,0.7597523039841451
0.299664615706583,0.533746169017168,0.7790562034202663
0.30285233450557303,0.5308583118534959,0.8835512137771302
0.2987433725397052,0.4941597395880355,0.8769004308007682
0.302223522855339,0.539409671911581,0.7539170280382126
0.3182285949364929,0.5472850585296254,0.9071856227255921
0.3013893648858759,0.5261023355703768,0.8512725823979449
0.3030002762165844,0.57288573614845,0.7490766773891795
0.28785138520908204,0.4872927586280113,0.7314453539309191
0.29362148003133676,0.5257422145524823,0.6851241994056914
0.3003406447059659,0.5743894161044988,0.7765370830489813
0.30039925705961584,0.5680815648741981,0.7833583620230732
0.29870307404906055,0.5338533376694512,0.7684083122610543
0.2913256008060559,0.5091654649832921,0.7007047538392623
0.2945108191542128,0.5142186239420239,0.7703755362769814
0.29400480803754964,0.5338849389233716,0.7990294520101628
0.2972299220469316,0.5507642966707771,0.6988244056378045
0.31187145600362176,0.5513153033069391,1.0065418577443546
0.30626624745523195,0.4921062271899398,0.9507010864762538
0.3131377872223532,0.573690655161904,0.8788403595257709
0.2953098115375167,0.5063236105665309,0.7703896586656072
0.29644522762686526,0.5435796371483268,0.7938590443655746
0.2944357910948683,0.5198874829555004,0.7387949947143956
0.31246123686944166,0.6001146796344466,0.9336136448507856
0.30939935279909286,0.5881987378840468,0.8037657944939341
0.3002713117607224,0.5267446972411352,0.7575427609142025
0.30576496897112265,0.5513099285868149,0.754694141345004
0.30022719933867703,0.5658477506843211,0.7723952424589504
0.30479461228501276,0.5586605630301636,0.8699514069742449
0.31078537300053444,0.5779663845318851,0.7977171037888867
0.32084481939238657,0.5405916803545014,0.9827830795859286
0.3030726297832143,0.4973014563291007,0.8341189000584522
0.2967971556320108,0.4883654257458892,0.7389186621285055
0.292345161174506,0.5003063951873528,0.7263284425433056
0.30672570239630237,0.5519885438649874,0.7279279394313753
0.30058702644822377,0.4980137560695012,0.8697866780483702
0.29998711108668386,0.524505316844816,0.7895425925104996
0.3012824421495491,0.4755701326567148,0.8267933302508387
0.30460388170003627,0.5219250864351461,0.8960374328530698
0.3005281220120288,0.5331945079562229,0.7953189137728313
0.29834153457933027,0.5336180376735967,0.8066289317016607
0.29746169072953815,0.5124911823931181,0.7719675294984856
0.29669928497642334,0.4908287308538473,0.7679611794763681
0.3006965973604967,0.5259837160977591,0.8116867648432629
0.3073626652784825,0.5077816930757935,0.9673566218788956
0.3010774503229796,0.5156425125080439,0.8414647708282434
0.30306094746928525,0.5797325659151948,0.7968179953844732
0.30790347335156953,0.576276001820995,0.8128659151542472
0.30671266122087104,0.5863415209863613,0.7583818763775904
0.3228678424392444,0.5033436548099443,1.025192132371698
0.3215406061332893,0.6011515511836132,0.8734552005948473
0.3066480168712682,0.5852620295056317,0.7574552088847254
0.3004987333322341,0.5385241113071757,0.8375172880547085
0.30594221925135406,0.5416779014041613,0.7950494403719763
0.3005979848523258,0.5458364309226961,0.7120454187662602
0.30230950589820604,0.5143469851852485,0.7777056757182617
0.2901410764554445,0.4992195269547329,0.7686940075513651
0.299989337418272,0.5137665731722012,0.8523254189796526
0.2942648827521424,0.5091432219043233,0.7494684668199619
0.3038722460920357,0.5413460230365206,0.8494545115596219
0.30172089213669856,0.5026296060549841,0.8260817268420354
0.3011552957465019,0.5155590715289008,0.7790660568213775
0.30291243813583046,0.5847124355713053,0.7440086831670145
0.3038777078860918,0.5596564892447929,0.7939393548041299
0.304549454648781,0.5388328362578467,0.7937033465513771
0.3043260592735313,0.5907192206366924,0.7548196017995988
0.3083010711337989,0.5541259811297633,0.7893147661025168
0.30670055259230283,0.5513985185091754,0.8097192396582201
0.29640092242165644,0.512077796782745,0.8232989454591116
0.3019087073768149,0.5211603316213824,0.7756576681375161
0.3110089107708572,0.5521067598207722,0.976611752720442
0.31673101287946276,0.5373227296946957,0.9587459732880822
0.31113801346162984,0.5568534525149864,0.7866407565508763
0.30573601299069414,0.5203172405348144,0.8550242667176383
0.3057857991018484,0.5108970891944389,0.9665712930209492
0.3038809683615267,0.513647184206669,0.8124777506175477
0.31072090642095035,0.5721411451467504,0.8138396181198186
0.30610115864066434,0.5134071104716543,0.8416979785597134
0.30423822126746997,0.4945313652601769,0.843106423309457
0.3109276297345924,0.5318547611950999,0.8137897443756823
0.3039640091688833,0.5022589120146499,0.8208563468543373
0.309278665400459,0.5028279660300191,0.8516258199682466
0.3118292992042175,0.5528928386845693,0.8261996320315628
0.3261773149090489,0.5602875327327367,0.998815383610354
0.3081576085687588,0.5696722583034155,0.8144704639445461
0.3079972705034136,0.5049411676655111,0.8622672601408259
0.30919947310595036,0.5646102732612203,0.8500567759601068
0.316107738742645,0.5981395437903142,0.8138286652458487
0.3051513321142313,0.52940608520598,0.7405651919913051
0.31543603456250596,0.5687410330665887,0.7568102080936725
0.31099727459461873,0.513803970161414,0.928354486870726
0.31556436568084817,0.5560717786698993,0.9632350453642128
0.29728391120081615,0.5251398922950833,0.8666184348105895
0.30176649973166497,0.5337169262976574,0.7313242528754
0.3077042836078419,0.4954714600643086,0.8037733484275872
0.30970906691857497,0.5748808124170054,0.7689514886444558
0.3118109557184458,0.5079763999380672,0.8927437643560867
0.29548796612906514,0.4905902227126534,0.7561457776184416
0.32052381070070957,0.5581472936949408,0.9988004643867016
0.3082094393590387,0.5779145535244941,0.9806249980052281
0.30533747858856763,0.5577323238079418,0.8491608882274246
0.3105901390543775,0.5576397857482689,0.8871939992250717
0.31345418098584454,0.5269913593040414,0.9097337329465728
0.3003446056923819,0.4974410714475306,0.8355670335572698
0.3101462881511193,0.5250062178839753,0.8560961060729569
0.3098824367439347,0.5270317380777181,0.8147289256187559
0.31185413610100127,0.5478969782452239,0.8202621443936928
0.31040735957831445,0.5493130720103813,0.8525585632303363
0.2996000417103011,0.5273765827815227,0.7992272441334685
0.31625543843748793,0.5366221612988812,0.9754824478940454
0.3129371958284607,0.5698960230568838,0.8728192847640791
0.33409658152157495,0.5804760414557549,1.1393680361388738
0.3082411330864659,0.5234643979977699,0.9932391810175156
0.3211734249228997,0.5668908709313351,0.8733839926834606
0.31340050897040567,0.5223374045610519,0.8913983211132307
0.31459102479139867,0.5094372952364147,0.9039857559704476
0.3130096127513043,0.5559487041951158,0.8817967619998488
0.30804101923701127,0.5448027251794718,0.7983004330001359
0.3125187947878234,0.4728820606146418,0.8977090285809499
0.31596051291520827,0.5710010319058911,0.9573939370211971
0.3224711695398062,0.5929875446708875,0.9406301675619068
0.3073872709126374,0.5305384459268982,0.8622048828119272
0.31827728745432704,0.5510828974694228,0.9780831526804984
0.3101495600694578,0.5549844901980944,0.8160429035630203
0.31185406196004267,0.511105055003757,0.9582072886505496
0.3106739737851173,0.5254668507083529,0.8627670444313289
0.310599897056129,0.5309505915277274,0.8690288258229605
0.30922551099125156,0.5597684618050933,0.8397585929250632
0.3107776893878182,0.551374046184211,0.8477120427823698
0.31070117848621204,0.502574686013137,0.927581932595702
0.31284784546104666,0.5384746179144733,0.8354249233057325
0.31657649967474444,0.5446930879322612,0.8099841979304802
0.3213813812638383,0.5748020831784356,1.0980961467709691
0.318126094785944,0.5447109181632224,0.9081447668469848
0.3130831507938114,0.5150482416502539,1.008313745921391
0.3114182852932506,0.5560532004332114,0.8495551487310182
0.31113735028460376,0.547843762472242,0.8853565116371074
0.30821309075262615,0.5308675621282017,0.8112582736111349
0.30621861343481926,0.5636381131724028,0.9435145315857729
0.3224269737748646,0.5071607936106046,1.1582400347746509
0.3089094482452165,0.5231913840713653,0.972579989458412
0.30332737657502507,0.5135680806462486,0.8340254190681528
0.31393767041357457,0.5719381870194515,0.9128623884055248
0.31364197797933513,0.4691409043468451,0.8459203900858594
0.32144929455201887,0.6172524067945688,0.879230304662223
0.3108962785852795,0.5337664108686815,0.9716391715770214
0.3177335610799076,0.5386640860370622,0.9251539394966408
0.305597162435536,0.5092443038216516,0.8142292527205583
0.3086298466650262,0.5321700033455723,0.8576291316354592
0.30683282304368054,0.5025868845286857,1.034647805317259
0.31225829907491637,0.5221550950364239,0.8808384495230269
0.31032480743586244,0.5512468485327084,0.912062661220607
0.31830847325247363,0.5868784128177027,0.9525982011879884
0.3225791207226114,0.6053680764980496,0.8215007468243212
0.31380983713033617,0.523396692555286,0.8976819522934208
0.3190531103998248,0.5565854414815697,1.0033338931403095
0.31564230300981033,0.5464333346631874,1.0233226161665043
0.3271849823060486,0.5937998386861121,0.8983258456489555
0.3332666550070516,0.5287622539627888,1.0931058810458334
0.3145592595278733,0.5118083229109842,0.9819261653306834
0.31080403168423587,0.5293237004700236,0.889824009749268
0.3121190024021951,0.4623649776140773,1.092650735395671
0.3002819732632742,0.4706748586391026,0.8908286272633452
0.3121040804725186,0.4773831786863802,1.007090689797894
0.3198452309818237,0.5788917019889714,0.9568822284144706
0.31961046834396273,0.5657073562484956,0.8748067004588137
0.3114544450795413,0.5416775801896552,0.8416122525375864
0.30865935337450434,0.5141826248515184,0.9094449406770938
0.31758054681773407,0.5222379839322093,0.963412255435116
0.30858368874964076,0.5173589579188473,0.8739711163482909
0.30886878433276277,0.5349031089501974,0.9156607426907614
0.3127069326652315,0.5510133734847479,1.0080073374962315
0.31803578737269467,0.5761642001567009,0.9906835886341974
0.31768119750594787,0.5701056559131729,1.002659490913111
0.3142297880626499,0.5135562901235119,1.0059975676842212
0.3159372711471913,0.5681851380367063,0.9726858694702746
0.31476502557334757,0.5643421735266939,1.0128025938917664
0.31600712701193256,0.5572946027975447,0.8897505138241033
0.31072275800848875,0.5422048159906909,0.9460972484293884
0.31110008499939323,0.5118555059067955,1.0801378624345082
0.30845092533326185,0.5115116295741674,1.0476124652605996
0.3077760789564835,0.5169768098986006,0.8622588798632189
0.31247390181499624,0.546436338425449,0.9040614333689736
0.316904311013745,0.5741278325568772,0.9673298028496058
0.31050873603647433,0.4992034805732317,0.9940966012011536
0.32023518849858207,0.5361038486256723,1.0072782695883398
0.31698764913201827,0.552979543181544,1.0050750280042358
0.3153693277641991,0.5042199035910792,0.968379323883376
0.3177606324561236,0.5098067783034885,1.0262476388381752
0.3168304313566748,0.5423624899657249,1.0254865477466264
0.31441065365249327,0.547278955291903,1.0619817466832635
0.3258190620327469,0.5125538373155369,1.071309582642884
0.31375084936080805,0.5442300220223778,0.9098633778215884
0.3329178013716328,0.5575979499641778,1.1303834359623963
0.3114696540353748,0.5456283986615583,0.9042652238775856
0.32796916269073645,0.5773976514936812,1.0181456449194324
0.31820664260117737,0.5486364747121399,1.0255157539841313
0.3247917449155025,0.5523913354030046,0.988362017335672
0.32117712492079725,0.5613571631146513,1.0332187795874004
0.3187568802222837,0.5251683457089971,0.9735096338703292
0.3187375167052544,0.5367375893989781,0.9288651017060932
0.32151327925253537,0.5549372351885292,1.0939398441694264
0.3159741963038686,0.5435673749844541,0.9877123913127349
0.330029525389809,0.5546220462218528,0.9845242736307172
0.32706318408194934,0.542839560149932,1.1187786406013536
0.31732121852794,0.5264968106619,0.9847185471365949
0.32115496365602286,0.5142533787759165,0.9675863903183091
0.33357522458121525,0.6010764893431475,0.93082461438609
0.33363375147651786,0.5816556147108308,1.1251514093496608
0.3307110018440273,0.5571398608981738,1.0535978005729345
0.32653709015623855,0.5538052222765487,1.0855448541879629
0.32317722338234856,0.5290451805135371,1.0351492905031063
0.3217872295883165,0.5431900951101458,0.949813311526482
0.3205449075585576,0.5864207687587486,1.0424798317531982
0.32778917076013575,0.5506337594013206,0.992868211606966
0.32734401205414015,0.5637872796253672,1.0738968600300152
0.33735813739539283,0.6157259192635874,1.0900765706173683
0.3300766765301444,0.53686129597489,0.9606505328325092
0.33677554266966336,0.5823725710233506,1.0077579365448306
0.33037093258408795,0.5972451174997249,1.0123573492925155
0.33996230160194585,0.620577044677772,1.0415021773761883
0.34053992567352576,0.6063329609847128,1.0167779794264449
0.3370951295648003,0.5772417741428786,0.9461831842062496
0.33497953140347014,0.5665438682619574,1.0400480991703267
0.34456293564614193,0.6425048047760437,1.03653906932443
0.3453660689305745,0.6266552562867507,1.1194803813532832
0.3494842305153118,0.6036110298469982,1.0410365609159802
0.3672732009646172,0.7240049638395932,1.1182854315475963
0.3687716159287113,0.6698846789017757,1.2901495718773202
0.36724756339032033,0.6837980467311275,1.4852105239079956
0.3594249614452892,0.6802568697734473,1.0625965410101703
0.3614274032170829,0.7043875287952949,1.029154542793375
0.36317265574543334,0.6794532804430753,1.0543567960390636
0.36689378813830753,0.7378987784223808,1.0510157329921208
0.377052758514857,0.7324274739287437,1.1953648766410725
0.388293607145584,0.6973879096078448,1.1367440034077518
0.3776001291580201,0.6648762638473447,1.2938997142285265
0.36499245692454707,0.7491244752670745,1.0289310749683072
0.3579048041061446,0.7505359963759177,1.060406699373877
0.34876066943956313,0.7550322341516129,0.9936599143565176
0.3498649847790973,0.7329753360634195,1.084769136786673
0.3613318153863484,0.7085073615642666,1.1507752919872558
0.3627579678124979,0.7387619796418627,1.1751231691072648
0.3725249639753545,0.7793676214011005,1.1330828047523347
0.35952521542391497,0.7319498553626108,1.2529953539795404
0.36085857691919665,0.7137705087797416,1.0055909786321648
0.38195553141325467,0.7696066573911204,1.103866923769763
0.3743133375074562,0.7551467423449459,1.2255057928170263
0.36762390718343274,0.7547343198851147,1.1561171670681698
0.36067135491862706,0.7873630089967639,1.2236046262622813
0.3541823249670169,0.7760310921498692,1.214198617933406
0.3486162333437205,0.7078360432270974,1.1707693122566278
0.3644312700297004,0.7997571431271895,1.1243464196607216
0.3716206220688834,0.8461355423874117,1.1029763180602727
0.3857754182821047,0.7783812551547418,1.2439758154422624
0.3895561016036354,0.8217899566704512,1.3923272797121429
0.4124170700264883,0.9001481391638826,1.235323561844479
0.4124219705136534,0.8354327915845243,1.1859546299017163
0.4482069511272782,0.905953938472056,1.6957661105407675
0.3821876247266366,0.8461440174991316,1.2112936930942717
0.3898811935600551,0.8667280887785913,1.287380038873804
0.3872627955957266,0.801123592738302,1.2474991903898751
0.40829179319130204,0.8842193152983256,1.2863541941049572
0.40009727745278606,0.8259998506118365,1.131821008311797
0.40811931149059505,0.8860600299991513,1.2388691352191583
0.40091920569875605,0.8519309510754036,1.2278173548320976
0.3922934367984015,0.8623025278791699,1.2294729439322791
0.40246394699889937,0.9011308202157748,1.3830777529138223
0.42356223479690025,0.8369055619831371,1.6054513425806731
0.4086380065242172,0.8760165424440758,1.3512729524994582
0.40918092268048584,0.8335813516921313,1.4337566186263695
0.4258224454771978,0.8932867518175849,1.1858986529959756
0.4262289336573068,0.8228624484866954,1.403061185134214
0.4089420406157272,0.8279855466522359,1.1687242726255809
0.3911453124282404,0.8885596678450435,1.3208395812391351
0.41551271694013375,0.912041786842131,1.3004875680795849
0.41325760205837414,0.8556119430471613,1.580805291460737
0.3815683769540692,1.1061322748380151,1.267154408438681
0.37985186813690214,1.4693573069042574,1.3735813127353234
0.3977230011216527,1.129762848846366,1.6983056373201146
0.4016048609207399,1.5747328649814236,1.8733809683478009
0.39817624446318706,1.9672952558068058,1.7947356256879856
0.393293535994395,1.8898528569500372,1.8737601392274312
0.3974677097973136,1.890454207102654,1.8785605570163653
0.39233870089420125,1.8828886302684111,1.7930807751607474
0.43830521025422775,1.860093184275015,1.7961906379519943
0.4174213264961153,1.8263156804185328,1.829892427747681
0.41847215647696256,1.809168495221977,1.768715610494945
0.4628066480551883,1.8519453082722876,1.8180079803057692
0.46617111856673854,1.8130354333047227,1.950552330055905
0.46476246731901183,1.8323452487214773,1.7009211078363813
0.4825039921721925,1.8396927606952131,1.7533777898247107
0.47735805217809096,1.8273007268011927,1.6680078146617392
0.47873563791341667,1.8134110626191051,2.0686075434664017
0.49300222954280537,1.8154700581087848,1.8889298366088427
0.5038660085933888,1.803116938756808,1.8877249880821776
0.5055298282451631,1.8019660706066218,1.8405360364801644
0.5000474762555254,1.8229872469660435,1.9091375189041784
0.495344563357103,1.8117686993848097,1.7255463900864898
0.5111623175263191,1.8118590385872133,1.7898838827959702
0.5247351370254233,1.8125557957819751,1.9005132872545545
0.5285062546968176,1.836736088932238,2.0653057235599737
0.5419910319589726,1.8598461296390727,2.0516519047690744
0.5792929795308265,1.8212221325963809,1.7629398182179656
0.5822833119389801,1.8341208648951723,1.8430616744199173
0.5857224845128901,1.788091961607833,1.9927410993850352
0.5803143866986226,1.8451218709611572,1.8092389001818237
0.5753321669395167,1.8576857255257475,2.1966476001508872
0.5815386440541184,1.8406787767516652,1.7663887095840396
0.5764423408703908,1.8400558368261184,1.90097203418561
0.5862783748456427,1.8268505004863391,1.7231006183003914
0.5883123145172889,1.8345296129035051,1.7802088293383849
0.5992475922377539,1.8067406181706798,1.9763571195811025
0.5856496002361439,1.8494432312728148,1.9090085459735784
0.588598921284585,1.8648812197498432,1.815504435292717
0.5949355182654853,1.849784279442032,1.8945048953373969
0.6038724081362548,1.8499915532370759,1.7814903437762828
0.6030026100099344,1.8404911410739977,1.8067161078015068
0.6104985919085743,1.8200678971051687,1.982769022906388
0.6160175299365556,1.8713359312904587,1.8392642005842688
0.6232272138528488,1.8133471048600447,1.6912467157222708
0.6320396081747174,1.852514840691856,1.8325124628385123
0.6237648127644255,1.863176462280884,1.8484823686209844
0.6341925648691823,1.86166930450158,1.8536327557812062
0.6230784444649098,1.8740096038623018,1.7993974776518165
0.6416652618461178,1.8601954988056475,1.8487462341421048
0.6363122618149607,1.829032980562092,1.9274108560189271
0.6432906755033736,1.8265801022572068,1.8721746199320557
0.6581091737338629,1.8162701350993788,1.8115539285583395
0.6734315300710149,1.8317851901602504,1.8984804090835212
0.655959462065838,1.8434006138061547,1.6662361944696087
0.670028227201721,1.8671329869939848,1.7686094546963325
0.6641038481678393,1.8622325497978247,1.8535769768841832
0.66741881265613,1.8444975979280345,1.851979391745718
0.6897482007973718,1.8312326125290421,1.9781268406546464
0.6747840792007627,1.8004825312328645,1.7515460171973236
0.6840635727725141,1.827622073677072,1.8908468949245496
0.6754817506438887,1.8090841529010755,1.6932845806337489
0.6651282830440532,1.8489013239693504,1.7999759732559404
0.6755941596934647,1.747111211029228,1.7959743943670332
0.6758935016279933,1.8409565956763256,1.7237212535591635
0.676401009708621,1.7795366391030556,1.6845463601588118
0.6983934363716375,1.7544616990445048,2.24724756036439
0.6834133698964178,1.7868485539942216,1.673230343414262
0.68592797302377,1.8212829029521025,1.9578381767603807
0.6628396864242244,1.7676019162453038,1.7293812470606946
0.7178446699412259,1.77954593699679,1.6736086258445817
0.7104823264605769,1.7190869443370649,1.810858517743272
0.7275774359154208,1.735225321239222,1.6722071467311543
0.7487089605985172,1.7433786323966771,1.6634363389474118
0.7441808970790998,1.7400130015432518,1.7351588145630326
0.7557262003021807,1.7116157870445363,1.7344065201194965
0.7445471312811148,1.7479605158777347,1.670087203268605
0.7547637337464633,1.7438546893652558,1.668510665383186
0.7480316615291244,1.7733131758760303,2.067784883774631
0.7632958043686688,1.7306218159026423,1.7385116169012789
0.7517363163603678,1.7527223729784156,1.7876330833892116
0.770305887856278,1.7693350760178301,1.6714560340338187
0.7780587457726242,1.7617626041909031,1.6580397495738155
0.7754922251310602,1.730918191535045,1.7101534844190551
0.7993645978745197,1.7329537705974725,2.222650321213109
0.7924862025937333,1.7249826167576885,1.6140434835080515
0.7849872532320917,1.7460588631811271,1.9103158411459904
0.7848213148225929,1.7321515646076608,1.634405396375576
0.802575869509977,1.7123951299404974,1.6697968504908234
0.7934727426060787,1.6770798496277943,1.6602844557995542
0.7993152100665615,1.6873769139837396,1.7473490293268439
0.8125816572249068,1.6646605539221366,1.796453111296238
0.7877498888211608,1.6570154178996406,1.7716463136969742
0.7853316659963935,1.63555097281706,1.6914750064233528
0.7886939122222794,1.6510386543369804,1.5660926607240202
0.7811713125658282,1.7166997448567098,1.654708985185711
0.8070852000971278,1.6222976815187489,1.803896260447796
0.7922690677861245,1.6151707753757725,1.6711688317725604
0.803530632366639,1.6605476753193522,1.6539345229868725
0.7928290711084314,1.6536829522489662,1.6714162989907877
0.842906699059004,1.6356248950104977,2.009333296644188
0.8216171459428196,1.611330401992627,1.5651460404599593
0.818045266812912,1.6460619243867642,1.5699436874261212
0.8306262350093597,1.5891055290328344,1.905357987771852
0.8333401685838518,1.5964772929978626,1.6067323281967354
0.8355350764211067,1.6343545970778208,1.666895256070244
0.8266047599644804,1.602397286727956,1.5939525392537155
0.8431098202006492,1.605712348178557,1.6612605843278825
0.8507139184876374,1.6026638674666238,1.766924101636663
0.8450969030939732,1.647378932634621,1.8198218580664016
0.8511368654905574,1.6037254078263432,1.6687994336660654
0.838398508992057,1.6303598064765186,1.5114580763809755
0.8314612925873479,1.6361559366898824,1.5628664992961772
0.8434305977418342,1.6556858696433587,1.6724255124504366
0.841696934790814,1.6545045571710673,1.697312121350259
0.8476520929184451,1.641220269592914,1.7700412545543256
0.8984599870252304,1.6471322783372988,2.083181743779249
0.8497068137127112,1.6200400623477709,1.6256120278205586
0.8485723277304,1.6211023448512123,1.5681715463361496
0.8578417130383681,1.6535819198450459,1.6794511904511524
0.8730617483140665,1.6781614247408039,1.7264111865250298
0.8522350940675255,1.6375867645737645,1.6076081388640098
0.8625085253757544,1.6249027037498684,1.811472110182208
0.8552295611847973,1.6236069589328952,1.6296571264577264
0.8738449049935566,1.6225369550921862,1.6715332918842902
0.8624031426183647,1.630856726103751,1.6304935070693196
0.8774499630619291,1.615964191207033,1.6142815672609905
0.8980171694025697,1.6351630320517785,1.7007347469737581
0.8874204224499964,1.6593772215368163,1.7969129737439604
0.8831064082670228,1.6507156811215251,1.7153159690123636
0.8770635527956558,1.6512979064969968,1.5592276700764651
0.8794727379373196,1.6472149179855666,1.5459974311863416
0.8812722211269403,1.6173879083968614,1.5641045206192388
0.8789783313024435,1.5911182166971949,1.569670237900474
0.8780544841701322,1.6365202137136194,1.5753194230902756
0.8882072859637209,1.6281749230182732,1.6646717216831328
0.9433204442129831,1.6413169552985063,1.8906935801491052
0.8830117154574503,1.6048521108406086,1.5454708332823934
0.8952901177422427,1.6213418631753669,1.7660440293958992
0.896235265573466,1.6143353139017254,1.6425311909397358
0.8984137112670739,1.6043233702296993,1.5915758821630448
0.903906734878198,1.5846859238519777,1.5411378893421592
0.8993137953376531,1.6277720623711232,1.53089363719531
0.9517684356932463,1.563060087196876,1.52528598563773
0.9562101042800981,1.5778231945241843,1.8084955667566145
0.9458124585179185,1.5158122826221017,1.5376507073090186
0.9441029987657217,1.5308128570675148,1.5868440635537104
0.9429490187293316,1.5416278722281205,1.5643307225532197
0.9420007707244044,1.5233046163014026,1.587346351866468
0.9404569831675269,1.5025379226040787,1.5649276863503447
0.9382256013911717,1.5086131787816155,1.5958009446402592
0.9574396888436657,1.5181252069834277,1.8359030761509816
0.9576391943144341,1.5093313209294283,1.54939101803167
0.997554877771787,1.4921494401657376,1.7807923023340342
0.9690088409401717,1.4961591892841393,1.6581740163630985
0.958029778260622,1.5032913885083243,1.521430318320529
0.9700332238999745,1.5078020937336982,1.642926853325659
0.9629437402767855,1.4686665374153614,1.4416682558919567
0.9735891210933317,1.4809462859195606,1.6188619122971768
0.971761442729192,1.4991410231116848,1.4741701666321307
0.9821305175541293,1.4813291716526604,1.7794315522988309
0.9669650466577759,1.493821594711884,1.5530445066346104
0.9834257035306123,1.4914190540777867,1.4853140500312754
0.9961838282090429,1.4798710566818951,1.4659128405086266
0.98299937440296,1.4902211729111383,1.6555167189283824
0.9893412826976156,1.4803173110261918,1.4566832966623884
0.974512075807719,1.5145544535751287,1.5426181686502942
0.9910024894700608,1.4831319005442043,1.519158359785048
1.0220411412761634,1.5175027136500063,1.7804705412461164
0.9835775656198056,1.4682583975546482,1.47929474505479
0.9773574379309677,1.4990506164939388,1.4177587158157563
1.0050709013219865,1.4839895084745767,1.675408901560963
1.0691765968545324,1.4848603489375622,2.0138252574894997
0.9989169024722584,1.4833810448297968,1.4795361899606427
0.9927963870899794,1.4535317114981583,1.465081756248004
1.0020294380765973,1.4458153964301406,1.4955621372875756
0.990984384420141,1.4592943482838097,1.6019832218676746
1.0009251265349146,1.4591740769559831,1.4359100550576462
1.0337162714287544,1.4416190520924461,1.5576558706082066
1.0134482476003592,1.4652798940962974,1.5360479037701915
1.0223286496201878,1.4569499797642873,1.8072398348588052
1.005921815855674,1.4222303174236108,1.4863639689359622
1.0208400778315188,1.4400579966364446,1.411290791519827
1.0224201372657535,1.4512467994808336,1.7415857685718046
1.0171490329310433,1.4446531705277303,1.691756699748434
1.0186709519249029,1.4506180985404051,1.4828764432866748
1.0195708806147663,1.4670230780928566,1.4962531981228409
1.0257881591942888,1.4538205960774673,1.7282136405545268
1.053353494002567,1.4689730309496625,1.6967578807381574
1.0226529789244572,1.453844713441748,1.4617193120604768
1.037093187713061,1.4678290638437113,1.4591634762297625
1.0302898074467777,1.4482057176087049,1.4183572101633826
1.0523648249938975,1.458284818415544,1.6950639877127072
1.0452233397830903,1.4124527485083949,1.5699429802013911
1.0377694028553568,1.4314499670853391,1.479386910215971
1.038730715333549,1.4317239671339763,1.5610855644239254
1.0317057104778455,1.3980693654858891,1.4504972049226657
1.0568053026630533,1.3969230497123843,1.4059394425405043
1.0403808116497668,1.397824534289123,1.4654599798587191
1.052386038339518,1.4040669227952944,1.6472200049885797
1.0615513269351922,1.3901850072268005,1.4755175438667332
1.0577013225475556,1.4233082752706523,1.4326126510096924
1.0567626977733224,1.3754024209118314,1.4602333374570606
1.0588555233043189,1.4166532528071345,1.4059178876718204
1.0637635433815524,1.4101397327527954,1.3793816415318638
1.0660286101316634,1.3787037920825915,1.4697951627967174
1.0747482929114152,1.4207091704217802,1.4389721645229665
1.0619796929807104,1.3966524811483754,1.456507776582595
1.0772022270018522,1.395448918605338,1.4791447269166778
1.0722881423150024,1.4205462718321515,1.5004198389652874
1.0828989740724646,1.417566304520864,1.4065544935095278
1.0816990169531784,1.4408927059664172,1.5146086208237832
1.0829370491268535,1.4322201744289114,1.4734321958783076
1.089996405073931,1.408038304188319,1.4139993067432286
1.1021820935322368,1.425321221557617,1.3920240498610437
1.0968228606094002,1.4361588707694852,1.4177851858373014
1.0878504717288937,1.3999609945310687,1.5217317039206213
1.0914360068414182,1.411733737591642,1.3940261229725146
1.0888665943813827,1.403527252488738,1.5028152521489064
1.095737272348925,1.417790547077583,1.41435508754994
1.0866569804732644,1.407639439265603,1.4783435231489357
1.1474725718591883,1.414503558477885,1.8376568019620765
1.0866108993957684,1.404772055444333,1.3381795945156256
1.0808474071546366,1.3959853685175443,1.378879442731199
1.0761599971245257,1.4431324195564252,1.4018100385707624
1.080605931602505,1.4272118431982417,1.5245699941577462
1.0911245901420588,1.4248983177731045,1.5004144316410128
1.0891692691214938,1.4070400136529324,1.514184115451492
1.1238749849588834,1.4474441724052516,1.5758161871406808
1.0998088323175954,1.4186089459467135,1.362373218067787
1.108611442877416,1.3939142876483746,1.4152045914006188
1.1075981152822407,1.4036106932991808,1.3943848104976462
1.107869696012373,1.3814539910181682,1.4481346191696702
1.1132779358841456,1.4000077067472991,1.392496360651148
1.111047424940794,1.399042324449196,1.3449240888318057
1.103327887649873,1.3742786903062267,1.3347096983674762
1.1143028860707536,1.3902223583788915,1.3904260245332674
1.1264108003925772,1.4017142580481394,1.3976602772613846
1.1133116914425814,1.385929782025355,1.4483935812117357
1.1065541013566824,1.3857864864586271,1.355812398795799
1.1288022823137454,1.4093400589775786,1.6036401258043091
1.1298967442810772,1.3649034136009854,1.6116039635537065
1.1347850067535878,1.3959427854679156,1.3739820423605589
1.1297123494674668,1.35325937128846,1.5087721219049224
1.1451707027571858,1.3703208278753416,1.448889344198243
1.1207864542530177,1.3514397160904992,1.45143834307094
1.1520954936793664,1.3065253545792928,1.5317552464728603
1.1153622905477263,1.305551288835196,1.3134303941718484
1.1336341733740263,1.2772467018540004,1.2787980380403186
1.1490903634723915,1.2538301822446067,1.29605269910857
1.1632059467628204,1.2389498761324458,1.5482782617038315
1.1254510135323565,1.2385337464212205,1.4516894185599682
1.1313338619042264,1.2285705829916005,1.373486984741303
1.1251419996902887,1.2391303804361111,1.3143483842942347
1.13698552128489,1.247273279896126,1.2928537026898903
1.136759613606402,1.2471332812935332,1.3576538346201148
1.1272044560336163,1.2405295195957529,1.3655856767483456
1.1367953045755692,1.222021557883395,1.500452616154627
1.1272054565968304,1.2253773957683924,1.2631780197730949
1.1420986370821928,1.2333544507172105,1.2717592627490928
1.1518710400422485,1.2349587664916208,1.2417021762661844
1.1423468260854384,1.2302227567127688,1.311568756489974
1.152896123373011,1.2374129251654518,1.2184387798882907
1.152701622422776,1.2220268872716311,1.2941841346150604
1.1460035466036802,1.2321638548215796,1.2799562258234054
1.1483351031607456,1.2359174971759364,1.2998389960883172
1.1539048476976794,1.2219289759255798,1.3251042643604518
1.1507305414306672,1.2104766871686905,1.1789935936903304
1.1668094687563222,1.2522526961832727,1.2455364854307824
1.1871911567457094,1.2440812850692282,1.2992516382546022
1.175404786028261,1.2359138575569026,1.5182456594414415
1.1976011073611386,1.2449624876253476,1.4085018210216835
1.1489536478466273,1.2320901502883217,1.2205617250973289
1.1636190934583488,1.2344287372699174,1.2546051233637312
1.172501875986873,1.2320675475076592,1.4593498389313417
1.1842146357466028,1.2385927883456709,1.5662680227290628
1.1777103164741718,1.2387060163104726,1.2665074983393212
1.1653768194740628,1.2574927589584457,1.2290693907435175
1.1663993957132626,1.2197734058336307,1.3575798331208608
1.1820300400398207,1.1965108037701884,1.3530775109229785
1.1770863082347793,1.1922316992462596,1.3038698036051444
1.1767004386432243,1.1817549939018253,1.2375010673646172
1.1672415736355537,1.190674315699316,1.16009598032498
1.1589638155874566,1.1894476131506864,1.2191071856541047
1.1836242312609555,1.1808419380542081,1.355224048899566
1.1845500374465046,1.1948654532611138,1.38381312655739
1.1738266819425043,1.1780347100266308,1.2267247144532236
