window_size_1_RMSE,Plain_w200,Linear_w200
0.2857511931892653,0.6148012270606236,0.6069673712411633
0.2859778873565616,0.5925462618713921,0.6296731958762087
0.2867235956092684,0.6328766304729896,0.5959074112162085
0.28547218699026533,0.634982236285639,0.5859803991849879
0.298184926585951,0.6285594693624663,0.6475329408167991
0.2934106323278002,0.6579797360105983,0.6141695763780883
0.29959846389407896,0.6581749402134585,0.638747730867723
0.2888698415912817,0.6199869198248721,0.6001457322686384
0.2885038504843589,0.6215044041659574,0.5812180754033968
0.29361471980423354,0.6212794412659302,0.6493178122238819
0.2902328642321332,0.6371473422112355,0.6100380303984686
0.2899729432693558,0.6217616278351376,0.5981252723049318
0.3008851018996074,0.6717557597739306,0.6408404509136228
0.2962569462404139,0.6451016071788334,0.6332506480501231
0.2826558426472854,0.5983768556458775,0.6081416829481013
0.2924957649034736,0.6500604413361982,0.5991866085175458
0.29675233122884886,0.6538468782062234,0.6113837512821386
0.29372418027337976,0.6328220799106272,0.6190537789571449
0.2881136366067634,0.6236039798069672,0.6039499841639988
0.2926523357687928,0.6402126276011849,0.613590403190152
0.2934844762152323,0.6265938971616606,0.6291661745730434
0.2861197085243295,0.6292002507498492,0.6086511563468396
0.28995797040606885,0.6154266540098063,0.6312460276635882
0.2877368388570793,0.6362190990800507,0.5881444286175735
0.28340551322974095,0.61679308554159,0.5908301698509224
0.28962569312246317,0.6114503043308731,0.6020700902670003
0.2946844287604196,0.6557867995112538,0.6222910445111078
0.29428056661228685,0.6234186182859316,0.6406257447466678
0.2948007798678558,0.6039446240867119,0.6704942633533506
0.29806110266752195,0.6548992355702639,0.6269862672225538
0.29406334486175045,0.6118366297015431,0.6182651063861736
0.2899018873143976,0.6166441576658781,0.6155000092346482
0.29070221494410337,0.6288427431248486,0.6141111649407035
0.29402158672861467,0.64634247253669,0.6181943605296133
0.29075597286286864,0.6005961994020974,0.6334037442711863
0.3032106469021575,0.6336287474554425,0.6678234895492986
0.2909230621605979,0.6509703249605839,0.603268522349839
0.293713289658115,0.6333771630839355,0.6331436747340891
0.28967185799410605,0.6188363402521179,0.62598796636319
0.29548136031157995,0.6276555207765622,0.6254363187411723
0.29726539285887793,0.6539457334727236,0.6291668970912653
0.2961292705202016,0.6416114198714999,0.6268090831116401
0.2933806337222164,0.6410008443310596,0.6017110368774837
0.294090273147904,0.6182951721978825,0.6385637423453585
0.2885588492002882,0.6213617620210606,0.5964425544999716
0.2946247514748063,0.6742097444600451,0.5872187922682459
0.2983524824123535,0.6483426919595899,0.6275733183834356
0.29845400397257205,0.626167833055693,0.6418950549997118
0.2935176296173817,0.6201088963255265,0.6202250195579166
0.28840319556907956,0.6016736596977903,0.6286368388146717
0.2849431222815856,0.6086117213548704,0.6176134192433813
0.28495260522800725,0.6197745113105227,0.5950317475362749
0.296740154207674,0.6466347986655926,0.6273550845911025
0.2918169735813893,0.6425181646200501,0.6119410000702006
0.2910287139956194,0.623121934884729,0.6019405439292459
0.28581498906308883,0.6118921787283359,0.5957644607354561
0.29922918912134816,0.6720043656465612,0.6226785629351861
0.2939945895374464,0.6453319711012928,0.6173592538250501
0.2984354125894647,0.6531612294561843,0.6435974095592019
0.292940269506396,0.6136769296496029,0.6476184201323819
0.2942114155458809,0.6485216095075779,0.6284853539080903
0.29317398090998464,0.6191084725838493,0.6431696881998206
0.2894993732189138,0.6354660255093708,0.5855723325272841
0.2912976188378866,0.6313496139653647,0.6059294256821794
0.29069752616325295,0.6373087515683522,0.6136449451748516
0.2845766618494974,0.6006988435349807,0.5991134128299397
0.29116999698880647,0.6271815933868108,0.6187527271836557
0.296187960484779,0.6259794674965602,0.6231815222402721
0.29338256329181567,0.6402078403559844,0.6282421965824384
0.3005483370419278,0.649312710764028,0.6527579950444765
0.2896005655474049,0.6329126943678111,0.594996056577232
0.2963816246612318,0.6410047825805016,0.6475348755052699
0.2907874845980141,0.6426812665630125,0.6206285336705244
0.29788494608741456,0.6577792381437212,0.6363814073959647
0.29721496784286144,0.6325527057614979,0.6458651656091186
0.2916816298931523,0.6300414930667827,0.6259851893220079
0.29275222516983396,0.627833584922561,0.6390158661229638
0.29804172594442635,0.6321099268772619,0.6378925929576711
0.2974468985494404,0.6481720475009406,0.6290524219461909
0.28802469205304826,0.6260963375464503,0.6116303164397412
0.29777044855620255,0.6429690166556067,0.6277638913965332
0.2890585237260294,0.6316133696418309,0.6215957407571104
0.2882711904795702,0.6389640611373828,0.6137976506882691
0.30057311907150364,0.6673356228550873,0.6190335025930707
0.28959046272278416,0.6107154922571971,0.6279861974993681
0.29035523078679915,0.6297693954489382,0.5842146715155841
0.29518813699435714,0.6304212406882772,0.6439894906516286
0.2973412344140589,0.64519607155744,0.6474099617484993
0.298953162354301,0.6061272706184859,0.6739541987020354
0.2927093776452387,0.6513405576392108,0.5973864450359463
0.290961352963524,0.6242256820521335,0.6066079308254635
0.28902698639914537,0.6052890297833919,0.6214253678959354
0.29746440265540725,0.6413160291806227,0.6307414627112021
0.2908586262967531,0.6371261937964251,0.6050476999890303
0.300508708344039,0.6527000631273643,0.6418425946512598
0.29240492155639086,0.6191457470302419,0.6042625246693101
0.29851261693004016,0.6758444189276308,0.605476796711391
0.28935019588280164,0.6391432337098099,0.5982278152718695
0.29918088231174433,0.6416618938367789,0.6251661564258711
0.298676788226114,0.6210946375061449,0.6586197816155704
0.2993816470877405,0.6443616292494919,0.6251093023031609
0.2970639725224914,0.6219508038467881,0.6430327482237145
0.2983319370944541,0.6466262669681103,0.6363517282655708
0.284075347956405,0.6064742195443915,0.5941246248207739
0.2982415229950524,0.614745950162592,0.6428925258608661
0.28949577056256953,0.619431569152193,0.6234783987879196
0.29809234845609844,0.6643358185941072,0.6004174970327241
0.29708105889931347,0.6073246913074631,0.6427805298987146
0.29585677424783136,0.6280633624658148,0.6344671068955978
0.29178790835981805,0.6225451309272083,0.6128568771429657
0.2843480802789158,0.605774707455212,0.6059798985754474
0.2930664558535376,0.6583993059331338,0.6067952135990543
0.29680685428520504,0.651123749283823,0.6158068176450879
0.290774858711364,0.6124197599408168,0.6160707015042973
0.29948846074828345,0.6853520119671032,0.5966368854537817
0.29235246261314335,0.6479722588978427,0.6109390097444499
0.28420006253080965,0.5990927431601866,0.6130823318017236
0.2964392089533782,0.6635615935384582,0.6126070655526393
0.29665182837779636,0.6577728193062582,0.6124840475880869
0.2943197790709109,0.633338760234431,0.6363837261610591
0.2928142636345053,0.6357026473245644,0.5958986813690526
0.29414353043705144,0.6790939955382125,0.5895660134719246
0.2930684789538242,0.6424955678931177,0.6070912033756831
0.290504697791887,0.6152551556584749,0.6396407010091323
0.29147099035055857,0.6317267835716008,0.6255282114415711
0.29268384753482085,0.6349668276318957,0.6170368091961547
0.28543620620041893,0.6038908073263657,0.6116692289639664
0.2905887463064555,0.6125345536295624,0.62938999806701
0.293737960758077,0.6417977580530306,0.6217650425375779
0.2915015790478392,0.6378699387057438,0.6275387113729879
0.291612731789006,0.6299966780907561,0.6042719599617898
0.2955621017716013,0.6264706188695603,0.6319367663084751
0.2906892732860596,0.6362241489484941,0.6135395660285109
0.280622255994412,0.6089634679741283,0.6090457903943899
0.29859295900454536,0.6713844452653015,0.611466160032701
0.2935772782716098,0.6303839909804442,0.6118034289547125
0.2937309365158545,0.6414096905840281,0.6136141745805843
0.3010294795076465,0.6536607610686024,0.6264935021462956
0.2871308535538972,0.6317915002010186,0.5955913106355307
0.2975380621108016,0.6225153329679703,0.6417118176019961
0.2857463038860514,0.5939466848476929,0.6045202508308669
0.28642290964311645,0.5959722589490162,0.6314241827248148
0.2818793746893375,0.5918635909929324,0.6001474984774017
0.28620382056252114,0.6010460210354059,0.6009540588353948
0.29327415662038875,0.6293653442289472,0.6238935292177802
0.29319857659458315,0.6384092723075566,0.6342125249888011
0.2816127750180866,0.5832874237934282,0.6137727422583369
0.2846946344600923,0.6377670060735999,0.5824914681014143
0.29794266901670985,0.6550791705488017,0.6376498167195028
0.29168617187381174,0.6349056407139031,0.6117251711215768
0.28653008036719824,0.6259743980838709,0.5879761178615831
0.2951720986561705,0.6595608387988099,0.6227144583872045
0.2916235196049,0.6276168219789424,0.6298640371989206
0.2904584795878741,0.6241676170475042,0.6353427302708855
0.289360136357163,0.6248840450589149,0.5979374610631458
0.29174199296920206,0.6211029774773136,0.6479664093615418
0.3023507181282985,0.6690941437354014,0.622830101758922
0.28973782804706055,0.6124615793394298,0.6079135647875675
0.2859343380730193,0.6294887573243012,0.6097721341969503
0.289909369551889,0.6162044276702441,0.6117586178065548
0.289456564464902,0.6414076370833418,0.6000434036041539
0.2904411044176119,0.6517500416646136,0.5904371842099666
0.2917056012294928,0.6335821779175773,0.6199530435656023
0.29278712585823774,0.6424689539411145,0.6079827009279584
0.29321917811793574,0.6375872822095754,0.5902796129497632
0.30310772924899937,0.6571433847744887,0.6488902566728991
0.28247217903275923,0.6153115493537584,0.5832938953609954
0.29163532009058357,0.652118590110698,0.6022837813706932
0.28511582358058807,0.6117238830286901,0.607997243440911
0.30047086745030716,0.6477147377374939,0.6193660874094098
0.29855941591710466,0.6576048518027351,0.6264410509464995
0.3019896749488508,0.652182811828332,0.6472339313101568
0.29950985562528903,0.6349351764824889,0.6387576930430082
0.293691737517708,0.6399661368215609,0.5979016842061092
0.28533288614105773,0.5851093727483426,0.6134074766624537
0.2841780488945474,0.6151449864876419,0.6011792976707906
0.2918653375327896,0.6308344755153199,0.6105156130396588
0.29009447009481787,0.6292260269453063,0.5980318495349177
0.2896859566185131,0.6013087671303872,0.6346310806946923
0.29277439008558276,0.6343800246652712,0.617190063715709
0.2891586464852754,0.6343456491551323,0.6029115271059658
0.2959348444777644,0.6207824887557096,0.6359321251204808
0.29301521800411023,0.6143771670677619,0.6422343226577114
0.2849653068913595,0.5896909751992871,0.6324364678687187
0.2960611170557359,0.639110921135035,0.6269829760249153
0.29929019338864316,0.6451761638390989,0.6289336238490053
0.2846885987321038,0.6255143202127461,0.5727415345280443
0.2896816397184542,0.6190640917000093,0.6455694314715684
0.289960753131823,0.6543627396617989,0.5884525827634822
0.29234690305758204,0.6573228178012647,0.5850092435059312
0.2893258829008842,0.623454162119478,0.6042052705954155
0.2942097741557924,0.6326324021135434,0.638040786032293
0.2936863595940897,0.6426070994934163,0.63687269230322
0.28683320039708693,0.6434440289493858,0.5917918774472095
0.2957516443154108,0.6252151955942575,0.6389553925934295
0.28950903113312176,0.6375493154666106,0.5853833624882663
0.2948197450615007,0.6314750537822534,0.6305868379459929
0.29284431358422813,0.6393741949050165,0.6151701566837524
0.28026137170903,0.5872624287204868,0.6066194374436465
0.2949508038636032,0.6636278349492193,0.5941916866546458
0.29108469487747934,0.6209903091596086,0.6281718176383088
0.2878940495361091,0.595657911041677,0.6298528569876064
0.2865285512240833,0.6281982806849957,0.6047645651766465
0.29293447791251526,0.6412180112329939,0.6165060587389604
0.28347312674665687,0.6009653184547973,0.6029288895376372
0.28714677054271065,0.6296144432447626,0.5858164676040368
0.2934824420411705,0.6459275552996385,0.6223141996913609
0.2898028409957858,0.6271800709008029,0.6165262644252826
0.295372784231391,0.6526730053893718,0.5900111505774734
0.29141914807802033,0.6263099870665109,0.6101572831145046
0.29433508187762614,0.6420716569370752,0.6259097081919771
0.2996601732588177,0.6337280962302825,0.640136987084576
0.29608224088330726,0.6388738283504083,0.6390220352743321
0.293754364446346,0.640768108669103,0.6272413881216005
0.29539101452351796,0.6488083069195055,0.6239428542904364
0.2968561209253025,0.6340037538510902,0.6372588871228241
0.2911403727518533,0.6400449754262426,0.6130343550115434
0.28804333402688254,0.6060570374676365,0.6086406381467006
0.29247999139870373,0.6053694844301829,0.6668747475084666
0.2880952532261972,0.6404810662011886,0.5798278052945179
0.28855671122655063,0.6066719989047988,0.6061761027552661
0.297318617107013,0.6472535996314055,0.6292727898095442
0.2848720200291022,0.6066416991891752,0.6089742784805522
0.2995277539671257,0.6637086370780573,0.6159481957089248
0.2884038044183202,0.6143788449781823,0.6244825456465118
0.28851947472806755,0.6255342060018996,0.6052883731602374
0.2880937282302215,0.5888702703092945,0.6287965261193392
0.29355508121545093,0.6346102891869093,0.6200478252647688
0.28944325085604794,0.6204904354473443,0.61120826731592
0.28528540268220937,0.6077091374355137,0.6193112063142989
0.2914103177991418,0.6181869482399812,0.6217569981407549
0.2917588453283187,0.6320795027091978,0.6084623800623974
0.286525939345741,0.6350740302655902,0.6105148641668126
0.2883356113125444,0.6230799085047177,0.6215666882855218
0.28872045529801416,0.5820866926353134,0.6363163077389874
0.2947206551209901,0.6243612620458664,0.644790214394058
0.289101231591213,0.6219300256984721,0.6216115266311166
0.28841213200385896,0.6238754124171236,0.6284623213791705
0.28984379231889296,0.6190877777778598,0.6435464326693018
0.2932630297038448,0.6060415354916647,0.6326013326246638
0.2916159072159514,0.631865937648434,0.6210630180574979
0.2822241943733598,0.5902168998932141,0.6048572862807908
0.2899225380802885,0.6297062177849405,0.5975680910233571
0.2871334717148652,0.6102433357127827,0.6087938720452821
0.2901085475053675,0.6264489442552362,0.5848172057423622
0.2869721036874764,0.6171319477402083,0.6092811190517647
0.2959574866423924,0.6377033211493864,0.620971352898519
0.3017254159393174,0.6483324714480315,0.656319063382341
0.2973204395949905,0.6335588740513142,0.6358475919794315
0.2893256645325158,0.6208574875462056,0.6111880047611534
0.291216639267142,0.647112076603567,0.6214161353787386
0.2867826472829021,0.6401670215806015,0.6102586451397378
0.28923477289220356,0.5975849496072757,0.646935747154902
0.29034227756219083,0.6401515529647328,0.6063584321628724
0.2844091335515603,0.6187552419838868,0.5991579006113188
0.2966544960837692,0.6475711637937039,0.6028653559898915
0.28652063444093756,0.6233373052505906,0.5987786024454745
0.29878392227143796,0.6680580751691827,0.6243577625344162
0.2940635637650049,0.6564509578790789,0.6105050600794655
0.2959639210449921,0.6550342205587509,0.5935303880535344
0.29095675588564895,0.6525826594449856,0.5818291729033183
0.2951888800836979,0.6384422641041404,0.6040599704708685
0.290401668055402,0.626602888127319,0.620319963870434
0.2915944774582434,0.6446803302845248,0.6016287332452996
0.28586211569916736,0.6104778396096628,0.5988491167628864
0.30348738120208646,0.6385500294435996,0.6680350279396001
0.29297848562202394,0.6256430900095094,0.6088918521672287
0.2948819279304571,0.6363864572327619,0.6091368761647009
0.2892610925554361,0.6255049224374991,0.6152092225367977
0.287656374046251,0.5983666380254655,0.6119531213559715
0.28347215415246996,0.6117502088907344,0.6050476926200904
0.29656438787420564,0.6339188891322977,0.6303221364365099
0.2942211231235169,0.6506803524857733,0.6136618910831593
0.30166549342275983,0.6672371570459552,0.6509590176560764
0.2915722066737415,0.6362939770546062,0.6106278554537973
0.289419685457815,0.6367212706803902,0.6132114077736202
0.29073392860232594,0.6213454112608544,0.5975463373684259
0.2984676780933638,0.6486925322235177,0.6268623342276404
0.28456380881854976,0.6024845511249491,0.6015922368106875
0.2934246658650542,0.6293658637732761,0.624539299813426
0.2959495487732954,0.6476532603613541,0.6308247754639391
0.28624540777843976,0.5979091660475913,0.6115351677024594
0.2953716627476517,0.6296478659180584,0.6303881934969262
0.2911090154288733,0.6343585912270812,0.5957679304782278
0.2961112580051278,0.6394826833845291,0.6248674078346912
0.2879422234480276,0.6159028869822127,0.6144789205826056
0.2979824169782439,0.6662171811337232,0.6240570029945064
0.29606300105973915,0.6730470578161467,0.6171542369622568
0.28807673586195504,0.6402087517209526,0.5858298298907916
0.28868460839905785,0.6191677485749785,0.6223873819842445
0.29058990216070896,0.6174462736955074,0.618054071020561
0.29105472692986745,0.6217502546728051,0.6284148274319977
0.2884493955613111,0.6643250765004385,0.5887066048264523
0.28442924068354997,0.6139013472789112,0.6105494299785514
0.28764018788889756,0.6092680843308533,0.619829192120852
0.28933803907626027,0.62564715653087,0.6077333220982979
0.291901940357661,0.6177809566921755,0.6122448431041954
0.29847252577520056,0.6516485571126793,0.6112606065141114
0.2979170248919193,0.6349057617018241,0.6363075604470879
0.2952974769627986,0.6301133304832339,0.6422948850046986
0.28542602859603255,0.6095850405649991,0.598813315651177
0.29480528963992614,0.6425326715621784,0.6311452780661706
0.2883897399371251,0.6389432503135531,0.5980435843250965
0.2959604439484933,0.6391637178200839,0.6247653140012702
0.29414499060263827,0.6502278546768713,0.5985057895883364
0.29414699300948577,0.6597320888061254,0.6135605676186828
0.28957082893487474,0.6210868301992137,0.5928057280413411
0.2901634374490726,0.6067332757200213,0.6147511591968055
0.29785467292149315,0.6627098263833847,0.6028674325486213
0.2966974530603275,0.6519973064980037,0.633723988692024
0.299067580584151,0.6433807639767076,0.6433719412967495
0.2936646916102983,0.6391424516217511,0.6218055614447987
0.28933492220298646,0.6274891796550807,0.5968184997789936
0.29566889289889015,0.6300137229982282,0.6278352332017479
0.2892330049519732,0.6297441238598183,0.6023816013790262
0.29153412290541886,0.6479990254305011,0.5971726675653714
0.2885382486756241,0.6176311727682708,0.6033213712751566
0.2852796126207504,0.6199134257124342,0.569161717612803
0.3014767355801802,0.6353792996030445,0.6495406786531441
0.29002504845631827,0.6046670857730113,0.6237407440401266
0.29638590834713924,0.6506115781286591,0.6220154409908879
0.2945270558349977,0.647353350993818,0.6284460187313414
0.29626097661075046,0.6498167189393533,0.6130417473011391
0.2964181042654421,0.6563155942106461,0.6200025940378515
0.2938738166356068,0.638990169399829,0.6216652628212311
0.30434679356211447,0.6728005086128008,0.630913786184559
0.28613846879996385,0.6225073268012004,0.5940679225836188
0.29606516975094543,0.6334939676214237,0.6457475090439394
0.29501200472847494,0.6577500582817654,0.6251176950894083
0.2930134013745124,0.6373953496242322,0.6300405068442944
0.28978402477947635,0.6420235500307812,0.6060839025489542
0.29768459125973656,0.6179358285269541,0.6353674454636716
0.292117343348048,0.6127661851530913,0.6240965096536947
0.29940510473609294,0.6563643447370847,0.6110415435105552
0.28913948893538893,0.6292792152358354,0.6256822132062893
0.2881073684815771,0.6159893701717071,0.6207837936101029
0.2922338270497306,0.6323545747921039,0.6164577126383715
0.2936697456196559,0.6224125044318715,0.6342558532701011
0.2885673724700133,0.5914536479029495,0.6167876778581991
0.29134564045552785,0.6391188621797429,0.6028270430782401
0.2928191566975908,0.6244180630047866,0.6252953226877366
0.29110802494850735,0.6230055215693365,0.6214339696997737
0.28883838165099346,0.6198992623688563,0.614535036552851
0.29569633589329614,0.6377969753247065,0.6317746495427727
0.2942121373636321,0.6169133190609315,0.6568828948712055
0.288350406850238,0.6062001282009987,0.6128976838162763
0.2930006047227396,0.6302446365032295,0.6075515655721315
0.29358522474562926,0.6191444960137423,0.6254058022090848
0.2888543845961534,0.6152012076720289,0.6240032319566869
0.3003864853303524,0.6507796142674594,0.652287040797001
0.30192491647020614,0.6569366336683666,0.6368952708073611
0.2827456706147093,0.5866856041228458,0.6060728892726476
0.2921006178706781,0.6187803927025547,0.6292489625247917
0.29178305191059367,0.6276399355419244,0.6342915482231808
0.2985186922000826,0.6502626456181362,0.6317109845922032
0.2941668992971775,0.6230063449225036,0.6328819042099603
0.2904187157739017,0.6403751908777502,0.5929259082186059
0.2856352596648925,0.6211629447577071,0.6076776366495861
0.28771719566496673,0.6242091282794321,0.5910943934142235
0.2865892222722911,0.6077401568138648,0.6151564949264876
0.29699808747928735,0.6222592248667064,0.6464178945701323
0.2890247093103243,0.6239599130882897,0.61129123670189
0.29282426975828296,0.6401249751953451,0.5980841806186092
0.28946045479112764,0.6191990113387641,0.6254983941690289
0.29601944680082504,0.6322796034671834,0.6318183547848634
0.29554951290171605,0.6399379076838587,0.6213943848383793
0.28796249423473463,0.6168515786496375,0.6129203105646804
0.29098955452010783,0.6468071485643655,0.5864074103338234
0.2923485817724907,0.6274736111715378,0.633041132321611
0.3036976100758313,0.6542169598996598,0.6539121427084308
0.298132760263916,0.6347336083562571,0.6417227882458456
0.27878559775432127,0.6008789272080862,0.5937555324222443
0.2926471762877459,0.6391256055815411,0.6158816717784417
0.297331001071534,0.6462943784930973,0.6250251273184726
0.30062129936244353,0.6501698770453993,0.6561464580396185
0.2863288475517,0.6300271631226526,0.5943965058044068
0.2887889228771477,0.6101738879999256,0.6099347879313121
0.2861793232837408,0.6194748258901605,0.6125229614245729
0.29205845682497683,0.6434082631964394,0.6091074606732055
0.28499212197433577,0.5949478273167866,0.6213829584272669
0.2910251555249127,0.6352306392202113,0.5843062288441907
0.29212771535768994,0.6605154952762058,0.5885991240583831
0.28820140676862355,0.6494424923843909,0.5999860585066199
0.2959227870215455,0.6323033811877042,0.6408784776526811
0.29522224957752474,0.6540482266790625,0.6180699914655905
0.2920607459040167,0.6385151030074995,0.629474825245843
0.28091870349499515,0.6309870231087374,0.5797496831346959
0.29126275641677984,0.5960577527280455,0.6379166761001643
0.27927662079818544,0.6086054752731003,0.5738772087099681
0.29541177551868114,0.617518095308443,0.6346256160125777
0.289798358235842,0.6021482510927414,0.6264462871864489
0.2948630815963583,0.6176796026699837,0.6173533415958035
0.2927752024889824,0.6146831551702179,0.6268990420390003
0.29439977918452015,0.6485360852913432,0.6041318760221582
0.2887937347930338,0.6248879780811328,0.6266852907845081
0.29620783519818966,0.648217250858646,0.6333306721757236
0.29411337821508615,0.6314187830986663,0.6217019272440603
0.30116751122027197,0.6533223302274134,0.6402295682240003
0.2978614151230561,0.6496164737057536,0.6420141376546024
0.3011199226056605,0.6389321903830547,0.6587996498056331
0.29112714936267176,0.6500725234525274,0.6072283330520251
0.28902035501758244,0.6117665702777695,0.6040366783030469
0.2896401984555319,0.6182037763866071,0.6146991256787459
0.2915121082041804,0.6179567809584678,0.6253847643493383
0.28980201046676696,0.6410071282095444,0.5963772298108165
0.2977240087084525,0.6558201691653968,0.6061197256918347
0.29142834551520197,0.6369796457313649,0.6157763286109096
0.29784694447235993,0.6277561760534581,0.6620817375004879
0.2966526264068581,0.6474304486157031,0.6133660132583054
0.2910035524220557,0.6241920554172389,0.6259694187070326
0.2884536435310391,0.6358773767465948,0.5876152828359339
0.2923394575623219,0.6513331934918738,0.6000695260875
0.2986515237816078,0.6495741569077471,0.6255821508312597
0.2920995218698763,0.6233068565854446,0.630762178602972
0.28304139197944805,0.6320201335734891,0.581631800314268
0.2899252333706918,0.6313945338497597,0.623233518281245
0.29284903145746155,0.6107354825198847,0.6444292263163592
0.29938644294213274,0.6181440338205191,0.654099379994848
0.302872011508001,0.6720214070897829,0.6400050321733926
0.2837697043056642,0.6165847559842765,0.6066468250626146
0.2968949647941082,0.6377498320111555,0.6215503194870107
0.2874138268721549,0.6087525721521851,0.6067418820370402
0.30047490414764066,0.6332353484180586,0.638709347089469
0.29171137686970894,0.6316195177543449,0.6204584730412303
0.28800184063424134,0.6232396048112677,0.6170380794539699
0.2930501450758445,0.6514268732709136,0.5973275515140666
0.28801662957434887,0.6332421307461029,0.6153742643213872
0.2915210177179754,0.6463836750150747,0.588452941339012
0.287188544727544,0.6090156825903996,0.6207265510562371
0.297254695576143,0.6385504864279791,0.6255629343199011
0.2938279907578169,0.6553514169035671,0.6159961291313971
0.28234523788687155,0.6070988685335453,0.5971578714858662
0.29149377420108663,0.6328144564699673,0.6212616015835071
0.2954711457146729,0.6465854517255899,0.6278531009773358
0.29223342719203,0.6463939559096336,0.6087787640527684
0.28538994296384645,0.6119073576192479,0.6106782768208956
0.2921637394240463,0.6231849610149203,0.6288914228142535
0.2971761230011859,0.6397475726308269,0.6444082121800924
0.29652185448655954,0.6244147101917233,0.6331646132107256
0.29326268123008375,0.647021698917119,0.5927695910245212
0.28864185181323565,0.6197526114021348,0.6028088924488485
0.2875525442733607,0.6234110839601371,0.6042801440508524
0.28979710766833144,0.635304670912468,0.6135121568639648
0.28566634321931533,0.6199584390405607,0.5874215284083418
0.2875184262068281,0.6173691141622761,0.6111079336289083
0.2907051436163775,0.5972200236032706,0.6104906197911173
0.2892978447351329,0.6155970056510616,0.5989834517089614
0.3025572257192118,0.6614438362652844,0.636683870608358
0.2866324328242301,0.6026986674189954,0.6271963458995534
0.29412043235921237,0.6422028432105746,0.6183667380815249
0.28909682305119333,0.5879938303625868,0.6271772997499464
0.2933147690188618,0.6422646140432268,0.6038382901576687
0.2947884188060268,0.6306544292176458,0.6178613260012135
0.2864273121513564,0.6099254676884626,0.6093178405563633
0.28794500691149627,0.6289665917390955,0.5990767207263449
0.29257123762300885,0.6395836506371371,0.6038480532337434
0.28874422959911794,0.6028463835172004,0.6097628090550431
0.2834215111645867,0.6136586732813066,0.5893788200155694
0.29915183411284685,0.6760744495258522,0.6009716554602073
0.28502808638848504,0.6172383556963907,0.5797785132658838
0.28972503174496994,0.5862535979009496,0.6190913795006106
0.2884938778769228,0.6176326333538199,0.6318399219195595
0.2966457085547021,0.6447011888982978,0.6344911847643234
0.2915355236692853,0.6204262510589484,0.6201258322198795
0.29246473654520466,0.6365273899538075,0.5992418069593778
0.29340826125763503,0.649031991871696,0.6327814511821055
0.29437410057160857,0.6213126940573055,0.6293527477765642
0.2931892662065453,0.6645962755496241,0.5860436966657425
0.2925573280140653,0.6173758802820769,0.6185035805591617
0.28973084755176615,0.6048057732733184,0.6302779835345249
0.2976346675859371,0.6293738187424508,0.6588643053285446
0.29541207885910753,0.6239147379304236,0.6359493887821702
0.2944608993896821,0.6184101376786889,0.6467080668204995
0.290230975901272,0.6290211251178297,0.6020842250670395
0.29019086654541904,0.6076832221574135,0.6237952943145132
0.2936516854128813,0.6562495333363371,0.6079246228203579
0.2917670603173414,0.6352889891887673,0.6243177001173027
0.290714796209009,0.6249786286860233,0.6006502397497101
0.28432969018424703,0.6135792167854549,0.5912582807127685
0.29320336541119646,0.6113179840659239,0.6129350106058038
0.2951766824349967,0.6501050775573863,0.6095696590884497
0.28977582603008395,0.6323217500546076,0.5965614199583588
0.29477994775918637,0.6459289593225154,0.6130647383362787
0.29670767127954056,0.6478107290400748,0.6348277212268013
0.293820578063101,0.6333516935901699,0.6176137302612404
0.2888499283825728,0.6049605970609797,0.64448507271524
0.28279486447277413,0.5881109548280609,0.610189105544732
0.28418980495507534,0.5880545330201117,0.6109045281767554
0.2852168789115953,0.6374821713169093,0.5764131506379563
0.30106154117778317,0.6829058650969811,0.6128003202903142
0.29747375632252826,0.6334763704146975,0.6410620525608546
0.29462762127549147,0.6355398601777718,0.6202432295941623
0.2992018740319206,0.6332127247776076,0.6581116542213497
0.279653552352601,0.5939068571700693,0.5834486625873706
0.30208033751749963,0.6507055213186358,0.6365128665796692
0.28652200888383905,0.6355038394252511,0.587020935611377
0.29860747915308367,0.6449664100174826,0.6248244900999478
0.293491309125915,0.6289158787951059,0.6321606053183783
0.2858420733215133,0.6133402628487002,0.6105917159059828
0.2910259689709046,0.6017733524005453,0.6341762312180964
0.2881516128515262,0.6205213323199141,0.5957911257594302
0.2902950255600635,0.6220920602093214,0.6100788096812941
0.2893131051389077,0.6275492487034575,0.5810857057338827
0.28912728160262857,0.6123710824169133,0.6134389479242585
0.2976604436398388,0.6161053199528523,0.6488664357420975
0.296459666495108,0.6491909770700214,0.6398546379353734
0.2924240582872785,0.6311365066342995,0.6123634768872522
0.2943716532442456,0.6418235690271118,0.622137084443198
0.2870884695278248,0.6244768518085624,0.5973174560643687
0.2899043091261807,0.6261097492801206,0.6217728818414204
0.2964419729037298,0.6351501345563331,0.6258735493429652
0.2891656480441031,0.6203897420334901,0.6195330063525775
0.2869872778216867,0.651854113217291,0.5898631550695704
0.29627809702018215,0.6397977203180191,0.6401307487103239
0.29184508884773847,0.6401082777874197,0.5984854493068306
0.289221563610071,0.6286573261220585,0.6054894727143904
0.295621550445688,0.6348520730894333,0.6420244199848836
0.29517975013636877,0.6353988182234851,0.6084636583921507
0.28928436491073173,0.6200717180737667,0.6031645913116663
0.29468547087889885,0.6308263801390553,0.6244908604976129
0.2945643270347335,0.6447823094336079,0.6100017387433694
0.3000827207274801,0.6564072574225781,0.6399459661771283
0.28469286959038503,0.6339723127011099,0.5738625031673853
0.30026395676470674,0.6481822089983783,0.6362393106153893
0.28690999742715984,0.6412566451885531,0.5876774171785225
0.2926823825697153,0.6129350080261566,0.6363461334247057
0.29463569685846625,0.6381034347527987,0.6239242938003992
0.2949841846661812,0.6520890123974753,0.6255995360900288
0.28905564283600516,0.6350688190263002,0.5926511917570251
0.28624654810301037,0.6057768588026944,0.6043074304714224
0.2839423408237487,0.5998896261609521,0.6184976125286188
0.29027376833384894,0.6452703948793291,0.5954414288468978
0.3039900037771143,0.6540032366999037,0.645151475022179
0.2971772663224348,0.6289959889213861,0.6462726146255174
0.2884596857934851,0.6339134282435214,0.5978387716186552
0.2912243088185998,0.6282079752430451,0.6007199489941757
0.29777924639304687,0.6294919314743285,0.6397470553117462
0.29589982068684684,0.6385830980282701,0.6326357873390022
0.2961451791222776,0.6453916406284418,0.6027567450964892
0.29858629115291585,0.6506999657490695,0.6265163789067193
0.2953432374196793,0.635018586198309,0.6121054554975118
0.28827582185805584,0.5987729672645223,0.614478551727648
0.2957406038199833,0.6584802353999909,0.6099920395069208
0.2931145778682892,0.6335303150045177,0.6190937974423332
0.2913336915853898,0.6442513168088237,0.6103248447863655
0.28996544911882705,0.6022336411182861,0.6143123857377124
0.29154079529863236,0.6329790261384105,0.6343461384364083
0.2981385878024917,0.6524907308254252,0.6050257199080362
0.2904495302179766,0.6357217714856379,0.5976575587839383
0.28413455126233955,0.6153980569599659,0.5786861869657619
0.2935015813191749,0.6333363898580027,0.6145453844008604
0.28911618142825285,0.6364511012555303,0.6148819996432839
0.30178082112327254,0.6857120152393215,0.6238528658013829
0.29106036827776377,0.6370077234198327,0.6192404443890024
0.28660779435613254,0.6227473601222485,0.5791159813693768
0.2995887045996509,0.6667412600660605,0.6086359190274833
0.2951921856099032,0.6319932489078695,0.6270588869889724
0.29562281083896497,0.6184248405589452,0.6336250331493967
0.2927147136085146,0.6453360323895861,0.6152192514113358
0.2896537246983117,0.6442930869766059,0.5888410377721024
0.29621289359615194,0.6393298770400092,0.6364977036536954
0.29082896906229583,0.6204235852653018,0.6057554335611182
0.2920775009616993,0.6207919098071464,0.6306455808806171
0.29369526142614216,0.6421704302989155,0.6163471062950389
0.2903174278664906,0.6171700376502888,0.6355589000561345
0.29111126955349353,0.628069995422513,0.6101544006942048
0.2915430767711877,0.6447003499453211,0.6256535290814669
0.29441589557548864,0.6405718121899528,0.6141356216312117
0.29009891635440427,0.6389673417615325,0.5947933114579453
0.29570076574352944,0.6276773403371017,0.6345611325514762
0.3041850825081,0.6566458422193311,0.6492190325803799
0.2903654395028204,0.6013168800911162,0.6391509226618757
0.29285938318710597,0.6279291388744113,0.6101488177225718
0.29593374367293895,0.659061767096401,0.6454544879459371
0.2989439923369923,0.6400143283045332,0.6581031770699135
0.29236492931730457,0.6361301418383496,0.6279292185936179
0.28807472836145026,0.6244572975157655,0.619014791060048
0.2930435344872979,0.633582264072823,0.6253865408871664
0.2986251084654138,0.6493118381311502,0.6279130412477437
0.30032818024971325,0.6621686042386146,0.6284197208864178
0.29290192257907305,0.6091702278033173,0.6233962900465679
0.2843937320312648,0.6238285772995787,0.5859992090491084
0.2902889512330956,0.6177877598638072,0.6163094738855127
0.28656737797386456,0.6271944821315256,0.5918949293119605
0.28864957499627675,0.6008332704867595,0.6007979229454584
0.2938896877507268,0.6147091915634926,0.6585803882089012
0.2960486984725512,0.6009170976648514,0.6625778610891908
0.28716498326723605,0.6119073957417936,0.6267699565341958
0.2939751547030616,0.6415408134318499,0.6443594595006275
0.28924765180869777,0.6300276779929256,0.6059783238495946
0.29880434894038777,0.6382089507087321,0.6493310813474734
0.2942664718797851,0.6608438657914637,0.6073495731217442
0.2905563761084975,0.6186197012184217,0.6188010775278222
0.29790101130925833,0.6306194118354139,0.6565873695265501
0.2846842851596639,0.6102838909279494,0.6130118673571103
0.2934539535800748,0.6461674701643331,0.6257374071375211
0.28534454793236136,0.6421125495408408,0.600383804303003
0.2873408230914537,0.6170298125211326,0.5923868953624087
0.2903446741996252,0.6404301023862818,0.5801786105476134
0.2980370083682376,0.6570022554982465,0.632229980642332
0.2845309811680992,0.5943094457508488,0.6188610994267494
0.2971878492509795,0.6483308002471478,0.6098574598867412
0.2839888201154259,0.6112884566388164,0.6149641339225375
0.2892762334269326,0.6162890223484808,0.6086539619197023
0.30416089111637373,0.6570011500186009,0.6481059635078268
0.2823549281467245,0.6123541616542765,0.6064398537579664
0.2927008247857812,0.6276086630216061,0.6324931043260653
0.2950445238911648,0.6449366931968636,0.5938297308689665
0.29485133345205045,0.641980683030065,0.6258194079346996
0.29134389823483725,0.63744313603929,0.613777769081754
0.29130280823924126,0.6210912949408586,0.6144438312298744
0.28499085103063143,0.6203286733455922,0.5895519194161565
0.2949974416811463,0.6067962674535022,0.6383745572406928
0.28959601477503255,0.6373137484652321,0.5874208232847766
0.29689808004820506,0.6528582086530201,0.6267893982988443
0.292173790516309,0.6211132157316469,0.6128021722027445
0.292495692012048,0.6019586678262957,0.6289460726219205
0.286133914528315,0.6318650387501362,0.5857481320546789
0.2881626120594935,0.6196101851205735,0.6130731054517986
0.28008970425131396,0.6092067295634412,0.5719085131302674
0.2952303811690787,0.6409736635584327,0.6144040686760388
0.2873788000668621,0.6535176299851015,0.5673307219072574
0.2940177930527048,0.6433697562582029,0.6149546051702366
0.294682716678547,0.6235318377261575,0.6189528838010162
0.2925297637863752,0.6488121578261504,0.6069939688618315
0.2842429237510541,0.5907353125063253,0.6096985416113109
0.2850956270734508,0.6092212627615511,0.5984517961939385
0.29515448613909945,0.6210130940732443,0.635563357957318
0.2946398634701905,0.6336807734974821,0.6049522329925728
0.3037321384726449,0.6606929567071318,0.6429850374450763
0.28836623310809856,0.6346187813081071,0.5845775674427306
0.29072762175608763,0.6340525874138586,0.6121482821678256
0.29359668168021624,0.6478607543843152,0.6242730704618428
0.2908532665338599,0.6614355899538559,0.5961417816392632
0.29277330767435833,0.6054026224034657,0.6277133852956965
0.28665224135423345,0.6031494592364299,0.6078189694002772
0.29386484838346283,0.6437141008361627,0.6212178406548702
0.2947627735134392,0.642814365081821,0.6055200956840197
0.29140529997854453,0.6566349316520192,0.5911933954872294
0.2944984058109173,0.6296351592834554,0.6310184155082479
0.29284270005885527,0.620780942767519,0.6207302204244375
0.2925802334945679,0.6361277003194079,0.6251157541917172
0.2898952921623048,0.6372839166339324,0.6025812193528818
0.29013215199587683,0.6144776328724936,0.5973220301688094
0.2945085663817312,0.6333933882068254,0.6157512618410922
0.29435421649846766,0.6325067218439734,0.6293951811095873
0.28800323588449744,0.6233361081571862,0.6188123570320753
0.29068328448291314,0.6329093903978962,0.6083418036570302
0.2973522687992393,0.6601866397482464,0.6180536589702185
0.2985400376139922,0.6594717347933886,0.6275181195736611
0.28433393835925136,0.6379162503460009,0.5734367523994366
0.29616754813435336,0.6297387530184951,0.6447346885567647
0.294684862027471,0.6433673520224862,0.6127631895939101
0.2940753893622351,0.6305631069576964,0.6072494858570258
0.2946799416033569,0.6407015225055911,0.6069430414859189
0.2886461936885066,0.6253823021932271,0.6004842770055587
0.2848931907794797,0.5984039388480241,0.6158405694132045
0.2855964182531037,0.6057921400639374,0.6194990623715023
0.2958374725201639,0.6457739755818388,0.6404317308631363
0.2903727169138848,0.6264862809951672,0.601081248012589
0.2946139956011336,0.628684328314573,0.6448626345103081
0.29508520952150197,0.6428322499741236,0.6434247926768843
0.2939082465785817,0.6471948794457275,0.6047344625890496
0.2889399239037227,0.6205296398649209,0.6136044588776756
0.296764985525403,0.6521068953116934,0.6217385393617306
0.297576143644916,0.6628436228585811,0.6330988481288075
0.2929415310742629,0.6340945985765738,0.622669121272295
0.2873092230054112,0.6155384821810659,0.6147150165098858
0.29908281787212465,0.6665941712574966,0.6175634425185117
0.29481633826009374,0.6329139810159284,0.6283903455105097
0.28635691595082136,0.6174373182617248,0.6345027150160503
0.29154396688438866,0.6226646894729615,0.6211026442256318
0.2953422448167768,0.6381188166743013,0.6186698381547822
0.29349487043690053,0.6425995723408814,0.6025636039100797
0.2827743244450526,0.6000955553200459,0.608887191386401
0.2921872218172036,0.639290720528892,0.6166566636248405
0.2910829849908562,0.6232369688621183,0.5985781802219186
0.29514683505745537,0.6058641300296567,0.6376373083681875
0.3047832635230549,0.660551746220332,0.6254460257570161
0.2884992868193495,0.6245195210488032,0.6070960818404483
0.29730810970293653,0.6370183171237835,0.6150017822913889
0.2983347069484309,0.6835014927315965,0.5894818937087845
0.2938337261703803,0.6143044275691237,0.6470604917063038
0.29160722941501094,0.6229480636182021,0.6172400302271934
0.2946687521791613,0.6409850386257243,0.6242539784031637
0.2923610356766147,0.6291001757736298,0.6279056361697047
0.29584128659387027,0.6381311533418791,0.6233922898403448
0.29075746066809033,0.6449493176537358,0.5896701891713558
0.2904551678304051,0.6469516845489273,0.6049545688621474
0.29268704606926604,0.6223047933409953,0.6263781605574917
0.29452740482825857,0.6233541238542121,0.6368810355782268
0.2975532702299485,0.6557602613165586,0.6252650751282254
0.29087391085520115,0.6305415248312147,0.6100321554996191
0.2863630295525252,0.6034787664391736,0.6150982803736142
0.29138905734632864,0.6300661840841645,0.6307962810204539
0.28318260329988565,0.6193246199758646,0.5766849812501516
0.29926512520823606,0.6649732427665963,0.6411842215084085
0.30137528994049806,0.6641742523920604,0.6166800611416563
0.2972161579561725,0.641103064146529,0.6425495887710881
0.29358384176369434,0.6342837289107915,0.6259800806779846
0.2897610887499046,0.629345285621829,0.6022892944208834
0.2884289255165899,0.6344650196523841,0.6176821978593654
0.29934452251455884,0.673074551467694,0.6050727129306629
0.28819611332402223,0.6065758008591728,0.5982726338939885
0.29323806218144816,0.6379303395223433,0.6322068176183411
0.29312542830348964,0.6109442271990753,0.6334239306772117
0.2886117888005907,0.6285588423829133,0.6048251051993625
0.3013716216749137,0.6699587632925609,0.6227874444558883
0.29032915516090846,0.6324889026914405,0.6016109467950661
0.2867767326146297,0.6091483271932447,0.60464840329599
0.2925486829948352,0.6316291429915659,0.631856634270561
0.30010096702460487,0.6509483812476169,0.6305685066969836
0.3021466543856334,0.6604259162389371,0.6468091373570062
0.2949134913619235,0.6389014468521311,0.632584628783108
0.2866334214103725,0.5987879181576335,0.6129093359646247
0.29141639895279364,0.6281046952391697,0.634379182375866
0.29356622489793643,0.6156205552377594,0.6372899820412327
0.2883273607906013,0.6308076463119057,0.5996129157485445
0.2998806937048193,0.6431339694246744,0.6382795717347208
0.2931227660968078,0.6454281582565232,0.6062974817603216
0.2926817374425887,0.5913464809572833,0.6642150401133405
0.29681371221472597,0.6497722361727912,0.6225582947848401
0.2919027752053496,0.6429050016180713,0.6046098208937307
0.29662527443430575,0.6651032698906296,0.6130393695529048
0.289443208311948,0.641558416462261,0.6038125946956184
0.3069192294476988,0.6807001510517274,0.6549220800019674
0.296052918781176,0.652370851726099,0.6093769166478967
0.28887577280837395,0.6155901614768413,0.6141116649075921
0.2955591556284518,0.6338754983113268,0.6128549688823575
0.29099133171920105,0.6166357413374943,0.6358696028826949
0.29146693035555044,0.6186473119367379,0.6233201356949971
0.29677217591761046,0.6120334172754935,0.6396496429781259
0.29438724342083505,0.6328248241806086,0.6361757341348596
0.28786626299949136,0.5926059373102206,0.6319121678246021
0.29486594198910177,0.6418208502599629,0.6406401051541473
0.2915000187526241,0.6245406199997756,0.6256475151694579
0.29389897407343774,0.6355988865287953,0.6198500995590526
0.2882009584587577,0.6209965034747671,0.6094834176756341
0.2958496007357462,0.6117690585371345,0.6554573178892921
0.29010662324329795,0.6167143921837654,0.6255073067727763
0.28992881636343015,0.6240785167231242,0.6285871041850484
0.29157224097982226,0.6279322437063197,0.6207799520181203
0.2886297154452831,0.6209741342547616,0.6126378024727566
0.28987696628470044,0.6291076966034257,0.5881043180981023
0.2912375350295226,0.6295308651530349,0.6134252692349433
0.2832693386549916,0.6249292612838077,0.5869968329481849
0.29287864536197794,0.6158426122890616,0.6092652668755679
0.29443974881169643,0.6517088871281268,0.6066448615123543
0.2902223789404558,0.6339416923271113,0.6025927589232368
0.29312025794765706,0.6380501976307412,0.6237033303012861
0.28337721321890724,0.5850307466354905,0.6334853405806065
0.2894764913225584,0.6209092159331451,0.6184407520216088
0.2950023413440482,0.6464056521132769,0.5993306747281276
0.2926554382088764,0.6143037038551625,0.6350321928496032
0.2871065402117375,0.630635540361579,0.6029166896318753
0.2937127932980307,0.6377139755652359,0.6262912440852827
0.2959748874184257,0.6212607373939638,0.645169073063351
0.2919760652474991,0.6453005729571109,0.5832551139269585
0.28711984683193364,0.6220373723243622,0.5979654973171213
0.29423224177647583,0.6325819694924626,0.6298604873440428
0.29660841312537917,0.6421989169912302,0.6320160937904196
0.2854211217597466,0.6023636810452391,0.6117339106215972
0.2965191624883606,0.6407596583113091,0.6367029182214069
0.3034570890886024,0.6774451628378904,0.6502394100840314
0.28598038739985643,0.6404399382139859,0.5807363372115456
0.28926289667671107,0.6420164766199306,0.6211956487717071
0.29373634287793876,0.6324781709217858,0.609285489768337
0.2967980528971374,0.6369692988161748,0.626163162735798
0.29566583341033426,0.6407937032741148,0.6451229916149269
0.2889360877099266,0.6189690159203566,0.6158483906042249
0.2904072064839104,0.6395835241879224,0.6159230328787443
0.2953205475322418,0.6438498184628243,0.6318723760646096
0.29935225505243823,0.638887333470449,0.6543354730456094
0.29868995876433024,0.6378756918987483,0.6493005175618183
0.29796214965409024,0.6587148444275799,0.6332834330894818
0.29703846112440213,0.6370391504735733,0.6302923278480851
0.2906258777461341,0.6122481241973092,0.6565171201443488
0.29224228210908104,0.6170288536036945,0.6133301853414401
0.2853363765534763,0.6173911541002408,0.6035992042424891
0.2969323480645284,0.6512640568459253,0.6273776333227832
0.2861889486020501,0.6091624140350524,0.603202606997847
0.2903601893114339,0.6221948264092828,0.6096049868803209
0.28129256525149404,0.6304203454453787,0.5562681600823242
0.2884169599245485,0.6278884578698399,0.6100963896522145
0.287251235408583,0.6529857301246947,0.5925520202793582
0.29489726804405075,0.6392364966623609,0.6453151457944548
0.29688805221361014,0.6462631102846406,0.6259706560316995
0.29964584801048916,0.6608447894216902,0.6442218330804725
0.30568621712308003,0.6515715907995324,0.6388944780655765
0.2929807992615959,0.6239011891987049,0.624151503744016
0.29895654798119714,0.6349299938426993,0.6665620700865211
0.2945020188443996,0.6199239546796641,0.6115042054489517
0.2985792319951597,0.6223578683167856,0.6476435349503743
0.28562269690293374,0.6088893315569397,0.5887805562087898
0.2956983939927537,0.6272132043341899,0.6377194128230634
0.2927974948744714,0.6461827279056461,0.6129696181266047
0.29101318690139627,0.6184869011795829,0.6234057341618627
0.2889925408481684,0.6107631742367622,0.613157395101769
0.30166030798568416,0.6511886721368775,0.6418430584552233
0.291127130716637,0.642590334011749,0.5865781790971176
0.2969402599367776,0.658362153352088,0.620731284761033
0.2917226796364083,0.6343122727315014,0.6205750109055996
0.284552566699315,0.6466513994931004,0.57573800622746
0.292849761010081,0.6519927527837143,0.5969885108289089
0.28578666898382454,0.6142051533606476,0.6085948112785204
0.2959600134306572,0.6580945653608478,0.6325608974327688
0.28799715271294357,0.6356262014991841,0.6119456335570534
0.2911709049603698,0.6290826492248752,0.6011527861773835
0.29273047400452906,0.6033384892459462,0.6173767763281405
0.29157486136512256,0.6429038959877343,0.6013318417402309
0.29035783728898,0.6130864698287678,0.6301697971717989
0.2918665825773767,0.6480011189196078,0.6009712545054954
0.2965465698789187,0.6246423007704167,0.647988040094971
0.29145281227594455,0.6407837835368418,0.6130016991787595
0.287927515479071,0.603898738333028,0.6029106289872509
0.2854684703345617,0.6200588855727807,0.6078072222236246
0.29829149975238256,0.6468952439329414,0.6176931559845348
0.2889975190679808,0.6216628301145114,0.5935268716215226
0.2850959109360272,0.5923715348308807,0.6081382416427046
0.29134141948801445,0.628716319962543,0.6247325021572054
0.2869709310576034,0.5802482201264285,0.6421071275918037
0.28929788101372206,0.6119995197465774,0.6204453611165702
0.2897793750111159,0.6372473865749325,0.6270615322925495
0.2883763000937105,0.6411973891644813,0.5751136162459857
0.28939595514070826,0.6411712427693145,0.5874238348261972
0.2832815813402965,0.6015874549761616,0.5959668044581654
0.28862765597664725,0.6374002221303174,0.5812512491630435
0.2885145656447957,0.6128763788996346,0.6207762840894415
0.3005443129177008,0.6548377085570553,0.6442385874299932
0.28633530124587775,0.6157421209727619,0.5975085434169242
0.29066026455283317,0.6132320288722741,0.6387081591146737
0.2920726869810539,0.6065586498952411,0.6285754041983808
0.3006363795705948,0.6454730521115511,0.6414533045988345
0.28933512995605004,0.6320478147380606,0.6213535706982088
0.29407669918869583,0.6244956775280255,0.6364992217527202
0.30826177493816775,0.6989943539005735,0.6188956470290263
0.28883631110232716,0.6311543903690113,0.5941033027926829
0.29382497655740614,0.6434364029066202,0.6119205885055249
0.28535892626855497,0.6132189546326413,0.6070910828242171
0.2891064077272535,0.625083090682725,0.6070190364580079
0.29390466390702813,0.6453961461866824,0.6053416005200765
0.29428633186969694,0.6244953746698818,0.6363838397814469
0.2900766172236619,0.623213364984584,0.613289613578745
0.301056933669919,0.6498444050946004,0.6544082012924984
0.2953366397407275,0.6456488334855426,0.6221274656340122
0.2863987308410526,0.6156057497051748,0.607751962546457
0.2900373341012147,0.6458372995143985,0.5980227276369556
0.28766142824526336,0.6306865150069317,0.5890563033878541
0.29392295955642994,0.6268553188058461,0.6272871308208839
0.28909670699243384,0.642908993149281,0.6053717924633172
0.2896108961225324,0.6501831214747099,0.6171258128126811
0.2878714658030047,0.6280829095528538,0.6256804328022953
0.30305493911997566,0.6410884651316627,0.6504138517012558
0.2832141905216394,0.6256748723586634,0.5753108693307305
0.2958343973139131,0.6525018763286725,0.6224463770393476
0.28845286897554157,0.6100487795762948,0.6019476536851073
0.29038835309132954,0.609884548220877,0.6190290809501077
0.2960217474666943,0.6279260837337128,0.6366855477051263
0.2966733049990807,0.6444895334646783,0.6431729996098671
0.28698506273748586,0.5943555598711537,0.6336277272216373
0.30172324158533204,0.6504877207733625,0.6428417527263103
0.29012629503845,0.6234135291797162,0.6195946752195897
0.29440129883732497,0.6242227656383238,0.6364041095728081
0.2916579722900466,0.6344591573242822,0.6240475642180723
0.2886347098994345,0.6172172525113168,0.6240186940831274
0.2900519993069209,0.6272795216796732,0.6336230651649325
0.29611420007159045,0.6437429099800205,0.6196407747996451
0.28807106755473255,0.6266492724521006,0.6022192027861812
0.2942231739125519,0.6235478498423608,0.6384197278150499
0.29592717874973606,0.6481551942879799,0.6211878199227236
0.2862524711329559,0.6252194036180776,0.5711981611227089
0.2969182730119683,0.6471366097914492,0.6159007363111426
0.291917246294668,0.6356077227814032,0.6016578680074854
0.29387997670183486,0.6295077981379426,0.6311293999347491
0.2871244491373777,0.6390476661828978,0.5861910398156176
0.28876555947637256,0.629437479382883,0.6218917098373299
0.29483636410700204,0.6115373566746745,0.6582206315524884
0.29841363054168185,0.6608438158916554,0.6117725258078288
0.29233619520654613,0.6125403236322896,0.6365538060407601
0.2970983627537891,0.6384218830222421,0.6332643693135609
0.2878472278428281,0.624994152704967,0.6111865114147579
0.2880415347650966,0.6148634903764753,0.6129846378470425
0.2887515912812468,0.6132173972205618,0.6225915272796805
0.2849799227685928,0.6294001134128733,0.5783441227796539
0.2868039331359249,0.6026994273981039,0.6165620379161046
0.2937044460472647,0.6534173594338714,0.6024929462690274
0.28933879541362173,0.6184279571458007,0.5983699274807424
0.2906800336995274,0.6378090308167811,0.5971387786028587
0.2880633267315383,0.6148565818112024,0.5945427419261501
0.2979021061399774,0.6340422244194975,0.6559122186136318
0.29265173803496297,0.6658697991409901,0.5823915989529334
0.28520208008370984,0.6013361533618283,0.6044117839184358
0.291735851921243,0.6093993579380025,0.6302974905812383
0.2957051288757079,0.6543843200078352,0.6115539402356511
0.28452006992905116,0.5879544514054883,0.6084176774543186
0.2959518680767412,0.6504613349591412,0.615548165659463
0.30349224429540367,0.6402660150629201,0.6707318630734308
0.2893941876424366,0.6256542778793979,0.6135293838961806
0.28795249116347915,0.6276970006950773,0.6153279056187876
0.29036493698772115,0.6213968376002351,0.6130265004198534
0.2860660107724222,0.6096857564056787,0.6026229103229129
0.2907305426919191,0.6086990207936323,0.6309113438979719
0.2933613600874406,0.6313920083451985,0.6328298566806432
0.2971130439066742,0.6565912278995936,0.6140319101284498
0.2938274409813937,0.6225210871775088,0.6197105098030244
0.295840180915329,0.6591718042312451,0.5916006380365919
0.28911549667268754,0.6177511314571402,0.6281938296478055
0.2905542084904729,0.6154367066005652,0.6352860588689524
0.2965431521475071,0.6134123111606967,0.618858512446691
0.294938902751226,0.6436077851607149,0.6257058500185003
0.29545636785245816,0.6311624043336159,0.6389039459278607
0.2921597035039614,0.6053926630098116,0.6331027238125266
0.30043122673238326,0.6650187006797533,0.6288915729648699
0.2971224333725585,0.6306891818127991,0.6328281494860165
0.29464566225185185,0.6509575205312355,0.5956981749649551
0.2833450270335119,0.6174131649980111,0.5979743618901867
0.28959701319291403,0.6265977933082243,0.5962387992880422
0.30030982987697386,0.6374233868307527,0.6245896918625147
0.29527394226111625,0.6418508483864899,0.6200778450507785
0.2889291397607563,0.6434914828675973,0.598242424363198
0.2920070695909826,0.6445281817927682,0.6056568946910059
0.2893339136643997,0.6381173540900426,0.6105541157081268
0.2921353585941962,0.6111291052743684,0.6392763367691617
0.2949647533136125,0.6104256828793074,0.6359018549720897
0.3041486210721192,0.6742107423217669,0.6384537760102177
0.2898092625911123,0.6387449008520425,0.5876398765211056
0.2871597413198799,0.6140765279203922,0.5982613821772291
0.29007460852114597,0.6236876771611031,0.5964553696025219
0.29326174652060966,0.6318625731162449,0.6146899004630725
0.2940619869553131,0.6262140184650276,0.6410176611252916
0.297859653999457,0.6253505032504343,0.6574190173925625
0.294296993039765,0.6448675357101326,0.6188197914210014
0.2827386305096915,0.5798800731109626,0.6194045260202861
0.29856644557689105,0.6570100177681727,0.6148299426712556
0.3071365750498629,0.6723845052775083,0.655631305634945
0.28828563547006186,0.5960373102336429,0.6403168327138988
0.29764150562659986,0.617292445290381,0.6554879345745794
0.28807297216992284,0.6142909508147998,0.636513725048513
0.2994966383716311,0.6444710325836768,0.6340545968646806
0.2921616824272567,0.6237798065315432,0.6420607662524942
0.2974495318025949,0.6590572130715215,0.620215324579103
0.29505839757468905,0.6318171811377846,0.610934544769285
0.2917306737730677,0.6246370560513702,0.6250009412899759
0.2862513925887485,0.6236474101251884,0.6028602341017241
0.2942922332853352,0.6328391028032487,0.6464183353885694
0.29631483434802275,0.6341438878575253,0.618660562246212
0.3004471134489968,0.6259266639835337,0.6352114650582638
0.3029562680066846,0.6544468385803276,0.6395285252602069
0.28092390919286403,0.6016395648596976,0.5930526868509602
0.2878568720487617,0.6080941394846837,0.6083608605538275
0.2903123303827547,0.6426922792398183,0.6137987493244217
0.28932727678242853,0.6108698884841366,0.6262134051504077
0.3018867462680433,0.6480163838310666,0.6460474676930893
0.2902061238400812,0.6350003778295524,0.6029351567603521
0.292438744697564,0.6177804839204655,0.6233031522330941
0.2944973489316459,0.6189777365877024,0.6270251474380616
0.2838379867230627,0.6022755472475847,0.6077566032407321
0.29007722302469113,0.6121083996149228,0.6196765525179049
0.2927872096113426,0.6190117319028957,0.5985900622025982
0.2925069323518524,0.6214197185740793,0.6130337030511592
0.2899646381739723,0.6356906267992222,0.5932712205772779
0.30430242928055373,0.6620409146159258,0.6327745038193163
0.2964417028063718,0.6380670603430375,0.6300030848757573
0.28899585100574493,0.6051382138049981,0.6289454875660603
0.29962943238481377,0.6583149048720545,0.6584537000196972
0.29603143934292653,0.6457386230378629,0.6273223981339694
0.28767628142014,0.6108566435201219,0.6166069098499392
0.2976596834074276,0.6312377402734561,0.6578115955326145
0.2936283841519273,0.6273035039575392,0.6324121446197062
0.29939938607630523,0.6588360939615292,0.6301537082447025
0.2821673386925362,0.6142228492209955,0.5960434707105504
0.28931425421470264,0.6359124724215675,0.6006999512943472
0.286468015649988,0.6136212296108216,0.6166864500849651
0.2889528396482427,0.6408436792963714,0.6023921181619376
0.2996807408289544,0.6565347196535175,0.6385508784109004
0.301565025374175,0.658755420546385,0.6326460070596793
0.2958518100303752,0.6452883054642564,0.6135190452127629
0.30194880099372634,0.6657529672038488,0.6400130703698766
0.2954047038085525,0.6213657398308364,0.6350259711657632
0.28802878070728216,0.6176600483942764,0.6201841584818172
0.29844003753271203,0.6613369064541655,0.6262288824480593
0.2837161067358808,0.628100540440619,0.5856077915152237
0.28781338783870203,0.6297535050198536,0.5966356523930212
0.29655021097305156,0.6645740426450821,0.605889915127911
0.29335496436989295,0.6164552548679267,0.6316648707026608
0.29098476506129534,0.6167099129966153,0.6244704930261965
0.29196965810708164,0.6224875707746207,0.6344854618316204
0.29660721788918115,0.6304533577664198,0.6286450027226597
0.3074460948290309,0.6711266229115047,0.6480096375275889
0.28133812033190586,0.6071986774116058,0.6000445744207767
0.2945521804558734,0.6245053600795729,0.6131884008150701
0.29263057969891193,0.6282531016993462,0.6344936538323621
0.2875288103400303,0.6197767754058261,0.6191715039280734
0.29401962774451607,0.6422918285208816,0.6106714445860493
0.2889677529855575,0.6391757563456522,0.6020793903953446
0.29364027705457113,0.6265521596347753,0.6119145032725761
0.2973732883004884,0.6653841414499876,0.619194424691015
0.289558427547161,0.6238190485822801,0.6108495038927675
0.2900029425262467,0.6338533400763223,0.6144304137658075
0.29202565451323037,0.6061596226670448,0.6256492994794468
0.2937868761738111,0.6164427427859414,0.6251152214600002
0.2889375225381935,0.6238576247584633,0.6060654978961854
0.2928013171173619,0.6381031928285537,0.6028915247324924
0.2939038026505346,0.641100034825694,0.599361151506232
0.2885488829347018,0.6503216056223395,0.5799415445196856
0.2927109194492796,0.6040375263001981,0.6475789844811846
0.29422886338552556,0.6174746074261575,0.6291368130312889
0.2859475066700339,0.6354306287380967,0.5868905080344929
0.2963263665344301,0.644716326813495,0.6083781144499211
0.28803542528662235,0.6225417025719703,0.6099233210768001
0.2899572114828001,0.6309554423226538,0.6038213586559893
0.29677064305827194,0.6501777523508564,0.6090066330708571
0.29423847977158923,0.6687024909401801,0.6100378171833881
0.2904162182783995,0.6035556519299266,0.6270840653819321
0.29147835343737216,0.6497059003557605,0.6073840544784105
0.29572674720336883,0.6249608506242346,0.6517377492277445
0.282809563275072,0.6127680144918821,0.5823334158494932
0.29471364635238084,0.630868448417337,0.6342556856867952
0.2921013371483593,0.6235252443196319,0.6286866523284395
0.2909928557436264,0.5994100276347317,0.6373901259367748
0.29113394671024173,0.632120736956947,0.5841388240019785
0.29210156502509455,0.6182769013602714,0.6236815089663873
0.29014177382475065,0.6357190732671344,0.585119584278996
0.295405270571199,0.6233731281842518,0.6243428223933466
0.283919166895667,0.5823878200991406,0.6253958248026288
0.2867370980527853,0.6157099447143777,0.6060830995475189
0.30070920463655776,0.6617940323332945,0.6244392046571897
0.2778714448653574,0.5971013265600281,0.5855121979359162
0.2947150157452258,0.6291938633368244,0.612737963990773
0.2918910874626351,0.6169924902051788,0.6380481828319268
0.28885208799153633,0.6058180070688062,0.6374943019042377
0.28252447659886304,0.6226674263826327,0.5796210320055808
0.2932976108932335,0.6088689709852082,0.6486443681961589
0.2893702485480538,0.6299673376881529,0.6053856058377254
0.2911734016616514,0.6248475176730546,0.6238567238328838
0.2929730482851017,0.6137423060576978,0.6174613289587079
0.2866809997095594,0.5919717533776855,0.6377036045015236
0.29271645609397795,0.6688423778704462,0.5901303529698003
0.28737372544643575,0.64145932645515,0.6069227621624654
0.29178105963399026,0.6336055544769637,0.6141027408045917
0.294516432735575,0.6456883071786659,0.6161430985746114
0.2919987923952695,0.6216868399140566,0.6212638491279171
0.29428843392298254,0.6397170463326445,0.6301531371530847
0.29242704071048603,0.6127245542101566,0.6156032931294136
0.29156106444464314,0.6326843128595678,0.6122755928378879
0.2905313385201124,0.6308848810244106,0.6067181898376244
0.29889733838448745,0.6678982818879164,0.6270751204293518
0.28956573241355843,0.6194667437641243,0.618980267909912
0.2910410013298458,0.6435806516069381,0.6095287954991975
0.29338325173538554,0.6387995952749648,0.6151157316392291
0.29567606460498563,0.6328916783152411,0.6569394518405731
0.30073679007155907,0.6444024924022116,0.6387259700088879
0.29628813189002134,0.6331709036399494,0.6433938758471275
0.2855302904870932,0.6072491841995435,0.6065452010096329
0.2925607049589005,0.6489963612111712,0.5797025797330384
0.291712743455428,0.6059862511789631,0.5941029860255107
0.28932565606204674,0.6044584216203879,0.6171666957977665
0.2945067176316395,0.6285798633618002,0.6492105920405166
0.2897600682191674,0.612527085164514,0.6325762099928504
0.28918892176132394,0.6403883729542653,0.5793215546958951
0.2967418339649598,0.6328638705539354,0.651855507421809
0.288078487914258,0.6408062049571722,0.5893791297467733
0.28648930538601186,0.6068541743665066,0.6140492230778599
0.29367552320839446,0.63121981210828,0.6308323190739185
0.29189288716934325,0.6328135378620777,0.6128187443605974
0.28897427170944495,0.6126388598183917,0.6305827396929332
0.2827594891675963,0.6017411817355929,0.5989117034755811
0.290289725989191,0.6362053409937299,0.6025923294673615
0.2866405671990233,0.6234278533137705,0.5923380843361941
0.28712853102880714,0.6364053948616868,0.5862918133330058
0.29369058702589795,0.6259043888207584,0.6150031489121194
0.29231743734009735,0.6308564107701602,0.6255451529610196
0.2929823282881932,0.6450746162763168,0.6209734786901056
0.2848177755842736,0.6066363100726023,0.6041650322742981
0.29254989645757656,0.6439804861167461,0.6030035789378263
0.2929999524350297,0.6304376087205575,0.6038324755151833
0.2919302921857631,0.6528906026177504,0.6149091346253585
0.2972083213146835,0.6534118453482827,0.6195037975880227
0.2917508211820296,0.6349641697102998,0.6222705585407099
0.2928684496636379,0.6181860322665711,0.6143718600594528
0.294507577630961,0.6315579132020841,0.5993439475008174
0.2895343617392844,0.6239882125540556,0.6218369008655812
0.30257153082354765,0.6320387851868322,0.6449197275518145
0.2979402106410298,0.6320474413340815,0.6115432645553543
0.29993807794310223,0.6349733768229836,0.6159398526596115
0.2983807513871925,0.6493218885260384,0.5976422104471387
0.29423327897188106,0.6280778437532605,0.6198950435713569
0.3014633519163003,0.6429176365682489,0.6098186772074881
0.30025379490165993,0.6375540295263683,0.6115011818607278
0.30294087036618755,0.6193239175404508,0.642595853925079
0.3050776033042242,0.6452842393312517,0.6356032797361941
0.29218358046012055,0.5888073262503972,0.5881245749085023
0.2952301403758268,0.6253800966665201,0.6305410160046061
0.30070894543309756,0.6681051056243714,0.6170627467588968
0.2979419056855095,0.6362698395091495,0.6007566035547951
0.3038571453367549,0.6416583605988575,0.6572258191298161
0.2967139680387327,0.6144667797536247,0.6178806436762734
0.30440083296317366,0.6526525650210337,0.6404774852749212
0.3037997426180162,0.6272929176567426,0.6188448799265526
0.3070613449640808,0.648619124469611,0.6218102496858934
0.300752810031598,0.6410334594713953,0.6218752289064721
0.30412867886443024,0.6470499621094814,0.6182353228937815
0.3067991018606626,0.6632555383260222,0.6339207349981621
0.30388392053292584,0.6436461375278606,0.6425334288014585
0.31683325777889715,0.6819255338537005,0.650337980314911
0.3135107815946939,0.6452276058651323,0.656751025385986
0.3097401292422035,0.6604629028241965,0.6231656137579413
0.30778919792406306,0.6377520291696367,0.6107671951265327
0.312790426869527,0.6722605033219621,0.6252525865580957
0.315649513241477,0.6922429636628732,0.6396324069449207
0.3170085040353915,0.6700649270614659,0.6341158360383166
0.3122119420109006,0.6614892729168896,0.6391828130970099
0.3123964208137705,0.66554560826614,0.6169957963758023
0.3089605643402453,0.6639321912746378,0.6118415661057345
0.3163500030289647,0.6882074235870206,0.6394648064548275
0.3108872059840129,0.6744527999241728,0.6376576635788223
0.3179846432427996,0.6772597680288365,0.6684458791973275
0.311643517325579,0.681478811833211,0.6410954944668311
0.3113214222339872,0.6731910895816856,0.6262878522674651
0.3153877540843251,0.7149765728322676,0.6302403693709038
0.3123663100757883,0.6581819953965247,0.6572196218221166
0.31298338896751116,0.6805258122120235,0.6487344328922551
0.3069883391657813,0.6414823582172291,0.6107239109084468
0.3147659882372786,0.7007046169517805,0.6235350380932454
0.3180848205415419,0.6854290465105889,0.6654557267149832
0.3112270458048883,0.6657297812393286,0.6135841700225372
0.31551316839785626,0.6498612032103871,0.626388750479246
0.3139960257992668,0.6633190976704431,0.608905191212438
0.3113853831254775,0.6662926234793893,0.6398318615084588
0.3100592314020152,0.6794952188456408,0.6483071454848295
0.3102453144268422,0.6642374969089766,0.6204580440952657
0.30617696197233313,0.66514657542158,0.6590699071514081
0.30990039960277843,0.6830687408537455,0.6523197788947155
0.3124909397622093,0.7126485453208609,0.6360162672477343
0.3061049301458091,0.6999518791521981,0.6297792085955115
0.31566955900156546,0.7195144078545223,0.6657302104594649
0.3066312466070242,0.654259037462131,0.6513258000687103
0.322681808728937,0.6907330467488445,0.7256680236505326
0.313933872085613,0.6957686994378127,0.653580438032943
0.306729991315998,0.6750289610982619,0.644075958700546
0.3174324075222908,0.695999184713418,0.6434842076042456
0.31191493989117763,0.7016076485767084,0.6354142145551579
0.3120341565891046,0.6829112843093645,0.6539649315247131
0.3109116001942047,0.6945360523796098,0.6462772436941989
0.32210474400791084,0.7161555439846566,0.6871491785720436
0.3142683547426965,0.6917501542798211,0.647337557324067
0.32305799342302105,0.6924919006434053,0.7046165325193176
0.3150204051335008,0.7074587375029597,0.6269437664534768
0.32071922156763205,0.7409603707901031,0.6584834822897363
0.31388097680271443,0.6931571622012285,0.6756689203041536
0.32150135413915953,0.7362669757629529,0.6823006127263755
0.3302051516537641,0.7563415357960068,0.6943329282894355
0.3207362012478656,0.7159486674040169,0.6751317750774851
0.32473117424151327,0.7785886664993059,0.6727060910583931
0.3198096734281348,0.7218877705178695,0.6523054345620214
0.324253960521023,0.7200911503087468,0.6657898562011865
0.32447707845072243,0.7147043902655703,0.7091408338279277
0.33087161639666735,0.7478346678013829,0.7020695127053952
0.3226668277568881,0.7644688863451148,0.6758510584921861
0.32849926419161063,0.7626573286928862,0.7103339295600811
0.323247394824349,0.7515498330645226,0.6876018852402929
0.320557218354633,0.7293607181554329,0.6694608763571904
0.32378555140430104,0.7581078717286094,0.6987563107045222
0.3259735613886508,0.7296965837732181,0.6616825239883241
0.3289612105534942,0.7758007752556524,0.6725913825956481
0.32470530772568235,0.7631820061320007,0.6637606731116942
0.32291868693480985,0.7423877312346765,0.6825728175308945
0.3226811014247125,0.7273489622168781,0.6946001286268291
0.3237137768967528,0.7941154306979091,0.6973305638606111
0.3333332052699697,0.7790911970026747,0.7313201664412408
0.3286147074453159,0.7711998732273689,0.7159405181400874
0.33447340208082793,0.8432220006217748,0.6812216462470403
0.32949662800555646,0.8160312228738836,0.7072861828014646
0.3258449717780303,0.8122731919129564,0.6757196418010222
0.3289755398810273,0.7933769310754042,0.6879938635107196
0.331582771750547,0.7885788449404244,0.7078260468759926
0.3356339119025592,0.7985281127491648,0.7114847091317711
0.33803129414698774,0.807366506891348,0.7710909258826112
0.33804768796356305,0.8374656907892469,0.7386487031781125
0.3287656761156535,0.8018790650970372,0.7173327884711687
0.3312434657628791,0.8157797652220654,0.7133080890465324
0.3460856332521801,0.8883009528787943,0.7877700301892293
0.3435271873076564,0.8425070973881261,0.7359638714006406
0.34675147362807757,0.8360628616306782,0.7412431331545187
0.34135253093688983,0.8336813665813747,0.7776007490662665
0.33765324743916864,0.8254594560875517,0.7340389291055776
0.34362512315203125,0.8351904037186728,0.7571015451390821
0.3424122594971737,0.8255857790927656,0.7489757761975888
0.3383512212211536,0.8472576912140487,0.7120388678961908
0.3478055184973064,0.857757498487072,0.7692962526809717
0.3410216303561503,0.8689045076562526,0.7456861968206817
0.339963056924772,0.8735045781025067,0.7467065072073814
0.34225432367104996,0.8846655915876558,0.7517566085288645
0.3417226666754581,0.8709851808406469,0.7726436706340862
0.3481113737022586,0.8659184231111987,0.7881426208070788
0.34299606644523906,0.9106149663584836,0.7830661845712859
0.3369289698484448,0.8829927219299085,0.8003053126251348
0.3365010090484361,0.90371997563121,0.75311688169941
0.33442515158765507,0.8551224795253575,0.7865494092347356
0.3386051668493043,0.9180124842692255,0.8381383577435275
0.3369270240006276,0.9080721804773162,0.8028382016056179
0.3391177222717812,0.8943886463357891,0.8047863748442083
0.34227665660373613,0.9440741174399851,0.8479134370604255
0.3413551819766607,0.9635662144918442,0.8227986854146653
0.3370790116259961,0.94471695307686,0.8539844567924265
0.32944451855593454,0.9498392501929708,0.8371322940234895
0.3295717089093722,0.9113690421755456,0.8634001417257603
0.33575256657308894,0.9730055029156864,0.8379980728885745
0.33361563622490525,0.9147478973244768,0.8382784917290756
0.3312144468219251,0.9712811668878332,0.8590458967962354
0.3306681040325114,0.9765275882998762,0.8725990265426611
0.32860123507216216,1.043925933275185,0.9250758284950762
0.3323050071127215,1.0624398263872334,0.9188646215438048
0.32941175853254673,1.0557163501697215,0.9158276675089196
0.3337964787643555,1.1016735238079047,0.9441195917884458
0.33458923281974207,1.0996883297205715,0.9471799470053665
0.3433999198448278,1.1325265019655124,0.99191729452942
0.348635692635033,1.1108277915325686,1.005889095540603
0.33926478025907897,1.1459283877169408,0.9940610263221764
0.34121182859828597,1.0912611208638383,1.0004897272270794
0.34293227412287747,1.162751763588065,1.0290513995640298
0.3514906660626827,1.1199387611297051,1.0350561410038668
0.34610763671087874,1.13181085371619,1.0445805260842824
0.3507109744301818,1.1491131330890674,1.01101259482894
0.34190370999721376,1.1367510571282076,1.049360965096089
0.35301950835667956,1.1144451141550948,1.011471879838416
0.34035300653299,1.1591948461049824,1.0085007557925472
0.34491726359720815,1.131980784456991,0.9904212392989342
0.3462863617379379,1.1323702452708793,0.9870359208908782
0.3556963006791511,1.1765689610494237,1.0285455285284677
0.34951393390623403,1.186399169495021,1.049829041243161
0.3515990502480963,1.1445087797237874,1.0035017620092923
0.3636764220914943,1.1890757245982082,1.016161325875898
0.371594391419647,1.2092110674069758,1.0642340804565686
0.34398958237537397,1.1663916204795752,0.9934186247111569
0.3546533915509599,1.1749083111845315,1.0362176401845944
0.36386162141076533,1.2330482400439526,1.0778586191492752
0.3479687763206016,1.2123760214432295,1.0237481210845905
0.35928122209457675,1.218006917544324,1.0985494692111601
0.3518871545310852,1.3025779213167323,1.2221224378431668
0.34763754840799943,1.33429797959491,1.216392448774216
0.3528586784505549,1.4691576340664243,1.4552107539419412
0.34631034314776166,1.5687534902745468,1.5320822949114308
0.3584068112227743,1.669902446609083,1.5232780041852438
0.3398422669693018,1.5178681268153484,1.5546783043791623
0.3445844439023157,1.6110250379056763,1.5282494152134103
0.40200276229800763,1.5616650487880148,1.4953828279585684
0.38287138927147046,1.4930487219754385,1.5554518244286473
0.3833880053405064,1.619939058887364,1.5149540526761007
0.43883676188802395,1.5747937449063245,1.5679712494779503
0.4453195901571771,1.4942431418213085,1.492837667583118
0.45830751711347945,1.4992590040290432,1.5273055880611486
0.46459627948821786,1.557551209889206,1.4726800276756469
0.45903667994268427,1.6014561862834762,1.5131777390934653
0.4563883905952523,1.5467773131428073,1.4339852933418142
0.47561592464173996,1.5309738842715133,1.4479657490952778
0.48571707598732744,1.5848977119207186,1.4781758375022755
0.4805645471580332,1.4958020148530178,1.5402326268909579
0.48307608675855873,1.4926548936904802,1.4578228657154038
0.48245238327367035,1.5063367195882915,1.4511778851255068
0.4879621759726704,1.5079195878417126,1.5040049563307918
0.4992881053396634,1.4984865228173667,1.5548374013021076
0.49914676744941266,1.5913668235250242,1.5656541028707982
0.49544664746104733,1.4857008262096003,1.4651892916191414
0.5787791274487204,1.5578243149260913,1.4767686046646509
0.5949285180884382,1.4944480714362416,1.5069733113148092
0.5914682628203639,1.509775799180271,1.519533721064032
0.5907683386849872,1.580233560265622,1.5146960116288926
0.5925096890824308,1.5123606576722428,1.4792318141192011
0.5969315409260727,1.5078464185272191,1.5418081651503133
0.5972456108752457,1.4986964365986584,1.5342210648172836
0.6077782275562112,1.5339484056282362,1.57881461649196
0.6080748798926016,1.5519794557340267,1.5113328879981185
0.605388724107768,1.5396948083935675,1.5502266745845188
0.6123801594913624,1.5052485003634366,1.5039053590307447
0.6091163287655911,1.5032795316976222,1.5213661355570398
0.6187871569813073,1.5637991955165844,1.5155100866715792
0.6126307782171464,1.580596204183318,1.5418896473110135
0.6208612838351201,1.6048261267732191,1.5267059718874298
0.6301423913512926,1.4963736301994848,1.5615454027467432
0.6498215478619677,1.5471478291622682,1.474218566680865
0.6483770368542165,1.585175350450829,1.583357042390587
0.6522294604154241,1.6442545478590425,1.5690921420348758
0.6597661604567069,1.5040676507602129,1.502907965229675
0.6581300579508748,1.581180913868178,1.484506844510749
0.6604363306070014,1.4813322574153531,1.5003258534536992
0.6625482076323056,1.5723266333712371,1.484035331040214
0.6735689946387503,1.6281707300232162,1.5258599332502
0.6747289164540999,1.5521399050429516,1.5214576494118262
0.689432521340272,1.5447260738899171,1.5110950010172135
0.6953009166836016,1.5586727911618383,1.4865647480679478
0.6984192602598794,1.5118114745739044,1.581306148025977
0.700550063836125,1.5606932292664533,1.5664089317057133
0.6945263924315369,1.5531683723143754,1.527625561638522
0.7045379263929216,1.483240396306427,1.5455918764293743
0.7149654966972493,1.5429825997799085,1.5140654510096956
0.7052149940319814,1.5455063707568948,1.4871931183068392
0.7038792761058986,1.5080877530882577,1.5611729582592675
0.7059750240246117,1.5130898536606399,1.4885205261128942
0.7016574863716397,1.5222024794494926,1.500146782044939
0.7076995915830716,1.4800619757064375,1.4411974710257214
0.7093315359920547,1.525627371302111,1.4704298771964297
0.7146032241035956,1.457826540044806,1.47200205877039
0.7099322175314281,1.465607380113516,1.4758049229845105
0.7102831814841707,1.5133931626368438,1.4478524234343382
0.7082378503992619,1.4575262130418338,1.48826261158394
0.7153023262183635,1.4762035256481782,1.4660158048160492
0.750423787256438,1.5168521004866216,1.4501203344079434
0.7511616060227284,1.4179144038647116,1.4605319778200598
0.7718263221980709,1.4899366106180585,1.4744157982510808
0.798410852983443,1.4759359134766177,1.508716728058919
0.7988042581784944,1.4458884808398846,1.442353371899417
0.7934167632818458,1.493347858423714,1.4109198166130188
0.7891113073076267,1.4952783746339022,1.4683780687129635
0.8006722968395125,1.4572524809704166,1.4532963429894343
0.8014992224703095,1.480045690069646,1.460085979969041
0.802904467973912,1.551007112033469,1.4831626968302352
0.8135464580768708,1.6002100518011357,1.4409501025081672
0.830987279148354,1.4828921525778176,1.4536686175109643
0.8401971643423819,1.4655911843506348,1.4211654609666011
0.8422997896579207,1.4628304777438277,1.4423293526389358
0.8370262437778246,1.519861408001577,1.4556352357535889
0.831603119903801,1.5403886683638617,1.4484388808236517
0.8300394817771711,1.5139154448649836,1.4459862830284045
0.8454529455521814,1.4976524523985193,1.4610982726799049
0.8556779651102314,1.4408837655515452,1.4456414762450889
0.8522462849901596,1.4561733639267604,1.4439905429601958
0.8501367665996767,1.4668237633385768,1.397561621020671
0.8571704875215492,1.3930285042267807,1.366310489276779
0.8535904831481037,1.4406820787794892,1.4158083703998208
0.8466388390231728,1.4409535050251991,1.3569425464178448
0.8442567536945692,1.3824995355175402,1.4041600654591242
0.8448718357908774,1.4011913179617743,1.3806058200999545
0.8392291274575288,1.466015682775826,1.3969029267305353
0.8534966426846018,1.3703499765765172,1.4056702517711634
0.8530470024121258,1.4284939808749706,1.410634675317671
0.8791532696141425,1.3645763201159775,1.3269076265073856
0.8787242786860519,1.3983250819116182,1.3657423489927023
0.8775776190257919,1.4009090246178058,1.4137890126120272
0.8818885675672459,1.3799401565592242,1.3531372426051
0.8823863043399433,1.361990908348732,1.351875613616043
0.8840126206533447,1.3977905441611695,1.435146715690082
0.8980681165069454,1.3761341899343862,1.386003622469146
0.9120411288448823,1.4102413307663653,1.4222648924655346
0.9115721022634242,1.4491726741003097,1.3906229388047688
0.9228813323443268,1.356841873171776,1.3827980952441654
0.894993822885313,1.458544000127405,1.4450762701457698
0.912585262882124,1.3867524747364508,1.3952580176164344
0.9159999475930505,1.3613132106395829,1.3515922532301337
0.9310364356503509,1.4106216750659346,1.3802240142416733
0.9137719290067934,1.4543611239978476,1.3796611125161846
0.9230274013082078,1.3933324137685523,1.3605516826596311
0.9273250593625676,1.4335989905250115,1.3875726525401115
0.937452758241858,1.4101049968433992,1.36475858298875
0.9465835186679454,1.4014758360400421,1.3751515054383765
0.9384818447045599,1.4301692505841983,1.3885078741089536
0.9369892182588909,1.3793490823289232,1.393160721525065
0.9382654147516143,1.4840353955896035,1.3542097517600251
0.9434825400151398,1.3780532500108351,1.40234133935473
0.9384928618724273,1.4214429493532013,1.3485190648124812
0.9284366117206909,1.4247908147355457,1.4241383202146156
0.9370112353395413,1.4320441750070174,1.3761316509355763
0.9330179634959099,1.392146971779051,1.4103725250660426
0.9519538380899024,1.4155731851208782,1.3694139190024126
0.9601156887095517,1.3862594144698202,1.4270399806588556
0.9632980018836005,1.3859616240927364,1.335558990956979
0.9636100432611774,1.3636868017420694,1.3942287460528069
0.9742000243052723,1.3760889113169068,1.3463783492606456
0.9715860713048228,1.3725971011198783,1.320382061168632
0.957493505882262,1.3801994066008916,1.3930628850702649
0.9438561390113029,1.3884450730550475,1.4239731866433187
0.9383000949127323,1.4574306498735683,1.414399985476232
0.9430704516137569,1.4198868693412932,1.394801277718124
0.9598410255723709,1.4124539326577912,1.4114377393293354
0.9607266330107835,1.4224818229837988,1.3877393285762816
0.9587236773235339,1.4040944973703988,1.3460224998697956
0.9579333188554817,1.3540770834244236,1.3691358542355547
0.9749190461725409,1.3737519634300142,1.4016817714647476
0.9827838990789434,1.4299191992546736,1.3594003474427072
0.961911939234423,1.3757649946783943,1.3745576200750682
1.013078867684354,1.3485891236211824,1.31689411461912
1.0355405077727042,1.3590088663026358,1.294426280155122
1.019305571104825,1.3391629159095104,1.3024345854147572
1.0056436044190962,1.2759698019597991,1.313184204230687
1.007379515081931,1.3340869735106105,1.2945429006467322
1.0109609282534948,1.2933429984675058,1.298727716440106
0.9979430802323687,1.3610909958751072,1.2801121940603506
1.0170287279918937,1.286059876805456,1.29935190514235
1.0192768411920523,1.3220190468582018,1.296459422662718
1.0367376489651452,1.3331421406704969,1.283450589544426
1.026870142795328,1.3355750787601792,1.3213513023669683
1.0379505091382546,1.318122128303945,1.3265142668858283
1.0353362177760081,1.3215271674276041,1.2945312095154438
1.0404539528055865,1.27416310316463,1.2934115280925746
1.0289050481510733,1.3358597997404384,1.2926298541270953
1.033684233351808,1.3299164970261486,1.3183860282260256
1.0414853742198475,1.316005258567148,1.3035293687598146
1.0373757013391212,1.2570549875038606,1.2552572511942597
1.0505837385214272,1.3091710007136457,1.2557133756953778
1.0527477744106812,1.268736655508889,1.2696988885585572
1.0466160357116978,1.2902249440006504,1.268059985775429
1.0379696334732942,1.3360814490279262,1.2829173900002455
1.0576515468623255,1.2742371722778123,1.312064680829253
1.0592281567412318,1.2943454620288177,1.2923359836134138
1.0449726510722155,1.279950933830257,1.2947347948260388
1.0679250236319549,1.2825481979306488,1.237466489220453
1.051863032911355,1.2807804775513056,1.3012746231619736
1.070082077177311,1.2644319157781032,1.2558666904192648
1.067992982900709,1.2385728496566122,1.2581703326655578
1.0803089596247026,1.242209963863404,1.2581704772544595
1.0714241119773797,1.2613771249152668,1.2223762377997576
1.0690042099408303,1.3224676107161648,1.2719684554301462
1.0641929356151933,1.2661092853002858,1.2369120417698876
1.0733721180138827,1.24440300959825,1.2389364187900735
1.0756576932664834,1.2501049703526583,1.2302268857122352
1.080811742869974,1.2539322556837642,1.2466566450126582
1.0633451579822502,1.2692235047515414,1.2528357672554964
1.0835922421648774,1.273157156212347,1.2224551051617938
1.0579038089929673,1.277514596161364,1.280079977232807
1.0888976633991512,1.2730692028937791,1.2383364365242908
1.0594456941482266,1.2869568696757303,1.2475092241818757
1.0897988155287852,1.2824664892596902,1.2777990733780484
1.0943837497320084,1.269519226798412,1.2513530413978995
1.0907944684899995,1.2387922527814526,1.2244267178161248
1.0946901081312388,1.2482728353047527,1.2281585457747886
1.083131375453608,1.2703667907175935,1.2458406179696804
1.0791784528776207,1.2902537961650085,1.2412481256964698
1.1198323092873501,1.2610032735799133,1.296754372298888
1.1174172199879309,1.2307386127183744,1.2069386974972185
1.1132950581715704,1.2836107079209802,1.2471718496341548
1.100687014036463,1.3150928445000027,1.2307787032590602
1.1000342753010253,1.2264680056321788,1.2231512231508952
1.0926060726057443,1.2357829296639844,1.2463113018252714
1.1010888240929442,1.242562796833527,1.2025062997912166
1.115468724186395,1.2489350890645312,1.2098571105743603
1.1105366103731802,1.2593824499269537,1.1982235513638932
1.123061169108178,1.2471855114464996,1.2113623916591982
1.1529919441401664,1.2541850862125472,1.2063911314350646
1.1453398562093187,1.225263110790879,1.2355019552920439
1.1560084036517368,1.2454062895216809,1.206221517723811
1.1545797002340688,1.2367024107018811,1.1843453172132443
1.1316848366499397,1.2619434706921522,1.2057768493164551
1.1453930151569063,1.2498192398604309,1.2185015307624036
1.1490035050417498,1.2216461885549648,1.2265701002639522
1.1594266142981442,1.2559269543283744,1.215227250670169
1.17696632047886,1.2472478829713205,1.2193568236176595
1.1587924548792918,1.2693137671407748,1.2509550550534627
1.1691843155566812,1.2215408839538098,1.284136876696894
1.161855882770577,1.2544977646450874,1.2623882437350544
1.1728463883921842,1.2542913681802512,1.2078149586053335
1.1810643349026158,1.2596820465343597,1.2132283198399283
1.1683017918748304,1.2151829279697068,1.2248356817701953
1.1702155615631964,1.2608741893222488,1.2178400705456922
1.1968267776233954,1.2090788271794897,1.2301712603429984
1.1916409598178408,1.2294642141988508,1.2591092998454585
1.1804598397854384,1.268219574296271,1.230271388805718
1.178239132690977,1.2479157053013779,1.232008249977951
1.1919078958041804,1.2158996064978842,1.2512815601862917
1.187880372490213,1.2469704860900452,1.247729741938953
1.1991176221071544,1.2567600002320047,1.2051039828155172
1.1798040778590506,1.2300921220909071,1.2600665660490902
1.1719149453583761,1.26615667689246,1.246280394338622
1.1856539490556428,1.2639800751627916,1.269662213988013
1.1916654025887488,1.3045971929425293,1.2624686876820137
1.1984462171926247,1.2400767158952737,1.2364631339620962
1.1960951147776377,1.2742756238474482,1.2511341178095974
1.2216579939273475,1.2384038527843562,1.2203450078094216
1.221006857886759,1.2744581777998238,1.2567255789887617
1.2103181745801352,1.2043952639561974,1.1940372845451817
1.2003339484903481,1.2920889811947216,1.1945781159427509
1.175489380979887,1.2540911720750705,1.251703473139896
1.2152983186122033,1.272842076646521,1.2083308975696694
1.214085627507651,1.1897098633100365,1.2275510667914342
1.2166939748219656,1.2062703743274268,1.2115903647868125
1.2072194136025773,1.2789804697547362,1.2182234662669658
1.223238218361492,1.2641729715867251,1.204094797537295
1.2133647932906597,1.2198735675537078,1.2257692955014838
1.2058312917904768,1.2397616534340374,1.198476037746162
1.2076937433570214,1.2180014552658096,1.2209286141918219
1.2380776689144433,1.2101603235836838,1.1888462019578276
1.2402982204901254,1.2178384261654542,1.170042315208404
1.2350087848465465,1.161296339883045,1.16633946185432
1.232999868156941,1.191929409701263,1.1860585458736947
1.247118666110127,1.1308525262541491,1.1459460578901508
1.247310181459971,1.1067680203886745,1.131688498475888
1.2537912578293666,1.1072616295975095,1.103769540940169
1.2390628242044999,1.0963793841494007,1.0865581361518342
1.2275339503162392,1.1024301419882518,1.0834027868298717
1.2349753754683197,1.0897675916092109,1.0877967872408958
1.230839518890228,1.1611706439324958,1.0925031341291065
1.2244175863752376,1.0904131860044846,1.0920553341043508
1.2298454373931078,1.1000025147195902,1.1096779516741722
1.2373401692282273,1.1121022561970997,1.084911187003383
1.2480860284914588,1.0903573215744684,1.097519710307712
1.2387716123514205,1.124083298588278,1.0796773285592418
1.2643602056669572,1.074445233655828,1.0753403519290372
1.2119867707498977,1.1203712947762805,1.1061897947930988
1.263210470673053,1.0920234440483176,1.084155015508758
1.2363500523328128,1.073418562278195,1.1090779915173965
1.2561745329980614,1.105170155733655,1.0809716724737335
1.249700197023074,1.095736286948266,1.072171034694453
1.2705359442846398,1.1061859830437824,1.083302371768074
1.2667472156896729,1.0867614515837227,1.0809423847690465
1.2616056877063313,1.1000829479226837,1.091030800632508
1.2548525846434917,1.1046912361343373,1.085523351839756
1.2769926425099956,1.1154791944572515,1.0916900712367237
1.2574772152958007,1.1035795539215223,1.1185765443837428
1.2890716153826036,1.0795857962333353,1.090738925733609
1.2696408605883864,1.131045366490188,1.0942653526890047
1.2712105723821545,1.0816821249545754,1.0953685793196686
1.2709864693501263,1.115006390374636,1.1343527510733356
1.28115455632408,1.0965515131225707,1.0790858000526662
1.2932223229340505,1.1275931614294037,1.1088104266214052
1.2680103350012488,1.1183826144368256,1.0909245934047789
1.262951942836428,1.1090618494234583,1.0916451272911851
1.2556497002140365,1.0662659547048308,1.075283710885946
1.2769561205622952,1.0773757384614742,1.0786703752098112
1.2708931086439808,1.0635670425488926,1.0937851106806344
1.2746171390629033,1.0946906201973328,1.056119671696086
1.2882564941360015,1.0718209043831095,1.0544452150706998
1.2848777451826523,1.074422391524078,1.0823424967595578
1.2950711611757733,1.0898514669657928,1.0664156138278076
1.2514988448810058,1.1298991948615464,1.0917581273087738
1.2796670734527116,1.0651385019755668,1.048764339674864
