window_size_1_RMSE,Plain_wAll,Exp_w200
0.23757532413801424,0.34012219879486777,0.6798695581997951
0.23927983078323445,0.3667606340536501,0.6480606130279508
0.23702588219578757,0.3465083949460615,0.7006329818830761
0.2373119607382215,0.3534200105273497,0.7517150188609353
0.2394728164666549,0.35334014553322496,0.7249109681718318
0.23478622527354143,0.3616882974542131,0.7312128207637365
0.23356351093592576,0.34762871174769144,0.6842804706125988
0.24230368679762557,0.3741099782445516,0.7572477961573497
0.23980759593330384,0.3474143730040759,0.7375106476017261
0.23547787804322182,0.34212487257138713,0.7445038529209438
0.2377554050095128,0.3448626759907445,0.7171604534438875
0.2348206524604859,0.38006470632451583,0.7338027519393574
0.23354307789061332,0.3640411719773087,0.7446913155715578
0.23708196674577092,0.3572462888623179,0.7340153343943452
0.23902697308631524,0.33365773396362064,0.6764519854686993
0.23656349955651138,0.3488336378989315,0.6999809594470779
0.2351809174497646,0.3827176597559614,0.6939286146413928
0.23586733323416123,0.35504709400622336,0.7541326404709752
0.23646416181836932,0.4152887529009234,0.680010248411494
0.24225428511831174,0.3947183628145983,0.7179537656008528
0.2439424549522552,0.39448835368720936,0.6952078949470991
0.24408426109260892,0.35542644865325523,0.6898289866473613
0.2474317897378517,0.4311562499634445,0.6831020342028518
0.2515296331308725,0.3811225780285649,0.7762947275350319
0.24701638313504637,0.3866645426782288,0.7217639226199587
0.24721038058506586,0.3978284256281773,0.7216727126819258
0.24452975449320358,0.3719265248231013,0.6862295074182105
0.24513189236853694,0.3604295408560736,0.6949152612968531
0.24734832521580163,0.3879637252559296,0.7864815260079275
0.24303526993230276,0.3394290334954463,0.7485152131137167
0.23944911373712074,0.3823353615380497,0.6870194391627167
0.24188639496784042,0.3934738844936565,0.7067547503821858
0.24433564621225326,0.37248158524801617,0.7297133914364469
0.2453456808088407,0.3691138307338495,0.718039803691724
0.24410676329207126,0.3783771343174305,0.6976190609145304
0.24048103485108296,0.4028123508841655,0.7118932250699183
0.24809372989580902,0.366673209351948,0.768909101159947
0.24107986939467782,0.3693505187509467,0.7341709398533538
0.24588213623100696,0.4036997256128264,0.7268070104046992
0.24617564050397972,0.380079556357755,0.745102136356007
0.2423152543295172,0.4334444290441677,0.6980709016660966
0.2391225050096079,0.36299810140371547,0.6693589729087067
0.24166843144978617,0.3551811633372411,0.7042335179394351
0.245079655585528,0.3823059838408871,0.7531896603615149
0.2425052617055116,0.3863616579996213,0.6852211154854203
0.24557809852480442,0.3910684989657195,0.732560279270682
0.24170137195872712,0.4024673726044473,0.6983632940167674
0.23951131160832417,0.3902362211241057,0.6946601231969267
0.2432940928049018,0.3767618482433616,0.712435982208021
0.2480828342028459,0.3952412432824167,0.7473200370803039
0.2450574896778936,0.40465058575821533,0.7049185944599929
0.24583937752553747,0.4047353521620064,0.6965260232471445
0.2426292829863523,0.40498762163392604,0.6505195104829581
0.24707888400128308,0.3988792754013363,0.7582546340292664
0.24959016729236655,0.3895411909774292,0.7169614656595641
0.24427963494267094,0.4155529651616772,0.6924776771828925
0.2499293936100875,0.4866738783979317,0.7055255597108077
0.24518949724489125,0.3758364386013441,0.7054431854382197
0.24287773892390221,0.4069308650455449,0.7105913764649788
0.24980383722751373,0.3997961494983655,0.7424777822579167
0.24731227567514155,0.4017678641900922,0.7443041843357644
0.24895276616815457,0.3868707804468505,0.7562159407727893
0.23524666366850824,0.3992632774076347,0.6931040129924849
0.24457885197126486,0.4391460933620578,0.7502312431181538
0.24678883144596753,0.3881285227218955,0.7236521930386307
0.24483776149712427,0.4306258488271705,0.7311904678208017
0.24465989668416704,0.3943342246032873,0.6883823230205232
0.2446982280200227,0.3714883396773,0.6561262972336698
0.24118987836883404,0.4014778928282704,0.6789945116449678
0.2467059642757643,0.3849846463191959,0.6928152931862551
0.24460503941123782,0.4339690652069008,0.7298371976826354
0.2518911796842552,0.4020898751941844,0.7444684568284682
0.24518586244764115,0.377922426478961,0.6744297477837209
0.2480567883363992,0.4034802360655086,0.7011699372250071
0.24853525475092436,0.41383477092460347,0.7457520585200541
0.24973715830016788,0.3972126601483416,0.6955712345559474
0.24342156307536036,0.4971669273125524,0.7419602944501011
0.2475202828813035,0.38487300628226095,0.6930480815617929
0.24021048833050201,0.3781000218491971,0.7031365816776565
0.24619223041087096,0.3979485544103746,0.7189729917589367
0.25002117500565524,0.4805568998132029,0.7394250910205981
0.2457054411373176,0.3998422764407756,0.7201697404836936
0.24615275514741045,0.381732859188301,0.7034862399206638
0.24591606678134026,0.40178714838896185,0.7119403698254263
0.24106663102292555,0.3954114234623116,0.6842663275615259
0.24915361991851506,0.42602776529094105,0.700710844879916
0.24797694700895173,0.4315901397149024,0.6848477283612822
0.24418577171144815,0.3910730664642959,0.6930697152277702
0.24799145574189488,0.4015357987493637,0.6931852590707094
0.24897355402574267,0.3934311464312037,0.7565495655684539
0.2538135853877556,0.4693664225797115,0.8125009501792708
0.2433241054489121,0.4052542217787714,0.6982475419600835
0.24559635703264032,0.395063620101584,0.6732786067360901
0.2460624792059309,0.4308514905785295,0.6939920053977953
0.2505203362761552,0.3908064545696871,0.7179912901094733
0.2491830801335493,0.3907234552679516,0.7211950637738949
0.2447005012859755,0.3719700990562289,0.7730790814061875
0.24771770761649778,0.3959320075452878,0.6792879125561141
0.24889990695668263,0.4022689101704439,0.6649053778651579
0.25202826594072425,0.4068949646780405,0.7321608639315953
0.2494540589921497,0.43518464126774864,0.6843748025616027
0.24456077454080127,0.3900894268002657,0.7011947230099216
0.25196541766594843,0.4251355532666311,0.7513336333176629
0.2524142472990465,0.4337920162016797,0.7600851132852503
0.2519393594454797,0.3968341652504469,0.7032391283805269
0.25005455810508165,0.4445056056329064,0.6861612618784649
0.25485185035545976,0.4248482974316822,0.7308213409724506
0.25024301393626225,0.4377499103358694,0.7183496242905093
0.2481766049090325,0.4138615544527214,0.7120142621884081
0.2471195706884481,0.4179008859593701,0.7458280382194081
0.24556706643743462,0.4229661286937284,0.7050545424337055
0.24786387017164033,0.3651019722416776,0.7174039143569817
0.24414928031480893,0.4604211184309742,0.6688506144635382
0.24568540950286186,0.4323615351663302,0.7096065565053008
0.24814909179945063,0.424922263662063,0.7144022075958363
0.2558059883739224,0.4636910942705554,0.6860449760725078
0.250065386320087,0.3809806329838926,0.7074674950699934
0.24730335232353848,0.4094195810361424,0.6865129858618214
0.24771359791982875,0.4336110940412955,0.7409264861691699
0.24685478926442622,0.4125046050738351,0.7065452082276706
0.2527170442670476,0.4311591131513272,0.6969201990356365
0.25144032812258515,0.4339035298107071,0.7127918890913185
0.24803039241949665,0.4324629632877497,0.6742252686858334
0.2491560049163964,0.4580945324464277,0.7177403781133713
0.25762044186519956,0.4003963382160635,0.7171211607826763
0.24807856768052644,0.5062279449024569,0.7453495461346391
0.24737335070296546,0.4359495475148218,0.6774532153870519
0.24973059414119156,0.4204073439347284,0.6994939251859005
0.25559630014470924,0.4783828507786002,0.7632189970354852
0.24930501663422838,0.4060147602285103,0.6961827176647679
0.2521202727684006,0.3977268663586664,0.7483960109488035
0.2506643089497008,0.4267544896120027,0.7137335913525524
0.2526092211258431,0.4197366657279205,0.7124677063823848
0.2501582812465008,0.44330998975498537,0.7014893124518896
0.2468648422914221,0.5325163991094527,0.7116544363441697
0.25030154869104176,0.4212277170855426,0.7096628663783363
0.25237921251579676,0.485771219072583,0.728709968792458
0.25545191525575656,0.4627581190746061,0.7484735120797678
0.2552902625632276,0.4489325279036704,0.6977597876154781
0.2611814673266315,0.5105272334796511,0.7176227639972622
0.2580422160145848,0.4643179476572477,0.7339819817615024
0.24452651595403296,0.4191331043829669,0.6970565854888511
0.2521740878016956,0.4457915383818943,0.6812126124572531
0.24775988279150693,0.4528830068866578,0.7298468052921421
0.25599483066380285,0.4812315803304623,0.7009230959243934
0.25583098023047235,0.4728512366163991,0.669875793037531
0.24954848310756012,0.4185760143187479,0.7050759755886554
0.2537084386212652,0.4211352277440328,0.7418994453425983
0.2557101399383292,0.4860889694874554,0.724383791124207
0.2521563911311196,0.4089411355325612,0.7374689549632556
0.25489936965045745,0.4840147530721303,0.7250465122305269
0.2554047204212845,0.4113934792558476,0.7060477379123067
0.25934450733471087,0.4722793652268994,0.7744867738465321
0.2526153017633634,0.4594445807713269,0.7432093950329681
0.2492014616513262,0.4789378660641371,0.6715036997126278
0.2529127400710112,0.4253277517984525,0.7153331591227838
0.25927554055948504,0.4416267378694312,0.7343124975889908
0.25534234805534806,0.4310711823641655,0.7058491143522272
0.2548347768764103,0.4083206099416898,0.6955465527433833
0.2580045963134505,0.4609333831876515,0.7292968313519252
0.2565515313065706,0.4823403558625906,0.7379903233009568
0.2519582839130572,0.4703507036995112,0.6990110560093702
0.25742040547650324,0.4169996434079234,0.7273295265018765
0.260732468282659,0.4227283210066877,0.7582659195184016
0.2549480906565555,0.4147628187956604,0.7188308490737354
0.26031902186483635,0.5218994291690963,0.7098292219442829
0.25286636221630726,0.4508814914189116,0.6944825859762844
0.2579024526360792,0.458283152562664,0.7295272479109047
0.25595622614282454,0.4790539249548509,0.7234098376434627
0.2583356523857317,0.5723656567915039,0.6734717301917528
0.2514360142070385,0.4412906969395491,0.7161669925931013
0.2552075826353102,0.4523297476418206,0.6964200936751317
0.2531766213279958,0.4454497511727927,0.7310367158758649
0.2631628235012239,0.4597758082837867,0.7102056089981161
0.2565844956298869,0.4607874215819303,0.678304114609375
0.26389036165416496,0.4965391742329872,0.6818728873620213
0.2552126523941843,0.4477144611251376,0.6845865695123771
0.25437328362589195,0.4625718458170355,0.6947104752727526
0.2574144033562719,0.4347286062356893,0.6482524486648782
0.2543083533338999,0.4710680289347012,0.7081993660439143
0.2544535509290537,0.4157543775680608,0.6888537794924007
0.26312287319276506,0.5039623951748484,0.7511835285907386
0.25498710547372366,0.4429815011223463,0.6898345979200569
0.25859794806170927,0.4364859934074156,0.6729328136379654
0.2585770445020698,0.5325622433026372,0.6618026730856045
0.26376933048604534,0.4381823452686287,0.7703397062742131
0.25598549345927274,0.4575531970079148,0.7244765240521516
0.25549959812705414,0.45914254815264,0.6759969940538977
0.2612528214661928,0.474206665518337,0.7342831532141859
0.2566763968645572,0.44578792105827625,0.6498548583603346
0.2575503094740187,0.4398816355926647,0.729858967044801
0.2517114808662724,0.4359690808147139,0.6940929584978776
0.2500384461700357,0.5042526989180011,0.732564056528659
0.25705227372656153,0.5097682155853392,0.7072913219831487
0.2584041520040706,0.4778142246478751,0.7129431315652982
0.25862481220067407,0.4580684248568249,0.7471567348161041
0.2657320756632954,0.5343732320574892,0.6713478994231531
0.25821632527791605,0.4802920309389265,0.7058336177634824
0.26551404680292306,0.4561706227802829,0.7219530751700463
0.2574394884261521,0.4811993092978545,0.6938081154755891
0.25623977796599673,0.4198898890715616,0.6946088444926249
0.25924255428386445,0.4269943894838565,0.73244982107161
0.2582149773521145,0.4398807511506817,0.7034402505760753
0.26182175880004743,0.4868558269537129,0.6816117502501814
0.2691576913838323,0.4345977701472048,0.7553795356649389
0.26345797284081157,0.4679894989569454,0.7330260191571939
0.2591275083729344,0.4708540936575658,0.7143133635742771
0.2597843505802931,0.4707878366915559,0.7076151810080298
0.26469710229053206,0.473685613724373,0.7052157271221172
0.26344517183369276,0.4812589942755626,0.7568482242814163
0.2744593568731974,0.6151739390841607,0.6805202398260682
0.26368859667790934,0.4677849364655036,0.7273727206331556
0.26203841388697063,0.4631743958187326,0.7111378525080261
0.2606423178171224,0.462066463376876,0.7110668595097747
0.2594643940016535,0.5144478341687341,0.7093271751816215
0.2622903049983893,0.4683982767312531,0.7108593228007885
0.25845925661567093,0.4594966595059677,0.7224532412759876
0.2560678565457798,0.5161787281731701,0.7102690933612181
0.25997740632901606,0.4921389486737682,0.6712159798774894
0.2561120883919651,0.4676141173339151,0.7205996613448491
0.25292492530071553,0.4571041614319709,0.7538305021586702
0.2549592074052363,0.4970971499326733,0.6955719259897023
0.2651485036750328,0.4482590608872312,0.7352036728680996
0.2596821472577973,0.5453676084552063,0.7087814578447508
0.25943802371693087,0.4523602404737821,0.731917797704341
0.25919339048363116,0.4699287182512688,0.7091155722876239
0.2628564458339844,0.4555657245714574,0.7147581424556968
0.26196255205831903,0.4617304453129645,0.7128374981433955
0.253769981942256,0.4434236706219952,0.7219520281771179
0.25952536289974626,0.4961590167757247,0.6727021562083226
0.2577809784306028,0.4211650623471616,0.6885492361324377
0.26305575772608975,0.4866104292783781,0.7197078807645774
0.269773689277125,0.5108481839927452,0.7083411580091316
0.25866726052258715,0.47142649312823703,0.6991104809898729
0.2592114626364659,0.4547276665419403,0.6921856902493001
0.26422653859024753,0.4683895424890894,0.6760103747187116
0.2560678833331322,0.4954323238904497,0.734747626641289
0.26523655517007433,0.479653344598527,0.6964232051077641
0.2633205216976427,0.431377276691825,0.7475881190630596
0.2572300873731513,0.4966790523187072,0.6773273200261856
0.26088271039212907,0.44115877422808814,0.6854182672606709
0.26406186655856717,0.4544874665170362,0.7294783547144399
0.2645414598161315,0.4330896650404155,0.7210177942567338
0.2603279112662136,0.4807926559518295,0.6996345888441592
0.2556507968341721,0.4761006210496713,0.6961689321116734
0.2629772420689459,0.5026887008982723,0.6884449743614188
0.2665801967454874,0.4558852031406153,0.7620087375696971
0.2706841224805415,0.5746129193503535,0.6884849254286969
0.26303894239131465,0.461482923360604,0.7389623644094067
0.262153729456295,0.5075380629859686,0.6895105953737426
0.26783983779731446,0.5234569281100832,0.7249349463084518
0.26497777397821054,0.4819916994000796,0.7093330564772202
0.2611685049738947,0.5674336388527986,0.6819044051448679
0.2577814801901182,0.4821670410796143,0.6732325592669299
0.2626017630721315,0.4981935990388716,0.7037772630737958
0.2628840638104765,0.492211755762468,0.679145429823705
0.258812190334023,0.4637980213850825,0.7325718459993068
0.2600956803161371,0.4873496209079029,0.6991795631562651
0.2684486952780931,0.5053115544730086,0.7627980684649022
0.26314464945752164,0.4826732464024541,0.7258447730853831
0.27292137381205805,0.5575943148559576,0.7488980330517222
0.2632525792785441,0.4468321929406559,0.7211064278544004
0.2579756121998743,0.4642277874190304,0.7332172692338623
0.26197151030433663,0.4763026591756839,0.7252309555983161
0.26256512013555816,0.4625813103274148,0.7272781068507301
0.26194888077888323,0.4882282686050801,0.7287949605120104
0.2613190676381199,0.502334657547579,0.6761915324900414
0.2596116255691088,0.4382517777533907,0.6893385108882337
0.26104036494812044,0.5376936567675386,0.7460051085378532
0.2583237409172699,0.4660223413526177,0.7056708749876498
0.26113481637966607,0.4885161996100237,0.7007506858204069
0.2675927824044883,0.4705477168871356,0.7291471566105509
0.26442602673366905,0.529767345682532,0.6865702011853901
0.268120933502644,0.5010526411892325,0.7271534508232494
0.27174705798794657,0.6922221764664873,0.6686690933664794
0.262320752142262,0.4495779947417664,0.6974471685548849
0.2687116419341935,0.5082393376674584,0.6816018548353735
0.2694557499186865,0.6116450023899336,0.7415758408868959
0.26897192777506,0.5097399237499267,0.7014877192488007
0.26752130902346344,0.4757359808189704,0.7343627728669502
0.26363541386058265,0.523445886493572,0.7336008313178557
0.2612248706469119,0.4899511634557037,0.7053956703249962
0.2622974986433022,0.4809605293049142,0.6969072829244317
0.2792604250135546,0.6155732765064486,0.7065381140692909
0.26423170750646297,0.4851596575009645,0.7170782066964742
0.261582013585078,0.4869004851713715,0.7119321188891159
0.2633937594679522,0.5003995297635659,0.7043778989861224
0.2660225157798177,0.4942672364690304,0.7235606099064856
0.26611737195478324,0.4965450521728875,0.6807641980946362
0.2666901996967831,0.4786885725336205,0.7304808714002613
0.2772249680789583,0.6156370157519262,0.6811674368823576
0.2727243139191476,0.5719693358100509,0.7521146957724811
0.26517598503745643,0.5329488745466284,0.7244867381581424
0.2658773569731069,0.5458749286754174,0.7164793535404459
0.2630558229889491,0.5054525967935817,0.7304740057240721
0.26744347886615516,0.5189416903188169,0.7298381386567694
0.2887463530082056,0.6285787010742644,0.6962056147745899
0.2716593879244818,0.6208454081960383,0.7591350415953965
0.2619920020483405,0.4818735332113449,0.7402095835907876
0.26517937508399136,0.5045209321550718,0.7052856210255186
0.26629666002877217,0.4935996595696186,0.7101507084639387
0.2641680617756406,0.498251257370192,0.7099819559240014
0.26980891337500035,0.5168436863752788,0.7068173886226136
0.2677614136764674,0.5645741397205111,0.7069271113649258
0.26781502702286836,0.5399103481925549,0.6949290439943066
0.26502960447473534,0.5019630368315027,0.7222343754674309
0.26400984474716044,0.5346237079250854,0.7033920507126588
0.2663875109290485,0.5054410020870321,0.7292951553972774
0.2708386082164322,0.5724564185252369,0.7565371251327943
0.2651853583775248,0.5773876923495466,0.7046508459513308
0.26970173224220956,0.4957681881376038,0.7059561231212312
0.26787049531678625,0.6090324339353754,0.7471323409844577
0.2615255852183169,0.5348102488851737,0.7047421443722485
0.2604314285053886,0.5054248808463956,0.6960873807489711
0.26628297004736096,0.4851148699695884,0.713985329309338
0.263737449415772,0.5036095442015426,0.6807546326082735
0.26680377795832416,0.5992497681681583,0.6403994524169986
0.26325977281912366,0.6344227252901614,0.6760011782456686
0.26639645325999406,0.5196683039109594,0.7141017704587485
0.2661592357385467,0.4976034619778026,0.7732200933446041
0.26206113363049444,0.5276328534324349,0.732752288362716
0.2717525168504852,0.5019630758584658,0.7631025070461248
0.2625514545415743,0.5902109258060553,0.7141224123533149
0.26377385781670315,0.5311431069107969,0.6611908490325661
0.25733756907821287,0.4449512843471043,0.7429332965479185
0.2730696911422573,0.5291488702748184,0.7827568837627435
0.27547606301860494,0.6021331364991971,0.7254419473493219
0.2628430845110729,0.4853369393662658,0.7114589505562574
0.26918199841789736,0.5157243714233273,0.7115768123504169
0.2777529749027783,0.6665233139164201,0.6857494423916632
0.27082887170796377,0.5676488371782954,0.7771691930899586
0.26654644901851815,0.48665045938766205,0.7467872152979753
0.2634883826792491,0.4856601053834374,0.7026560779934199
0.269502582941272,0.5540449123911475,0.721083872840905
0.2624287741326135,0.4898942575609863,0.7029930104733009
0.26853219350605234,0.6346008797264513,0.7328521404475952
0.2601837953746164,0.4866697335055985,0.7114041134352942
0.2814128671375851,0.6377463415407065,0.7226245466213465
0.26384434030727055,0.5490052037053385,0.6806811614960071
0.27051393747003677,0.534772094443657,0.7635976007763271
0.27063940973125156,0.6072257920818341,0.6729635093986598
0.27144133612367405,0.5786230427434055,0.7157777426594681
0.2632239321909283,0.465518777488034,0.7590880761549121
0.26967839037087593,0.4822342939911507,0.6961264688781494
0.26226872755342695,0.5329648306036394,0.678563451316036
0.26398377962161973,0.4834016734307627,0.7103732986770421
0.2671384053847579,0.5368792059013733,0.7207930696910192
0.26506968035021194,0.5418228290147774,0.6993662374815166
0.26453558760764573,0.5427481154722764,0.7074490175577012
0.2706865543311697,0.6016175553083762,0.6970762360543632
0.26981503635328125,0.5421969439362051,0.7168352783728227
0.26769128273294807,0.5444653347652432,0.6969873510956955
0.2695976685331729,0.5321079905960292,0.7108746572035973
0.27429132613785023,0.5427599802595718,0.7515078789647905
0.27490139362754085,0.5535394217577987,0.7403733822050503
0.2752418503914939,0.5831523383296661,0.7623310302348443
0.2673456032388134,0.5479215416809682,0.7045450372470397
0.2685712972211996,0.5068657496336851,0.6832839529324647
0.2678867275153941,0.5331938946448278,0.7228461995996566
0.27049638997463793,0.5947620672780561,0.7235501139924858
0.2664269690458328,0.5259053253539606,0.6718813478873196
0.2713122466408919,0.6151340732527275,0.7205290145030893
0.27018978726043563,0.5504221426645421,0.7301114999585084
0.27794767847347457,0.6364053304945588,0.747445941318943
0.2697657130523518,0.5917982757530006,0.7287674614177839
0.2747844573774405,0.5226756964102319,0.7119433353573172
0.27011981072733454,0.5430941481445768,0.6987518829340044
0.2762235256496697,0.567645102542526,0.6872118184468554
0.27345731437152754,0.5422603668244204,0.697437656733731
0.2718942028861143,0.5063949868296901,0.6763518069482153
0.2721777133000924,0.5614051695991958,0.7082140651297694
0.2724343765621219,0.5096732604141867,0.7334946488019274
0.27735793526276975,0.5142509550421837,0.7723931172888788
0.2698158317827511,0.5346282933830839,0.7094880311372728
0.27565329766179947,0.5325792709982554,0.7638262395273795
0.2766360995501395,0.5644162987254424,0.706525999594097
0.2773463301764194,0.526662593460458,0.7090757292066523
0.27536249273035124,0.5245900744341112,0.7099683475493367
0.2759457535806975,0.5069934646046078,0.7988919462526972
0.2748023771923847,0.5364786140190313,0.7143490584332776
0.28131396738110503,0.5305300958524884,0.7652587161136961
0.2783076408917033,0.5125384824881426,0.7493727100463139
0.28128498827140175,0.6649976221098488,0.6663435325343297
0.26464578614454065,0.5291121718061995,0.6968929262729587
0.2764459636500263,0.5361085057262699,0.7538872770899304
0.2782954656519952,0.548933320459957,0.697458634632693
0.27528946651748865,0.7087884190688016,0.6870271595460536
0.27282139977293945,0.592015606716839,0.7118766628356048
0.27387141845786267,0.5324044792405102,0.7167981202782429
0.27859006097224837,0.5602346448733212,0.6974841695510365
0.2788856918298124,0.5054225662600028,0.7075691937199811
0.2683892481702477,0.6171325003977182,0.6860081709625745
0.2734913820729845,0.5666217490226599,0.7017201023537524
0.27490726355418504,0.5365156257283622,0.6975077109530035
0.2752480600756619,0.575848173873444,0.7362967284355224
0.2725244747381756,0.5579320988032503,0.6837669544257396
0.2690604760656455,0.5523344142708784,0.7405912153848564
0.2674616265526028,0.5144715544667346,0.6893205857188189
0.2696450183376858,0.5296388456447884,0.6770518047534968
0.2708212213868319,0.6005545697904842,0.7198151309658971
0.27138177986227746,0.6075610242759637,0.7308540549618234
0.2766506450414147,0.5767887077214846,0.6906078727648868
0.2677167078203921,0.4934656824342396,0.717705421296689
0.2784672096436739,0.6059881718749521,0.7186072372778676
0.26917079045223086,0.5489834149249816,0.7148469968604136
0.2693577703893992,0.5318512244422713,0.6944055741707221
0.2782440254287591,0.5634075726515746,0.680433952846283
0.26809582633190926,0.5126409916060717,0.7280999769495808
0.2724720227949343,0.583945904532937,0.7278771872798235
0.2787681252103338,0.5632939312727111,0.7321998594480532
0.27701858567853394,0.6629563698087043,0.6961568435277105
0.27988322270964094,0.5592954753257114,0.7474873964876972
0.27076181443100683,0.5787533709978262,0.6911753230653389
0.27893787717058005,0.5678489720830375,0.7109036679993611
0.2764763388737759,0.5808223759251887,0.6961781569341313
0.27511363830560637,0.6127950895348948,0.7327033835151683
0.279556946970175,0.634197805674427,0.7300913005263682
0.27736143602979424,0.5218249219952673,0.7380330416164054
0.2680754351150287,0.5219734883789574,0.7157043751590016
0.2884626092744423,0.6782738948154532,0.7482472384153809
0.276929387451697,0.6282689667729554,0.6993974769455411
0.27779989473450983,0.6516308985396977,0.7160544649914662
0.2805228717083758,0.5692479676269986,0.7232187366656262
0.28004122453392316,0.5496001436487135,0.7485146580956529
0.27965953814703676,0.5120948105987947,0.768810998716053
0.26897275067372256,0.545110084126632,0.6796844733473071
0.269368633038879,0.6025362960863929,0.6993489291926939
0.27866439619171224,0.567552808475871,0.6929925070658437
0.30507533986592145,0.7768395769714015,0.7430760618383009
0.28744880542564216,0.595748383398591,0.7191880517374328
0.2773324765738515,0.569848202798773,0.7517836883750492
0.277212534679889,0.5795902403366937,0.6806806093921287
0.2826479887063391,0.6195516859813412,0.7671075461770329
0.27993369356928055,0.5493133170921536,0.7095068241641933
0.28564562545125255,0.5473462803731031,0.7370351893557618
0.28221990734306845,0.6455571791337725,0.6507693068780621
0.27445730912385463,0.6047844682007254,0.748736790882085
0.27958141115101676,0.5493356567536241,0.7348398017686861
0.2752874614720993,0.5889636944832075,0.6970514391389009
0.28513459920709233,0.6376477915030202,0.6810147329547168
0.2776168431993382,0.6429077282377145,0.6869955926620591
0.28182252112563394,0.5705371258143732,0.6937425383349869
0.28500179156719097,0.566127086510506,0.7165770269592852
0.28037996137884297,0.6225921757585842,0.6580325904446653
0.273320626775045,0.5585521603887601,0.7028480578601733
0.2760205611691284,0.5842726702377588,0.7165948382555074
0.2797184072991012,0.5832740597431871,0.7426433316350658
0.2688745324276586,0.5882932863724054,0.7158409364182642
0.28106828379291293,0.560791957952001,0.7156146499814406
0.2733893869396015,0.6103892580255598,0.7079654072947084
0.2798709208368221,0.6089922632084971,0.6837739121391878
0.29019946657783846,0.6404591959343741,0.7538644544555673
0.28092973056364734,0.5594700736113027,0.7637646493970226
0.2858699054602264,0.7364338433743899,0.6871919420225902
0.2800933713884775,0.6157645764258765,0.6997900122019949
0.2874060316445205,0.5896291355968064,0.729784583723376
0.2842308479427738,0.6050507120663468,0.6995209176613099
0.2881597266290181,0.643258702659518,0.7659520070073751
0.2848474475865817,0.5938324808228765,0.7151746160656559
0.2918210452717638,0.6616270872027442,0.7511025823215222
0.2872910821947858,0.5796343536095429,0.7070765168261289
0.2890956873286869,0.7111127336595944,0.7589862038055547
0.2853082289150701,0.6140107799143103,0.7652889827692521
0.2713686286144121,0.6910790195274141,0.6770632880605291
0.27829559872947124,0.5965293016210903,0.7148021078341047
0.282402940417025,0.6296540205116623,0.7314829278401841
0.28705122044076753,0.6959959105167755,0.7330712593101115
0.2793228958520631,0.5643715201394195,0.7363527412980977
0.27814300511013224,0.6156557774916444,0.7172223591919965
0.28692591618465235,0.6387815731571639,0.7156246504472579
0.2810811110876446,0.5258133355832199,0.6576044172124327
0.2811976090000466,0.5866555324725133,0.7136658504413138
0.2816863782699772,0.6688720117004398,0.6698087036485846
0.2789979842322703,0.6931948154919251,0.7680532279511628
0.2768123836339884,0.6721667111189391,0.6805682521054264
0.2795234524035987,0.5803011132825381,0.7403975930147889
0.28607149096980394,0.5741427932597394,0.7250099602641168
0.29866006301313397,0.8386860745843948,0.6704018304445841
0.28493092737213854,0.6181386193416953,0.7447474504842478
0.2778268512835889,0.5538009182718278,0.7047210596633975
0.27899462324887697,0.5372011230807312,0.7405877944932412
0.28310548735889207,0.6021161652332071,0.7056625351644742
0.2758094482324549,0.5883923077793873,0.7250294714498393
0.28656205991097083,0.5814009511614932,0.7072794782823186
0.2791029006853642,0.5500462423833251,0.6687669263903355
0.2888449193848206,0.5990153659132862,0.7522417439475323
0.29484696184459463,0.6908315040399278,0.7609422136855176
0.28597639605170894,0.597079536012408,0.7631561052694464
0.28949323171668895,0.6227494958303915,0.7750405347561921
0.2777196148799232,0.6181690646161866,0.7319264142894277
0.28535582922404196,0.6264609005729488,0.7708875804479906
0.27932348498045806,0.5397110493614956,0.6916434125653272
0.2820108802620894,0.5837925227673771,0.7284395795181277
0.29202536057816153,0.8374220001040391,0.7260146412786749
0.29093909862094436,0.5705281262488128,0.7674752752443051
0.2941613696315767,0.756352270669533,0.7385912742778544
0.2793990359805385,0.579575172066281,0.691432156570936
0.28608586613347253,0.6026563011582559,0.7151820118339917
0.2761995443036429,0.6091808469473187,0.6842222881840864
0.296445148954334,0.6703096346072064,0.7436180455335986
0.2838586221253394,0.6396866863518088,0.7096261169291033
0.2957263985400606,0.6597998356737547,0.6645338688051287
0.28212582318431195,0.6025100471481639,0.7049962190031401
0.2915707020381009,0.6614330989007989,0.7653672235085672
0.2786021561162675,0.6439604217325651,0.6805285480152545
0.28474957902611536,0.6510126392835658,0.7199175719121739
0.2772528259678884,0.6429247315819865,0.7152088682384873
0.2917588722338245,0.6046988622021822,0.7281762241333415
0.29292346779101797,0.7019572381070133,0.6861688173057633
0.29013036334945685,0.6030503098384071,0.7383771813651431
0.2846475443553723,0.5983847745394192,0.7063598386906651
0.2780511651596768,0.6258823928437497,0.6430696222786529
0.2865435174196379,0.5963199414142525,0.7265219349705351
0.28460384749273715,0.6392379251345442,0.7275713191279187
0.2937220544569361,0.6741764804851367,0.6573074848142584
0.2876131798863831,0.6945168648541599,0.7176858839591586
0.2828487178793445,0.6262396286429232,0.727708343222287
0.27892414486087924,0.6299521986426814,0.6836155527666693
0.2800447519422294,0.5766601585675112,0.7017042234287892
0.2877046330234979,0.581350254662782,0.7191662367109544
0.27957105756909595,0.5962327158899755,0.7017383087169284
0.2866001279361859,0.5848732819442379,0.6988328597376073
0.28482234844895127,0.6711189513668195,0.6973435449753336
0.2780291370387553,0.6066167046046905,0.7221343531203078
0.2862384037624546,0.5805426945977709,0.718359542399917
0.2955217194910926,0.8385540551656062,0.7092831926836508
0.29129791023302326,0.6380367936662102,0.7368615370014129
0.28454581814448693,0.6032488035937028,0.7302275790544551
0.2879854317350657,0.6531821377413172,0.7477271230640784
0.29115865102997424,0.7840327337485724,0.7068410589204457
0.2872350921996073,0.6852578355169351,0.7072160746705991
0.2869435856828958,0.7065568289762452,0.7156254579056952
0.2855967454155442,0.6747801816497249,0.6996945417406278
0.2877342594310776,0.6349403935773319,0.6912934813359594
0.2930827724407843,0.6985867724279043,0.7209147495887673
0.2870250855771138,0.5924408733923847,0.7025163739909311
0.2889419677944994,0.6575781255678538,0.7113617027313679
0.286993797210328,0.6295021532815179,0.6924323917465814
0.28716210322413466,0.6403258257797326,0.6787466384831992
0.28879420535603667,0.7537323260260917,0.7451894026179033
0.2876910998963691,0.5967709790788508,0.7121386985638232
0.2854207656984207,0.6335320324831942,0.7105891324796567
0.29630509945765526,0.7924424386112956,0.7323204807391294
0.2858498591109178,0.6539570874004578,0.7159066013240225
0.29014040244008005,0.6431669167153299,0.7408547879241546
0.29275431880838854,0.6032010216904916,0.7009405613887384
0.2862413797718784,0.7094841532956012,0.7035327025354086
0.2914607999658883,0.6219846123619905,0.7662708176794761
0.2825474159808594,0.6700817992376481,0.7542788509760276
0.29092975354976236,0.6682211164956271,0.7032803123453389
0.2884688487938183,0.6017154563926328,0.7576100057746302
0.29723497239186386,0.8348866624856381,0.6980687373598389
0.2823997107516337,0.6470734221978189,0.6949458148697859
0.2808110570354751,0.6850390620085614,0.684358143381559
0.2786863137014666,0.7489931540270858,0.6983503287081738
0.28811806479037455,0.5972377501011201,0.7034623103062572
0.2799432442913912,0.6015683344574474,0.67258733437483
0.28325821399189255,0.6008589812491705,0.7093892074282669
0.30258592360796965,0.8047791110750362,0.7152573203398569
0.28963877937388927,0.7662460955636393,0.6896075545274714
0.2905921000516407,0.6980592274936558,0.7370479616889408
0.2773411360926437,0.6139743829626766,0.6393546919030695
0.2871769614059666,0.6015980302880625,0.7592728729832899
0.29108416545792126,0.7352538614574872,0.7340298202529252
0.2843969857080473,0.6795792261594257,0.712914284392729
0.28733785394126193,0.7140070638641355,0.7463037647321547
0.2864653307491155,0.6887393071796789,0.6690318962761903
0.29268231908611436,0.7244120335055687,0.7804993380218427
0.29791502850832474,0.6687271425768114,0.6993613091208909
0.2906418637129063,0.6761137094484786,0.7197011822643792
0.28662379904125707,0.6315580680159217,0.6907754251557727
0.2928762453538899,0.7077344371732259,0.7230256272230349
0.30165277228344284,0.6368006909140961,0.7767334424507455
0.28620360879324264,0.5814496802288436,0.7193277169287831
0.2924072165152027,0.6368095368728421,0.7121203652455386
0.285873407590846,0.6824054189958713,0.6846729935778196
0.2887991239211898,0.6874151270716424,0.720793730639525
0.29132229684694544,0.6973147312227128,0.6979449782167579
0.29156418585450244,0.7476539489241975,0.6783085459324062
0.29201485897287704,0.6590482340980344,0.7427508654058421
0.2903047183126986,0.6333607246711642,0.7285533434593908
0.29135413974539165,0.7619292105136986,0.6660457652309384
0.289199249900434,0.5910160875729261,0.6974672861943599
0.28238137755503745,0.6293864251533435,0.6808596529495514
0.28701229921211047,0.6928964930200177,0.6695623949360764
0.29983724695004876,0.8774515414477243,0.7099376481247087
0.2857413000462026,0.6008249474807587,0.7480481193170001
0.2890968156410124,0.6213870974570022,0.6927483134210616
0.29800862815724033,0.8370240048039226,0.7408206829129231
0.29486822207304586,0.7013264850296451,0.7700084556802308
0.291735375990301,0.7211103462553848,0.6936513389154775
0.30089263661403765,0.7798759640122787,0.7606631437674467
0.28949253545231024,0.6588686141637591,0.674356652744255
0.2873528330917958,0.621567020352851,0.7313920173881471
0.28467836303921823,0.5989048934870229,0.6994692427345361
0.28752424499616314,0.7515640101501709,0.7144978336116924
0.29521098224914916,0.6900096379762181,0.7272784122133922
0.2900196069256247,0.6308330709318613,0.7060159720300635
0.2999254289065979,0.8189880712286554,0.7021095721695565
0.29335853179139393,0.7085725032443183,0.6933104708872351
0.2926085519831958,0.7801057853665704,0.6904974372698068
0.29350341903827365,0.6259858467142252,0.6930076755161142
0.2913206367431679,0.7039390992809789,0.7108601246732007
0.29518684774301507,0.7359366574068238,0.7213998195591573
0.30065550437320354,0.8340017009067014,0.7335365795828275
0.2869547459084912,0.5912492768186614,0.6648270446594247
0.2954110167727182,0.6916794311118417,0.7030055799630223
0.2894628146567101,0.6036511442270579,0.7044731852647439
0.296022058561795,0.6484922627580252,0.7180495026053317
0.2824080184113071,0.6128937208831903,0.7005795575534155
0.28986599598358676,0.7816855503029669,0.6484840308891697
0.2889955014345556,0.6184682513829606,0.7330833828435372
0.30381927586622154,0.77424894559883,0.7690402601520009
0.2908267465431762,0.6352129342539024,0.7384683644446549
0.28836242246074284,0.6400271741600406,0.7108112349642678
0.29537333672696053,0.8041140610756861,0.6782391851897261
0.28554387052378744,0.7353527953436207,0.6747800175455386
0.29657288774439383,0.6417603274342963,0.68451266204326
0.28791620411690616,0.6712319338912767,0.7474897335477735
0.2864815475578894,0.6618233217098236,0.6978334646363341
0.29438271100672075,0.6752242684435436,0.7000607509275852
0.2873317358491855,0.6898098839977027,0.7151259180282742
0.2935174415176585,0.6623195497061368,0.7431437871313917
0.29282609307868185,0.6131785747972633,0.7205582803685318
0.30095701540329406,0.6200276799435834,0.7073813733948462
0.2907011985271367,0.9300538321005628,0.7701586372208113
0.29633242372651203,0.6707119237952069,0.6948043797202544
0.3117720009090897,0.9290919529415054,0.7235912586839285
0.2954036098970488,0.8187965069119716,0.7141507659000068
0.29639700361653365,0.7147694370362188,0.7322774638689825
0.294031735060967,0.7330691007147857,0.7480293569724588
0.2908801702031819,0.7049642776582045,0.6802622083612628
0.30740352985429775,0.7797581036361081,0.6892371268216172
0.2940367024633052,0.6521805004995903,0.6757439832525125
0.2920254047694076,0.5926720326176047,0.7246781509158039
0.29023331669640706,0.6577811383866102,0.6988621387520422
0.3011101858620011,0.6024042335757829,0.7354861879361978
0.2988378710887422,0.6635222277964752,0.7660781485522703
0.28759505324837414,0.7166976318847216,0.6936278478030444
0.302601335635929,0.6841988122390237,0.7134985048616085
0.2992160760468264,0.6710867724820592,0.7104380013813409
0.2910511020975994,0.6846905352921608,0.675182082434255
0.2913559286721407,0.6693778026654735,0.6813296168773627
0.3127939072865154,0.8357681650692489,0.7033086639409959
0.28635872464033496,0.7120137607236459,0.7342524028559767
0.29044907693371463,0.6535712059581898,0.7191219424049539
0.2887480284662567,0.7259459669151421,0.6770240737614245
0.30573758818883245,0.7869525977960461,0.7178315039807449
0.2916499419722502,0.6344316838920041,0.7094231675619543
0.2998445710621518,0.6575513751573641,0.7245252604025574
0.2944833041438001,0.6750546604659398,0.6936318237578994
0.2905587829191868,0.6878918125393857,0.7235549153974317
0.28746263016854584,0.6787885004373028,0.7032665970062919
0.2935384646570781,0.7923656857063017,0.7256323213939629
0.2897469345340678,0.6835377739077017,0.7211046412076533
0.3007106138699366,0.7134509898668666,0.7311003540875969
0.2903444511215249,0.7057978122503529,0.6919611401619398
0.2907285508333144,0.6426308501966722,0.6761368929842869
0.2994251551604711,0.7562945803487858,0.7359309841373551
0.2968737894379533,0.7163689305378891,0.6995346654187763
0.29450534203896644,0.7119326112545343,0.6881009215480293
0.30066892069063633,0.7135316619605804,0.7487935747899447
0.29704769283962573,0.6839085974157171,0.6960478360940431
0.2929914362071465,0.7391949336534137,0.7067344882403552
0.3109701120052455,0.8274196976121199,0.7080798365401422
0.30611192439621904,0.8249380751521206,0.7738476328942959
0.2938740960149274,0.6955839634297167,0.7198535967282802
0.3113263083934114,0.7965078609348696,0.7169740903010587
0.2921773737032669,0.6426494995531898,0.6828997120347222
0.2867702442956305,0.7440636692125573,0.7167211181811717
0.2838605848788768,0.6693813547269208,0.6895863139545244
0.29625567096350364,0.6649833153452087,0.695322086193233
0.29061278019093995,0.6385159537788031,0.7119267559622584
0.2988968978523052,0.8353034902493452,0.7409023338514698
0.3084760761028708,0.834667815529027,0.6758649386699632
0.29961503795376576,0.6725711107197627,0.6988560441067672
0.3114116634257453,0.8523800489308185,0.7349155765591562
0.3004550186484022,0.7102518245610834,0.7204888136507438
0.289912617672014,0.6563738800077019,0.7193019281574428
0.2939821699051705,0.7131438067154751,0.6970224487070823
0.29496135839259435,0.6814171573026268,0.7205880356689701
0.3082956972481689,0.8770529776801871,0.7256766156818898
0.29010241459442604,0.6393553068179935,0.7061374654084678
0.2942967031523063,0.8199991508457906,0.703652988040923
0.2941682268539127,0.7146454354008626,0.7206797399948816
0.302616701876858,0.8853979307197498,0.7083401580388085
0.2896730511453467,0.6683370456451702,0.6957274616510746
0.29560085652862916,0.6974953965043019,0.7187997780033086
0.3287938835880687,1.010784957982021,0.7318693045259594
0.29002127250779497,0.752928382434942,0.6954565276303382
0.30586054810280555,0.8175440085706839,0.739211683099749
0.2984719656009325,0.8516555320184434,0.7348032653145493
0.28723103780750003,0.6640492073271334,0.6973888422904426
0.29451651440486937,0.7394656680732586,0.7063381929310178
0.30253114077493126,0.7393830033871768,0.7551582046386289
0.300177529143058,0.7020304510448864,0.7326195761815183
0.29935424065787264,0.6955800084633503,0.6893801823966124
0.2945070446362432,0.7270528635548703,0.6922327972146057
0.2890857938002601,0.6954197050187827,0.6969798030977349
0.31572296639983627,0.8998408742560057,0.7165378400770509
0.2936649219284859,0.7864838360484296,0.7633585830573503
0.29533502516183124,0.6537987166546054,0.6930204591379534
0.2910247797745915,0.7225141000943229,0.6721039898155182
0.29788161895519244,0.7808891569730068,0.6970673553699054
0.30080017203803644,0.7682551879142993,0.7167000610589582
0.290583688599771,0.6581176687102801,0.6542904198361925
0.2945709014658764,0.6202379722194561,0.7361923167030581
0.2998345572896363,0.7976541495355753,0.7154383063261759
0.3029857351040578,0.8302753474365291,0.6836079699181628
0.29462954390026497,0.8040302996059264,0.6769857062186495
0.3127313077010048,0.8881228700391698,0.7007124138178094
0.29036455936585154,0.6904705750735896,0.7155019067969329
0.29538206170780124,0.6740168437620743,0.7300119028138066
0.302510667540383,0.6970730300147729,0.6569695996726904
0.296588479368191,0.7195980287618423,0.6787236473106222
0.29836668726174675,0.7321784366806697,0.7030244598417213
0.2990450156366649,0.7661486691555873,0.7119880676827863
0.29281567089785365,0.7022071786000004,0.7016053546025325
0.3007647253082317,0.7541574055236479,0.7065058851395415
0.3226499976395489,0.924334951086078,0.7556515947830487
0.30233726431900176,0.758823165527298,0.7081211987390755
0.2970229091862211,0.7655940664862787,0.7083402114412718
0.2954737624376386,0.6767174799618212,0.7209898421674596
0.30226322584583903,0.8187504332933166,0.710156035098467
0.28907347232038283,0.7330066349793041,0.6690337705092564
0.29477934647465703,0.6616611286056837,0.7514341620416414
0.30074146107735933,0.791223954588448,0.6938484129348867
0.3034489849893263,0.7112016542875048,0.7464228540335422
0.2999616835160447,0.7628978978942582,0.7117932928749201
0.3009214953910244,0.6998019058192635,0.7444930899893913
0.3001431591831061,0.7272280173701953,0.7243638115743011
0.30697146412393844,0.9133925624430534,0.7494813348902543
0.2963942642104507,0.676289677807311,0.7248371925006074
0.2976525514190164,0.6604280305776667,0.7164793659621675
0.33918218444444065,1.132138899476954,0.7502757330140567
0.3072856452092724,0.8943495293496464,0.697879395289253
0.30616122673322105,0.6693167416898607,0.77265639719671
0.29659886742299546,0.6605511999543825,0.6729683659036632
0.3058486835687102,0.8083063861635348,0.737224278227817
0.2989252372252161,0.8248570884265369,0.7453999993807722
0.3043284626045341,0.7482650781923624,0.7056372612150912
0.28963345947830804,0.763904580059692,0.7534266590650635
0.30065406802995137,0.6406813821000081,0.743646581121405
0.2976994785977216,0.7051100779695867,0.7005301585097211
0.29568890542714155,0.7188960228960122,0.721939803971284
0.300230296319347,0.8023056421519577,0.7634687719954053
0.29151580607340644,0.7766882393119701,0.683022761118715
0.30185189605338547,0.7176780987882831,0.7718210763836013
0.29790737365095743,0.9164242216980064,0.6653848551327234
0.2983793952292243,0.8573144581278178,0.6922679262754536
0.3061531601468409,0.9245926257563462,0.7389644986406253
0.2980017996569391,0.7606036825246705,0.68623568442153
0.2958947406519074,0.7260590942986416,0.7307018425581748
0.3034652140578455,0.8763266256130234,0.7390214691465421
0.3043590022802176,0.8629169420913566,0.6963863499730212
0.2984809502114019,0.7670390220445408,0.712630457078768
0.30341414079310575,0.93524246452278,0.7211953862945423
0.3169174634891444,1.0113646056966308,0.6938577879319249
0.3076595694269827,0.7285225203278312,0.7593725669954233
0.33636487960131256,0.9568333686745824,0.7131386586151577
0.30365926406602806,0.7534080412879155,0.7287941360667166
0.29617273896342455,0.738822355786708,0.7327898848638233
0.3018290233495932,0.769133316637895,0.7114188049783636
0.3021208932102301,0.6644880074709287,0.7390881900296578
0.3004431219849899,0.7269223765432464,0.7343158353196887
0.3009271600777241,0.6991463338076994,0.747140468943804
0.2996935294674206,0.7083645627749006,0.7605259534745977
0.3102052652087344,0.8011653118449895,0.7641596971690829
0.29865318805003105,0.8207877893870225,0.7295288031979915
0.3127694197440903,0.9653800358677029,0.6818294149637093
0.2944213515913595,0.7467542221001898,0.6926698269381057
0.29996426635902695,0.7401966104789701,0.7120867327617301
0.2960109619865463,0.7449883165996332,0.6922218228093538
0.309381985689471,0.8206819209709139,0.7191632729901408
0.3066872625850038,0.7943536156860957,0.7344454792644309
0.30353626609663387,0.7958951945936827,0.6709968461229053
0.30349947871870137,0.9179873285425576,0.7049191140488281
0.30800423589283527,0.7531633783282616,0.8034616739973146
0.30344811782799536,0.7676838818143148,0.7357444428374579
0.3050171591950999,0.7424904240625767,0.6917900122833565
0.3053018375493528,0.7393079678268255,0.7113615143690172
0.3168907496769522,1.0076679262027959,0.7218753412563629
0.31596701339049377,1.087586311619859,0.6815545187686901
0.3000798984778643,0.6792136537581536,0.7416876709341049
0.30223366097978904,0.814171822255105,0.6981431886071978
0.3000126457492347,0.8280275987924409,0.697399824697296
0.31526889134216146,1.102863897160292,0.7416110145269629
0.2945505688015505,0.7374913767443205,0.7155521797610214
0.2955960822758597,0.7598390860612743,0.6665903715322624
0.30976824380001394,0.7893229113154624,0.7239154000289997
0.30652889999134614,0.9742232813785796,0.7048158474939816
0.3055568555040236,0.8654396449618086,0.7094473661776989
0.304311774629068,0.7923959043009353,0.7451627696590305
0.3063871672126831,0.7852058008978566,0.7091142780396528
0.3076080694388383,0.844285709781616,0.7111130799830314
0.3111928300458463,0.7278089268281984,0.7318133760036646
0.3145306938616365,0.9054160638906344,0.7246841056956828
0.30722943425689014,0.7103248006130185,0.7531118039539274
0.30602502130876885,0.7628669476439144,0.7405532447682667
0.30163851515773515,0.7030060390246312,0.7061505563727384
0.3067581102755221,0.9461295428549762,0.6751925124165501
0.29403054108361887,0.8299572767576541,0.7091811729755985
0.3067175907535814,0.8512620199876579,0.6707858098413993
0.31183248563549887,0.7846154481219125,0.7411788801541681
0.30435259767265305,0.6908018823083404,0.7433643485001703
0.30384581463272214,0.7072565900079526,0.7096311498636613
0.297120962523515,0.7370556751377276,0.6661303577333635
0.30420630506449986,0.7662949414427372,0.7025941602274947
0.30399012000388004,0.8592560588602567,0.7461567354600391
0.30676961371093797,0.8248889176112709,0.7661601559879446
0.33402481565566555,0.9553588534800684,0.7151810411063144
0.3039029004733468,0.7700817741462892,0.7310112162951355
0.2933756788711854,0.6960465392351981,0.6711833412412315
0.2971735856661828,0.8174710914813359,0.7239023505815447
0.3060454493036669,0.7008809351808041,0.796616140193557
0.2980976352229026,0.7708253053381565,0.6979673044241562
0.30661342887095655,0.7468616534604291,0.7419752567964732
0.32677515405653845,0.9807544106307196,0.6726059578405217
0.3179968333758636,0.764601113089618,0.7240736735505301
0.30473400164712855,0.7596296811535251,0.7198481861643751
0.3015255617219762,0.7000950356138154,0.7024188219427748
0.3109621436563761,0.9223592869035406,0.7425446539114803
0.3134978839552664,0.7760227350761238,0.6975519788628466
0.30904716766396134,0.7769970981535316,0.7030083186222944
0.3101656165886349,0.806045362831269,0.6926078625411827
0.34573664377076535,1.1237070066786297,0.7349341009999795
0.31409958886583245,0.8431841917159889,0.7429845088671944
0.3205340293270078,0.8677787336244475,0.7529251780197102
0.3391946721460302,1.1567816393666264,0.6896766670711136
0.31179127320024147,0.8267829429475664,0.7079662686728792
0.30614736261988107,0.7495880960364565,0.7052038129408661
0.31466952989864966,0.7867432516807037,0.7079425549230326
0.31047902730552507,0.9371992168412516,0.6679959617336272
0.3108605424577837,0.7238679002422391,0.6982108563962711
0.3099178690827089,0.7231405997869783,0.7181756986015195
0.3307363672027477,1.0529463730716142,0.7177713376313781
0.3129528553531856,0.8182695619394902,0.6968427083217108
0.31269285637384464,0.9319613431779172,0.708026375109509
0.31812034801768074,0.8173209723046098,0.7167432702130146
0.33630904321134053,1.0789007171232103,0.7047759926837338
0.3098239853386367,0.7108456190349385,0.7100383444992063
0.3172949359268277,0.9855768878230968,0.7346697086923427
0.31534711585104064,0.7584878367390977,0.744967835115303
0.3084578040380022,0.7116150314206291,0.7530506546104774
0.3198706095435998,0.9015548445087722,0.7372695251731254
0.31632929906529494,0.7858720320724913,0.7085478401793366
0.31436218112940656,0.7462538897504277,0.7268120597394614
0.3114088108709187,0.7904646601477816,0.7220978089832499
0.3135729302362173,0.7465911236504591,0.6971890838873646
0.31562667868967864,0.7333776338114609,0.7373072128381838
0.3089537612141959,0.775479103092416,0.7219101540134416
0.3120475612401429,0.7412466587036499,0.7215935605350536
0.30646540425501184,0.7205334683422625,0.7060992826202901
0.3138738132454012,0.7776731203988051,0.7222965231254038
0.3239887764243586,0.8161438236413386,0.7295975169452007
0.31727256343855736,0.7699455383875923,0.7172480492699325
0.32193438490522974,0.7182197215442381,0.7363131417127791
0.32343879569323053,0.8582269124149354,0.7479268133533894
0.3218622808525299,0.8953209575498212,0.7344230013557701
0.3147787614936461,0.7434829731917201,0.7184295322234309
0.31693447339067327,0.7828644978035073,0.7061156797436781
0.31773815287596086,0.8965310308175072,0.6881140223661952
0.30841377467624653,0.8358148954379656,0.690497857875641
0.31738700394261454,0.7449119201900235,0.7228944278783167
0.31025587159800877,0.8247348096374948,0.7122203790481555
0.3172704602123067,0.7952381141474419,0.7133292398121491
0.30879935293637095,0.8118652717622373,0.6797382766233032
0.3144079010547939,0.8155202697888311,0.6756015584021149
0.32055313763936627,0.7958178726084637,0.6776614348695914
0.3241515058393812,0.8168809106154366,0.7235542948959441
0.3126000326190188,0.8098851354214158,0.6985000761254867
0.32872142545157607,0.9694680036927772,0.6965141786252848
0.3423084426942744,1.0131613086464957,0.7137384041632688
0.3225141687419785,1.0499325741967522,0.6850726213725622
0.3197531164099606,0.7687002180029981,0.7707159920273603
0.31750856917072934,0.7620306034746069,0.7179126484567817
0.3189786012137634,0.901973485748958,0.6810403201328451
0.31071073519544307,0.7800223720289037,0.6822929812412123
0.32005992971827546,0.8044632936158904,0.7423155717437239
0.31307511920434905,0.7945195605271137,0.678461329618741
0.353382663677954,1.2436384368759563,0.6866578330066215
0.32115539806555815,0.7904246557276196,0.7096536210515336
0.32141923560422486,0.8143728829547972,0.7178645785894472
0.3211612747934563,0.7843957831047773,0.7159222426372216
0.3255339290713487,0.9644318067124756,0.6995180138770876
0.3166139635152692,0.8799103287339654,0.7115947667204331
0.3160982733874481,0.7878927283453381,0.6924749665015827
0.3191023690148572,0.7642726859830252,0.7208203650552422
0.32193185649216466,1.03491932011094,0.6780118745914645
0.3237887573207453,0.7523154419811329,0.7398128479607321
0.3202974193891501,0.8601488044490742,0.7120473864056329
0.32861911746314154,0.8134570873644533,0.7113566823688611
0.34124534935192424,0.9982915044092684,0.7328722345566693
0.3221961767608846,0.7741785638232264,0.7290650312634441
0.3356289932879961,0.8191543311212627,0.7210010518715432
0.32628651635861877,0.9489969236630572,0.73085698018178
0.3243571229800649,0.8403896473351381,0.7120847350518099
0.33048844861028653,0.8116308433331072,0.7028824864048969
0.32806238375306035,0.8124765815029662,0.7285510441035612
0.332907778965765,0.905261771967268,0.7433018449646959
0.3200090726451291,0.7858690715271729,0.6956484543509472
0.3222584125695399,0.745823280020235,0.6883077761341428
0.3260792017311343,0.8648284215267316,0.6970325601582275
0.330792419404452,1.0312096370945456,0.6641587686153692
0.32689362031868185,0.7967106503672441,0.7164818955925104
0.33186056889401255,0.8856808143337637,0.7343582936408269
0.3275566146998371,0.8419253704938632,0.7237424010377944
0.3328920706365075,0.9093457098673612,0.7085227320537613
0.32580283190365267,0.8121331390465181,0.6797944935959039
0.3353013775701388,1.1124952593474322,0.6719905068413355
0.33011803901348513,0.8862720409357159,0.7339187572892734
0.3273403596055637,0.8799111079987104,0.7249869215875256
0.32618075309826317,0.8040316096136277,0.7329592323518455
0.32165469201530483,0.7651054523921733,0.7370942755548568
0.3257523742999792,0.7718183446403744,0.6922844489582302
0.33060431147800096,0.8272261982353206,0.7305717670592615
0.3237476874336843,0.8610721431311597,0.7042596801659333
0.3183532648618421,0.9057142084411156,0.6959889656912224
0.3274009307875221,0.8699222705243391,0.6946429001720711
0.3277298167459986,0.959452547857374,0.7057238643943652
0.32744030251421635,0.7744019561153249,0.7306564973657903
0.33079824096008137,0.8538494110610305,0.7142764316377769
0.3294723316995786,0.8217766393650113,0.7102474906380171
0.3340894445519209,0.8766496090386525,0.7175723758314141
0.3350195514038175,0.8110815466444318,0.7174397979035047
0.3396108142617665,0.9047475147005904,0.6925720803860659
0.3301059031590914,0.8461972262841597,0.6905935199496309
0.31858381504922906,0.8422624930019079,0.6441630198327549
0.3302229355990444,0.9120281539708672,0.705574534649745
0.32552922491866454,0.9618679272446596,0.7013944707052007
0.3331824440133281,0.8911063681298421,0.7488359919034291
0.33265901032302136,0.7804242087498975,0.7217175502601668
0.33492538158747837,0.8460017163568873,0.7311927473378991
0.32968439093477203,0.9500895370946012,0.700245727205049
0.32601010423371746,0.8156003726636735,0.715334696612961
0.3242932513218311,0.8808048037793408,0.6779223306107877
0.3178873617969384,0.8671061991286295,0.7008480328050223
0.3274603650260189,0.8104268596582211,0.7242688315660166
0.3268247413912117,0.7765641161200694,0.7152260826069694
0.3317482494273555,0.8051892364973703,0.7290097143595685
0.3284668774746769,0.849816930305355,0.7020320362543828
0.33809690294970535,1.0944111370894587,0.7086514161769331
0.33204114861675205,0.9216934860625337,0.7105873701766698
0.3380223502671591,1.0957799481643185,0.7351100126570017
0.3325107871829164,0.9276801544140324,0.7357667750950561
0.3254136349296632,0.7971202441810246,0.665898579130165
0.3328193050443723,0.8330793856702811,0.72662233219735
0.3234072442502808,0.8588883701346056,0.731217193138758
0.33865022888505203,0.978578505994797,0.707554233182449
0.3322369173252238,0.9005478605323859,0.7614405106284665
0.32759861900804016,0.8537819196128205,0.7057127020099455
0.329297585650621,0.8184618648172571,0.7209341085309922
0.3284843953932903,0.94486987552472,0.7612736869499949
0.36600033798947496,1.50036541203963,0.7057165672340371
0.3332817385375495,0.9907028286627076,0.7254151875023125
0.3332774316699242,0.9138698474245444,0.7292720181112017
0.35869220287618014,1.151005787256996,0.7022039498288293
0.3347555266342588,0.8312971154226588,0.740112097971179
0.3698925814502815,1.1810299855709423,0.7109971501542529
0.33995207511695463,1.1110657457196944,0.7455299648183857
0.3415146820983882,0.9382560334065112,0.7256494445548449
0.3272048649842248,1.0083059091658166,0.6932882661630947
0.33389619268165116,1.2124304447963858,0.6721463869810468
0.32592801491555246,0.8044308690293969,0.6799448550717294
0.3294354440012947,0.8368506718811272,0.7194483785989906
0.3335702812460082,0.8595409875537036,0.7179614882984177
0.33099398415645803,0.8206800284421863,0.7055615700826071
0.3334239927546893,1.0595422437402715,0.7090247094885954
0.3226774102150974,0.8211670014088259,0.7217259513435755
0.3211202708615617,0.8344033813892334,0.7054398268174397
0.3211293627653313,0.8017405847398809,0.6772473383686851
0.3242747604400424,0.8732485667579823,0.7071911751872133
0.32507097084775954,0.9039867893228372,0.7285986674906423
0.320956311673472,0.967197408625708,0.7121138623929147
0.33132891674314247,1.1680756828823626,0.6828853826466105
0.3337184408592389,0.9484716530131628,0.7271070741786825
0.3270158010039492,0.8266058341340061,0.7463042396626092
0.32593245144270716,0.7721952607670864,0.6960712530096198
0.32432875195143984,0.860350495697875,0.7654211637816485
0.32462727656020846,0.7868564510954466,0.7099842391257722
0.32715860640949473,0.9405494589757688,0.7180117321076058
0.328058683232278,0.8011711250868688,0.6998492270262956
0.3576684433499541,1.1533296166438605,0.700101878121771
0.33234805703706055,0.919972021272054,0.7191929268374211
0.32911704670483405,0.9467438049406822,0.6864332503854097
0.3244482088859722,0.8109036917645501,0.7128621795264428
0.35990177591438005,1.1124484940531891,0.7151614652443321
0.3306330502416704,0.8082511054324023,0.7612885835489783
0.3431132918973528,1.2199074800306664,0.6952426740264346
0.3318960949167384,0.914717773893247,0.7226263970078783
0.3427922013694458,1.0528604923106557,0.7305198880959289
0.3339199481162,0.9912902174320374,0.7139781505506546
0.3222224969648654,0.8228865002231225,0.6816918202283007
0.3393734994505863,1.0420776172117714,0.7368365834229453
0.328351848856424,0.9717532446902848,0.7069644323881286
0.3291948939562561,1.0227405130574636,0.6894609325263058
0.3554028404083284,1.2275838967465604,0.6929498819003764
0.34446540092412997,1.162825025874356,0.7253237025309034
0.32706950567796234,0.8266218314222102,0.7159761538069029
0.3397897632163922,1.1712935552680903,0.6908390048025693
0.32663074721415447,0.7953560922127941,0.7293214091670417
0.33575008179893284,0.9604095546403936,0.7373317801228072
0.3548032945437079,1.2477829734885255,0.7297150097105991
0.3276186921838712,0.8622649330144371,0.7125417805976177
0.32999303175734757,0.8430896086205479,0.7416809575276728
0.31947188244703906,0.8627691660605413,0.7022269018192611
0.3306478026084664,0.8498518652623658,0.7243760703304577
0.3375115766587071,1.047725581368992,0.7253861622749375
0.33537181961449986,0.8419890144383357,0.7500463969589964
0.3295854805612165,0.9190927020640972,0.6927712807021946
0.33223524609612504,0.8710731138013766,0.7226505153043373
0.3251296356228016,0.822550659322689,0.6809720002539089
0.326694434865628,0.9153496851069156,0.6960982472084151
0.32818763095769415,0.8505470549964775,0.7041505872785357
0.34557149110280977,1.0821027159731134,0.6810692310931944
0.329308760038948,0.8218216371929417,0.7153442832296473
0.34098089926568226,0.995544655472053,0.7086599693291311
0.3440542215086998,1.1052236728391052,0.7432230393157083
0.31963047878713907,0.9125482881365752,0.6663792820401698
0.3310223032812353,0.9447683788583534,0.7073395098797752
0.33419743889483605,0.9104435438797328,0.7193806836983755
0.3321929316198118,0.8950987164297753,0.6771858001014226
0.3399136318646065,0.9603209846758004,0.7195720237340737
0.33622216703369207,0.9970538654391298,0.7252242946702523
0.3658041171451539,1.3475775902087974,0.661990804936877
0.3366826750549697,1.0696572258673966,0.7186700390963376
0.3339673928606879,0.8317663864949028,0.7269189718663235
0.3371074842079135,0.9248031132591426,0.7089892829647906
0.335471188765214,0.8099317563926735,0.7068772871921533
0.34326288489066303,1.114979704871552,0.718693565141001
0.3383693947695107,0.9678742121541906,0.7222959527501908
0.336130718815922,1.0785525928399533,0.6898920275119513
0.35756455046073654,1.4294001552124445,0.6709177324409902
0.34624058521129614,1.1075266628780616,0.7725285558763916
0.34002301451338757,1.0565137346049271,0.7127736452964315
0.33760113141656756,1.0504855796666346,0.7001303468645653
0.3396810345128684,0.8811430092949629,0.7111263842462759
0.3367906775705935,0.8790425334520424,0.6828032937477159
0.34536166803660756,1.043408841560503,0.7358432834715619
0.3432025638633868,0.9040791293284716,0.7852948562363771
0.34629545900447617,0.9978724363432958,0.6872307270677034
0.34361660220843837,1.0133928107751649,0.7313214028451225
0.3299694797690539,0.8286369221562324,0.6744832305416508
0.3413464345449005,0.9045250095941996,0.7250479652329571
0.34449022377319705,0.9497658264900584,0.7508117053444323
0.3390553674746392,1.1176190347749204,0.7312972878207217
0.3438112425724271,0.8982735453315956,0.7345080710400369
0.3416226707269983,0.9271181517319868,0.7210146671241394
0.335803993810812,0.9529076892102256,0.6978800126799664
0.3369754488788129,0.8656707323076871,0.7056722307432275
0.384918668990691,1.2431517172346596,0.726334439575828
0.3454974510414238,0.937975199268272,0.7250900039892018
0.33638727986630645,0.9550494105894406,0.7250604363752657
0.34167626808567936,0.9742533299040296,0.698345696987673
0.3403970411897589,0.9241311948261977,0.6971433746245759
0.37956206503340517,1.5559950705165206,0.6965494899098217
0.33439985626168894,0.9554461984385678,0.6578424263252939
0.3404963919753861,0.8737460813605761,0.7549923360557943
0.3373580819099056,0.9599784951312748,0.7113911927087786
0.388436338297276,1.4696501524887873,0.7456157191476673
0.33858310229898414,1.0517556637739098,0.6689790442498941
0.3408651914245793,0.9682725847225916,0.6989524233727653
0.3327239566530509,0.9694547895046238,0.6955873200761062
0.33250471140865884,0.9953816014568148,0.6476862403219131
0.3340680116851886,0.8664073558690346,0.6628973187722265
0.34471267875467604,1.0753243439557192,0.6992856789406724
0.34136346062382084,1.0091982985261343,0.6635472767802342
0.33720232536396433,1.0572651097980927,0.7115376107593185
0.3411257275622979,0.913819616424514,0.7603122293002024
0.346202362881911,1.0085965746617078,0.7081331374650272
0.33472491817198363,1.1501391295474983,0.7115735453936414
0.3400701814884775,0.8955018820732485,0.7206394550686268
0.339106259449385,0.9255699218364616,0.6892509537110798
0.3374853782097212,0.9675434439273348,0.6880016897495401
0.33940172761788134,1.0385068037884742,0.7424989939081387
0.33145573720269145,0.9439381273126602,0.7062604852246779
0.3398789922633365,0.9017912479114064,0.7101135827719902
0.3634544042650642,1.284506765261476,0.7698816740657307
0.3383387933577174,1.084118313956429,0.7044070409426955
0.35701365935688556,1.2960957027062714,0.675340000442295
0.3618626929828357,1.3206530061506414,0.7358992101060583
0.34653078894414596,0.9573034105684448,0.7338938823875218
0.3368277540100576,0.9540221323223398,0.7205072529328096
0.33687855875515715,1.049892578571176,0.6840029848357652
0.34148636925764625,0.9611554041364077,0.7167624177886533
0.3462112067633916,0.8723791991069557,0.7612368213403703
0.3514631743730369,0.9995560139139988,0.7299960236498471
0.3372497085594039,1.1529135495950475,0.6951334279199867
0.3540539760471283,1.1099565088064556,0.6728957945662281
0.3392788370381796,1.0306056610585586,0.6953399349727063
0.366432827135672,1.2041204228705789,0.7657932380485398
0.3381524621120305,0.9511618891531156,0.733010059106857
0.3417760021991086,0.8671588964621239,0.7371241211925802
0.342002782619031,0.9385744169787064,0.7305078438665062
0.3345819862429049,0.9636555560166342,0.7127661022185515
0.33573714344737576,1.0883534488187292,0.7210949717755585
0.3496863215706404,1.3290386863729815,0.7122722152498531
0.3376524862510607,1.0213705260624515,0.7022989487586645
0.3387553107727414,1.057884016008274,0.7101447423080625
0.3541508922319377,1.0670797708623303,0.7594189786712658
0.34081685459794075,0.9584326895233573,0.7567414488116608
0.34003953747133847,0.960360014915316,0.7409940401314775
0.3414483428218132,0.9993573088550832,0.7052803639459124
0.3349409494343146,0.915421446087874,0.7223417318647621
0.34651113468476324,1.0207834251677688,0.7615619597208727
0.3330916992058508,1.0050320769088317,0.6919911429314147
0.3524533267793385,1.0403979542602526,0.7680298254282871
0.3436954066165597,0.95657633279265,0.7377799779305778
0.34626424796134064,1.1169393787848605,0.7065086309108589
0.34605479785148235,0.910855472442827,0.7585821658581551
0.3387714616513095,1.0059719399282891,0.7391195460936943
0.34918630511329485,0.9339199114369748,0.7645500957151762
0.3409838489648056,1.1302434114456548,0.6749891263077036
0.3530735429619503,1.03131375537163,0.7445021783193385
0.33828495603763237,1.0711913767742285,0.7001366069024528
0.34154646670466793,0.947365643036972,0.7540525056781489
0.34007209761237434,1.0885486988218194,0.7040108691548752
0.35398470725697895,1.2604911796677518,0.7649969791573078
0.3324062221216325,0.9787955221590172,0.6913630371610547
0.3390479535957443,0.9970096541418516,0.6916592480555829
0.3457132648099835,1.078659264008155,0.7241775417931489
0.35396041555150465,1.1389453224331312,0.7424906010046459
0.3467096040465858,1.0981442274934006,0.7003325649334697
0.34517194368284626,0.960162326741974,0.7465864487930677
0.34974241445962695,0.9929475125371021,0.7588413246467419
0.35753866689278924,1.5076896636842754,0.7187119203112584
0.3423580977829621,0.9071132606555408,0.7536418183401294
0.35634911617045484,1.117528920414663,0.7129049217017345
0.3402172126384277,0.9156959006568244,0.7185948041189419
0.3483061371167675,1.1009084816520391,0.7325629564207027
0.34714932286332256,1.1607339790790832,0.6735059193276908
0.3437073948907398,1.1526610314280328,0.6803971130996613
0.341660562407703,1.2089192470679273,0.7343244270919526
0.342492679828993,0.9401975784504528,0.7144292685374483
0.34710669364605007,1.1646171900702718,0.7118043812871677
0.35079761564750556,1.143853539449495,0.7905741792217116
0.36721126560526995,1.4247132149405706,0.6890429913077676
0.3382276506500248,0.9883412384300138,0.7277400536197209
0.3474882801441786,0.9748195173540848,0.7568888723730985
0.34266360652469346,1.0867522592284056,0.7233557871012419
0.3378423353850457,0.9929170046179168,0.714632042115504
0.3426581246336757,1.0446129111224192,0.7272198516091938
0.34230852859995897,1.222653755089538,0.7059784053406294
0.3374173248248764,1.0859789829551507,0.6959074650818916
0.34295430767733415,0.9965317723306172,0.6969794274300596
0.3441484557725444,0.9696741503393032,0.715421834954178
0.3757442876938811,1.6127960471933838,0.7111896502615354
0.34974250099732174,0.9897407709815657,0.7218619694045616
0.35191729635660346,1.4883801827771348,0.6964374025098127
0.34463569490343743,1.099958654206192,0.7109183139116112
0.3387450423699257,1.0609791061201488,0.7422786426368994
0.35833458784909283,1.3112039765476855,0.7527552072366768
0.33896300617952624,1.0141351420505011,0.7290127285441568
0.3479047557784385,0.9609863476500982,0.7606536374573051
0.3580053774085493,1.4504035384839764,0.7386559536388502
0.3494717088289699,1.0044116746653076,0.7636565270931303
0.3504446380622485,1.173971223253788,0.7063686877514539
0.343251622630966,0.9699434575428012,0.6989095191358112
0.35127157970787654,0.9577627692008536,0.7427899287381844
0.3455373075701703,1.048924348002577,0.7249517484778264
0.3450468937977132,1.0186719776208728,0.7257235413293514
0.35143894088182226,1.0761506466877464,0.7552224625519375
0.34365412870959894,1.0533948325861404,0.690488844985947
0.3449734899196107,1.11741906692942,0.7234966899444831
0.3571689998039107,1.2842823385573288,0.6919737449332249
0.35440523463152274,1.0116880281206742,0.7752632668627389
0.3538992664934308,1.2546770225664838,0.7388541520894324
0.36153745574219454,1.3001956705405249,0.7522613684122974
0.3597438403331812,1.3152689903527703,0.7386845805516257
0.355132618015663,1.1118431068641017,0.7289405250740636
0.39051127371887295,1.5111851454806295,0.734975656954814
0.34633943296685704,1.0954677556422103,0.7407661645678799
0.34952905049774174,1.0266424243148715,0.7530535035589078
0.35011717578233253,1.152690494637813,0.7246006415950578
0.36461632640364927,1.2652268657274013,0.8350894352302137
0.34772570718789547,1.1187981570656946,0.7444835721791863
0.3696244047415851,1.1941377903130674,0.7180778542457905
0.3501202937120526,1.1101356507450175,0.7177972294867963
0.34322272956657124,0.9567663608708844,0.6925132855792213
0.35541996009971205,1.0873925956244606,0.7423550824674063
0.3899283883520812,1.6746923662582218,0.7380101052959719
0.36098586034560326,1.4700925108315022,0.7378632471289983
0.3569271839683445,1.2328142124277541,0.7393727518893595
0.37262673405130997,1.4252270464728929,0.7721644953244848
0.3577114869594023,1.148361821653301,0.7338491562632352
0.3491487107735234,1.0698057570792858,0.6894023407583612
0.3710881435891425,1.5206690095110569,0.7141198111576986
0.3589461589367715,1.1322485715247363,0.7220968980866422
0.36308213241074605,1.059757431881557,0.7220343034668896
0.3748568474969141,1.4801397772844689,0.6831109428961483
0.3714277546970131,1.4910322073444058,0.6968143636916981
0.3641132203547007,1.2793452527134097,0.7087556858771518
0.3663864800169555,1.2891419209257924,0.7383629525438363
0.35632306066409947,1.129095024110987,0.7163644664653943
0.3683119699235387,1.519557464438121,0.7150078388395954
0.35989666111328306,1.3691135887380468,0.6816034694013152
0.36166638671237333,1.4294917786035215,0.7513598579040096
0.35173813186872577,1.0871416679896346,0.7191819474567096
0.354040602076635,1.151953051074971,0.7412607538730824
0.35348637508886166,1.2467116426324252,0.7416422109750778
0.350189646844398,1.2377950145940848,0.725434010603793
0.3378618348866041,1.1079424432844214,0.6813543824291152
0.35996837862870323,1.2634040831715558,0.7738244332187462
0.3406846688656189,1.2626032961745248,0.6820021983658693
0.3670093203571983,1.8013661840577315,0.6928099697798357
0.3551897046490005,1.1191308959634367,0.7437485528506493
0.3391451615863054,1.2049693754540738,0.6969709945189253
0.35979611533873906,1.3302397476164511,0.800771443634234
0.3520302756077659,1.2205282714102317,0.7321271474881458
0.34886623982889314,1.2780774304953706,0.7730481200023805
0.3542536812941222,1.380810424281837,0.7155029430562304
0.3611258492386455,1.8984500797424588,0.6955393691727998
0.3484043833093008,1.7765581398232662,0.7020409797556062
0.3572724694558377,1.6357861904559403,0.7335824119571304
0.3476318854428384,1.4608974325377728,0.767245065628856
0.34079828726257305,1.5209941607598538,0.7105749585172046
0.3608309701167069,1.690836885418601,0.7738375816897206
0.3686946189693715,1.46794763024693,0.8199582905532041
0.3589516192347636,1.3124996355602858,0.7870054667884123
0.3675313226902123,1.4091732507825574,0.8678542877251738
0.3597459922073011,1.3897461871634351,0.8168285108939272
0.36766403128317127,1.487506215142525,0.8838695642872136
0.3632651279284866,1.4646804383204841,0.7860205385712536
0.39777430702647926,1.7634825135686878,0.8442959532928239
0.41150778076207434,1.839359300842046,0.8400464818582601
0.373464379406081,1.448391437551445,0.8683871790278046
0.37856233498992703,1.38793622068614,0.8908258212566318
0.3782027586274471,1.661315289402601,0.8551608354500467
0.37243871732051087,1.3486572949770512,0.8349791098262485
0.4311807534881906,1.9290363903395251,0.93906688388086
0.37829657141776535,1.4441561748080738,0.8766515485944238
0.3755838291174844,1.3713450094785449,0.8640570460923357
0.3810263025082345,1.3621880676318592,0.8488013132816736
0.41016290412006773,1.7042833668396549,0.8668093108382589
0.3746979878550318,1.3733846775631653,0.8565272012271489
0.43869807920308085,1.965042073381782,0.9037599538372748
0.38435916855446134,1.3230136738319955,0.8555463264836395
0.3778619653819569,1.4513283744061911,0.8943733466083169
0.39033080687005833,1.807287666674318,0.9264103071656032
0.36783010485491324,1.6194704668455986,1.0873709520316035
0.36495554673553127,1.8232403501363084,0.8979083413427511
0.3896387865487891,1.9217070334927409,1.2213621103399317
0.37045231071198687,1.9078709976145682,1.5482685603002302
0.3690020953497344,1.9247169273205509,1.52599322485035
0.3687261497291771,1.8887731761390083,1.562194177725853
0.3757041803245601,1.9152634655067835,1.5462732203947958
0.41798584250469284,1.8862219157977391,1.5221855100678092
0.44723177531290254,2.9498779334558454,1.5501656973650169
0.3972875819847053,1.8772006897540128,1.5397423101040717
0.437157617846097,1.872176745797685,1.6206620042286106
0.43631875156219313,1.7584187757415208,1.494007357493072
0.4495008030649461,1.9607046328671904,1.5533287935771325
0.4605936409177001,1.9795313212694687,1.545764983036985
0.4523869065662755,1.841226560871572,1.552314193248214
0.4563696104902472,2.123875965939776,1.5284047595148704
0.47280960156473084,1.786459961121797,1.5422004360259425
0.47132361645188214,1.972515193810519,1.5580602681566953
0.47180092266590845,1.7837841431307495,1.5450694462620105
0.4760800823640367,2.0186562648924498,1.550564380589457
0.4660211577223593,1.812540723508472,1.5204976415180864
0.47079260845660326,1.7799360639313675,1.5408357766877654
0.5110633945173888,2.663252933434608,1.5593376254644418
0.4888238116478429,1.878942302167728,1.5211035822090957
0.4831229709384397,1.7998962086073218,1.51131279378754
0.5397207705132602,1.8218493824153856,1.5689599411697477
0.5623748215560751,1.9330159017069943,1.5194708071712353
0.5527551095083996,1.9353205379391896,1.5529132267495789
0.5553051228842476,1.856406723841596,1.5316942259804316
0.5584660961543418,1.8593250484222497,1.5801228833493297
0.5550027442127797,1.8604547676161918,1.5599554011741892
0.5684910947078005,2.2661154049305936,1.5303912852964456
0.568867859277583,1.9724040477594156,1.5590432009641981
0.5616757861118666,1.9145375327076335,1.5712746523922076
0.5704853876179504,1.8961264886362557,1.5816353969771668
0.5586268267572662,1.9792910628195015,1.5414404584446315
0.5919211628972616,2.2191561652167757,1.5233866190773655
0.5807280267161059,2.0647105223744013,1.6294745642676105
0.5861963261128402,1.9798249958462133,1.5389494363326464
0.5887332893099184,1.9373527838087483,1.5610090441018536
0.5837531657168864,1.930430595553012,1.5332606210996276
0.6044041531792744,1.979813782888708,1.5459883492070838
0.6099036691412878,1.8803500954391104,1.5430266765458274
0.6030432591557622,1.794959739029403,1.5603558542363587
0.6309824746819759,2.131667760411894,1.5627941390680442
0.6145899971211698,2.056363022264734,1.5411218735371393
0.608622311120167,1.838632914175042,1.5377698730730776
0.6109965323578368,1.9792905296872791,1.5951603768307638
0.620883040769484,1.8056545350992264,1.5595260228394106
0.6225154523078958,1.9565842568437195,1.5592564502900632
0.6323574702135363,2.0571059979577098,1.5428601433189388
0.6464480176078177,2.099400365176184,1.5295812623216856
0.6720159530985033,2.1144835727511384,1.570914971550753
0.6441591185671327,1.8543158740814925,1.5936336895139056
0.6477733387363039,1.8813811030357923,1.5581098080016702
0.6661264592660824,2.143591032702892,1.55467862568414
0.6573823853626675,1.7778828216585836,1.5147888150256563
0.6637765667067129,2.0711189227938824,1.54070607820863
0.6506180777828261,1.8627338906019024,1.5536443836409315
0.6630102780989046,2.481918080264591,1.542523434076508
0.641244079493594,1.7820098928984458,1.5583637098989431
0.6554249299407896,1.8461704546164832,1.5495222671674216
0.6702067987119139,1.8226901883901483,1.5125755081560048
0.6575825866701724,1.6919646849476886,1.5265940446293569
0.6563564786617453,1.9356298665599196,1.5059824414309244
0.651032824107264,1.8226052331424536,1.5415248689492351
0.7006632731454353,2.2635950424433706,1.5139236506793778
0.6557855740751758,1.9734489649156868,1.4935618093262175
0.7029563807001451,1.6797139916604291,1.5059991581381942
0.7030198685450654,1.9004409887670848,1.507660386128875
0.70303890718115,1.8440075581980415,1.4463414120505738
0.7250126876628898,1.7150577565822198,1.5094786764088248
0.7508850053986477,2.211013776729404,1.4793411070405746
0.72762607836868,1.920217862623952,1.4797527850278038
0.7202933393005567,1.8497095645195307,1.4714714277813457
0.7379453614998158,2.0328076286562133,1.4896007454330782
0.7235360671001351,1.9074998032294708,1.4905869903994042
0.7432652485055395,1.766642297703329,1.4813469719953147
0.7481182989395738,1.92254001029436,1.5104767641311898
0.7860246473298113,2.5943859678735617,1.5181862805515336
0.7589728750920395,1.9377946651521,1.4714168599587074
0.7571981947697562,1.830064704442776,1.4838015627112562
0.7996170962356663,2.558910159541156,1.5311150833532725
0.7721493521230213,1.7785265078764023,1.4425116315911246
0.7787795937801544,1.8888254711118229,1.470678118322668
0.7689063332006196,1.7516194496500557,1.4609425383945984
0.7812147055230426,1.8222671366382488,1.4618525709976702
0.7745595676050934,1.8702382266580064,1.4717737880835833
0.8215233842425189,2.1823078685881208,1.4095264341730558
0.7909384890234766,1.7153118564710927,1.428693403503235
0.7729276914294578,1.6793982755321988,1.4436605763181718
0.7726946157081253,1.7800960401880639,1.4508985638127874
0.7801233816902238,1.6317133124297156,1.4022975749127196
0.8470685334343568,2.76907123932508,1.4302568209724098
0.7756559249313616,1.7749629729665104,1.409979724459699
0.8801713139391295,2.857141472263543,1.4382535589012049
0.7921922396641959,1.85445195981679,1.4386493565476757
0.7900840358675265,1.8704184749300905,1.4632324946887545
0.7849779942286912,1.7695987855946111,1.4357291482016623
0.8065156404801318,1.8931439984987732,1.4112124106048864
0.8178787559852035,1.954374268704324,1.3964928274119186
0.798171992686342,1.7541546980645302,1.4369109653893586
0.8575631404032308,2.231902256394973,1.4107747498651555
0.8626125101224704,2.0575404270508555,1.3802371313645123
0.8345426885715838,1.6768309645261217,1.3961865482825837
0.8231879343447691,1.8088579420328723,1.444790783934314
0.8532897592973155,1.9980153391435858,1.4092221445735218
0.8119194057693025,1.7574753719938616,1.4457416799378786
0.862668346794047,2.260022827204628,1.4009089644356028
0.8421118364901479,1.8701576084467852,1.3990034949711765
0.8454387191053895,1.9821458523898412,1.423362121355525
0.8474544148706278,2.104318938758982,1.409393673880708
0.8346370765755715,1.7223915567361354,1.434124660403005
0.8597214258691456,1.7926918398549283,1.4055563314963877
0.8396541752999831,2.0182177288203773,1.4218850190249392
0.8581856304457139,1.876205388309196,1.4486028926037848
0.8369838828720638,1.6295746650843297,1.440242054570654
0.8520436045402326,1.6521273587770111,1.43542285606493
0.8485083340356193,1.6227921709873616,1.422630383128339
0.8678308604550868,1.853208990222939,1.411325804710992
0.8719742789464279,2.3577753293602317,1.4424358250131857
0.8676775554747075,1.762970618204751,1.4192359684047955
0.8549489613893684,1.6622851837657988,1.4530911739511156
0.8591621580077067,1.6461121346163707,1.4314655640982143
0.8761354057649269,1.7154526910766297,1.4315330905052968
0.8631210798628655,1.6637908265137815,1.4360206357199232
0.8577979777889733,1.803207530886504,1.452409698046046
0.8637658246651378,1.6204718820505262,1.4810449957257312
0.8777565423944624,1.898628803851529,1.4305388158666172
0.865840453204658,1.7017982257232451,1.4437427190543854
0.8582288536764991,1.853000424500195,1.4168400014829483
0.8860780802474398,1.7598645039642549,1.4236408409955816
0.8750620943956319,1.6719843027832904,1.4219549905656967
0.860273906157854,1.7141774004094124,1.4444624586672563
0.8827552872940486,1.6192642345425106,1.3950033193872036
0.8792624717676925,1.7818772862819685,1.4329787862886008
0.8728183847063139,1.7054010457515645,1.4164878104685237
0.8734414918947777,1.7329210371758912,1.397867924912243
0.8882954805636234,1.8095445874181524,1.4266446315913788
0.8927752535669555,1.5343482895920797,1.4272116302633533
1.0087130537380482,2.541918646925033,1.396810932093424
0.9462236419347974,1.6770718997345135,1.3999820429330359
1.001625941018378,1.8547565866178004,1.384431688488425
0.9218247119583454,1.6619123380953646,1.3751561304854183
0.9357743220521955,1.6384840199349575,1.3500756596722283
0.9229971756430737,1.5682054493605,1.3674293418923915
0.9179800623789219,1.4904099017414745,1.3260546433736269
0.9521067651263594,1.870378852315484,1.3427200412166187
0.9188780598498756,1.615432070308184,1.3814327051215582
0.9374671553342139,1.7766039754706144,1.3820353473707687
0.9961798580375372,2.250652089878941,1.3463067481330433
0.9491592212577403,1.587625147879858,1.3424114202403614
0.9623389086195696,1.5775610219477256,1.3376611489245556
0.9628253510689909,1.8173432158102352,1.373279765056446
0.9540600512105069,1.6344519269952604,1.3311466342302096
0.9378298876177895,1.5240080596701548,1.375682763936653
0.9660293518523342,1.6329975797654797,1.356806599908301
1.0386092451329565,2.0715753613950945,1.3369240516299634
0.961671505091717,1.5971121256445386,1.3426650489707033
0.9569562286497069,1.72129471500456,1.3107743748152196
0.9723155310458831,1.564018200419531,1.3026662310273716
0.9636898532458638,1.6183198933504677,1.3450078687717604
0.9831596766451215,1.7652533492731473,1.3440481878813964
0.9615216933432371,1.4998528765926318,1.323003241826891
0.9560168064101956,1.459453710304462,1.3529331438025272
0.9769571969620153,1.470298416463394,1.358239999953741
0.9693630533058729,1.6337266549336382,1.3277351372693744
1.0123305903593085,1.805330847308827,1.3512920544963734
0.9699554169995868,1.8236718552567293,1.3396608222627828
0.9759841148046388,2.0046345679946844,1.3284650747284907
0.9781250543034554,1.5069300365017442,1.321371837333544
0.9872601902776124,1.6124024889756319,1.3192037412714646
0.9845088164911032,1.538700003517248,1.3060521389283806
0.9797196829820841,1.5433676788617487,1.3282374041091207
0.9941314517620078,1.8106533248193024,1.30591221603301
1.0042962954484143,1.685687630953804,1.293595630800428
0.9920304291537474,1.5683020634196498,1.3142228059268468
0.9849170952318221,1.488350361527062,1.2964999429909625
1.0263474904176466,1.6810497491250675,1.3129393781590588
1.0062228404297804,1.4640277873895635,1.3009499514011893
1.0077081622839215,1.5675142823977892,1.2936186283768778
1.0196653948413317,1.5281580852260788,1.3305957446261532
1.0198432548227345,1.5844424171681275,1.2829560337145216
1.008318850928352,1.5580321292640855,1.3188978139194685
1.005427823271895,1.4811157390901066,1.3380108185883597
1.0013057482282257,1.5276002682701069,1.2990723121969014
1.0015561529558084,1.4977512608954284,1.3177782865591872
1.004790759085858,1.5726402492229752,1.2784271748097549
1.0315904130782905,1.744717473149241,1.303241472265631
1.0153747932196227,1.500792483622143,1.3025842440929558
1.0285279738757205,1.498512039095821,1.2889724359397523
1.0220902120176414,1.5585354759559298,1.307819075735112
1.0229291942719119,1.4623330281141875,1.3045043556686562
1.031838134080569,1.6569220515107173,1.295124139289846
1.0681837812058945,1.857494636522914,1.2807054074151012
1.0362678579844589,1.6625263351464965,1.2661272909838046
1.0243929139514811,1.4683427653348522,1.2788571582268546
1.0167727920391483,1.5811577861904915,1.3170058024517972
1.062148052282299,1.420718301279417,1.2795926855233837
1.053529398854191,1.3727696998237315,1.2949869719048523
1.0532242804760126,1.4250810369198843,1.2796963054257586
1.0622867598245913,1.5240031587615064,1.283932407339509
1.0457871264297611,1.4537580479271093,1.3116748390160755
1.060591830811603,1.6520661527902056,1.31438672704884
1.2112006546226248,2.4088984096432204,1.2821469232147598
1.0719350318390182,1.5314774033663412,1.2883106466303322
1.067388408195498,1.5511383718749543,1.2878283737217884
1.0843480742237406,1.650892551523102,1.2952021707487031
1.0731387651318705,1.4495505925765286,1.2946747638274625
1.0648628412700583,1.5173327290594785,1.302126459853599
1.0711219832072867,1.5401881698870101,1.3122514479753706
1.0505291013875044,1.5708735970707997,1.3097087431457153
1.0952939955192176,1.5842802886338887,1.303258901536604
1.0681938486383489,1.4805755207981104,1.2831568723045728
1.0654847657147322,1.5523946643513735,1.3291646028182376
1.0827202469070512,1.5418533386118642,1.2918965942707084
1.0806751537121555,1.444946183504816,1.3080528982494235
1.0745031352749161,1.4591355134588142,1.3163403657124064
1.1812288073110706,1.9382002481659129,1.2887248455819889
1.0437146413840925,1.5485632537453842,1.3057821073645357
1.0701198557183864,1.3672440326162965,1.329123919648402
1.0856590017690526,1.6096186315458771,1.3077219221088432
1.0922616458578662,1.80470308246562,1.2968497716074894
1.106301802537447,1.7298054787671326,1.3122317577810676
1.0948003512172388,1.630772067925729,1.307465268117896
1.1803860680594016,1.89945273099123,1.3109514609736297
1.0928040573586566,1.6054047494538781,1.2985563657822112
1.127510524937006,1.8239570273765973,1.3078100847868968
1.119184521853167,1.7644348651279562,1.2995764187317826
1.0981410181560358,1.4499246295948751,1.2755916506999596
1.1061264190534437,1.6871629853960628,1.2870013363423465
1.1003729829769073,1.4543572588116518,1.3223539789256582
1.0965373435937575,1.4469169725119282,1.3126671508687582
1.1023742392210434,1.400650961707474,1.2850284317926417
1.0987080285808506,1.5216807484856398,1.3024259517993075
1.1100933233574424,1.6176521036534437,1.2808014141323738
1.092722370631522,1.3607424317726629,1.3000829463148489
1.1184042249103037,1.6487628620750812,1.3086384138796079
1.152687649497933,1.7118929762992008,1.2785958586048751
1.1003219413978491,1.4170469168978317,1.2974921536197146
1.106675228844777,1.3837009149905537,1.2754762953928491
1.1240754105770085,1.3831263978439383,1.2620029838913431
1.1245744766999874,1.5293728309820276,1.2558014858593247
1.1278361148309288,1.5058944027238237,1.2557576671151838
1.1185924986432547,1.3293292516463435,1.2048867260629583
1.1101569226335168,1.248898819492438,1.2052984846063244
1.1179746822364018,1.5816591463357923,1.1978998229191644
1.1156931407460609,1.350406157157006,1.207284022608825
1.1183848257550577,1.4115445988354642,1.187410895956338
1.1357586521660692,1.4303351338015855,1.19978247607487
1.1158543430610988,1.2070605490347086,1.1470423966025158
1.1172779147267478,1.3662591417129233,1.1688783592303371
1.1585846027925766,1.4272238090933365,1.1806099344610683
1.128112821621585,1.1958567616505342,1.171331603219086
1.124573553381213,1.3160848318887794,1.1804501868835393
1.1426850054017246,1.3533510351741316,1.1842051942235672
1.1509220275066119,1.6099730638271106,1.1807800817816292
1.1237309088326406,1.3128064756086744,1.1639620938961177
1.1416072446127412,1.2972911992198073,1.1669394631448868
1.1394243620814826,1.4807886824232377,1.1825725087668062
1.1897964479460246,1.6530793088533942,1.1871759727781337
1.1598632659668022,1.366135375306435,1.1478046545086755
1.1515682637992675,1.3164339458574221,1.1756796949809318
1.1610323907665563,1.4951598156927377,1.190778456693948
1.144942340377853,1.2899731622891784,1.1851944095980018
1.1531939761894339,1.3968074807165096,1.1947476332608655
1.2179124048356684,1.6894750481299254,1.1647269769875677
1.1632038766583865,1.4202130819035317,1.1634610286360283
1.164520057261367,1.5974356769412557,1.1639756361951377
1.1687023071413083,1.4100676526091918,1.1519677853537302
1.1669617227536937,1.3499451153864113,1.152944279532083
1.1554995889471054,1.5330609349228366,1.162014674253366
1.1563460090450548,1.3308491882328517,1.1599588903213398
1.1570399318247315,1.6380987388709978,1.164487194167522
1.16673933056893,1.4217106103820725,1.1668207591078454
1.1876005103716771,1.7961366792505518,1.1499835425694849
1.1749839187197273,1.6014537967915845,1.1638290400795597
1.166366866142208,1.389402423681258,1.1456836582733738
1.1979455837830262,1.5216351333665616,1.1418379780169874
1.1699454748202416,1.3662425561695708,1.1531174597068834
1.1656679988121774,1.2712591034833214,1.1464731086901006
1.1621238695125709,1.2713895674143019,1.1641623710766789
1.150854871698881,1.3059626259240755,1.135314913414092
1.1749373693751848,1.5242882298621252,1.1478529548396437
1.2189029188882567,1.6907425293665668,1.1450055953915808
