window_size_1_RMSE,Linear_w200,Linear_wAll
0.22517759741393786,0.6069673712411633,0.3438372398236917
0.23526191690657733,0.6296731958762087,0.3551033446860295
0.23576469458177424,0.5959074112162085,0.37474633805372015
0.23227449635646946,0.5859803991849879,0.3826212132783728
0.23806610509802378,0.6475329408167991,0.3631823143177352
0.22773903234256002,0.6141695763780883,0.34709401757703423
0.23095637940463085,0.638747730867723,0.3444462848176553
0.23347643665114562,0.6001457322686384,0.3439447670477898
0.22982399820264476,0.5812180754033968,0.366588577170199
0.23331902802411886,0.6493178122238819,0.3395143038711273
0.23459807801491875,0.6100380303984686,0.35453458487961464
0.23086366017586907,0.5981252723049318,0.33727647851672465
0.23417788305312767,0.6408404509136228,0.3643253212740937
0.23397293392458746,0.6332506480501231,0.35621783359339704
0.22939746480042156,0.6081416829481013,0.3951781455134204
0.23028054252283423,0.5991866085175458,0.3725408331829527
0.23434016484069511,0.6113837512821386,0.383765823605932
0.23745696199628338,0.6190537789571449,0.3494228875918396
0.23556051242818066,0.6039499841639988,0.3684004953085519
0.23020274711541305,0.613590403190152,0.3281927034561221
0.23638949368207207,0.6291661745730434,0.3651542260988341
0.23261152909149727,0.6086511563468396,0.3587165403256026
0.23436331776440175,0.6312460276635882,0.3744022339953952
0.23016203234647947,0.5881444286175735,0.3500036974581868
0.2344920664572606,0.5908301698509224,0.3654400135061598
0.23260884819126018,0.6020700902670003,0.35123675480246386
0.2346572682914876,0.6222910445111078,0.3785734863050655
0.2325347128993939,0.6406257447466678,0.3375823909456135
0.23660504795389342,0.6704942633533506,0.34189560307135153
0.23307428532334393,0.6269862672225538,0.3563675894522143
0.23861440269629078,0.6182651063861736,0.35618743622701193
0.23345444505064541,0.6155000092346482,0.3715077594173156
0.23451370143943623,0.6141111649407035,0.3462410085427217
0.23391864741751378,0.6181943605296133,0.3773754136839571
0.23486808281257243,0.6334037442711863,0.3525449098422051
0.2384552283520858,0.6678234895492986,0.3738246540605875
0.23118280756682588,0.603268522349839,0.3311929491156468
0.24216483265549146,0.6331436747340891,0.4482721304794372
0.23354639623826853,0.62598796636319,0.3707596833834713
0.23665469201406847,0.6254363187411723,0.3560203435287614
0.23565428910659336,0.6291668970912653,0.3557858828992587
0.23668901646759222,0.6268090831116401,0.3886134801613135
0.23094800217411246,0.6017110368774837,0.3435662587174847
0.23689265378408556,0.6385637423453585,0.35902868600648496
0.2342798140703946,0.5964425544999716,0.3607314681966154
0.23113689653648054,0.5872187922682459,0.3428892719299588
0.23768773522054848,0.6275733183834356,0.4096901897623487
0.23268676202889288,0.6418950549997118,0.3543927704586606
0.23880957905752676,0.6202250195579166,0.3540914883663752
0.23376494063409886,0.6286368388146717,0.3479739214285853
0.2323524494898438,0.6176134192433813,0.3475410344720647
0.23239510170991262,0.5950317475362749,0.3789584802513224
0.2397333399004003,0.6273550845911025,0.3945463594517597
0.23248990494456592,0.6119410000702006,0.3612495923459111
0.2328306497201347,0.6019405439292459,0.3527756214081865
0.23552482181822088,0.5957644607354561,0.3601974106729822
0.23067704758246904,0.6226785629351861,0.3315975919168905
0.2368533904936866,0.6173592538250501,0.3625043536544297
0.23697487330741043,0.6435974095592019,0.3667320479103881
0.23441650655891247,0.6476184201323819,0.34215042644059435
0.23431344378660415,0.6284853539080903,0.3740166923673221
0.23972349152630884,0.6431696881998206,0.3800332164526905
0.23342392415062677,0.5855723325272841,0.3713651586012563
0.23811524703064174,0.6059294256821794,0.3473664489452301
0.2304855472105068,0.6136449451748516,0.3752389870816371
0.23370267645438123,0.5991134128299397,0.36869179112957823
0.23746569618718005,0.6187527271836557,0.3449512887143316
0.23198542687882318,0.6231815222402721,0.3530355055739445
0.23291084393375194,0.6282421965824384,0.3707048236124686
0.23553860390915893,0.6527579950444765,0.350825415386575
0.23235377418976474,0.594996056577232,0.3836100308743449
0.23369921369717106,0.6475348755052699,0.3408475922777691
0.23041844129933522,0.6206285336705244,0.3678724849404685
0.23571373073655463,0.6363814073959647,0.3596289494689222
0.23381621462042873,0.6458651656091186,0.3911192407848336
0.23792647316405485,0.6259851893220079,0.3659971608810557
0.2356025243210818,0.6390158661229638,0.3836497102111408
0.23256798464845296,0.6378925929576711,0.3672283811539059
0.23172569923364697,0.6290524219461909,0.33002441119108816
0.23389315033507352,0.6116303164397412,0.3779173501218999
0.23656305347411785,0.6277638913965332,0.38882694582618776
0.2338375683868712,0.6215957407571104,0.3523509277437678
0.2363274829762199,0.6137976506882691,0.38428380339510015
0.23759391406000754,0.6190335025930707,0.39914088497044503
0.2392342172105466,0.6279861974993681,0.3723666098762777
0.23300057255894208,0.5842146715155841,0.3796350187109572
0.23660188462383358,0.6439894906516286,0.35991350361191565
0.24372828048548423,0.6474099617484993,0.3738677569463846
0.241447469011886,0.6739541987020354,0.37913076596999934
0.23493588421262135,0.5973864450359463,0.3653770012949774
0.23186939819631278,0.6066079308254635,0.3731941761970077
0.23867771966539486,0.6214253678959354,0.38955656006404416
0.23611733860168804,0.6307414627112021,0.36879933237010026
0.23274199029727194,0.6050476999890303,0.3813993012106843
0.2364905897754666,0.6418425946512598,0.3688163455807182
0.2369896241437495,0.6042625246693101,0.35656861808885226
0.23252535557933635,0.605476796711391,0.3378995319869898
0.23262277026268757,0.5982278152718695,0.36068508658074383
0.2431461469399163,0.6251661564258711,0.37322495784729065
0.2376375023756917,0.6586197816155704,0.3963566473679929
0.24084597871080698,0.6251093023031609,0.431635653664056
0.2372094650254899,0.6430327482237145,0.388662977520542
0.2376864165530774,0.6363517282655708,0.3952844090539195
0.2324327307858107,0.5941246248207739,0.35119066923997466
0.23871925030110128,0.6428925258608661,0.4014262258856688
0.23599625030340118,0.6234783987879196,0.35852525927100004
0.23693950547809783,0.6004174970327241,0.3765668002120083
0.2408424081304696,0.6427805298987146,0.373199977265258
0.2406626218099084,0.6344671068955978,0.4058201988759933
0.23987539480673936,0.6128568771429657,0.3612500977122776
0.2345691208714931,0.6059798985754474,0.36881442788976
0.24055294460811186,0.6067952135990543,0.37278553837206496
0.235235699763168,0.6158068176450879,0.34754364312737906
0.23842545105459206,0.6160707015042973,0.4052303344653588
0.23402032063464825,0.5966368854537817,0.3548547605155406
0.23688888130725239,0.6109390097444499,0.4204072922412647
0.23255287408291772,0.6130823318017236,0.4005961402541046
0.23638522430338027,0.6126070655526393,0.3861703757136924
0.23496855969131603,0.6124840475880869,0.3637253372570397
0.2342177060350146,0.6363837261610591,0.4147151065925145
0.23891787985762952,0.5958986813690526,0.3771138588210773
0.23624743617668556,0.5895660134719246,0.3613392419509161
0.24182886786424587,0.6070912033756831,0.3927470588488913
0.24037110127993874,0.6396407010091323,0.4007068115076291
0.23571125373727167,0.6255282114415711,0.3579244114008295
0.23745503607775506,0.6170368091961547,0.3751759072158292
0.23630521406493346,0.6116692289639664,0.3559787056842644
0.23238040661026482,0.62938999806701,0.3550562258728588
0.23481951457843273,0.6217650425375779,0.3733489071221022
0.2396554004536022,0.6275387113729879,0.38132435579021307
0.2384650636480351,0.6042719599617898,0.3779335831025184
0.23431840581862026,0.6319367663084751,0.381844516585626
0.23582279177789492,0.6135395660285109,0.3607800852133064
0.23599542279910696,0.6090457903943899,0.3775169949668504
0.23455431359071613,0.611466160032701,0.3668163412730118
0.23891928555336464,0.6118034289547125,0.3752095166307049
0.2342355014260622,0.6136141745805843,0.38709832184179577
0.24418435173936529,0.6264935021462956,0.3727906334050934
0.23745009119845611,0.5955913106355307,0.3719107637107574
0.2428489519619167,0.6417118176019961,0.38798235997003416
0.24072520825339488,0.6045202508308669,0.4235855990677668
0.2378990906168397,0.6314241827248148,0.40930550252929576
0.23983045703672273,0.6001474984774017,0.3670762113266389
0.23778960785152828,0.6009540588353948,0.3903514879146953
0.2436549055363702,0.6238935292177802,0.4455866150346728
0.23759846134471846,0.6342125249888011,0.3576884850701625
0.2373865789081914,0.6137727422583369,0.3615960395995381
0.2379104957060588,0.5824914681014143,0.4075527526648317
0.23807027362500321,0.6376498167195028,0.383393457731656
0.23999309888419149,0.6117251711215768,0.4353750969788671
0.2357092265839672,0.5879761178615831,0.37252186025463296
0.24305453862717852,0.6227144583872045,0.4269170200036621
0.24251325925980494,0.6298640371989206,0.39810768526132817
0.24154499598259366,0.6353427302708855,0.4080643688207266
0.23849145971529626,0.5979374610631458,0.3662982555257725
0.24007266040328645,0.6479664093615418,0.3822852277596404
0.24204624357032006,0.622830101758922,0.42633083432127533
0.24440128995805158,0.6079135647875675,0.40533049812116795
0.23771718435288658,0.6097721341969503,0.3846742354541308
0.24281071092960027,0.6117586178065548,0.4277335850776127
0.23656286440218036,0.6000434036041539,0.3932020758925719
0.2373528412199694,0.5904371842099666,0.4123643156377774
0.23970045752603908,0.6199530435656023,0.4014602062190567
0.23966326625033121,0.6079827009279584,0.3800938758431319
0.23912103602322157,0.5902796129497632,0.3876805640365044
0.24752725222437724,0.6488902566728991,0.3736382681508571
0.23915447774581197,0.5832938953609954,0.4134686515688357
0.23672537560988605,0.6022837813706932,0.4000562531674607
0.2399225343380279,0.607997243440911,0.3989147645873154
0.2407387400569016,0.6193660874094098,0.4130496169150182
0.23981981112581274,0.6264410509464995,0.4228102641533292
0.23946164192617114,0.6472339313101568,0.38739396080102745
0.24334741727660392,0.6387576930430082,0.4043477026385959
0.23647517944475563,0.5979016842061092,0.3609167160321591
0.24154618739994027,0.6134074766624537,0.3776149461531524
0.2366550892947329,0.6011792976707906,0.4025471297192213
0.238149410200741,0.6105156130396588,0.38014736260259374
0.23929278278665195,0.5980318495349177,0.3572140395092503
0.23812022774813504,0.6346310806946923,0.4828818791488682
0.23940278073009233,0.617190063715709,0.4154254483557884
0.24026637740888082,0.6029115271059658,0.3891835221642087
0.24036964333000047,0.6359321251204808,0.38681693627067104
0.24611986283109455,0.6422343226577114,0.4296278579309569
0.24257839284455757,0.6324364678687187,0.4458904685037362
0.2479277252476851,0.6269829760249153,0.4353024375528281
0.23923052446784931,0.6289336238490053,0.40500550523633416
0.23395361267078796,0.5727415345280443,0.3748858681205445
0.2344908769173422,0.6455694314715684,0.37149080244615296
0.2351976007520779,0.5884525827634822,0.3891701466963313
0.23923809447271854,0.5850092435059312,0.38217897577472654
0.2413253269638261,0.6042052705954155,0.4142841132552492
0.23807402191813884,0.638040786032293,0.3841880066682237
0.24215668835205734,0.63687269230322,0.3794314820975386
0.23456019129556513,0.5917918774472095,0.4093377094434292
0.2462345998494769,0.6389553925934295,0.3910411195216485
0.23843501972257178,0.5853833624882663,0.3889244192994512
0.24249757424096466,0.6305868379459929,0.4072872546340587
0.24261564450689296,0.6151701566837524,0.3832964186902112
0.2439942740398639,0.6066194374436465,0.3886800018771857
0.2406996563267198,0.5941916866546458,0.39596643955979455
0.2421661786793269,0.6281718176383088,0.4239043702017732
0.2423240414622762,0.6298528569876064,0.4259082415068907
0.2418267586638058,0.6047645651766465,0.3803951915433792
0.24394367094382044,0.6165060587389604,0.3995014472166903
0.24068922112488675,0.6029288895376372,0.39121451400279256
0.24178736902773518,0.5858164676040368,0.44364502415334506
0.24487072995282833,0.6223141996913609,0.4077913423185292
0.24260231421082834,0.6165262644252826,0.4041759617211903
0.24508014557872343,0.5900111505774734,0.3809097246155324
0.24339107762421008,0.6101572831145046,0.3982444776897301
0.24037482631481305,0.6259097081919771,0.3876331346635661
0.24683172101977105,0.640136987084576,0.3888236327969563
0.24470893658840193,0.6390220352743321,0.46110067372374
0.24601456747553238,0.6272413881216005,0.3911512951563115
0.24738074415097705,0.6239428542904364,0.44777521836394696
0.2554717180876855,0.6372588871228241,0.5237400675804235
0.2411833804651166,0.6130343550115434,0.3774968210268738
0.24283984143293533,0.6086406381467006,0.4421431720297119
0.24238907345665606,0.6668747475084666,0.4249719779020508
0.24159720960832143,0.5798278052945179,0.391232422783893
0.24373391947898154,0.6061761027552661,0.4422679117949945
0.2418454537463383,0.6292727898095442,0.3982826622341619
0.24435576836073777,0.6089742784805522,0.3998928485096434
0.2459843198347378,0.6159481957089248,0.4660227105065328
0.24965626467732033,0.6244825456465118,0.41700405680205466
0.24820402737656166,0.6052883731602374,0.5116396365555466
0.24827673614141824,0.6287965261193392,0.3963959511773091
0.24519802712677996,0.6200478252647688,0.4320266017799901
0.2441372049799366,0.61120826731592,0.3961808054531899
0.2445997853921439,0.6193112063142989,0.4462079442296463
0.24584951081976447,0.6217569981407549,0.418528342157752
0.24158649515414682,0.6084623800623974,0.4299198405342432
0.24000615779530915,0.6105148641668126,0.4420136468178265
0.2420775154250884,0.6215666882855218,0.4050980840448127
0.2525847066253905,0.6363163077389874,0.4502059730899836
0.24387445095647758,0.644790214394058,0.4415555992683814
0.24049224155714663,0.6216115266311166,0.3702560383468345
0.25035548510120254,0.6284623213791705,0.4598797784157949
0.24724348982565403,0.6435464326693018,0.4556063723063173
0.24889457998238546,0.6326013326246638,0.4640578174763698
0.24230706792585735,0.6210630180574979,0.3607999394574197
0.24827103868130307,0.6048572862807908,0.4345680391176696
0.24782861739871148,0.5975680910233571,0.4215259683692063
0.24480444367737642,0.6087938720452821,0.39662669856066574
0.24756991566145917,0.5848172057423622,0.4240793758634304
0.24307134122870797,0.6092811190517647,0.4244358579140432
0.2573338222879918,0.620971352898519,0.4895168208973469
0.25050393589783304,0.656319063382341,0.4494004555391166
0.2501020747620853,0.6358475919794315,0.4725816737481186
0.24531862836361704,0.6111880047611534,0.3782428842790159
0.24582787563853045,0.6214161353787386,0.4259620098011198
0.24942134382498843,0.6102586451397378,0.5005835900421113
0.24865814009471962,0.646935747154902,0.4486323408989821
0.24458890785958376,0.6063584321628724,0.3899893036835656
0.24661761844870986,0.5991579006113188,0.4252287352904123
0.2469466815146939,0.6028653559898915,0.3996726177354601
0.23895746674478194,0.5987786024454745,0.41476952277734336
0.2489657535089486,0.6243577625344162,0.41539684720884507
0.24323348624845884,0.6105050600794655,0.4802332593534128
0.24710889879883727,0.5935303880535344,0.3947663420330682
0.24081064322199935,0.5818291729033183,0.4798307893956201
0.25003076115725686,0.6040599704708685,0.4398133480143792
0.24585021829901607,0.620319963870434,0.42575205798724813
0.2449968810967231,0.6016287332452996,0.4149028353274904
0.25029052984162253,0.5988491167628864,0.4553211824540578
0.25362291632770745,0.6680350279396001,0.4196892093481466
0.25309265928709856,0.6088918521672287,0.4273751776281823
0.2490472847131738,0.6091368761647009,0.4197008648800316
0.25223320097843044,0.6152092225367977,0.4245996831562383
0.24951167049876571,0.6119531213559715,0.4304192109277538
0.24455949815733274,0.6050476926200904,0.3941706477366821
0.24887767509084952,0.6303221364365099,0.4136651301892174
0.25658252082436467,0.6136618910831593,0.5445596187835681
0.24812924111190085,0.6509590176560764,0.4162934933099916
0.2493722342773109,0.6106278554537973,0.4705246708809031
0.2410739057895222,0.6132114077736202,0.43191637174012215
0.250209681966771,0.5975463373684259,0.4300278944209709
0.2533807417287704,0.6268623342276404,0.5381096652658619
0.2492980388468747,0.6015922368106875,0.4580934875867842
0.2547317699323782,0.624539299813426,0.4701950831138825
0.2521948099435205,0.6308247754639391,0.42998144921431786
0.25116879170605383,0.6115351677024594,0.4160378414965353
0.2530758114614834,0.6303881934969262,0.4540100664560934
0.24629216021407715,0.5957679304782278,0.4112604490243079
0.2503098610485036,0.6248674078346912,0.4282383315802537
0.25636739570730077,0.6144789205826056,0.4593362948528011
0.24910172219794,0.6240570029945064,0.4258430836522937
0.24564788473167135,0.6171542369622568,0.4145285375261771
0.247490842492831,0.5858298298907916,0.43211402827861056
0.2508913905716065,0.6223873819842445,0.4226621877230169
0.24942912444042384,0.618054071020561,0.4455304254060761
0.2523283669337254,0.6284148274319977,0.4344458806654276
0.24795313516288736,0.5887066048264523,0.4486955386438758
0.24456286852465783,0.6105494299785514,0.38685665649487055
0.24800174489538301,0.619829192120852,0.42393870946059947
0.24631203796155401,0.6077333220982979,0.4224987674773253
0.25347055163819654,0.6122448431041954,0.42982516788276826
0.25196510920671444,0.6112606065141114,0.44703010264169
0.26288178298613013,0.6363075604470879,0.501976131442776
0.25186364425281,0.6422948850046986,0.4381721367863328
0.24770736481755073,0.598813315651177,0.4487798902818279
0.24951417164214143,0.6311452780661706,0.4833925440444426
0.24809120054262615,0.5980435843250965,0.4682351121837013
0.2498436429440892,0.6247653140012702,0.43460036983613903
0.2463618640764446,0.5985057895883364,0.4080069647141083
0.25181575378116117,0.6135605676186828,0.437742493121956
0.25502196881508044,0.5928057280413411,0.4742028248676213
0.24964619420152087,0.6147511591968055,0.44473595645120334
0.2566789130430998,0.6028674325486213,0.4938753737216563
0.2522859859105876,0.633723988692024,0.4279126230085933
0.25195772642407677,0.6433719412967495,0.4541285814451609
0.24858692621671355,0.6218055614447987,0.4649707301845982
0.24900477388557252,0.5968184997789936,0.43728719179742
0.25615051727573024,0.6278352332017479,0.4563227147339441
0.2517654213684751,0.6023816013790262,0.480824058310069
0.24526029015849243,0.5971726675653714,0.4777529240871626
0.24729250634024186,0.6033213712751566,0.5007103663175665
0.2465090208780277,0.569161717612803,0.4553227003677048
0.25938322746863324,0.6495406786531441,0.4369526718648884
0.2584692017454518,0.6237407440401266,0.4542944880627512
0.2523183866348997,0.6220154409908879,0.4572682575041334
0.2515712867761414,0.6284460187313414,0.4563901950185643
0.2522812496378298,0.6130417473011391,0.455324922166337
0.2546769717621371,0.6200025940378515,0.4842504157426304
0.2529176875451864,0.6216652628212311,0.4439286285291818
0.2571075558254898,0.630913786184559,0.4585593276616535
0.24537221552452554,0.5940679225836188,0.4037062151970587
0.25412290745398597,0.6457475090439394,0.43337128348966536
0.2501599038677125,0.6251176950894083,0.4155171095210812
0.25915581120126685,0.6300405068442944,0.5395929585993293
0.24756632956595737,0.6060839025489542,0.4526767748536216
0.25736579255498127,0.6353674454636716,0.4441155354065402
0.25535849521053156,0.6240965096536947,0.4581837112696155
0.25475479628015085,0.6110415435105552,0.4933973256563848
0.24714164736417216,0.6256822132062893,0.43953759112779217
0.2516965024626981,0.6207837936101029,0.44565749948382655
0.24883572819532623,0.6164577126383715,0.4621197254223681
0.25313308844487203,0.6342558532701011,0.4523821569527752
0.25038288637461287,0.6167876778581991,0.4334267517327358
0.246547403459676,0.6028270430782401,0.4203665972583732
0.25195650420728566,0.6252953226877366,0.4281575452219373
0.2530105588056813,0.6214339696997737,0.4625913343857203
0.25079975303876273,0.614535036552851,0.4383728225592942
0.25640910544595974,0.6317746495427727,0.4458346097262901
0.25605214372526797,0.6568828948712055,0.4623944462991057
0.25148002663958813,0.6128976838162763,0.4456396150818154
0.2549018164108903,0.6075515655721315,0.4471548249889936
0.2575251380494143,0.6254058022090848,0.4387069173902585
0.2545454688552378,0.6240032319566869,0.4271321600541469
0.26082225608188997,0.652287040797001,0.5156577895194522
0.2575902072056899,0.6368952708073611,0.560374625699044
0.25435057034440595,0.6060728892726476,0.4940020132350154
0.25541331122333083,0.6292489625247917,0.4799667401688978
0.25707857929370465,0.6342915482231808,0.4521907538351952
0.25358075111028877,0.6317109845922032,0.4774827322458457
0.2607537917351157,0.6328819042099603,0.5166060901766977
0.24807509582861942,0.5929259082186059,0.4505153242572431
0.24791502959879658,0.6076776366495861,0.44308661936323934
0.25137997616644275,0.5910943934142235,0.5034663208404122
0.25527381700516766,0.6151564949264876,0.5289097522626681
0.2619364681450098,0.6464178945701323,0.4819962233530145
0.2550699062148016,0.61129123670189,0.4834966861922594
0.2539584429829836,0.5980841806186092,0.4587874434183861
0.25260876748814426,0.6254983941690289,0.4820979192565098
0.25551522122898895,0.6318183547848634,0.460153407573534
0.25234600043127114,0.6213943848383793,0.4420709006798728
0.255641666568567,0.6129203105646804,0.4508393694205306
0.25548271730697014,0.5864074103338234,0.4496839106715054
0.2578765318205572,0.633041132321611,0.4685385925065734
0.26105615770994545,0.6539121427084308,0.4638619793078611
0.2583105156370768,0.6417227882458456,0.4608689919746154
0.25550645577247305,0.5937555324222443,0.4703345355051244
0.2528314436930072,0.6158816717784417,0.44053245983782696
0.25915763942598646,0.6250251273184726,0.4641534318102468
0.2677760842362237,0.6561464580396185,0.528715977296
0.25141336273900816,0.5943965058044068,0.4092658144192259
0.25522235148972744,0.6099347879313121,0.4959526441615318
0.25148212254312985,0.6125229614245729,0.5310032860980316
0.25719443330229236,0.6091074606732055,0.4765409868584907
0.2547001625289892,0.6213829584272669,0.4589859785321954
0.25431390000408727,0.5843062288441907,0.446757900523404
0.25546879483660473,0.5885991240583831,0.4801576623481034
0.25048961288953187,0.5999860585066199,0.4806999675643786
0.25010436483993764,0.6408784776526811,0.43550076487299705
0.25746968945592885,0.6180699914655905,0.4905242781116722
0.26004498761815387,0.629474825245843,0.4608537290000752
0.24964318607489477,0.5797496831346959,0.5188229802080127
0.2591670906999672,0.6379166761001643,0.5169592334845903
0.25401924534630993,0.5738772087099681,0.4891065965849423
0.2574633127861471,0.6346256160125777,0.5361871542789491
0.259473398585133,0.6264462871864489,0.5550365387918856
0.2566968606383078,0.6173533415958035,0.5113849121493876
0.2549548590065959,0.6268990420390003,0.4222527819011597
0.25530948095266376,0.6041318760221582,0.4940471398958972
0.25362162262546334,0.6266852907845081,0.4815910263976235
0.25158361845941773,0.6333306721757236,0.4793757195463234
0.2609200253772883,0.6217019272440603,0.4646172157608647
0.2533560613313782,0.6402295682240003,0.4631710821753645
0.25098261416979967,0.6420141376546024,0.5017468641272471
0.26117930957167956,0.6587996498056331,0.4802319925755048
0.2539788550018072,0.6072283330520251,0.4701888816436775
0.25547770907496803,0.6040366783030469,0.4846861113580636
0.25444547530262385,0.6146991256787459,0.4357771774629572
0.25900635390886007,0.6253847643493383,0.4975038482025825
0.25055331551892845,0.5963772298108165,0.4321486263402523
0.25374441471365433,0.6061197256918347,0.4627067953758725
0.25610224809514215,0.6157763286109096,0.4678503642014067
0.2561780564017618,0.6620817375004879,0.4838884093882093
0.26111411162840903,0.6133660132583054,0.533083959530646
0.25293532063816254,0.6259694187070326,0.4524854433642879
0.24926457480614564,0.5876152828359339,0.4418278910766165
0.25559884435758423,0.6000695260875,0.5004038602666678
0.2633161120872289,0.6255821508312597,0.5633100050707224
0.2538910048270196,0.630762178602972,0.5741231145177589
0.25141095561758114,0.581631800314268,0.4369609860121415
0.25485832193948627,0.623233518281245,0.5005741086975375
0.25879903553121963,0.6444292263163592,0.5027302244768981
0.2616792266656497,0.654099379994848,0.43774600786383466
0.26083546223611975,0.6400050321733926,0.4548822104931783
0.26669116125737574,0.6066468250626146,0.5812451193733992
0.2568172726530288,0.6215503194870107,0.4617709902961444
0.25793873265553935,0.6067418820370402,0.5448687190378813
0.2575461284426141,0.638709347089469,0.4866758424053133
0.25766334426404514,0.6204584730412303,0.4659892696467765
0.25795738696455883,0.6170380794539699,0.4849986063962396
0.25340167554605914,0.5973275515140666,0.5983768858260933
0.25375226175169957,0.6153742643213872,0.4818139911328339
0.25433778396566453,0.588452941339012,0.4938863280828107
0.25067259820073867,0.6207265510562371,0.4460671052032113
0.2573496965328442,0.6255629343199011,0.4500935946209551
0.2585324879066172,0.6159961291313971,0.5163753685168446
0.2613675035108036,0.5971578714858662,0.5554887141030105
0.25421637679587783,0.6212616015835071,0.47053709116215003
0.25582347224759855,0.6278531009773358,0.5527874423054642
0.2551009327356661,0.6087787640527684,0.446257732422624
0.2555680742431233,0.6106782768208956,0.5020053644630142
0.25543130208960046,0.6288914228142535,0.472084628743865
0.257844225389764,0.6444082121800924,0.5393726972473498
0.2608408237157295,0.6331646132107256,0.5520023642814162
0.261282622277792,0.5927695910245212,0.5384961384262535
0.25597151791930145,0.6028088924488485,0.4713536750618462
0.2597081007825962,0.6042801440508524,0.4989262826169116
0.2552385804652008,0.6135121568639648,0.5522600171847608
0.2542643799885955,0.5874215284083418,0.4898283988506264
0.26034835670307105,0.6111079336289083,0.4786298102089094
0.26221956431901305,0.6104906197911173,0.5578173951570732
0.261713787382917,0.5989834517089614,0.5066841661111513
0.25666786206035264,0.636683870608358,0.473275515291303
0.2577079524355265,0.6271963458995534,0.4871136429535074
0.2581487299502926,0.6183667380815249,0.5977492370464278
0.2640038682068337,0.6271772997499464,0.4564957793802191
0.25986257221329806,0.6038382901576687,0.5030085764448738
0.263151766520249,0.6178613260012135,0.5537901992740909
0.2505918565234914,0.6093178405563633,0.4680874089635573
0.25917426672025423,0.5990767207263449,0.4922236940571371
0.2578654795736544,0.6038480532337434,0.5098428619646047
0.26755905481950876,0.6097628090550431,0.5396848327151467
0.25396078344259476,0.5893788200155694,0.478830151982781
0.25572553874566595,0.6009716554602073,0.4982816111903243
0.25895456137255507,0.5797785132658838,0.4527220055512801
0.26429541667650375,0.6190913795006106,0.5043934048650087
0.2586808788758535,0.6318399219195595,0.4543668895016247
0.26262823227632803,0.6344911847643234,0.5242359688704
0.2634506349077188,0.6201258322198795,0.4881888393525044
0.2568998349413389,0.5992418069593778,0.4718451839918277
0.2578487540424887,0.6327814511821055,0.5133387470092676
0.2607080629850019,0.6293527477765642,0.5485412873129071
0.2547372095717293,0.5860436966657425,0.4961273553437383
0.2582795459317356,0.6185035805591617,0.5634762857500106
0.2586495518970244,0.6302779835345249,0.4955567808229542
0.26791453236507096,0.6588643053285446,0.5492422657701116
0.2612378966245528,0.6359493887821702,0.4969757496543201
0.26447669317571865,0.6467080668204995,0.4864531514426812
0.25748979244537373,0.6020842250670395,0.5112200913004791
0.2643400719971881,0.6237952943145132,0.4963800467193959
0.26079094648621254,0.6079246228203579,0.5056048804437555
0.2613704766368501,0.6243177001173027,0.4867292745509694
0.25927212612754125,0.6006502397497101,0.4907841796441401
0.2576794250875784,0.5912582807127685,0.536642483524155
0.2612555054461684,0.6129350106058038,0.5526678120706586
0.25787025691790516,0.6095696590884497,0.5067960685212429
0.25696504099881895,0.5965614199583588,0.5167584618559231
0.25704607855045186,0.6130647383362787,0.5041563966485212
0.2611665628420818,0.6348277212268013,0.4976084769957864
0.26194930939440725,0.6176137302612404,0.4762711507151685
0.2600283209363492,0.64448507271524,0.5532178380241701
0.2620998586577197,0.610189105544732,0.5359604671680301
0.2582838727253902,0.6109045281767554,0.5275161826848741
0.25922230266048424,0.5764131506379563,0.5098025805223626
0.26552072381176867,0.6128003202903142,0.4664471516055174
0.26054509682222565,0.6410620525608546,0.5004621772019825
0.2634361885644521,0.6202432295941623,0.4799580795370688
0.2635404626633147,0.6581116542213497,0.4767495416858937
0.25878495197355794,0.5834486625873706,0.4997814300980224
0.2668517580102994,0.6365128665796692,0.5353746975991747
0.2649629045987037,0.587020935611377,0.5588868901170467
0.2604741703442875,0.6248244900999478,0.4827879478796643
0.26415871723619944,0.6321606053183783,0.548981826695901
0.2594342739843102,0.6105917159059828,0.5057602285256619
0.2707473667527069,0.6341762312180964,0.6445207255859091
0.2600779125263702,0.5957911257594302,0.5535882453556307
0.2600664230219786,0.6100788096812941,0.49647573368037
0.25853651761089325,0.5810857057338827,0.5578013463963747
0.26078280106885005,0.6134389479242585,0.5170888086055031
0.2642769817793867,0.6488664357420975,0.4907994261357643
0.2660205777568806,0.6398546379353734,0.5177305270302138
0.2655067506129227,0.6123634768872522,0.5746852336788913
0.2592175508462434,0.622137084443198,0.5245735736276657
0.2605676340049769,0.5973174560643687,0.530288956932332
0.26081008585636095,0.6217728818414204,0.5152878201260731
0.269103160377103,0.6258735493429652,0.6830070366884483
0.2614020363154763,0.6195330063525775,0.5579809871739357
0.2596449765727142,0.5898631550695704,0.5861717185556619
0.2632389889842417,0.6401307487103239,0.565714859020408
0.25636884041281405,0.5984854493068306,0.5667677573564035
0.2593092696091867,0.6054894727143904,0.4909296231354133
0.26197718306949225,0.6420244199848836,0.540428936018696
0.2604633410693213,0.6084636583921507,0.5013992765689135
0.2628436460436311,0.6031645913116663,0.5483359518062929
0.2620508230923923,0.6244908604976129,0.5221598689239577
0.2685451549159626,0.6100017387433694,0.4918628261347481
0.26675815873491093,0.6399459661771283,0.5519986245906914
0.26025060729287813,0.5738625031673853,0.520746410570601
0.26471374096051553,0.6362393106153893,0.5524453776710632
0.2636046432416105,0.5876774171785225,0.5835871673061334
0.262748853688462,0.6363461334247057,0.4653355296317308
0.2623863607677591,0.6239242938003992,0.44888123074699393
0.2637576083819018,0.6255995360900288,0.5504588926041426
0.26841876728912334,0.5926511917570251,0.6064580603991242
0.2602141501784463,0.6043074304714224,0.5465285622891365
0.26017282082592624,0.6184976125286188,0.514767311756318
0.26018479196664673,0.5954414288468978,0.5139968355518023
0.271424638543479,0.645151475022179,0.5061976392806321
0.26795893051886427,0.6462726146255174,0.4686462876469343
0.26332192619927974,0.5978387716186552,0.534675148936993
0.26890102054125026,0.6007199489941757,0.5967976059345509
0.2674564197564107,0.6397470553117462,0.4941630735326879
0.2645861555982057,0.6326357873390022,0.5293754465422326
0.2636573527071564,0.6027567450964892,0.5284130233072432
0.2670285070284598,0.6265163789067193,0.5475582795377123
0.26464220680945644,0.6121054554975118,0.5398854673710869
0.2646094479851343,0.614478551727648,0.5041322984480813
0.2646672357318373,0.6099920395069208,0.5389204353178075
0.2606438913822438,0.6190937974423332,0.5200882739961165
0.26056300693914963,0.6103248447863655,0.5823353785779256
0.2674438480854061,0.6143123857377124,0.5066228102472962
0.2695838091563485,0.6343461384364083,0.5435193282908772
0.262193376943274,0.6050257199080362,0.5951233367835563
0.25850543397902437,0.5976575587839383,0.5099176032793421
0.2609570002041905,0.5786861869657619,0.6583565108482293
0.26322414331514327,0.6145453844008604,0.4903051312004564
0.2678475161565744,0.6148819996432839,0.639061518450523
0.2616012259146637,0.6238528658013829,0.5169963789124506
0.2639145759096481,0.6192404443890024,0.5062491940691136
0.2577369677717126,0.5791159813693768,0.5489126641100945
0.2632470786326213,0.6086359190274833,0.5283076123969584
0.2648669471215188,0.6270588869889724,0.5408069357518578
0.2732088161963756,0.6336250331493967,0.717482102338076
0.2657799027748476,0.6152192514113358,0.5952149218952172
0.26216766679046083,0.5888410377721024,0.5428495862773278
0.2619626047685659,0.6364977036536954,0.4817079876336277
0.2751529936364366,0.6057554335611182,0.5797014265891343
0.2667560039249456,0.6306455808806171,0.5322270309458519
0.25968600353915566,0.6163471062950389,0.5041703595017201
0.2600694519729472,0.6355589000561345,0.5188088476832273
0.2635859129288148,0.6101544006942048,0.5138682728709374
0.26478548430173565,0.6256535290814669,0.5082153538297234
0.26462137687441195,0.6141356216312117,0.5397809516452268
0.2621993157312539,0.5947933114579453,0.6418553456948035
0.2709679210804725,0.6345611325514762,0.6147341395017866
0.27108577070707734,0.6492190325803799,0.5633032044117464
0.2642885569925443,0.6391509226618757,0.5565505856213884
0.2729655000251816,0.6101488177225718,0.7012229913260138
0.2653028514648172,0.6454544879459371,0.5208501951828177
0.2637684684674912,0.6581031770699135,0.6090969604771999
0.2639132518947761,0.6279292185936179,0.5649469574367223
0.2696229469117875,0.619014791060048,0.5985506392706553
0.26676763767967604,0.6253865408871664,0.6625449552370146
0.26381628596978574,0.6279130412477437,0.5215106004575949
0.26938490929980713,0.6284197208864178,0.5298536633028251
0.2713889423344077,0.6233962900465679,0.5503107133033492
0.267915810750374,0.5859992090491084,0.5540407459546354
0.2651571912780914,0.6163094738855127,0.5495378650624768
0.2819700538204665,0.5918949293119605,0.7452603114385711
0.26531501941111785,0.6007979229454584,0.5698163236649285
0.2666337298458104,0.6585803882089012,0.5356658149812092
0.2753637211965398,0.6625778610891908,0.5216157797230454
0.2651737200274277,0.6267699565341958,0.5391837509574371
0.2665828520248481,0.6443594595006275,0.4912566699528835
0.2682960589967989,0.6059783238495946,0.5069135077812955
0.26704177757824044,0.6493310813474734,0.5345487384899122
0.2639525695272977,0.6073495731217442,0.5618837212187725
0.2612198277542741,0.6188010775278222,0.5334675224879941
0.2702349429162384,0.6565873695265501,0.5210858074266866
0.2639453628596547,0.6130118673571103,0.5696501989474079
0.265594831617645,0.6257374071375211,0.5628480278783686
0.2619295207966281,0.600383804303003,0.5654565584572648
0.26351830509896323,0.5923868953624087,0.6233268904144444
0.2647542236151032,0.5801786105476134,0.5270434021864507
0.26713545955360435,0.632229980642332,0.6351041932337302
0.26351125761604477,0.6188610994267494,0.6370261724742161
0.2632986492078077,0.6098574598867412,0.5444371877339099
0.26483989642446343,0.6149641339225375,0.5943977585862908
0.2664254759294565,0.6086539619197023,0.5781421771271007
0.26925440968119485,0.6481059635078268,0.5040560324544252
0.2715223267924723,0.6064398537579664,0.6529522184180583
0.2684010323160983,0.6324931043260653,0.5551710092922921
0.2625971571856078,0.5938297308689665,0.5307927418224395
0.27000174548313616,0.6258194079346996,0.5817901725492076
0.2636269378324106,0.613777769081754,0.531556264807239
0.26233776632270883,0.6144438312298744,0.5582072975620695
0.265847369858623,0.5895519194161565,0.5773105991735187
0.2690910939867049,0.6383745572406928,0.5277688239302721
0.2585443779051737,0.5874208232847766,0.4951341582236855
0.2688379051792118,0.6267893982988443,0.5651247420909076
0.27092125619529733,0.6128021722027445,0.6017140460313832
0.27669519113836577,0.6289460726219205,0.5779458284537914
0.27345644745012077,0.5857481320546789,0.6062809108641367
0.2712570974877304,0.6130731054517986,0.5797970131706348
0.26410160051567383,0.5719085131302674,0.5216154510172993
0.27457556016552087,0.6144040686760388,0.5858191821241401
0.258449855422634,0.5673307219072574,0.5805551782975303
0.2728454463231882,0.6149546051702366,0.5446360782528753
0.26669263214237576,0.6189528838010162,0.5588864311302323
0.26392342272938807,0.6069939688618315,0.5832590895668449
0.2730348567966634,0.6096985416113109,0.6757421973392719
0.2752081328364872,0.5984517961939385,0.5743212869555027
0.2734440107491709,0.635563357957318,0.6593188693939968
0.2692811224563152,0.6049522329925728,0.5377995750855363
0.2702757576243913,0.6429850374450763,0.5530001454265671
0.2695891274868518,0.5845775674427306,0.5925161870200363
0.27176563802688325,0.6121482821678256,0.5473270043216438
0.2702646563783082,0.6242730704618428,0.5540802258621554
0.267032677679013,0.5961417816392632,0.6107615179975725
0.28212178228921597,0.6277133852956965,0.6561234652777973
0.2715828831537094,0.6078189694002772,0.552024586531513
0.2727874048398779,0.6212178406548702,0.5329590518446018
0.27045284169084216,0.6055200956840197,0.5252873073136469
0.2663766400396111,0.5911933954872294,0.5869216712522988
0.2800144998947806,0.6310184155082479,0.6688887244738079
0.2666607417030486,0.6207302204244375,0.5188920451889489
0.2675987929734721,0.6251157541917172,0.5110263535283439
0.27000730922098326,0.6025812193528818,0.5410874831049379
0.2728450653223714,0.5973220301688094,0.5824567028366051
0.273209595658983,0.6157512618410922,0.6947539185901913
0.27817488377070027,0.6293951811095873,0.5380250022018579
0.2746959032537499,0.6188123570320753,0.6144271384969
0.27568183159967896,0.6083418036570302,0.5903392822891393
0.269308820705127,0.6180536589702185,0.5583407908745315
0.27301327955910093,0.6275181195736611,0.5353446765032984
0.2620590719792602,0.5734367523994366,0.5513384328205233
0.27017789810495485,0.6447346885567647,0.5753016438640135
0.2718212132379086,0.6127631895939101,0.5558634866719714
0.27143390795177647,0.6072494858570258,0.6451822553446742
0.2743020713685302,0.6069430414859189,0.5401069146794787
0.2684700333742821,0.6004842770055587,0.5920321567341915
0.266706994702702,0.6158405694132045,0.56790176530955
0.27197990707336556,0.6194990623715023,0.5623072084412274
0.27627050515005463,0.6404317308631363,0.5757635282457171
0.2705105963978688,0.601081248012589,0.5269536380023153
0.27853863490132386,0.6448626345103081,0.5740784961713338
0.2740281863189209,0.6434247926768843,0.5893811338084389
0.27635682129309824,0.6047344625890496,0.6590690632565908
0.27525717461235416,0.6136044588776756,0.5616882704428483
0.27426183204478166,0.6217385393617306,0.5470128559643912
0.2740343112057149,0.6330988481288075,0.6004505770789561
0.2707521418175354,0.622669121272295,0.6308442179247676
0.2774063830634383,0.6147150165098858,0.7038040671334335
0.26691233819550503,0.6175634425185117,0.5331883887470774
0.2756838065270915,0.6283903455105097,0.6199409198158652
0.2685774164875979,0.6345027150160503,0.5662823526084766
0.27214347147199647,0.6211026442256318,0.6248013986330585
0.26726305382141835,0.6186698381547822,0.5902108229573431
0.27404529194624794,0.6025636039100797,0.558020189977495
0.27206306330177155,0.608887191386401,0.5492038623000055
0.2694445135809412,0.6166566636248405,0.5250459509615897
0.2727197475402442,0.5985781802219186,0.56048458484186
0.27935520080635656,0.6376373083681875,0.6017041556188214
0.27816019088502164,0.6254460257570161,0.5927350780848829
0.2777054570014265,0.6070960818404483,0.5677601804521365
0.27321218642668016,0.6150017822913889,0.7050703934637466
0.27366549123671774,0.5894818937087845,0.620328927039706
0.2808202630569479,0.6470604917063038,0.6549054173350445
0.275323967085938,0.6172400302271934,0.6526515123142196
0.2746178256584688,0.6242539784031637,0.6090930217148434
0.27157182825620213,0.6279056361697047,0.6073441716542269
0.27644295031454247,0.6233922898403448,0.7174912764495441
0.27234669551472973,0.5896701891713558,0.6017613193702598
0.272490938583147,0.6049545688621474,0.6632332001664101
0.27481885978150616,0.6263781605574917,0.6248232558832448
0.2745388838747902,0.6368810355782268,0.5764139019602419
0.2741152059988728,0.6252650751282254,0.5577070033612826
0.27776625996621357,0.6100321554996191,0.5679815905625037
0.2673979028729475,0.6150982803736142,0.6134766776475813
0.2780772768767993,0.6307962810204539,0.5847723628829208
0.26033827938275345,0.5766849812501516,0.5408732009925636
0.2701873951184326,0.6411842215084085,0.5780183948630594
0.27468235884907577,0.6166800611416563,0.5730059533770195
0.2709202805143327,0.6425495887710881,0.6239563162377615
0.2683543829098136,0.6259800806779846,0.5503728101703225
0.27431318783255165,0.6022892944208834,0.7092304280565209
0.2715291524237623,0.6176821978593654,0.5584641148731011
0.2709104064127982,0.6050727129306629,0.5829527737194006
0.2711619777226491,0.5982726338939885,0.5816081052197427
0.273401628680082,0.6322068176183411,0.6244916425944925
0.27642505393371264,0.6334239306772117,0.5804321423888511
0.27151977688798123,0.6048251051993625,0.6394617834481905
0.2728473482484287,0.6227874444558883,0.5676898594798674
0.27149056061921534,0.6016109467950661,0.5738390241695188
0.2657285033374245,0.60464840329599,0.6630899145037442
0.2731811301870573,0.631856634270561,0.630866998644047
0.2775671612731681,0.6305685066969836,0.633634956393393
0.28213679464311425,0.6468091373570062,0.7037861362905998
0.27475081958316233,0.632584628783108,0.5943723974363389
0.27317516523377416,0.6129093359646247,0.6053234638529047
0.2745951000824404,0.634379182375866,0.5967996671944944
0.28249418413464333,0.6372899820412327,0.7181006524089324
0.2746144091671256,0.5996129157485445,0.5686703350459008
0.278827178152539,0.6382795717347208,0.5993577329921623
0.27004243705054426,0.6062974817603216,0.5970713361638815
0.2752696858688926,0.6642150401133405,0.5294764041345261
0.2783934066747028,0.6225582947848401,0.6752447929445838
0.26968376784192183,0.6046098208937307,0.5847713986550445
0.2710610983661523,0.6130393695529048,0.5842047287699849
0.2731145440276961,0.6038125946956184,0.7091759056603916
0.2797600559425453,0.6549220800019674,0.6340656091371464
0.2757571805081629,0.6093769166478967,0.6054721531502373
0.27335203518329015,0.6141116649075921,0.5930694726171031
0.2743384549728381,0.6128549688823575,0.6209279673136101
0.27302507554173217,0.6358696028826949,0.6347881063658981
0.2777664394013759,0.6233201356949971,0.5894619573957024
0.27853045526755793,0.6396496429781259,0.6478284943201325
0.28259998186936686,0.6361757341348596,0.6762131434741429
0.28377652679417015,0.6319121678246021,0.6761581234440162
0.2729138719626379,0.6406401051541473,0.6262004520097549
0.279480517118211,0.6256475151694579,0.5802077943301004
0.2875144052927497,0.6198500995590526,0.6830970081582464
0.2772596635313093,0.6094834176756341,0.5794754132056575
0.2830379868348573,0.6554573178892921,0.6554725697494652
0.28927147603856374,0.6255073067727763,0.6713100729314992
0.27963668842511663,0.6285871041850484,0.6148333386965635
0.2824818597069674,0.6207799520181203,0.6828450453814733
0.282044582332495,0.6126378024727566,0.6913494108926099
0.27676378749858493,0.5881043180981023,0.6377799853061444
0.2790495137306182,0.6134252692349433,0.6387661242380155
0.2827502673297168,0.5869968329481849,0.7956085657184162
0.28085647495481353,0.6092652668755679,0.6719175463539195
0.28411069970695707,0.6066448615123543,0.6608672419132828
0.2777299321628053,0.6025927589232368,0.6877192675886684
0.27839334894634526,0.6237033303012861,0.5772835959054331
0.28441435394813896,0.6334853405806065,0.6670084803003367
0.28207727742866073,0.6184407520216088,0.5962660680929581
0.28483003065729184,0.5993306747281276,0.6200586246655242
0.28029723716068056,0.6350321928496032,0.5739241842733555
0.28000054895022897,0.6029166896318753,0.6359032535077194
0.28383658961856906,0.6262912440852827,0.8036440784345564
0.2872347113776275,0.645169073063351,0.7664439525542904
0.2863878127569029,0.5832551139269585,0.8419535208616463
0.28111278916675614,0.5979654973171213,0.6803989494326232
0.28821848958368196,0.6298604873440428,0.6934088632545224
0.28166200794341695,0.6320160937904196,0.6055777943756567
0.2865304296760761,0.6117339106215972,0.6453257311511486
0.28475593748176986,0.6367029182214069,0.5719319310723757
0.2791344291449818,0.6502394100840314,0.6009236920345904
0.27603168374862763,0.5807363372115456,0.6769949353719791
0.27372729530257206,0.6211956487717071,0.6253903326051263
0.28167734444107934,0.609285489768337,0.6693064304674737
0.2837219946874989,0.626163162735798,0.582066876100334
0.2872687932086873,0.6451229916149269,0.6154038754692998
0.277527930867137,0.6158483906042249,0.6925300277066139
0.27730745172737853,0.6159230328787443,0.61275672349044
0.28959262724231083,0.6318723760646096,0.7369539454587517
0.28436775224235417,0.6543354730456094,0.6649605161385229
0.2862232559808557,0.6493005175618183,0.6653426391762975
0.2931219431285715,0.6332834330894818,0.7270242632780216
0.2837857337650213,0.6302923278480851,0.7235803770966552
0.27916366910392587,0.6565171201443488,0.5888791298318615
0.2819785705721352,0.6133301853414401,0.6475527431612091
0.27458884660346616,0.6035992042424891,0.6653284438397098
0.27991572104303963,0.6273776333227832,0.7147572132119769
0.28100303755637235,0.603202606997847,0.6469018650253142
0.2820917478463499,0.6096049868803209,0.6548607856272648
0.27458163671839975,0.5562681600823242,0.6400057878970143
0.2822665195326692,0.6100963896522145,0.6384999197884004
0.27669200212139783,0.5925520202793582,0.6533221208977288
0.28508331757151967,0.6453151457944548,0.7022431502741167
0.28702504243704735,0.6259706560316995,0.6649778053684827
0.2875343447405219,0.6442218330804725,0.6266754332121682
0.3098007319037034,0.6388944780655765,0.7698824981253648
0.28498152656204656,0.624151503744016,0.7419735906683016
0.29503799298158473,0.6665620700865211,0.6703607379736047
0.28850232778736173,0.6115042054489517,0.6085677189229177
0.28543851009103083,0.6476435349503743,0.6723007645371075
0.28181961444639597,0.5887805562087898,0.6857158587156188
0.2881128341167619,0.6377194128230634,0.6350858578536002
0.28671393003962353,0.6129696181266047,0.7172708417230946
0.28996677689197187,0.6234057341618627,0.6540693044231651
0.2808497021082112,0.613157395101769,0.6405137007935147
0.2892767033605457,0.6418430584552233,0.6626787198416021
0.2823520162394814,0.5865781790971176,0.605607887187766
0.2919439935791837,0.620731284761033,0.6723881736460393
0.27906274902827943,0.6205750109055996,0.6417084028637011
0.28403412502635556,0.57573800622746,0.6598665198548499
0.28458503608870206,0.5969885108289089,0.630302271376324
0.2982083630591424,0.6085948112785204,0.8200010427655839
0.284041437026307,0.6325608974327688,0.6255700825377676
0.2828598442213846,0.6119456335570534,0.6742011501780741
0.28312427663191253,0.6011527861773835,0.6711509198947576
0.28811492553701734,0.6173767763281405,0.6135071961682624
0.2837239397122814,0.6013318417402309,0.6159249674958768
0.28581834870847816,0.6301697971717989,0.6349719248632857
0.2856518001044299,0.6009712545054954,0.7955578868630141
0.2891990197083029,0.647988040094971,0.6577025393663356
0.28446060432152415,0.6130016991787595,0.6566988251561326
0.28463553201810776,0.6029106289872509,0.6187504720844834
0.2824099727793431,0.6078072222236246,0.6221619999212472
0.29126637424789686,0.6176931559845348,0.6551068672304495
0.28455415444029075,0.5935268716215226,0.6656250154751859
0.2849972376513388,0.6081382416427046,0.696257270351294
0.2842323271731726,0.6247325021572054,0.7125692971088867
0.29082673038635626,0.6421071275918037,0.6153188594237369
0.2814035801654068,0.6204453611165702,0.6296597737139353
0.28888123997894877,0.6270615322925495,0.7794381846916041
0.28249466575170135,0.5751136162459857,0.7091727868539718
0.2892946846687044,0.5874238348261972,0.6929634830531641
0.285997305351897,0.5959668044581654,0.7129540079873777
0.2863463898338407,0.5812512491630435,0.6226267929303346
0.29020505975239036,0.6207762840894415,0.6508732004614326
0.2899226981867868,0.6442385874299932,0.7572390542186689
0.2917684804503986,0.5975085434169242,0.6462364239412302
0.29170642931162855,0.6387081591146737,0.6291520567306838
0.2886093871009611,0.6285754041983808,0.6784050233362247
0.2932865303819819,0.6414533045988345,0.6508178804703044
0.29507294835883874,0.6213535706982088,0.7159701078742466
0.29507394239478435,0.6364992217527202,0.6473830653542124
0.2926860513265029,0.6188956470290263,0.6360062435429285
0.2863924020423036,0.5941033027926829,0.5886323837222626
0.28489959594441366,0.6119205885055249,0.65368934360436
0.2928179241303022,0.6070910828242171,0.7475820555896583
0.2864857905279107,0.6070190364580079,0.7147928722789229
0.2994349285801358,0.6053416005200765,0.8495421976660746
0.2949120723766913,0.6363838397814469,0.6648254794678359
0.29490808620266296,0.613289613578745,0.7470123808334058
0.2891633066605131,0.6544082012924984,0.7893902090234579
0.29055210353594174,0.6221274656340122,0.6647810780811665
0.28662441288996177,0.607751962546457,0.6463109765502131
0.28096682909402465,0.5980227276369556,0.5996528464868357
0.2886178085645646,0.5890563033878541,0.6372696646022104
0.2939773871976167,0.6272871308208839,0.641291102978375
0.28817244699398037,0.6053717924633172,0.6092250817650121
0.287331377660529,0.6171258128126811,0.7231691299012478
0.2957990576270316,0.6256804328022953,0.7632280960315451
0.3047197447896716,0.6504138517012558,0.9356235930832308
0.2870449663145069,0.5753108693307305,0.6654623565150147
0.29092515646910344,0.6224463770393476,0.6315585933327478
0.29497949913220545,0.6019476536851073,0.6972069664147736
0.2936346948365894,0.6190290809501077,0.7227848287326367
0.28968231884831674,0.6366855477051263,0.6796613680348763
0.29817432902958274,0.6431729996098671,0.7426690108463575
0.2941875311556222,0.6336277272216373,0.6649927288216341
0.3004906695616719,0.6428417527263103,0.641605757732046
0.3015770364872182,0.6195946752195897,0.7215061901815021
0.29969972946096046,0.6364041095728081,0.6848250234211792
0.29898200538251857,0.6240475642180723,0.7375200471638369
0.3011585907198525,0.6240186940831274,0.6869986660263421
0.30063767649722173,0.6336230651649325,0.751745934998048
0.29890253030455266,0.6196407747996451,0.6764191313344852
0.29737852389120356,0.6022192027861812,0.7036086049511647
0.2944815333632514,0.6384197278150499,0.6966185323306939
0.3018297537796294,0.6211878199227236,0.7975724752619259
0.2961498631618836,0.5711981611227089,0.7162646737826208
0.2994033910607032,0.6159007363111426,0.7482731776270868
0.2986245877146152,0.6016578680074854,0.6727266736158916
0.30061180004323634,0.6311293999347491,0.6819589905149216
0.2996083441216204,0.5861910398156176,0.8140765199772395
0.3070738814176546,0.6218917098373299,0.8168754956584614
0.30270366727042125,0.6582206315524884,0.7033243282287428
0.2990639059125623,0.6117725258078288,0.8503188401765351
0.3047905859924749,0.6365538060407601,0.6605708742949932
0.3065417412357945,0.6332643693135609,0.8451029427085746
0.2973146022469096,0.6111865114147579,0.7303997558696257
0.3014510036602149,0.6129846378470425,0.7005949885090768
0.3047243031007274,0.6225915272796805,0.6636539567460527
0.29527140650039496,0.5783441227796539,0.70089890458249
0.29749633471066333,0.6165620379161046,0.7183205691252352
0.29392356934379804,0.6024929462690274,0.7376652105036855
0.296320294920208,0.5983699274807424,0.617213183691619
0.29221650787537634,0.5971387786028587,0.7278203632975587
0.2969900861216173,0.5945427419261501,0.7058294919453723
0.30114571930938083,0.6559122186136318,0.7196661529167558
0.2983463934124613,0.5823915989529334,0.8100681932373469
0.2984071492481127,0.6044117839184358,0.6993730533728404
0.30979832256671436,0.6302974905812383,0.7788027319169228
0.2992100642028282,0.6115539402356511,0.6933019341737366
0.3043125379046009,0.6084176774543186,0.7329975227879355
0.3024093911154902,0.615548165659463,0.7808051423251322
0.3079533452627424,0.6707318630734308,0.7124034844715831
0.3055877787946555,0.6135293838961806,0.7429706269807365
0.30063758508170685,0.6153279056187876,0.7148453033481491
0.3021716753520088,0.6130265004198534,0.8002107771029131
0.29669727717379696,0.6026229103229129,0.6946640779277589
0.30526750680891634,0.6309113438979719,0.6943907700557803
0.3048546186646697,0.6328298566806432,0.7927873847483298
0.3056664563958421,0.6140319101284498,0.7248657779735833
0.30667158561480906,0.6197105098030244,0.7409613063598534
0.30206377348388974,0.5916006380365919,0.7747804044173844
0.3042687105214926,0.6281938296478055,0.8560731590011947
0.30327115121227616,0.6352860588689524,0.7671037323491622
0.30937188688441086,0.618858512446691,0.7387481445612851
0.30290967229542576,0.6257058500185003,0.6812756312312044
0.30397196957796024,0.6389039459278607,0.6902051421121458
0.30680975015621037,0.6331027238125266,0.7176730301620499
0.3134211453765671,0.6288915729648699,0.8435652381238046
0.3124371283113711,0.6328281494860165,0.7378990676968583
0.29974259152692057,0.5956981749649551,0.7832135352622678
0.29804045135405777,0.5979743618901867,0.6965362328495789
0.3144155244528581,0.5962387992880422,0.8834706375150709
0.31374567009382687,0.6245896918625147,0.897388911534647
0.3061040934329246,0.6200778450507785,0.8123764260519937
0.3079222452976195,0.598242424363198,0.7946380788921463
0.3055995081814169,0.6056568946910059,0.7620145931296577
0.3045623333856254,0.6105541157081268,0.8414082762694247
0.31790883757380445,0.6392763367691617,0.8859805371548817
0.3128387080159156,0.6359018549720897,0.7386045754900339
0.30982831195231675,0.6384537760102177,0.798856581556636
0.3065875212949682,0.5876398765211056,0.7516061055132061
0.30735439834712786,0.5982613821772291,0.7541223417445105
0.3023945339324474,0.5964553696025219,0.7478861685861115
0.3045538059907468,0.6146899004630725,0.7728614038892994
0.31689886786862415,0.6410176611252916,0.7868744347454113
0.31053185558886415,0.6574190173925625,0.7152640903712231
0.30165398483375405,0.6188197914210014,0.7282347487086205
0.3093122905842752,0.6194045260202861,0.7997805510579422
0.30629210992425665,0.6148299426712556,0.7432333070761113
0.31390081770669515,0.655631305634945,0.7870460692062075
0.30340521519544666,0.6403168327138988,0.8139995161572111
0.3191702754825488,0.6554879345745794,0.9047310299861672
0.3090383211424449,0.636513725048513,0.8109144587078014
0.30720964571440496,0.6340545968646806,0.7907909285425286
0.30754780383072344,0.6420607662524942,0.7289282605302299
0.30770260023884194,0.620215324579103,0.8047144989505479
0.30704503870658,0.610934544769285,0.7460535517818401
0.31148588150049045,0.6250009412899759,0.7162392277340588
0.30668107137867084,0.6028602341017241,0.7431940003829028
0.30658388804187675,0.6464183353885694,0.7384378135837066
0.3079979195188106,0.618660562246212,0.7113615295210021
0.32407006941382316,0.6352114650582638,0.9613910708662776
0.31110627239230104,0.6395285252602069,0.728098327101514
0.30717420261415496,0.5930526868509602,0.7466272356568667
0.3122289527960857,0.6083608605538275,0.721701565842105
0.3008660293061381,0.6137987493244217,0.7090267535917666
0.3057478397441676,0.6262134051504077,0.7643693702064229
0.3134772928157282,0.6460474676930893,0.8193120179716797
0.2983917281503471,0.6029351567603521,0.7196964208580794
0.3019515610746945,0.6233031522330941,0.7003178536786069
0.3081711510658219,0.6270251474380616,0.7706822009524159
0.3068043345075125,0.6077566032407321,0.7940765738873685
0.30701976453055724,0.6196765525179049,0.7023319061033435
0.31125723891487395,0.5985900622025982,0.8260089670570733
0.3126251295739938,0.6130337030511592,0.8744967976046497
0.30344772912547074,0.5932712205772779,0.7169036115087537
0.31096283252879015,0.6327745038193163,0.7597523039841451
0.30701303180880773,0.6300030848757573,0.7790562034202663
0.3097251041605984,0.6289454875660603,0.8835512137771302
0.30911699013854005,0.6584537000196972,0.8769004308007682
0.3120794631668122,0.6273223981339694,0.7539170280382126
0.3136645501756484,0.6166069098499392,0.9071856227255921
0.3098996161375161,0.6578115955326145,0.8512725823979449
0.3019376139727371,0.6324121446197062,0.7490766773891795
0.30047552401506245,0.6301537082447025,0.7314453539309191
0.29413048157848914,0.5960434707105504,0.6851241994056914
0.302076302966088,0.6006999512943472,0.7765370830489813
0.3031509219386714,0.6166864500849651,0.7833583620230732
0.29949253747901483,0.6023921181619376,0.7684083122610543
0.3018167250875349,0.6385508784109004,0.7007047538392623
0.3098077201706273,0.6326460070596793,0.7703755362769814
0.301813864500272,0.6135190452127629,0.7990294520101628
0.3082872133035875,0.6400130703698766,0.6988244056378045
0.3137842937136291,0.6350259711657632,1.0065418577443546
0.31249916379728204,0.6201841584818172,0.9507010864762538
0.3096066932503338,0.6262288824480593,0.8788403595257709
0.3035682082955491,0.5856077915152237,0.7703896586656072
0.3018904117369782,0.5966356523930212,0.7938590443655746
0.30683580038171643,0.605889915127911,0.7387949947143956
0.31166065891889577,0.6316648707026608,0.9336136448507856
0.3099092530419511,0.6244704930261965,0.8037657944939341
0.3089936865266874,0.6344854618316204,0.7575427609142025
0.3149910460710161,0.6286450027226597,0.754694141345004
0.3119562098889042,0.6480096375275889,0.7723952424589504
0.30415990277129856,0.6000445744207767,0.8699514069742449
0.31308959424281013,0.6131884008150701,0.7977171037888867
0.3269773597982244,0.6344936538323621,0.9827830795859286
0.3109506985812183,0.6191715039280734,0.8341189000584522
0.30882355278200385,0.6106714445860493,0.7389186621285055
0.3005811140053166,0.6020793903953446,0.7263284425433056
0.3127918324821575,0.6119145032725761,0.7279279394313753
0.3146183109977806,0.619194424691015,0.8697866780483702
0.3047934572268372,0.6108495038927675,0.7895425925104996
0.3095892600260751,0.6144304137658075,0.8267933302508387
0.31902206944933853,0.6256492994794468,0.8960374328530698
0.31034702789139657,0.6251152214600002,0.7953189137728313
0.3033810406613553,0.6060654978961854,0.8066289317016607
0.304411990823683,0.6028915247324924,0.7719675294984856
0.3079092256208463,0.599361151506232,0.7679611794763681
0.30713124696728916,0.5799415445196856,0.8116867648432629
0.323466800686715,0.6475789844811846,0.9673566218788956
0.3108598726567114,0.6291368130312889,0.8414647708282434
0.303930058809602,0.5868905080344929,0.7968179953844732
0.30906772829698337,0.6083781144499211,0.8128659151542472
0.3058863516185974,0.6099233210768001,0.7583818763775904
0.32396516223253063,0.6038213586559893,1.025192132371698
0.32062447457520976,0.6090066330708571,0.8734552005948473
0.3092608964510927,0.6100378171833881,0.7574552088847254
0.3111351206694323,0.6270840653819321,0.8375172880547085
0.3093441736444858,0.6073840544784105,0.7950494403719763
0.3128509083163953,0.6517377492277445,0.7120454187662602
0.30848440078368317,0.5823334158494932,0.7777056757182617
0.30998628886086654,0.6342556856867952,0.7686940075513651
0.30873622740132056,0.6286866523284395,0.8523254189796526
0.3138877138526713,0.6373901259367748,0.7494684668199619
0.3087164677752055,0.5841388240019785,0.8494545115596219
0.3134832771834296,0.6236815089663873,0.8260817268420354
0.30736170570999755,0.585119584278996,0.7790660568213775
0.312339603989445,0.6243428223933466,0.7440086831670145
0.3096548987183544,0.6253958248026288,0.7939393548041299
0.31345126156147746,0.6060830995475189,0.7937033465513771
0.31276341469112734,0.6244392046571897,0.7548196017995988
0.3062652135401412,0.5855121979359162,0.7893147661025168
0.31361384898896055,0.612737963990773,0.8097192396582201
0.31222920103976737,0.6380481828319268,0.8232989454591116
0.31401175624331407,0.6374943019042377,0.7756576681375161
0.30735932256787357,0.5796210320055808,0.976611752720442
0.3281714667488616,0.6486443681961589,0.9587459732880822
0.3146131903458596,0.6053856058377254,0.7866407565508763
0.31392043442011863,0.6238567238328838,0.8550242667176383
0.3198120179227251,0.6174613289587079,0.9665712930209492
0.31441420931863734,0.6377036045015236,0.8124777506175477
0.31085656624053387,0.5901303529698003,0.8138396181198186
0.3069192748539296,0.6069227621624654,0.8416979785597134
0.31294786627397336,0.6141027408045917,0.843106423309457
0.3133922263764429,0.6161430985746114,0.8137897443756823
0.31888465939129373,0.6212638491279171,0.8208563468543373
0.3200496353929843,0.6301531371530847,0.8516258199682466
0.31804482436827636,0.6156032931294136,0.8261996320315628
0.3251151536444642,0.6122755928378879,0.998815383610354
0.3123247294786556,0.6067181898376244,0.8144704639445461
0.3134869648091322,0.6270751204293518,0.8622672601408259
0.3101532384193183,0.618980267909912,0.8500567759601068
0.31616256577033497,0.6095287954991975,0.8138286652458487
0.3156636190178468,0.6151157316392291,0.7405651919913051
0.31740840110363355,0.6569394518405731,0.7568102080936725
0.3248369634242995,0.6387259700088879,0.928354486870726
0.32624948158085015,0.6433938758471275,0.9632350453642128
0.30807027325984376,0.6065452010096329,0.8666184348105895
0.3102461843052055,0.5797025797330384,0.7313242528754
0.3209875894018131,0.5941029860255107,0.8037733484275872
0.3137343600213838,0.6171666957977665,0.7689514886444558
0.32054695594579585,0.6492105920405166,0.8927437643560867
0.31349441444444004,0.6325762099928504,0.7561457776184416
0.3151289884300951,0.5793215546958951,0.9988004643867016
0.3166398010842195,0.651855507421809,0.9806249980052281
0.30455475598213166,0.5893791297467733,0.8491608882274246
0.31804443628404483,0.6140492230778599,0.8871939992250717
0.31839903413260795,0.6308323190739185,0.9097337329465728
0.3078630391830087,0.6128187443605974,0.8355670335572698
0.31413057353147783,0.6305827396929332,0.8560961060729569
0.3144379767345651,0.5989117034755811,0.8147289256187559
0.31163011546396124,0.6025923294673615,0.8202621443936928
0.31099298208593795,0.5923380843361941,0.8525585632303363
0.30554923511029625,0.5862918133330058,0.7992272441334685
0.3211606526259791,0.6150031489121194,0.9754824478940454
0.31038068234755084,0.6255451529610196,0.8728192847640791
0.3289321350370142,0.6209734786901056,1.1393680361388738
0.314370773041966,0.6041650322742981,0.9932391810175156
0.3153862493079631,0.6030035789378263,0.8733839926834606
0.3196369004112003,0.6038324755151833,0.8913983211132307
0.31884443819175184,0.6149091346253585,0.9039857559704476
0.317795939897231,0.6195037975880227,0.8817967619998488
0.3138121035995119,0.6222705585407099,0.7983004330001359
0.3237895666917308,0.6143718600594528,0.8977090285809499
0.31726395976722405,0.5993439475008174,0.9573939370211971
0.31970278354059795,0.6218369008655812,0.9406301675619068
0.3213793618584254,0.6449197275518145,0.8622048828119272
0.3200263451500511,0.6115432645553543,0.9780831526804984
0.317010595928108,0.6159398526596115,0.8160429035630203
0.31813063211437165,0.5976422104471387,0.9582072886505496
0.318465389050166,0.6198950435713569,0.8627670444313289
0.3154433315414899,0.6098186772074881,0.8690288258229605
0.31773393214405893,0.6115011818607278,0.8397585929250632
0.3217737959815615,0.642595853925079,0.8477120427823698
0.3260751112279095,0.6356032797361941,0.927581932595702
0.3153743202979162,0.5881245749085023,0.8354249233057325
0.31891367265439424,0.6305410160046061,0.8099841979304802
0.31830516296712946,0.6170627467588968,1.0980961467709691
0.3193188386373206,0.6007566035547951,0.9081447668469848
0.32478779688467485,0.6572258191298161,1.008313745921391
0.31859636914541295,0.6178806436762734,0.8495551487310182
0.32486017287080915,0.6404774852749212,0.8853565116371074
0.32195688510493836,0.6188448799265526,0.8112582736111349
0.31261879870181747,0.6218102496858934,0.9435145315857729
0.33137372626027223,0.6218752289064721,1.1582400347746509
0.31811465326700017,0.6182353228937815,0.972579989458412
0.3160396941175037,0.6339207349981621,0.8340254190681528
0.319149973209866,0.6425334288014585,0.9128623884055248
0.33290605762904285,0.650337980314911,0.8459203900858594
0.32690409787940483,0.656751025385986,0.879230304662223
0.3201432743289491,0.6231656137579413,0.9716391715770214
0.3281877375732047,0.6107671951265327,0.9251539394966408
0.32199474685050405,0.6252525865580957,0.8142292527205583
0.3255587741102803,0.6396324069449207,0.8576291316354592
0.329806419063153,0.6341158360383166,1.034647805317259
0.32854674694923525,0.6391828130970099,0.8808384495230269
0.323293204539663,0.6169957963758023,0.912062661220607
0.3250984032898045,0.6118415661057345,0.9525982011879884
0.32954789797463324,0.6394648064548275,0.8215007468243212
0.3281803711002365,0.6376576635788223,0.8976819522934208
0.3332036059815634,0.6684458791973275,1.0033338931403095
0.3280926195420927,0.6410954944668311,1.0233226161665043
0.3301854186207429,0.6262878522674651,0.8983258456489555
0.34606975452475774,0.6302403693709038,1.0931058810458334
0.3301621759243497,0.6572196218221166,0.9819261653306834
0.3295120555632417,0.6487344328922551,0.889824009749268
0.3306854943058914,0.6107239109084468,1.092650735395671
0.32533303372137784,0.6235350380932454,0.8908286272633452
0.3321039320844636,0.6654557267149832,1.007090689797894
0.32789289033827784,0.6135841700225372,0.9568822284144706
0.33644668908322833,0.626388750479246,0.8748067004588137
0.32590602172125244,0.608905191212438,0.8416122525375864
0.3247097980008949,0.6398318615084588,0.9094449406770938
0.33265311632636246,0.6483071454848295,0.963412255435116
0.33043974145637117,0.6204580440952657,0.8739711163482909
0.3272242336638792,0.6590699071514081,0.9156607426907614
0.32934086613541697,0.6523197788947155,1.0080073374962315
0.32740822554497057,0.6360162672477343,0.9906835886341974
0.32882726040907,0.6297792085955115,1.002659490913111
0.33806743893636243,0.6657302104594649,1.0059975676842212
0.3315936246867863,0.6513258000687103,0.9726858694702746
0.3341553445435231,0.7256680236505326,1.0128025938917664
0.32903078779308337,0.653580438032943,0.8897505138241033
0.3249733841092302,0.644075958700546,0.9460972484293884
0.33476190009791534,0.6434842076042456,1.0801378624345082
0.33383692081205696,0.6354142145551579,1.0476124652605996
0.32990694143645627,0.6539649315247131,0.8622588798632189
0.32623868122013505,0.6462772436941989,0.9040614333689736
0.337398634016284,0.6871491785720436,0.9673298028496058
0.3337450318125203,0.647337557324067,0.9940966012011536
0.34279687388944835,0.7046165325193176,1.0072782695883398
0.33248427484974186,0.6269437664534768,1.0050750280042358
0.3379807506230636,0.6584834822897363,0.968379323883376
0.3440744520622195,0.6756689203041536,1.0262476388381752
0.33750041475321957,0.6823006127263755,1.0254865477466264
0.3435410915839367,0.6943329282894355,1.0619817466832635
0.34486733251806945,0.6751317750774851,1.071309582642884
0.3402745362188178,0.6727060910583931,0.9098633778215884
0.34968179143641115,0.6523054345620214,1.1303834359623963
0.3380433024731608,0.6657898562011865,0.9042652238775856
0.34848507911661963,0.7091408338279277,1.0181456449194324
0.346863491339703,0.7020695127053952,1.0255157539841313
0.3410458106998501,0.6758510584921861,0.988362017335672
0.3431629638499112,0.7103339295600811,1.0332187795874004
0.34088661921159813,0.6876018852402929,0.9735096338703292
0.34321759596207924,0.6694608763571904,0.9288651017060932
0.34190165071770057,0.6987563107045222,1.0939398441694264
0.3384055434264544,0.6616825239883241,0.9877123913127349
0.3445695481786809,0.6725913825956481,0.9845242736307172
0.352801112357175,0.6637606731116942,1.1187786406013536
0.3433836859231256,0.6825728175308945,0.9847185471365949
0.3474168850608753,0.6946001286268291,0.9675863903183091
0.3476903646370196,0.6973305638606111,0.93082461438609
0.35251099513526707,0.7313201664412408,1.1251514093496608
0.35350963361900095,0.7159405181400874,1.0535978005729345
0.34938598595856385,0.6812216462470403,1.0855448541879629
0.34643398377120477,0.7072861828014646,1.0351492905031063
0.3450628130285429,0.6757196418010222,0.949813311526482
0.33741991717049497,0.6879938635107196,1.0424798317531982
0.34915982515563604,0.7078260468759926,0.992868211606966
0.3530275777427346,0.7114847091317711,1.0738968600300152
0.3573525280949705,0.7710909258826112,1.0900765706173683
0.35105123157404927,0.7386487031781125,0.9606505328325092
0.35075464743965096,0.7173327884711687,1.0077579365448306
0.34266378793363894,0.7133080890465324,1.0123573492925155
0.36802430374249223,0.7877700301892293,1.0415021773761883
0.36030323024733546,0.7359638714006406,1.0167779794264449
0.3661960868100707,0.7412431331545187,0.9461831842062496
0.36305338217499344,0.7776007490662665,1.0400480991703267
0.35583584146890546,0.7340389291055776,1.03653906932443
0.35688628502795755,0.7571015451390821,1.1194803813532832
0.3717018287481287,0.7489757761975888,1.0410365609159802
0.35969166263594793,0.7120388678961908,1.1182854315475963
0.38273523635228907,0.7692962526809717,1.2901495718773202
0.37803218042851333,0.7456861968206817,1.4852105239079956
0.36213958101637944,0.7467065072073814,1.0625965410101703
0.35894158406843363,0.7517566085288645,1.029154542793375
0.35934004103100675,0.7726436706340862,1.0543567960390636
0.36981068799866096,0.7881426208070788,1.0510157329921208
0.3685352527855532,0.7830661845712859,1.1953648766410725
0.36449831564890983,0.8003053126251348,1.1367440034077518
0.35832697779296824,0.75311688169941,1.2938997142285265
0.3548788775177918,0.7865494092347356,1.0289310749683072
0.3582658420920994,0.8381383577435275,1.060406699373877
0.3590944365004863,0.8028382016056179,0.9936599143565176
0.35761835115766727,0.8047863748442083,1.084769136786673
0.35803512245843666,0.8479134370604255,1.1507752919872558
0.362055365199952,0.8227986854146653,1.1751231691072648
0.3611806015129641,0.8539844567924265,1.1330828047523347
0.3520620598135834,0.8371322940234895,1.2529953539795404
0.34735298853956764,0.8634001417257603,1.0055909786321648
0.3596477029793137,0.8379980728885745,1.103866923769763
0.35602247087556405,0.8382784917290756,1.2255057928170263
0.35465909904741477,0.8590458967962354,1.1561171670681698
0.3445874923828322,0.8725990265426611,1.2236046262622813
0.3457943262603848,0.9250758284950762,1.214198617933406
0.35075670073424614,0.9188646215438048,1.1707693122566278
0.3549653568014717,0.9158276675089196,1.1243464196607216
0.3548189964162272,0.9441195917884458,1.1029763180602727
0.36112279426739985,0.9471799470053665,1.2439758154422624
0.368003558032755,0.99191729452942,1.3923272797121429
0.38164786485640717,1.005889095540603,1.235323561844479
0.3688763460764967,0.9940610263221764,1.1859546299017163
0.39277865306265336,1.0004897272270794,1.6957661105407675
0.3669256341941449,1.0290513995640298,1.2112936930942717
0.3836342287658498,1.0350561410038668,1.287380038873804
0.3687061075410867,1.0445805260842824,1.2474991903898751
0.3895156779667796,1.01101259482894,1.2863541941049572
0.37758793280956393,1.049360965096089,1.131821008311797
0.3844448464188659,1.011471879838416,1.2388691352191583
0.37462986015861804,1.0085007557925472,1.2278173548320976
0.3736968638143253,0.9904212392989342,1.2294729439322791
0.3775603046508905,0.9870359208908782,1.3830777529138223
0.39237856636026786,1.0285455285284677,1.6054513425806731
0.3873890764668351,1.049829041243161,1.3512729524994582
0.38444765496329997,1.0035017620092923,1.4337566186263695
0.3867399860671875,1.016161325875898,1.1858986529959756
0.40443767524377794,1.0642340804565686,1.403061185134214
0.3839417061091995,0.9934186247111569,1.1687242726255809
0.3856130425671654,1.0362176401845944,1.3208395812391351
0.3980340307445677,1.0778586191492752,1.3004875680795849
0.3984407613386841,1.0237481210845905,1.580805291460737
0.3769101482856293,1.0985494692111601,1.267154408438681
0.370959633341165,1.2221224378431668,1.3735813127353234
0.36546694535309154,1.216392448774216,1.6983056373201146
0.367392694494903,1.4552107539419412,1.8733809683478009
0.35797335960625776,1.5320822949114308,1.7947356256879856
0.36666781334823034,1.5232780041852438,1.8737601392274312
0.3639236624636804,1.5546783043791623,1.8785605570163653
0.3611510253291116,1.5282494152134103,1.7930807751607474
0.4149764195162618,1.4953828279585684,1.7961906379519943
0.39424415293793486,1.5554518244286473,1.829892427747681
0.3874410018081453,1.5149540526761007,1.768715610494945
0.4440148218624152,1.5679712494779503,1.8180079803057692
0.4513678095554273,1.492837667583118,1.950552330055905
0.457243268808944,1.5273055880611486,1.7009211078363813
0.45846872101754316,1.4726800276756469,1.7533777898247107
0.45732438668388564,1.5131777390934653,1.6680078146617392
0.4595441822557913,1.4339852933418142,2.0686075434664017
0.4708733589983544,1.4479657490952778,1.8889298366088427
0.47989359605430587,1.4781758375022755,1.8877249880821776
0.48016436232772625,1.5402326268909579,1.8405360364801644
0.47966309173939625,1.4578228657154038,1.9091375189041784
0.47528798710436815,1.4511778851255068,1.7255463900864898
0.4924529786839645,1.5040049563307918,1.7898838827959702
0.4978182865379849,1.5548374013021076,1.9005132872545545
0.5007834587289246,1.5656541028707982,2.0653057235599737
0.511821143798078,1.4651892916191414,2.0516519047690744
0.567718116536177,1.4767686046646509,1.7629398182179656
0.5823346025881213,1.5069733113148092,1.8430616744199173
0.5808298819804477,1.519533721064032,1.9927410993850352
0.5744030400958726,1.5146960116288926,1.8092389001818237
0.572766524010905,1.4792318141192011,2.1966476001508872
0.579497706997434,1.5418081651503133,1.7663887095840396
0.5756468159270115,1.5342210648172836,1.90097203418561
0.5878013163046083,1.57881461649196,1.7231006183003914
0.5864525582198336,1.5113328879981185,1.7802088293383849
0.6005659780731818,1.5502266745845188,1.9763571195811025
0.5852669332942201,1.5039053590307447,1.9090085459735784
0.5876092069475509,1.5213661355570398,1.815504435292717
0.5957468093983973,1.5155100866715792,1.8945048953373969
0.5970206974802039,1.5418896473110135,1.7814903437762828
0.6005612658879018,1.5267059718874298,1.8067161078015068
0.6142494028165933,1.5615454027467432,1.982769022906388
0.6229484332389157,1.474218566680865,1.8392642005842688
0.6256528558635531,1.583357042390587,1.6912467157222708
0.6361124824128043,1.5690921420348758,1.8325124628385123
0.6297609311598976,1.502907965229675,1.8484823686209844
0.6357923557907119,1.484506844510749,1.8536327557812062
0.6228287768422882,1.5003258534536992,1.7993974776518165
0.6450058168674216,1.484035331040214,1.8487462341421048
0.6471027588757169,1.5258599332502,1.9274108560189271
0.6552491134670246,1.5214576494118262,1.8721746199320557
0.6761330518959492,1.5110950010172135,1.8115539285583395
0.6817903638188059,1.4865647480679478,1.8984804090835212
0.6758931727973254,1.581306148025977,1.6662361944696087
0.6820991150138737,1.5664089317057133,1.7686094546963325
0.6795195112550081,1.527625561638522,1.8535769768841832
0.6801676223654642,1.5455918764293743,1.851979391745718
0.6998328933725234,1.5140654510096956,1.9781268406546464
0.6869631161206773,1.4871931183068392,1.7515460171973236
0.6910002029529954,1.5611729582592675,1.8908468949245496
0.6808377731685937,1.4885205261128942,1.6932845806337489
0.6818589089157872,1.500146782044939,1.7999759732559404
0.685772818070159,1.4411974710257214,1.7959743943670332
0.687342760845165,1.4704298771964297,1.7237212535591635
0.6889160246238419,1.47200205877039,1.6845463601588118
0.7100220951736815,1.4758049229845105,2.24724756036439
0.6958076337644982,1.4478524234343382,1.673230343414262
0.695864143150257,1.48826261158394,1.9578381767603807
0.6792260589127028,1.4660158048160492,1.7293812470606946
0.7265053449083371,1.4501203344079434,1.6736086258445817
0.7238797012984991,1.4605319778200598,1.810858517743272
0.7421935920913528,1.4744157982510808,1.6722071467311543
0.7527462342703855,1.508716728058919,1.6634363389474118
0.7529110066713643,1.442353371899417,1.7351588145630326
0.76508792954733,1.4109198166130188,1.7344065201194965
0.7496150785229166,1.4683780687129635,1.670087203268605
0.7636566741644282,1.4532963429894343,1.668510665383186
0.7554009518788499,1.460085979969041,2.067784883774631
0.7710406856799424,1.4831626968302352,1.7385116169012789
0.7667915192665387,1.4409501025081672,1.7876330833892116
0.7827039719546588,1.4536686175109643,1.6714560340338187
0.7969097314077985,1.4211654609666011,1.6580397495738155
0.7936456503721582,1.4423293526389358,1.7101534844190551
0.811123728367491,1.4556352357535889,2.222650321213109
0.8012177321360159,1.4484388808236517,1.6140434835080515
0.7961264872746454,1.4459862830284045,1.9103158411459904
0.8020708836945167,1.4610982726799049,1.634405396375576
0.812450594531648,1.4456414762450889,1.6697968504908234
0.81151798936603,1.4439905429601958,1.6602844557995542
0.8119361658071373,1.397561621020671,1.7473490293268439
0.8294197894206178,1.366310489276779,1.796453111296238
0.8096418552588869,1.4158083703998208,1.7716463136969742
0.7986400787065646,1.3569425464178448,1.6914750064233528
0.7957244005501186,1.4041600654591242,1.5660926607240202
0.7910570033323624,1.3806058200999545,1.654708985185711
0.8164814695517145,1.3969029267305353,1.803896260447796
0.8037827886887952,1.4056702517711634,1.6711688317725604
0.8050295577806481,1.410634675317671,1.6539345229868725
0.814015636021585,1.3269076265073856,1.6714162989907877
0.8513714839202199,1.3657423489927023,2.009333296644188
0.8321766460669083,1.4137890126120272,1.5651460404599593
0.8322827641350753,1.3531372426051,1.5699436874261212
0.8338261410066314,1.351875613616043,1.905357987771852
0.838126001944061,1.435146715690082,1.6067323281967354
0.840232769484548,1.386003622469146,1.666895256070244
0.8403908455818577,1.4222648924655346,1.5939525392537155
0.8600884655473552,1.3906229388047688,1.6612605843278825
0.8593991272565195,1.3827980952441654,1.766924101636663
0.855369793909975,1.4450762701457698,1.8198218580664016
0.8589512056460841,1.3952580176164344,1.6687994336660654
0.8565282216894718,1.3515922532301337,1.5114580763809755
0.8535540396447469,1.3802240142416733,1.5628664992961772
0.8539633168104719,1.3796611125161846,1.6724255124504366
0.8541601273081333,1.3605516826596311,1.697312121350259
0.8586745959606329,1.3875726525401115,1.7700412545543256
0.9123145571479595,1.36475858298875,2.083181743779249
0.871041115497003,1.3751515054383765,1.6256120278205586
0.8624013625969202,1.3885078741089536,1.5681715463361496
0.8701473454056333,1.393160721525065,1.6794511904511524
0.8955842627503318,1.3542097517600251,1.7264111865250298
0.871641892359613,1.40234133935473,1.6076081388640098
0.8733734088009985,1.3485190648124812,1.811472110182208
0.8682692100744199,1.4241383202146156,1.6296571264577264
0.8862926321771663,1.3761316509355763,1.6715332918842902
0.8717018512227255,1.4103725250660426,1.6304935070693196
0.8934643058020271,1.3694139190024126,1.6142815672609905
0.9114145689838216,1.4270399806588556,1.7007347469737581
0.8966691846579083,1.335558990956979,1.7969129737439604
0.8911774311724935,1.3942287460528069,1.7153159690123636
0.8968912627845937,1.3463783492606456,1.5592276700764651
0.8932983570490332,1.320382061168632,1.5459974311863416
0.8962744702825155,1.3930628850702649,1.5641045206192388
0.886717231418919,1.4239731866433187,1.569670237900474
0.881860165294127,1.414399985476232,1.5753194230902756
0.8959448357532963,1.394801277718124,1.6646717216831328
0.9383154147625737,1.4114377393293354,1.8906935801491052
0.8996636132715515,1.3877393285762816,1.5454708332823934
0.9092040908110073,1.3460224998697956,1.7660440293958992
0.9020017366526288,1.3691358542355547,1.6425311909397358
0.9057314827063868,1.4016817714647476,1.5915758821630448
0.9172020300964089,1.3594003474427072,1.5411378893421592
0.9078724772927889,1.3745576200750682,1.53089363719531
0.9588112512211519,1.31689411461912,1.52528598563773
0.974050460236542,1.294426280155122,1.8084955667566145
0.9585260545049802,1.3024345854147572,1.5376507073090186
0.9473502921918084,1.313184204230687,1.5868440635537104
0.9565486322722407,1.2945429006467322,1.5643307225532197
0.9483232333234765,1.298727716440106,1.587346351866468
0.9546268401798622,1.2801121940603506,1.5649276863503447
0.9452900020617964,1.29935190514235,1.5958009446402592
0.9754502498787726,1.296459422662718,1.8359030761509816
0.965032312027085,1.283450589544426,1.54939101803167
1.0010255467141398,1.3213513023669683,1.7807923023340342
0.9800416992266318,1.3265142668858283,1.6581740163630985
0.9732350218277239,1.2945312095154438,1.521430318320529
0.9806763239045422,1.2934115280925746,1.642926853325659
0.9651565646095185,1.2926298541270953,1.4416682558919567
0.9745241665069142,1.3183860282260256,1.6188619122971768
0.9752020456301265,1.3035293687598146,1.4741701666321307
0.9828135060959501,1.2552572511942597,1.7794315522988309
0.9803127515777478,1.2557133756953778,1.5530445066346104
0.9944328380000402,1.2696988885585572,1.4853140500312754
0.998972937086825,1.268059985775429,1.4659128405086266
0.9920290999892517,1.2829173900002455,1.6555167189283824
0.9979965985750103,1.312064680829253,1.4566832966623884
0.9849381728845674,1.2923359836134138,1.5426181686502942
0.9901179188319061,1.2947347948260388,1.519158359785048
1.0305429849741816,1.237466489220453,1.7804705412461164
0.9949586594542321,1.3012746231619736,1.47929474505479
0.9920839874173132,1.2558666904192648,1.4177587158157563
1.012878178156043,1.2581703326655578,1.675408901560963
1.06515072197317,1.2581704772544595,2.0138252574894997
1.0038908507585182,1.2223762377997576,1.4795361899606427
1.0084427572123766,1.2719684554301462,1.465081756248004
1.0134767887718288,1.2369120417698876,1.4955621372875756
1.0019703796965092,1.2389364187900735,1.6019832218676746
1.0070333148389354,1.2302268857122352,1.4359100550576462
1.0416589136150878,1.2466566450126582,1.5576558706082066
1.01607440180105,1.2528357672554964,1.5360479037701915
1.0303371872605602,1.2224551051617938,1.8072398348588052
1.0124030735044833,1.280079977232807,1.4863639689359622
1.030060666709445,1.2383364365242908,1.411290791519827
1.0200410023768378,1.2475092241818757,1.7415857685718046
1.0396279917588738,1.2777990733780484,1.691756699748434
1.0384383960895631,1.2513530413978995,1.4828764432866748
1.0306209339746601,1.2244267178161248,1.4962531981228409
1.031917856396594,1.2281585457747886,1.7282136405545268
1.0552018711433593,1.2458406179696804,1.6967578807381574
1.0313452864541024,1.2412481256964698,1.4617193120604768
1.055803352440991,1.296754372298888,1.4591634762297625
1.0434701777140285,1.2069386974972185,1.4183572101633826
1.0644852729765706,1.2471718496341548,1.6950639877127072
1.0552523229577155,1.2307787032590602,1.5699429802013911
1.0469385858622797,1.2231512231508952,1.479386910215971
1.0420819762734248,1.2463113018252714,1.5610855644239254
1.0452086086349226,1.2025062997912166,1.4504972049226657
1.0669986606387911,1.2098571105743603,1.4059394425405043
1.059968325662077,1.1982235513638932,1.4654599798587191
1.0814675852921067,1.2113623916591982,1.6472200049885797
1.0775964154759496,1.2063911314350646,1.4755175438667332
1.067239566401979,1.2355019552920439,1.4326126510096924
1.075790114572667,1.206221517723811,1.4602333374570606
1.0776880589731033,1.1843453172132443,1.4059178876718204
1.068834534703848,1.2057768493164551,1.3793816415318638
1.0797725622153596,1.2185015307624036,1.4697951627967174
1.0840809947250767,1.2265701002639522,1.4389721645229665
1.0718239980590847,1.215227250670169,1.456507776582595
1.0969408482965295,1.2193568236176595,1.4791447269166778
1.0808548163262672,1.2509550550534627,1.5004198389652874
1.0887453965255505,1.284136876696894,1.4065544935095278
1.094637880005204,1.2623882437350544,1.5146086208237832
1.0900358911976347,1.2078149586053335,1.4734321958783076
1.1031143443557034,1.2132283198399283,1.4139993067432286
1.1055976833042442,1.2248356817701953,1.3920240498610437
1.1045932971774146,1.2178400705456922,1.4177851858373014
1.1113409795072045,1.2301712603429984,1.5217317039206213
1.099051643603039,1.2591092998454585,1.3940261229725146
1.1040621846897078,1.230271388805718,1.5028152521489064
1.1074844971293014,1.232008249977951,1.41435508754994
1.0963148160269787,1.2512815601862917,1.4783435231489357
1.150419316410009,1.247729741938953,1.8376568019620765
1.1037203616120217,1.2051039828155172,1.3381795945156256
1.0907424168667161,1.2600665660490902,1.378879442731199
1.0950961828116668,1.246280394338622,1.4018100385707624
1.0958082773024427,1.269662213988013,1.5245699941577462
1.1028951342629625,1.2624686876820137,1.5004144316410128
1.1038077575635294,1.2364631339620962,1.514184115451492
1.1284022892536516,1.2511341178095974,1.5758161871406808
1.1128960299786865,1.2203450078094216,1.362373218067787
1.1178672403628245,1.2567255789887617,1.4152045914006188
1.124250771938426,1.1940372845451817,1.3943848104976462
1.1294820757078212,1.1945781159427509,1.4481346191696702
1.121797664193838,1.251703473139896,1.392496360651148
1.124223352608662,1.2083308975696694,1.3449240888318057
1.116860263322503,1.2275510667914342,1.3347096983674762
1.1282659245381366,1.2115903647868125,1.3904260245332674
1.1386642564484115,1.2182234662669658,1.3976602772613846
1.1289653028124422,1.204094797537295,1.4483935812117357
1.116953701512486,1.2257692955014838,1.355812398795799
1.13769698920416,1.198476037746162,1.6036401258043091
1.150581764093096,1.2209286141918219,1.6116039635537065
1.1474802773719062,1.1888462019578276,1.3739820423605589
1.1491232667096496,1.170042315208404,1.5087721219049224
1.1593112057202277,1.16633946185432,1.448889344198243
1.1304582042348659,1.1860585458736947,1.45143834307094
1.160290179788603,1.1459460578901508,1.5317552464728603
1.132832759097219,1.131688498475888,1.3134303941718484
1.1505646673014365,1.103769540940169,1.2787980380403186
1.1617647718107154,1.0865581361518342,1.29605269910857
1.170857504734756,1.0834027868298717,1.5482782617038315
1.142748237939206,1.0877967872408958,1.4516894185599682
1.1462710959624705,1.0925031341291065,1.373486984741303
1.1438047422547726,1.0920553341043508,1.3143483842942347
1.1482515148103685,1.1096779516741722,1.2928537026898903
1.1489410290151858,1.084911187003383,1.3576538346201148
1.144568737711193,1.097519710307712,1.3655856767483456
1.1553794742120556,1.0796773285592418,1.500452616154627
1.1501174708132422,1.0753403519290372,1.2631780197730949
1.154717878300503,1.1061897947930988,1.2717592627490928
1.1688188635694134,1.084155015508758,1.2417021762661844
1.161686000802061,1.1090779915173965,1.311568756489974
1.1672402168567861,1.0809716724737335,1.2184387798882907
1.165885105188967,1.072171034694453,1.2941841346150604
1.1616009399131735,1.083302371768074,1.2799562258234054
1.1703401712694672,1.0809423847690465,1.2998389960883172
1.1656813902513514,1.091030800632508,1.3251042643604518
1.1682145030099957,1.085523351839756,1.1789935936903304
1.1847027464969193,1.0916900712367237,1.2455364854307824
1.1906500168981093,1.1185765443837428,1.2992516382546022
1.1971934451099397,1.090738925733609,1.5182456594414415
1.2049208918685252,1.0942653526890047,1.4085018210216835
1.1680313064460484,1.0953685793196686,1.2205617250973289
1.1807210903799394,1.1343527510733356,1.2546051233637312
1.1886088976804277,1.0790858000526662,1.4593498389313417
1.1997895912460983,1.1088104266214052,1.5662680227290628
1.193003916942102,1.0909245934047789,1.2665074983393212
1.1786585157354392,1.0916451272911851,1.2290693907435175
1.1867843865171868,1.075283710885946,1.3575798331208608
1.19921201942203,1.0786703752098112,1.3530775109229785
1.18594838120976,1.0937851106806344,1.3038698036051444
1.1952141110370649,1.056119671696086,1.2375010673646172
1.1862904879233414,1.0544452150706998,1.16009598032498
1.1740730069399505,1.0823424967595578,1.2191071856541047
1.2058745482365334,1.0664156138278076,1.355224048899566
1.1975110977521228,1.0917581273087738,1.38381312655739
1.1922404937156015,1.048764339674864,1.2267247144532236
